track_id,display_name,delta,track_type,ref_val,alt_val,abs_delta,rank
GTEX-1EX96-0011-R4a-SM-ARU82.1,brain | RNA-seq [1],-0.41015625,BigWig,1.0,0.58984375,0.41015625,1
GTEX-ZYT6-0626-SM-5E45V.1,liver | RNA-seq [1],-0.39453125,BigWig,0.96484375,0.5703125,0.39453125,2
GTEX-1H3O1-1726-SM-9WYSR.1,brain | RNA-seq [2],-0.3828125,BigWig,0.99609375,0.61328125,0.3828125,3
GTEX-13FTY-0011-R11a-SM-5IJEA.1,brain | RNA-seq [3],-0.375,BigWig,0.9921875,0.6171875,0.375,4
GTEX-1QP66-0226-SM-DPRXS.1,liver | RNA-seq [2],-0.375,BigWig,0.92578125,0.55078125,0.375,5
exon,exon,-0.35546875,BED,0.875,0.51953125,0.35546875,6
intron,intron,0.3203125,BED,0.55078125,0.87109375,0.3203125,7
skipped_exon,skipped exon,-0.275390625,BED,0.7109375,0.435546875,0.275390625,8
CNhs13972_P,adipose | CAGE,-0.265625,BigWig,0.84765625,0.58203125,0.265625,9
GTEX-145LS-3226-SM-5TDCA.1,pituitary | RNA-seq,-0.26171875,BigWig,1.0,0.73828125,0.26171875,10
GTEX-14PJ6-0926-SM-686ZA.1,pancreas | RNA-seq,-0.24609375,BigWig,1.0,0.75390625,0.24609375,11
CNhs11926_P,Endothelial Cells - Thoracic | CAGE,-0.2421875,BigWig,0.9296875,0.6875,0.2421875,12
CNhs10745_P,anaplastic carcinoma cell line | CAGE,-0.23046875,BigWig,0.87109375,0.640625,0.23046875,13
CNhs12075_P,Hepatic Sinusoidal Endothelial Cells | CAGE,-0.2265625,BigWig,0.98828125,0.76171875,0.2265625,14
CNhs11777_P,"rectum, fetal | CAGE",-0.2265625,BigWig,0.9296875,0.703125,0.2265625,15
CNhs12998_P,"testis, adult, pool2 | CAGE",-0.21875,BigWig,0.9375,0.71875,0.21875,16
CNhs11780_P,"colon, fetal | CAGE",-0.21484375,BigWig,0.80078125,0.5859375,0.21484375,17
CNhs11786_P,"lung, right lower lobe, adult | CAGE",-0.21484375,BigWig,0.91015625,0.6953125,0.21484375,18
CNhs11722_P,leiomyoma cell line | CAGE,-0.20703125,BigWig,0.96875,0.76171875,0.20703125,19
CNhs11884_P,teratocarcinoma cell line | CAGE,-0.20703125,BigWig,0.8671875,0.66015625,0.20703125,20
CNhs11322_P,Fibroblast - Lymphatic | CAGE,-0.20703125,BigWig,0.96875,0.76171875,0.20703125,21
CNhs10851_P,Sertoli Cells | CAGE,-0.20703125,BigWig,0.91015625,0.703125,0.20703125,22
CNhs10838_P,Smooth Muscle Cells - Aortic | CAGE,-0.20703125,BigWig,0.9609375,0.75390625,0.20703125,23
CNhs11821_P,myxofibrosarcoma cell line | CAGE,-0.203125,BigWig,0.84375,0.640625,0.203125,24
CNhs11311_P,Osteoblast - differentiated | CAGE,-0.203125,BigWig,0.9765625,0.7734375,0.203125,25
CNhs12065_P,Preadipocyte - perirenal | CAGE,-0.203125,BigWig,0.9375,0.734375,0.203125,26
CNhs11283_P,cholangiocellular carcinoma cell line | CAGE,-0.19921875,BigWig,0.94140625,0.7421875,0.19921875,27
CNhs11752_P,mucinous adenocarcinoma cell line | CAGE,-0.19921875,BigWig,0.90234375,0.703125,0.19921875,28
CNhs11856_P,pagetoid sarcoma cell line | CAGE,-0.19921875,BigWig,0.94921875,0.75,0.19921875,29
CNhs11872_P,thyroid carcinoma cell line | CAGE,-0.19921875,BigWig,0.87109375,0.671875,0.19921875,30
CNhs11773_P,"small intestine, fetal | CAGE",-0.19921875,BigWig,0.90234375,0.703125,0.19921875,31
ORF,ORF,-0.197265625,BED,0.60546875,0.408203125,0.197265625,32
CNhs11716_P,papillary adenocarcinoma cell line | CAGE,-0.1953125,BigWig,0.9375,0.7421875,0.1953125,33
CNhs11827_P,serous cystadenocarcinoma cell line | CAGE,-0.19140625,BigWig,0.87890625,0.6875,0.19140625,34
CNhs11303_P,Melanocyte - light | CAGE,-0.19140625,BigWig,0.9375,0.74609375,0.19140625,35
CNhs11345_P,Mesenchymal Stem Cells - adipose | CAGE,-0.19140625,BigWig,0.90234375,0.7109375,0.19140625,36
CNhs10845_P,Mesenchymal stem cells - hepatic | CAGE,-0.19140625,BigWig,0.92578125,0.734375,0.19140625,37
CNhs10842_P,Retinal Pigment Epithelial Cells | CAGE,-0.19140625,BigWig,0.9296875,0.73828125,0.19140625,38
CNhs11792_P,"breast, adult | CAGE",-0.19140625,BigWig,0.87890625,0.6875,0.19140625,39
CNhs11781_P,"duodenum, fetal, tech  | CAGE",-0.19140625,BigWig,0.94140625,0.75,0.19140625,40
GTEX-11EQ9-0526-SM-5A5JZ.1,liver | RNA-seq,-0.19140625,BigWig,1.0,0.80859375,0.19140625,41
CNhs10740_P,choriocarcinoma cell line | CAGE,-0.1875,BigWig,0.8515625,0.6640625,0.1875,42
CNhs11737_P,gastric adenocarcinoma cell line | CAGE,-0.1875,BigWig,0.9140625,0.7265625,0.1875,43
CNhs11870_P,liposarcoma cell line | CAGE,-0.1875,BigWig,0.97265625,0.78515625,0.1875,44
CNhs11380_P,Fibroblast - Lung | CAGE,-0.1875,BigWig,0.92578125,0.73828125,0.1875,45
CNhs11776_P,"skeletal muscle, fetal | CAGE",-0.1875,BigWig,0.87890625,0.69140625,0.1875,46
CNhs11763_P,"uterus, fetal | CAGE",-0.1875,BigWig,0.96875,0.78125,0.1875,47
CNhs11860_P,fibrosarcoma cell line | CAGE,-0.18359375,BigWig,0.82421875,0.640625,0.18359375,48
CNhs10878_P,Fibroblast - Pulmonary Artery | CAGE,-0.18359375,BigWig,0.96875,0.78515625,0.18359375,49
CNhs12844_P,"vein, adult | CAGE",-0.18359375,BigWig,0.92578125,0.7421875,0.18359375,50
CNhs11745_P,clear cell carcinoma cell line | CAGE,-0.1796875,BigWig,0.8359375,0.65625,0.1796875,51
CNhs11272_P,glioblastoma cell line | CAGE,-0.1796875,BigWig,0.8359375,0.65625,0.1796875,52
CNhs11723_P,leiomyoma cell line | CAGE,-0.1796875,BigWig,0.96484375,0.78515625,0.1796875,53
CNhs11851_P,liposarcoma cell line | CAGE,-0.1796875,BigWig,0.8359375,0.65625,0.1796875,54
CNhs12893_P,Smooth Muscle Cells - Bladder | CAGE,-0.1796875,BigWig,0.90625,0.7265625,0.1796875,55
CNhs10612_P,"Universal RNA - Human Normal Tissues Biochain, pool1 |",-0.1796875,BigWig,0.94921875,0.76953125,0.1796875,56
CNhs11762_P,"eye, fetal | CAGE",-0.1796875,BigWig,0.94140625,0.76171875,0.1796875,57
CNhs11774_P,"skin, fetal | CAGE",-0.1796875,BigWig,0.953125,0.7734375,0.1796875,58
CNhs11264_P,mesothelioma cell line | CAGE,-0.17578125,BigWig,0.80859375,0.6328125,0.17578125,59
CNhs10848_P,"Fibroblast - Gingival,  (GFH2) | CAGE",-0.17578125,BigWig,0.80859375,0.6328125,0.17578125,60
CNhs10630_P,"small intestine, adult, pool1 | CAGE",-0.17578125,BigWig,0.8515625,0.67578125,0.17578125,61
GTEX-11I78-0626-SM-5A5LZ.1,pancreas | RNA-seq,-0.17578125,BigWig,1.0,0.82421875,0.17578125,62
CNhs11945_P,meningioma cell line | CAGE,-0.171875,BigWig,0.9609375,0.7890625,0.171875,63
CNhs13062_P,mesothelioma cell line | CAGE,-0.171875,BigWig,0.9375,0.765625,0.171875,64
CNhs11261_P,transitional-cell carcinoma cell line | CAGE,-0.171875,BigWig,0.7578125,0.5859375,0.171875,65
CNhs10864_P,Astrocyte - cerebral cortex | CAGE,-0.171875,BigWig,0.96875,0.796875,0.171875,66
CNhs12596_P,Iris Pigment Epithelial Cells | CAGE,-0.171875,BigWig,0.90625,0.734375,0.171875,67
CNhs12342_P,Lens Epithelial Cells | CAGE,-0.171875,BigWig,0.95703125,0.78515625,0.171875,68
CNhs11740_P,granulosa cell tumor cell line | CAGE,-0.16796875,BigWig,0.83984375,0.671875,0.16796875,69
CNhs11087_P,Smooth Muscle Cells - Carotid | CAGE,-0.16796875,BigWig,0.96484375,0.796875,0.16796875,70
CNhs11088_P,Smooth Muscle Cells - Coronary Artery | CAGE,-0.16796875,BigWig,0.98828125,0.8203125,0.16796875,71
CNhs11340_P,Trabecular Meshwork Cells | CAGE,-0.16796875,BigWig,0.9140625,0.74609375,0.16796875,72
CNhs12846_P,"ductus deferens, adult | CAGE",-0.16796875,BigWig,0.87109375,0.703125,0.16796875,73
CNhs11892_P,Wilms' tumor cell line | CAGE,-0.1640625,BigWig,0.91796875,0.75390625,0.1640625,74
CNhs13066_P,mesothelioma cell line | CAGE,-0.1640625,BigWig,0.91796875,0.75390625,0.1640625,75
CNhs13069_P,mesothelioma cell line | CAGE,-0.1640625,BigWig,0.85546875,0.69140625,0.1640625,76
CNhs13073_P,mesothelioma cell line | CAGE,-0.1640625,BigWig,0.94140625,0.77734375,0.1640625,77
CNhs11944_P,mixed mullerian tumor cell line | CAGE,-0.1640625,BigWig,0.98828125,0.82421875,0.1640625,78
CNhs11890_P,teratocarcinoma cell line | CAGE,-0.1640625,BigWig,0.765625,0.6015625,0.1640625,79
CNhs11837_P,transitional cell carcinoma cell line | CAGE,-0.1640625,BigWig,0.953125,0.7890625,0.1640625,80
CNhs14135_P,"Fibroblast - Gingival,  (periodontitis) | CAGE",-0.1640625,BigWig,0.984375,0.8203125,0.1640625,81
CNhs11337_P,Keratocytes | CAGE,-0.1640625,BigWig,0.97265625,0.80859375,0.1640625,82
CNhs10844_P,Mesenchymal stem cells - adipose | CAGE,-0.1640625,BigWig,0.89453125,0.73046875,0.1640625,83
CNhs11332_P,Renal Epithelial Cells | CAGE,-0.1640625,BigWig,0.9375,0.7734375,0.1640625,84
CNhs12858_P,"throat, adult | CAGE",-0.1640625,BigWig,0.9296875,0.765625,0.1640625,85
CNhs11765_P,"umbilical cord, fetal | CAGE",-0.1640625,BigWig,0.81640625,0.65234375,0.1640625,86
CNhs13064_P,mesothelioma cell line | CAGE,-0.16015625,BigWig,0.93359375,0.7734375,0.16015625,87
CNhs11290_P,osteosarcoma cell line | CAGE,-0.16015625,BigWig,0.81640625,0.65625,0.16015625,88
CNhs12069_P,Adipocyte - perirenal | CAGE,-0.16015625,BigWig,0.9921875,0.83203125,0.16015625,89
CNhs13507_P,mesenchymal precursor cell - ovarian cancer right ovary,-0.16015625,BigWig,0.9296875,0.76953125,0.16015625,90
CNhs10610_P,"SABiosciences XpressRef Human Universal Total RNA, pool",-0.16015625,BigWig,0.94921875,0.7890625,0.16015625,91
CNhs12845_P,"bone marrow, adult | CAGE",-0.16015625,BigWig,0.84765625,0.6875,0.16015625,92
ENCSR000EQI,T-helper 2 cell | DNase-seq,-0.15625,BigWig,0.83203125,0.67578125,0.15625,93
CNhs11254_P,melanoma cell line | CAGE,-0.15625,BigWig,0.71484375,0.55859375,0.15625,94
CNhs13070_P,mesothelioma cell line | CAGE,-0.15625,BigWig,0.96484375,0.80859375,0.15625,95
CNhs11933_P,pleomorphic hepatocellular carcinoma cell line | CAGE,-0.15625,BigWig,0.8515625,0.6953125,0.15625,96
CNhs11327_P,Bronchial Epithelial Cell | CAGE,-0.15625,BigWig,0.95703125,0.80078125,0.15625,97
CNhs11339_P,Fibroblast - Conjunctival | CAGE,-0.15625,BigWig,0.9765625,0.8203125,0.15625,98
CNhs14132_P,"Fibroblast - Gingival,  (chronic periodontitis) | CAGE",-0.15625,BigWig,0.9765625,0.8203125,0.15625,99
CNhs11348_P,Fibroblast - Mammary | CAGE,-0.15625,BigWig,0.90625,0.75,0.15625,100
CNhs10877_P,Pancreatic stromal cells | CAGE,-0.15625,BigWig,0.9921875,0.8359375,0.15625,101
CNhs10882_P,Prostate Epithelial Cells (polarized) | CAGE,-0.15625,BigWig,0.7265625,0.5703125,0.15625,102
CNhs11334_P,Urothelial Cells | CAGE,-0.15625,BigWig,0.9375,0.78125,0.15625,103
CNhs12379_P,amniotic membrane cells | CAGE,-0.15625,BigWig,0.98828125,0.83203125,0.15625,104
CNhs11757_P,"heart, adult, diseased post-infarction | CAGE",-0.15625,BigWig,0.90234375,0.74609375,0.15625,105
CNhs10636_P,"retina, adult, pool1 | CAGE",-0.15625,BigWig,0.8984375,0.7421875,0.15625,106
CNhs11875_P,choriocarcinoma cell line | CAGE,-0.15234375,BigWig,0.7890625,0.63671875,0.15234375,107
CNhs11868_P,hepatic mesenchymal tumor cell line | CAGE,-0.15234375,BigWig,0.984375,0.83203125,0.15234375,108
CNhs13063_P,mesothelioma cell line | CAGE,-0.15234375,BigWig,0.95703125,0.8046875,0.15234375,109
CNhs10729_P,renal cell carcinoma cell line | CAGE,-0.15234375,BigWig,0.828125,0.67578125,0.15234375,110
CNhs10872_P,Endothelial Cells - Umbilical vein | CAGE,-0.15234375,BigWig,0.95703125,0.8046875,0.15234375,111
CNhs12493_P,"Fibroblast - Periodontal Ligament,  (PL29) | CAGE",-0.15234375,BigWig,0.89453125,0.7421875,0.15234375,112
CNhs11921_P,Smooth Muscle Cells - Uterine | CAGE,-0.15234375,BigWig,0.98828125,0.8359375,0.15234375,113
GTEX-14PKV-1826-SM-69LO9.1,stomach | RNA-seq,-0.15234375,BigWig,1.0,0.84765625,0.15234375,114
5UTR+,5UTR+,-0.1484375,BED,0.453125,0.3046875,0.1484375,115
CNhs13477_P,"Hep-2 cells treated with Streptococci strain 5448, biol",-0.1484375,BigWig,0.875,0.7265625,0.1484375,116
CNhs11779_P,"diaphragm, fetal | CAGE",-0.1484375,BigWig,0.95703125,0.80859375,0.1484375,117
CNhs11766_P,"trachea, fetal | CAGE",-0.1484375,BigWig,0.9609375,0.8125,0.1484375,118
GTEX-ZLWG-2026-SM-DO11F.1,salivary gland | RNA-seq,-0.1484375,BigWig,1.0,0.8515625,0.1484375,119
CNhs11724_P,leiomyoma cell line | CAGE,-0.14453125,BigWig,0.9921875,0.84765625,0.14453125,120
CNhs14128_P,"Fibroblast - Gingival,  (aggressive periodontitis) | CA",-0.14453125,BigWig,0.9765625,0.83203125,0.14453125,121
CNhs11347_P,Mesenchymal Stem Cells - umbilical | CAGE,-0.14453125,BigWig,0.984375,0.83984375,0.14453125,122
CNhs11331_P,Renal Cortical Epithelial Cells | CAGE,-0.14453125,BigWig,0.91796875,0.7734375,0.14453125,123
CNhs10884_P,Small Airway Epithelial Cells | CAGE,-0.14453125,BigWig,0.96484375,0.8203125,0.14453125,124
CNhs11092_P,Tracheal Epithelial Cells | CAGE,-0.14453125,BigWig,0.8125,0.66796875,0.14453125,125
CNhs11794_P,"colon, adult | CAGE",-0.14453125,BigWig,0.79296875,0.6484375,0.14453125,126
CNhs12848_P,"gall bladder, adult | CAGE",-0.14453125,BigWig,0.96875,0.82421875,0.14453125,127
GTEX-U3ZN-1626-SM-4DXTZ.1,cervix uteri | RNA-seq,-0.14453125,BigWig,1.0,0.85546875,0.14453125,128
CNhs13068_P,mesothelioma cell line | CAGE,-0.140625,BigWig,0.953125,0.8125,0.140625,129
CNhs13075_P,mesothelioma cell line | CAGE,-0.140625,BigWig,0.87890625,0.73828125,0.140625,130
CNhs14129_P,"Fibroblast - Gingival,  (control) | CAGE",-0.140625,BigWig,0.984375,0.84375,0.140625,131
CNhs11896_P,"Gingival epithelial cells,  (GEA14) | CAGE",-0.140625,BigWig,0.87890625,0.73828125,0.140625,132
CNhs11316_P,Mesenchymal Stem Cells - bone marrow | CAGE,-0.140625,BigWig,0.9921875,0.8515625,0.140625,133
CNhs13074_P,mesothelioma cell line | CAGE,-0.13671875,BigWig,0.828125,0.69140625,0.13671875,134
CNhs11854_P,neurofibroma cell line | CAGE,-0.13671875,BigWig,0.98046875,0.84375,0.13671875,135
CNhs11810_P,oral squamous cell carcinoma cell line | CAGE,-0.13671875,BigWig,0.828125,0.69140625,0.13671875,136
CNhs11835_P,osteoclastoma cell line | CAGE,-0.13671875,BigWig,0.96484375,0.828125,0.13671875,137
CNhs14140_P,thyroid carcinoma cell line | CAGE,-0.13671875,BigWig,0.79296875,0.65625,0.13671875,138
CNhs12574_P,nasal epithelial cells | CAGE,-0.13671875,BigWig,0.80078125,0.6640625,0.13671875,139
CNhs10608_P,"Clontech Human Universal Reference Total RNA, pool1 | C",-0.13671875,BigWig,0.96875,0.83203125,0.13671875,140
CNhs11764_P,"spinal cord, fetal | CAGE",-0.13671875,BigWig,0.79296875,0.65625,0.13671875,141
CNhs10632_P,"testis, adult, pool1 | CAGE",-0.13671875,BigWig,0.99609375,0.859375,0.13671875,142
CNhs11770_P,"throat, fetal | CAGE",-0.13671875,BigWig,0.87890625,0.7421875,0.13671875,143
CNhs10634_P,"thyroid, adult, pool1 | CAGE",-0.13671875,BigWig,0.9140625,0.77734375,0.13671875,144
CNhs13072_P,mesothelioma cell line | CAGE,-0.1328125,BigWig,0.9765625,0.84375,0.1328125,145
CNhs11829_P,sacrococcigeal teratoma cell line | CAGE,-0.1328125,BigWig,0.83984375,0.70703125,0.1328125,146
CNhs13508_P,serous adenocarcinoma cell line | CAGE,-0.1328125,BigWig,0.81640625,0.68359375,0.1328125,147
CNhs11323_P,Esophageal Epithelial Cells | CAGE,-0.1328125,BigWig,0.765625,0.6328125,0.1328125,148
CNhs11077_P,Mammary Epithelial Cell | CAGE,-0.1328125,BigWig,0.890625,0.7578125,0.1328125,149
CNhs12492_P,Mesenchymal stem cells - umbilical | CAGE,-0.1328125,BigWig,0.8125,0.6796875,0.1328125,150
CNhs11333_P,Renal Mesangial Cells | CAGE,-0.1328125,BigWig,0.984375,0.8515625,0.1328125,151
CNhs11330_P,Renal Proximal Tubular Epithelial Cell | CAGE,-0.1328125,BigWig,0.9609375,0.828125,0.1328125,152
CNhs12843_P,"artery, adult | CAGE",-0.1328125,BigWig,0.94140625,0.80859375,0.1328125,153
CNhs10631_P,"spleen, adult, pool1 | CAGE",-0.1328125,BigWig,0.9140625,0.78125,0.1328125,154
CNhs11768_P,"tongue, fetal | CAGE",-0.1328125,BigWig,0.9375,0.8046875,0.1328125,155
CNhs12854_P,"vagina, adult | CAGE",-0.1328125,BigWig,0.79296875,0.66015625,0.1328125,156
GTEX-1HKZK-1126-SM-9WG82.1,pancreas | RNA-seq,-0.1328125,BigWig,1.0,0.8671875,0.1328125,157
CNhs13479_P,"Hep-2 cells mock treated, biol  | CAGE",-0.12890625,BigWig,0.875,0.74609375,0.12890625,158
CNhs13061_P,mesothelioma cell line | CAGE,-0.12890625,BigWig,0.859375,0.73046875,0.12890625,159
CNhs10837_P,Endothelial Cells - Aortic | CAGE,-0.12890625,BigWig,0.96875,0.83984375,0.12890625,160
CNhs11352_P,Fibroblast - skin walker warburg | CAGE,-0.12890625,BigWig,0.97265625,0.84375,0.12890625,161
CNhs10881_P,Nucleus Pulposus Cell | CAGE,-0.12890625,BigWig,0.99609375,0.8671875,0.12890625,162
CNhs12073_P,Schwann Cells | CAGE,-0.12890625,BigWig,0.9921875,0.86328125,0.12890625,163
CNhs12595_P,Smooth Muscle Cells - Intestinal | CAGE,-0.12890625,BigWig,0.9140625,0.78515625,0.12890625,164
CNhs10839_P,Smooth Muscle Cells - Umbilical artery | CAGE,-0.12890625,BigWig,0.97265625,0.84375,0.12890625,165
CNhs12842_P,"appendix, adult | CAGE",-0.12890625,BigWig,0.80078125,0.671875,0.12890625,166
CNhs11790_P,"left atrium, adult | CAGE",-0.12890625,BigWig,0.83203125,0.703125,0.12890625,167
CNhs12853_P,"tongue, adult | CAGE",-0.12890625,BigWig,0.96484375,0.8359375,0.12890625,168
CNhs11247_P,epithelioid sarcoma cell line | CAGE,-0.125,BigWig,0.78125,0.65625,0.125,169
CNhs10731_P,glioma cell line | CAGE,-0.125,BigWig,0.79296875,0.66796875,0.125,170
CNhs11377_P,Endothelial Cells - Vein | CAGE,-0.125,BigWig,0.9453125,0.8203125,0.125,171
CNhs11061_P,"Gingival epithelial cells,  (GEA11) | CAGE",-0.125,BigWig,0.86328125,0.73828125,0.125,172
CNhs11057_P,Mesenchymal Stem Cells - Wharton's Jelly | CAGE,-0.125,BigWig,0.98046875,0.85546875,0.125,173
CNhs11972_P,Prostate Epithelial Cells | CAGE,-0.125,BigWig,0.98828125,0.86328125,0.125,174
CNhs10652_P,"kidney, fetal, pool1 | CAGE",-0.125,BigWig,0.953125,0.828125,0.125,175
CNhs10651_P,"spleen, fetal, pool1 | CAGE",-0.125,BigWig,0.94140625,0.81640625,0.125,176
3UTR-,3UTR-,-0.1220703125,BED,0.19921875,0.0771484375,0.1220703125,177
CNhs11249_P,endometrial stromal sarcoma cell line | CAGE,-0.12109375,BigWig,0.76171875,0.640625,0.12109375,178
CNhs10865_P,Endothelial Cells - Lymphatic | CAGE,-0.12109375,BigWig,0.97265625,0.8515625,0.12109375,179
CNhs11064_P,Keratinocyte - epidermal | CAGE,-0.12109375,BigWig,0.9453125,0.82421875,0.12109375,180
CNhs11324_P,Smooth Muscle Cells - Esophageal | CAGE,-0.12109375,BigWig,0.984375,0.86328125,0.12109375,181
GTEX-1I1GR-3026-SM-ARU7C.1,pituitary | RNA-seq,-0.12109375,BigWig,1.0,0.87890625,0.12109375,182
CNhs11325_P,Alveolar Epithelial Cells | CAGE,-0.1171875,BigWig,0.96875,0.8515625,0.1171875,183
CNhs11376_P,Endothelial Cells - Microvascular | CAGE,-0.1171875,BigWig,0.984375,0.8671875,0.1171875,184
CNhs11953_P,"Fibroblast - Periodontal Ligament,  (PL30) | CAGE",-0.1171875,BigWig,0.9921875,0.875,0.1171875,185
CNhs11979_P,Hair Follicle Dermal Papilla Cells | CAGE,-0.1171875,BigWig,0.98828125,0.87109375,0.1171875,186
CNhs11346_P,Mesenchymal Stem Cells - hepatic | CAGE,-0.1171875,BigWig,0.9921875,0.875,0.1171875,187
CNhs11089_P,Smooth Muscle Cells - Pulmonary Artery | CAGE,-0.1171875,BigWig,0.99609375,0.87890625,0.1171875,188
CNhs11090_P,Smooth Muscle Cells - Subclavian Artery | CAGE,-0.1171875,BigWig,0.9921875,0.875,0.1171875,189
CNhs11091_P,Smooth Muscle Cells - Umbilical Artery | CAGE,-0.1171875,BigWig,0.99609375,0.87890625,0.1171875,190
CNhs12810_P,salivary acinar cells | CAGE,-0.1171875,BigWig,0.921875,0.8046875,0.1171875,191
always_on_exon,Always-on exon,-0.115234375,BED,0.30078125,0.185546875,0.115234375,192
ENCSR532FEO,stomach smooth muscle | Histone ChIP-seq | H3K4me3,-0.11328125,BigWig,0.8203125,0.70703125,0.11328125,193
CNhs11930_P,clear cell carcinoma cell line | CAGE,-0.11328125,BigWig,0.75,0.63671875,0.11328125,194
CNhs11748_P,endometrioid adenocarcinoma cell line | CAGE,-0.11328125,BigWig,0.7578125,0.64453125,0.11328125,195
CNhs11321_P,Astrocyte - cerebellum | CAGE,-0.11328125,BigWig,0.9921875,0.87890625,0.11328125,196
CNhs11336_P,Corneal Epithelial Cells | CAGE,-0.11328125,BigWig,0.85546875,0.7421875,0.11328125,197
CNhs10875_P,Intestinal epithelial cells (polarized) | CAGE,-0.11328125,BigWig,0.6953125,0.58203125,0.11328125,198
CNhs10879_P,Keratinocyte - oral | CAGE,-0.11328125,BigWig,0.8671875,0.75390625,0.11328125,199
CNhs10846_P,Mesenchymal Stem Cells - Vertebral | CAGE,-0.11328125,BigWig,0.7734375,0.66015625,0.11328125,200
CNhs12569_P,Smooth Muscle Cells - Umbilical Vein | CAGE,-0.11328125,BigWig,0.98828125,0.875,0.11328125,201
CNhs10843_P,Urothelial cells | CAGE,-0.11328125,BigWig,0.88671875,0.7734375,0.11328125,202
CNhs10619_P,"colon, adult, pool1 | CAGE",-0.11328125,BigWig,0.96484375,0.8515625,0.11328125,203
CNhs10622_P,"kidney, adult, pool1 | CAGE",-0.11328125,BigWig,0.9375,0.82421875,0.11328125,204
CNhs12851_P,"seminal vesicle, adult | CAGE",-0.11328125,BigWig,0.9921875,0.87890625,0.11328125,205
CNhs11676_P,"uterus, adult, pool1 | CAGE",-0.11328125,BigWig,0.98046875,0.8671875,0.11328125,206
CNhs11746_P,serous adenocarcinoma cell line | CAGE,-0.109375,BigWig,0.73828125,0.62890625,0.109375,207
CNhs11749_P,squamous cell carcinoma cell line | CAGE,-0.109375,BigWig,0.7421875,0.6328125,0.109375,208
CNhs12586_P,Oligodendrocyte - precursors | CAGE,-0.109375,BigWig,0.78125,0.671875,0.109375,209
CNhs11078_P,Osteoblast | CAGE,-0.109375,BigWig,0.9921875,0.8828125,0.109375,210
CNhs11081_P,Preadipocyte - subcutaneous | CAGE,-0.109375,BigWig,0.9921875,0.8828125,0.109375,211
CNhs11789_P,"left ventricle, adult | CAGE",-0.109375,BigWig,0.9375,0.828125,0.109375,212
CNhs11836_P,Ewing's sarcoma cell line | CAGE,-0.10546875,BigWig,0.9921875,0.88671875,0.10546875,213
CNhs13478_P,"Hep-2 cells treated with Streptococci strain JRS4, biol",-0.10546875,BigWig,0.73828125,0.6328125,0.10546875,214
CNhs10733_P,gall bladder carcinoma cell line | CAGE,-0.10546875,BigWig,0.75,0.64453125,0.10546875,215
CNhs11718_P,mesenchymal stem cell line | CAGE,-0.10546875,BigWig,0.98046875,0.875,0.10546875,216
CNhs11183_P,schwannoma cell line | CAGE,-0.10546875,BigWig,0.75,0.64453125,0.10546875,217
CNhs11828_P,tridermal teratoma cell line | CAGE,-0.10546875,BigWig,0.734375,0.62890625,0.10546875,218
CNhs11379_P,Fibroblast - Dermal | CAGE,-0.10546875,BigWig,0.99609375,0.890625,0.10546875,219
CNhs11079_P,Placental Epithelial Cells | CAGE,-0.10546875,BigWig,0.9921875,0.88671875,0.10546875,220
CNhs10648_P,"dura mater, adult | CAGE",-0.10546875,BigWig,0.9765625,0.87109375,0.10546875,221
CNhs10635_P,"trachea, adult, pool1 | CAGE",-0.10546875,BigWig,0.9609375,0.85546875,0.10546875,222
GTEX-14PJ4-0526-SM-6871G.1,spleen | RNA-seq,-0.10546875,BigWig,1.0,0.89453125,0.10546875,223
GTEX-15DYW-1426-SM-6LPIW.1,spleen | RNA-seq,-0.10546875,BigWig,1.0,0.89453125,0.10546875,224
ENCSR162VXO,adipocyte | Histone ChIP-seq | H3K9ac,-0.1015625,BigWig,0.8125,0.7109375,0.1015625,225
ENCSR984KWT,thoracic aorta | Histone ChIP-seq | H3K4me3,-0.1015625,BigWig,0.80859375,0.70703125,0.1015625,226
CNhs11319_P,Fibroblast - Choroid Plexus | CAGE,-0.1015625,BigWig,0.99609375,0.89453125,0.1015625,227
CNhs10863_P,Smooth Muscle Cells - Brain Vascular | CAGE,-0.1015625,BigWig,0.9921875,0.890625,0.1015625,228
CNhs10653_P,"heart, fetal, pool1 | CAGE",-0.1015625,BigWig,0.9375,0.8359375,0.1015625,229
CNhs11680_P,"lung, fetal | CAGE",-0.1015625,BigWig,0.96484375,0.86328125,0.1015625,230
CNhs10628_P,"prostate, adult, pool1 | CAGE",-0.1015625,BigWig,0.98046875,0.87890625,0.1015625,231
ENCSR075PTL,muscle layer of duodenum | Histone ChIP-seq | H3K4me3,-0.09765625,BigWig,0.8125,0.71484375,0.09765625,232
CNhs11185_P,glioblastoma cell line | CAGE,-0.09765625,BigWig,0.76953125,0.671875,0.09765625,233
CNhs12806_P,large cell lung carcinoma cell line | CAGE,-0.09765625,BigWig,0.7734375,0.67578125,0.09765625,234
CNhs11876_P,testicular germ cell embryonal carcinoma cell line | CA,-0.09765625,BigWig,0.7265625,0.62890625,0.09765625,235
CNhs11371_P,Adipocyte - subcutaneous | CAGE,-0.09765625,BigWig,0.99609375,0.8984375,0.09765625,236
CNhs11996_P,"Fibroblast - Periodontal Ligament,  (PLH3) | CAGE",-0.09765625,BigWig,0.99609375,0.8984375,0.09765625,237
CNhs11343_P,Fibroblast - Villous Mesenchymal | CAGE,-0.09765625,BigWig,0.9921875,0.89453125,0.09765625,238
CNhs11320_P,Meningeal Cells | CAGE,-0.09765625,BigWig,0.98828125,0.890625,0.09765625,239
CNhs11083_P,Skeletal Muscle Cells | CAGE,-0.09765625,BigWig,1.0,0.90234375,0.09765625,240
GTEX-1MA7X-1526-SM-DHXJF.1,testis | RNA-seq,-0.09765625,BigWig,1.0,0.90234375,0.09765625,241
ENCSR000ASK,CD14-positive monocyte | Histone ChIP-seq | H3K27me3,-0.09375,BigWig,0.90234375,0.80859375,0.09375,242
ENCSR957WQX,"common myeloid progenitor, CD34-positive | Histone ChIP",-0.09375,BigWig,0.83984375,0.74609375,0.09375,243
ENCSR577DVK,colonic mucosa | Histone ChIP-seq | H3K4me3,-0.09375,BigWig,0.8203125,0.7265625,0.09375,244
ENCSR330NKU,small intestine | Histone ChIP-seq | H3K4me1,0.09375,BigWig,0.64453125,0.73828125,0.09375,245
CNhs13067_P,mesothelioma cell line | CAGE,-0.09375,BigWig,0.97265625,0.87890625,0.09375,246
CNhs11849_P,pharyngeal carcinoma cell line | CAGE,-0.09375,BigWig,0.74609375,0.65234375,0.09375,247
CNhs11883_P,tubular adenocarcinoma cell line | CAGE,-0.09375,BigWig,0.69921875,0.60546875,0.09375,248
CNhs11373_P,Chondrocyte - re diff | CAGE,-0.09375,BigWig,0.99609375,0.90234375,0.09375,249
CNhs11977_P,Endothelial Cells - Artery | CAGE,-0.09375,BigWig,0.9921875,0.8984375,0.09375,250
CNhs13550_P,Mallassez-derived cells | CAGE,-0.09375,BigWig,0.96484375,0.87109375,0.09375,251
CNhs12587_P,Perineurial Cells | CAGE,-0.09375,BigWig,0.98828125,0.89453125,0.09375,252
CNhs12074_P,Renal Glomerular Endothelial Cells | CAGE,-0.09375,BigWig,0.99609375,0.90234375,0.09375,253
CNhs12372_P,mesenchymal precursor cell - ovarian cancer left ovary,-0.09375,BigWig,0.99609375,0.90234375,0.09375,254
CNhs12847_P,"epididymis, adult | CAGE",-0.09375,BigWig,0.99609375,0.90234375,0.09375,255
CNhs11788_P,"lymph node, adult | CAGE",-0.09375,BigWig,0.65625,0.5625,0.09375,256
CNhs11771_P,"stomach, fetal | CAGE",-0.09375,BigWig,0.765625,0.671875,0.09375,257
K-562-SM-7LG4B.1,bone marrow | RNA-seq,-0.09375,BigWig,0.59765625,0.50390625,0.09375,258
ENCSR416AUW,breast epithelium | Histone ChIP-seq | H3K4me3,-0.08984375,BigWig,0.78515625,0.6953125,0.08984375,259
ENCSR902XFY,thyroid gland | DNase-seq,0.08984375,BigWig,0.765625,0.85546875,0.08984375,260
CNhs10742_P,astrocytoma cell line | CAGE,-0.08984375,BigWig,0.796875,0.70703125,0.08984375,261
CNhs11894_P,normal embryonic palatal mesenchymal cell line | CAGE,-0.08984375,BigWig,0.99609375,0.90625,0.08984375,262
CNhs11260_P,prostate cancer cell line | CAGE,-0.08984375,BigWig,0.6875,0.59765625,0.08984375,263
CNhs11341_P,Amniotic Epithelial Cells | CAGE,-0.08984375,BigWig,0.9921875,0.90234375,0.08984375,264
CNhs12339_P,Hair Follicle Outer Root Sheath Cells | CAGE,-0.08984375,BigWig,0.984375,0.89453125,0.08984375,265
CNhs11349_P,Mesenchymal Stem Cells - amniotic membrane | CAGE,-0.08984375,BigWig,0.99609375,0.90625,0.08984375,266
CNhs11082_P,Preadipocyte - visceral | CAGE,-0.08984375,BigWig,0.99609375,0.90625,0.08984375,267
CNhs12366_P,mesenchymal precursor cell - bone marrow | CAGE,-0.08984375,BigWig,0.99609375,0.90625,0.08984375,268
CNhs10629_P,"skeletal muscle, adult, pool1 | CAGE",-0.08984375,BigWig,0.96875,0.87890625,0.08984375,269
GTEX-1LB8K-0005-SM-DIPED.1,blood | RNA-seq,-0.08984375,BigWig,0.59375,0.50390625,0.08984375,270
ENCSR265TEK,NCI-H226 | DNase-seq,-0.0859375,BigWig,0.828125,0.7421875,0.0859375,271
ENCSR884EVT,endocrine pancreas | Histone ChIP-seq | H3K4me3,-0.0859375,BigWig,0.83203125,0.74609375,0.0859375,272
ENCSR998ZWM,large intestine | Histone ChIP-seq | H3K4me1,0.0859375,BigWig,0.6484375,0.734375,0.0859375,273
CNhs10876_P,Anulus Pulposus Cell | CAGE,-0.0859375,BigWig,0.99609375,0.91015625,0.0859375,274
CNhs11372_P,Chondrocyte - de diff | CAGE,-0.0859375,BigWig,0.99609375,0.91015625,0.0859375,275
CNhs10847_P,Sebocyte | CAGE,-0.0859375,BigWig,0.984375,0.8984375,0.0859375,276
CNhs11086_P,Smooth Muscle Cells - Brachiocephalic | CAGE,-0.0859375,BigWig,0.99609375,0.91015625,0.0859375,277
CNhs12558_P,mature adipocyte | CAGE,-0.0859375,BigWig,0.875,0.7890625,0.0859375,278
CNhs12377_P,mesenchymal precursor cell - ovarian cancer right ovary,-0.0859375,BigWig,0.98828125,0.90234375,0.0859375,279
CNhs10654_P,"tonsil, adult, pool1 | CAGE",-0.0859375,BigWig,0.75,0.6640625,0.0859375,280
ENCSR594NOE,RPMI8226 | DNase-seq,0.08203125,BigWig,0.65234375,0.734375,0.08203125,281
ENCSR177QXA,myoepithelial cell of mammary gland | Histone ChIP-seq,-0.08203125,BigWig,0.67578125,0.59375,0.08203125,282
ENCSR508UPW,esophagus squamous epithelium | Histone ChIP-seq | H3K4,-0.08203125,BigWig,0.734375,0.65234375,0.08203125,283
ENCSR073YZL,small intestine | Histone ChIP-seq | H3K36me3,-0.08203125,BigWig,0.8828125,0.80078125,0.08203125,284
CNhs11878_P,teratocarcinoma cell line | CAGE,-0.08203125,BigWig,0.6484375,0.56640625,0.08203125,285
CNhs13435_P,achilles tendon | CAGE,-0.08203125,BigWig,0.765625,0.68359375,0.08203125,286
CNhs10618_P,"cervix, adult, pool1 | CAGE",-0.08203125,BigWig,0.9921875,0.91015625,0.08203125,287
CNhs10626_P,"ovary, adult, pool1 | CAGE",-0.08203125,BigWig,0.98828125,0.90625,0.08203125,288
CNhs11769_P,"thyroid, fetal | CAGE",-0.08203125,BigWig,0.8125,0.73046875,0.08203125,289
GTEX-1OKEX-0006-SM-DKPQ2.1,blood | RNA-seq,-0.08203125,BigWig,0.5859375,0.50390625,0.08203125,290
GTEX-ZDTT-1326-SM-4WKFH.1,esophagus | RNA-seq,-0.08203125,BigWig,1.0,0.91796875,0.08203125,291
ENCSR301AEA,bipolar neuron | Histone ChIP-seq | H3K4me1,-0.078125,BigWig,0.828125,0.75,0.078125,292
ENCSR006GPM,mesenchymal stem cell | Histone ChIP-seq | H3K9ac,-0.078125,BigWig,0.8125,0.734375,0.078125,293
ENCSR607ARN,esophagus muscularis mucosa | Histone ChIP-seq | H3K4me,-0.078125,BigWig,0.7734375,0.6953125,0.078125,294
ENCSR202RXT,stomach | Histone ChIP-seq | H3K4me3,-0.078125,BigWig,0.734375,0.65625,0.078125,295
CNhs12362_P,testicular germ cell embryonal carcinoma cell line | CA,-0.078125,BigWig,0.7421875,0.6640625,0.078125,296
CNhs11328_P,Smooth Muscle Cells - Bronchial | CAGE,-0.078125,BigWig,0.98828125,0.91015625,0.078125,297
CNhs10624_P,"liver, adult, pool1 | CAGE",-0.078125,BigWig,0.79296875,0.71484375,0.078125,298
CNhs12322_P,"locus coeruleus, adult | CAGE",-0.078125,BigWig,0.7265625,0.6484375,0.078125,299
CNhs10627_P,"placenta, adult, pool1 | CAGE",-0.078125,BigWig,0.9921875,0.9140625,0.078125,300
CNhs11785_P,"skin, adult | CAGE",-0.078125,BigWig,0.63671875,0.55859375,0.078125,301
GTEX-17F96-1926-SM-7MGWY.1,kidney | RNA-seq,-0.078125,BigWig,1.0,0.921875,0.078125,302
splice_acceptor,splice acceptor,-0.07421875,BED,0.88671875,0.8125,0.07421875,303
ENCSR746ZPP,L1-S8R | DNase-seq,0.07421875,BigWig,0.6875,0.76171875,0.07421875,304
ENCSR122IJJ,foreskin fibroblast | Histone ChIP-seq | H3K4me3,-0.07421875,BigWig,0.8046875,0.73046875,0.07421875,305
ENCSR636FCX,myoepithelial cell of mammary gland | Histone ChIP-seq,-0.07421875,BigWig,0.83203125,0.7578125,0.07421875,306
ENCSR207JOI,myoepithelial cell of mammary gland | Histone ChIP-seq,-0.07421875,BigWig,0.76953125,0.6953125,0.07421875,307
ENCSR957UQS,endocrine pancreas | Histone ChIP-seq | H3K4me3,-0.07421875,BigWig,0.8046875,0.73046875,0.07421875,308
ENCSR873ANE,kidney | DNase-seq,0.07421875,BigWig,0.78125,0.85546875,0.07421875,309
ENCSR489ZLL,stomach | Histone ChIP-seq | H3K4me3,-0.07421875,BigWig,0.8046875,0.73046875,0.07421875,310
ENCSR152UWC,subcutaneous abdominal adipose tissue | Histone ChIP-se,-0.07421875,BigWig,0.81640625,0.7421875,0.07421875,311
CNhs13065_P,mesothelioma cell line | CAGE,-0.07421875,BigWig,0.65234375,0.578125,0.07421875,312
CNhs12346_P,Melanocyte - dark | CAGE,-0.07421875,BigWig,0.98828125,0.9140625,0.07421875,313
CNhs11350_P,Multipotent Cord Blood Unrestricted Somatic Stem Cells,-0.07421875,BigWig,0.99609375,0.921875,0.07421875,314
CNhs11317_P,Pericytes | CAGE,-0.07421875,BigWig,1.0,0.92578125,0.07421875,315
CNhs11067_P,Smooth Muscle Cells - Internal Thoracic Artery | CAGE,-0.07421875,BigWig,1.0,0.92578125,0.07421875,316
CNhs14190_P,"Smooth muscle cells - airway, control | CAGE",-0.07421875,BigWig,1.0,0.92578125,0.07421875,317
CNhs12855_P,"heart - mitral valve, adult | CAGE",-0.07421875,BigWig,0.9921875,0.91796875,0.07421875,318
ENCSR000AUM,A549 | Histone ChIP-seq | H3K4me1,0.0703125,BigWig,0.640625,0.7109375,0.0703125,319
ENCSR346JWH,A673 | DNase-seq,-0.0703125,BigWig,0.80859375,0.73828125,0.0703125,320
ENCSR620WAR,SJSA1 | DNase-seq,-0.0703125,BigWig,0.78125,0.7109375,0.0703125,321
ENCSR079ZQI,foreskin fibroblast | Histone ChIP-seq | H3K4me3,-0.0703125,BigWig,0.9140625,0.84375,0.0703125,322
ENCSR645FBM,ascending aorta | Histone ChIP-seq | H3K4me3,-0.0703125,BigWig,0.77734375,0.70703125,0.0703125,323
ENCSR510NXV,gastroesophageal sphincter | Histone ChIP-seq | H3K4me3,-0.0703125,BigWig,0.7734375,0.703125,0.0703125,324
ENCSR953GFW,rectal smooth muscle tissue | Histone ChIP-seq | H3K4me,-0.0703125,BigWig,0.76953125,0.69921875,0.0703125,325
CNhs11932_P,basal cell carcinoma cell line | CAGE,-0.0703125,BigWig,0.99609375,0.92578125,0.0703125,326
CNhs11378_P,Fibroblast - Cardiac | CAGE,-0.0703125,BigWig,1.0,0.9296875,0.0703125,327
CNhs11351_P,Fibroblast - skin normal | CAGE,-0.0703125,BigWig,0.99609375,0.92578125,0.0703125,328
CNhs12363_P,mesenchymal precursor cell - adipose | CAGE,-0.0703125,BigWig,0.99609375,0.92578125,0.0703125,329
CNhs10615_P,"adipose tissue, adult, pool1 | CAGE",-0.0703125,BigWig,0.98828125,0.91796875,0.0703125,330
CNhs13439_P,cruciate ligament | CAGE,-0.0703125,BigWig,0.8046875,0.734375,0.0703125,331
CNhs12319_P,"globus pallidus, adult | CAGE",0.0703125,BigWig,0.71484375,0.78515625,0.0703125,332
CNhs11772_P,"temporal lobe, fetal, tech  | CAGE",-0.0703125,BigWig,0.60546875,0.53515625,0.0703125,333
CNhs10650_P,"thymus, fetal, pool1 | CAGE",-0.0703125,BigWig,0.62890625,0.55859375,0.0703125,334
GTEX-1PDJ9-1826-SM-E9U66.1,small intestine | RNA-seq,-0.0703125,BigWig,1.0,0.9296875,0.0703125,335
ENCSR835MMN,SK-N-MC | Histone ChIP-seq | H3K27ac,-0.06640625,BigWig,0.7109375,0.64453125,0.06640625,336
ENCSR000EMV,cardiac myoblast | DNase-seq,-0.06640625,BigWig,0.8359375,0.76953125,0.06640625,337
ENCSR714DIF,mesendoderm | DNase-seq,-0.06640625,BigWig,0.8828125,0.81640625,0.06640625,338
ENCSR000ART,astrocyte | Histone ChIP-seq | H3K9ac,-0.06640625,BigWig,0.85546875,0.7890625,0.06640625,339
ENCSR856NXV,cardiac fibroblast | DNase-seq,-0.06640625,BigWig,0.72265625,0.65625,0.06640625,340
ENCSR579YLO,fibroblast of breast | Histone ChIP-seq | H3K27ac,-0.06640625,BigWig,0.82421875,0.7578125,0.06640625,341
ENCSR519SOC,natural killer cell | Histone ChIP-seq | H3K36me3,-0.06640625,BigWig,0.671875,0.60546875,0.06640625,342
ENCSR804FSU,peripheral blood mononuclear cell | Histone ChIP-seq |,-0.06640625,BigWig,0.87109375,0.8046875,0.06640625,343
ENCSR060BFU,adrenal gland | DNase-seq,0.06640625,BigWig,0.578125,0.64453125,0.06640625,344
ENCSR419MZH,adrenal gland | DNase-seq,0.06640625,BigWig,0.62890625,0.6953125,0.06640625,345
ENCSR728BAD,adrenal gland | DNase-seq,0.06640625,BigWig,0.64453125,0.7109375,0.06640625,346
ENCSR061NWO,endocrine pancreas | Histone ChIP-seq | H3K9ac,-0.06640625,BigWig,0.859375,0.79296875,0.06640625,347
ENCSR757EPJ,kidney | DNase-seq,0.06640625,BigWig,0.59375,0.66015625,0.06640625,348
ENCSR383AEO,layer of hippocampus | Histone ChIP-seq | H3K4me3,-0.06640625,BigWig,0.74609375,0.6796875,0.06640625,349
ENCSR930HLX,thoracic aorta | Histone ChIP-seq | H3K4me3,-0.06640625,BigWig,0.7265625,0.66015625,0.06640625,350
ENCSR762ZLM,thymus | Histone ChIP-seq | H3K4me1,-0.06640625,BigWig,0.84765625,0.78125,0.06640625,351
CNhs11877_P,rhabdomyosarcoma cell line | CAGE,-0.06640625,BigWig,0.64453125,0.578125,0.06640625,352
CNhs12808_P,small cell lung carcinoma cell line | CAGE,-0.06640625,BigWig,0.609375,0.54296875,0.06640625,353
CNhs11857_P,spindle cell sarcoma cell line | CAGE,-0.06640625,BigWig,0.99609375,0.9296875,0.06640625,354
CNhs10871_P,Ciliary Epithelial Cells | CAGE,-0.06640625,BigWig,0.99609375,0.9296875,0.06640625,355
CNhs11952_P,"Fibroblast - Gingival,  (GFH3) | CAGE",-0.06640625,BigWig,1.0,0.93359375,0.06640625,356
CNhs11910_P,Smooth Muscle Cells - Prostate | CAGE,-0.06640625,BigWig,1.0,0.93359375,0.06640625,357
K-562-SM-5KM2I.1,bone marrow | RNA-seq,-0.06640625,BigWig,0.5703125,0.50390625,0.06640625,358
ENCSR000APB,HeLa-S3 | Histone ChIP-seq | H3K27me3,0.0625,BigWig,0.78125,0.84375,0.0625,359
ENCSR367VRA,adipocyte | Histone ChIP-seq | H3K4me3,-0.0625,BigWig,0.625,0.5625,0.0625,360
ENCSR701KJD,mesenchymal stem cell | Histone ChIP-seq | H3K9ac,-0.0625,BigWig,0.890625,0.828125,0.0625,361
ENCSR000EQH,T-helper 2 cell | DNase-seq,-0.0625,BigWig,0.765625,0.703125,0.0625,362
ENCSR597RXT,mammary epithelial cell | Histone ChIP-seq | H3K36me3,0.0625,BigWig,0.61328125,0.67578125,0.0625,363
ENCSR000ATH,osteoblast | Histone ChIP-seq | H3K4me3,-0.0625,BigWig,0.67578125,0.61328125,0.0625,364
ENCSR343ZOV,coronary artery | Histone ChIP-seq | H3K4me3,-0.0625,BigWig,0.78515625,0.72265625,0.0625,365
ENCSR066WZJ,kidney | DNase-seq,0.0625,BigWig,0.60546875,0.66796875,0.0625,366
ENCSR956CFX,layer of hippocampus | Histone ChIP-seq | H3K4me3,-0.0625,BigWig,0.7890625,0.7265625,0.0625,367
ENCSR170VSJ,muscle layer of colon | Histone ChIP-seq | H3K4me3,-0.0625,BigWig,0.81640625,0.75390625,0.0625,368
ENCSR339PLH,stomach smooth muscle | Histone ChIP-seq | H3K9ac,-0.0625,BigWig,0.828125,0.765625,0.0625,369
ENCSR922JMI,subcutaneous abdominal adipose tissue | Histone ChIP-se,-0.0625,BigWig,0.859375,0.796875,0.0625,370
ENCSR759UNY,tongue | DNase-seq,0.0625,BigWig,0.68359375,0.74609375,0.0625,371
CNhs11848_P,leiomyoblastoma cell line | CAGE,-0.0625,BigWig,0.64453125,0.58203125,0.0625,372
CNhs11950_P,normal intestinal epithelial cell line | CAGE,-0.0625,BigWig,0.99609375,0.93359375,0.0625,373
CNhs11832_P,pancreatic carcinoma cell line | CAGE,-0.0625,BigWig,0.60546875,0.54296875,0.0625,374
CNhs10867_P,Fibroblast - Periodontal Ligament | CAGE,-0.0625,BigWig,1.0,0.9375,0.0625,375
CNhs11074_P,Fibroblast - skin spinal muscular atrophy | CAGE,-0.0625,BigWig,1.0,0.9375,0.0625,376
CNhs12566_P,Mast cell | CAGE,-0.0625,BigWig,0.75390625,0.69140625,0.0625,377
CNhs10869_P,Skeletal Muscle Satellite Cells | CAGE,-0.0625,BigWig,0.99609375,0.93359375,0.0625,378
CNhs11084_P,Skeletal muscle cells differentiated into Myotubes - mu,-0.0625,BigWig,1.0,0.9375,0.0625,379
CNhs10868_P,Smooth Muscle Cells - Colonic | CAGE,-0.0625,BigWig,1.0,0.9375,0.0625,380
CNhs11329_P,Smooth Muscle Cells - Tracheal | CAGE,-0.0625,BigWig,0.99609375,0.93359375,0.0625,381
CNhs14183_P,"Smooth muscle cells - airway, asthmatic | CAGE",-0.0625,BigWig,1.0,0.9375,0.0625,382
CNhs12856_P,"heart - pulmonic valve, adult | CAGE",-0.0625,BigWig,0.8359375,0.7734375,0.0625,383
CNhs12857_P,"heart - tricuspid valve, adult | CAGE",-0.0625,BigWig,0.69921875,0.63671875,0.0625,384
CNhs11755_P,"smooth muscle, adult, pool1 | CAGE",-0.0625,BigWig,0.984375,0.921875,0.0625,385
CNhs13807_P,spinal cord - adult | CAGE,-0.0625,BigWig,0.72265625,0.66015625,0.0625,386
CNhs12852_P,"submaxillary gland, adult | CAGE",-0.0625,BigWig,0.7265625,0.6640625,0.0625,387
GTEX-1KD5A-1826-SM-DHXJI.1,testis | RNA-seq,-0.0625,BigWig,1.0,0.9375,0.0625,388
ENCSR714TJD,A673 | Histone ChIP-seq | H3K27ac,-0.05859375,BigWig,0.8984375,0.83984375,0.05859375,389
ENCSR000AQY,DND-41 | Histone ChIP-seq | H3K4me1,-0.05859375,BigWig,0.6484375,0.58984375,0.05859375,390
ENCSR562MOC,GM23248 | Histone ChIP-seq | H3K9ac,-0.05859375,BigWig,0.78125,0.72265625,0.05859375,391
ENCSR581LZU,OCI-LY3 | Histone ChIP-seq | H3K4me1,0.05859375,BigWig,0.58203125,0.640625,0.05859375,392
ENCSR337IRF,RCC | DNase-seq,0.05859375,BigWig,0.6171875,0.67578125,0.05859375,393
ENCSR162DGX,B cell | Histone ChIP-seq | H3K27me3,-0.05859375,BigWig,0.8359375,0.77734375,0.05859375,394
ENCSR000DWM,CD14-positive monocyte | Histone ChIP-seq | H3K27me3,-0.05859375,BigWig,0.66015625,0.6015625,0.05859375,395
ENCSR080XUB,CD14-positive monocyte | Histone ChIP-seq | H3K27me3,-0.05859375,BigWig,0.84765625,0.7890625,0.05859375,396
ENCSR316UDN,"CD8-positive, alpha-beta T cell | DNase-seq",-0.05859375,BigWig,0.76171875,0.703125,0.05859375,397
ENCSR004AKD,mesenchymal stem cell | Histone ChIP-seq | H3K4me3,-0.05859375,BigWig,0.640625,0.58203125,0.05859375,398
ENCSR000ANF,skeletal muscle myoblast | Histone ChIP-seq | H3K27ac,-0.05859375,BigWig,0.76171875,0.703125,0.05859375,399
ENCSR026EOM,brain | DNase-seq,0.05859375,BigWig,0.5703125,0.62890625,0.05859375,400
ENCSR375DWY,colonic mucosa | Histone ChIP-seq | H3K9ac,-0.05859375,BigWig,0.88671875,0.828125,0.05859375,401
ENCSR401VZL,dorsolateral prefrontal cortex | Histone ChIP-seq | H3K,-0.05859375,BigWig,0.81640625,0.7578125,0.05859375,402
ENCSR410UUH,psoas muscle | Histone ChIP-seq | H3K4me1,-0.05859375,BigWig,0.83203125,0.7734375,0.05859375,403
ENCSR981UJA,right lobe of liver | Histone ChIP-seq | H3K27ac,0.05859375,BigWig,0.64453125,0.703125,0.05859375,404
ENCSR237QFJ,small intestine | Histone ChIP-seq | H3K4me3,-0.05859375,BigWig,0.71484375,0.65625,0.05859375,405
ENCSR209QGZ,spinal cord | Histone ChIP-seq | H3K27ac,-0.05859375,BigWig,0.84375,0.78515625,0.05859375,406
ENCSR036HAT,spinal cord | Histone ChIP-seq | H3K4me3,-0.05859375,BigWig,0.7265625,0.66796875,0.05859375,407
ENCSR803IBD,thoracic aorta | Histone ChIP-seq | H3K4me1,0.05859375,BigWig,0.71875,0.77734375,0.05859375,408
ENCSR813ZEY,transverse colon | Histone ChIP-seq | H3K4me3,-0.05859375,BigWig,0.72265625,0.6640625,0.05859375,409
ENCSR632OWD,urinary bladder | Histone ChIP-seq | H3K4me3,-0.05859375,BigWig,0.703125,0.64453125,0.05859375,410
CNhs11280_P,colon carcinoma cell line | CAGE,-0.05859375,BigWig,0.62109375,0.5625,0.05859375,411
CNhs11259_P,ductal cell carcinoma cell line | CAGE,-0.05859375,BigWig,0.60546875,0.546875,0.05859375,412
CNhs13099_P,serous adenocarcinoma cell line | CAGE,-0.05859375,BigWig,0.70703125,0.6484375,0.05859375,413
CNhs11244_P,synovial sarcoma cell line | CAGE,-0.05859375,BigWig,0.62890625,0.5703125,0.05859375,414
CNhs12338_P,Neurons | CAGE,-0.05859375,BigWig,0.703125,0.64453125,0.05859375,415
CNhs11068_P,Synoviocyte | CAGE,-0.05859375,BigWig,1.0,0.94140625,0.05859375,416
CNhs11948_P,"Whole blood (ribopure), donation3 | CAGE",0.05859375,BigWig,0.55078125,0.609375,0.05859375,417
CNhs10620_P,"esophagus, adult, pool1 | CAGE",-0.05859375,BigWig,0.99609375,0.9375,0.05859375,418
GTEX-1H1CY-2726-SM-9MQLR.1,muscle | RNA-seq,-0.05859375,BigWig,1.0,0.94140625,0.05859375,419
ENCSR940NLN,PC-9 | DNase-seq,0.0546875,BigWig,0.59765625,0.65234375,0.0546875,420
ENCSR000EQD,T-helper 1 cell | DNase-seq,-0.0546875,BigWig,0.82421875,0.76953125,0.0546875,421
ENCSR179MIQ,"common myeloid progenitor, CD34-positive | Histone ChIP",-0.0546875,BigWig,0.640625,0.5859375,0.0546875,422
ENCSR000EMC,fibroblast of the aortic adventitia | DNase-seq,-0.0546875,BigWig,0.6953125,0.640625,0.0546875,423
ENCSR268BMX,foreskin keratinocyte | Histone ChIP-seq | H3K27me3,-0.0546875,BigWig,0.85546875,0.80078125,0.0546875,424
ENCSR529ECZ,luminal epithelial cell of mammary gland | Histone ChIP,-0.0546875,BigWig,0.71484375,0.66015625,0.0546875,425
ENCSR130PLZ,neurosphere | Histone ChIP-seq | H3K4me3,-0.0546875,BigWig,0.66015625,0.60546875,0.0546875,426
ENCSR865ICK,adrenal gland | DNase-seq,0.0546875,BigWig,0.828125,0.8828125,0.0546875,427
ENCSR189QAD,adrenal gland | Histone ChIP-seq | H3K27ac,0.0546875,BigWig,0.8125,0.8671875,0.0546875,428
ENCSR479BPF,brain | Histone ChIP-seq | H3K27me3,0.0546875,BigWig,0.640625,0.6953125,0.0546875,429
ENCSR627STE,brain | Histone ChIP-seq | H3K27me3,0.0546875,BigWig,0.58203125,0.63671875,0.0546875,430
ENCSR246ARY,duodenal mucosa | Histone ChIP-seq | H3K4me1,0.0546875,BigWig,0.625,0.6796875,0.0546875,431
ENCSR577ILY,esophagus | Histone ChIP-seq | H3K4me3,-0.0546875,BigWig,0.90625,0.8515625,0.0546875,432
ENCSR413QXO,large intestine | Histone ChIP-seq | H3K4me3,-0.0546875,BigWig,0.66015625,0.60546875,0.0546875,433
ENCSR123HEE,layer of hippocampus | Histone ChIP-seq | H3K27ac,-0.0546875,BigWig,0.86328125,0.80859375,0.0546875,434
ENCSR489RQV,liver | Histone ChIP-seq | H3K9me3,0.0546875,BigWig,0.625,0.6796875,0.0546875,435
ENCSR805OWG,muscle layer of duodenum | Histone ChIP-seq | H3K27me3,-0.0546875,BigWig,0.8203125,0.765625,0.0546875,436
ENCSR315LPR,pancreas | Histone ChIP-seq | H3K4me3,-0.0546875,BigWig,0.68359375,0.62890625,0.0546875,437
ENCSR155NPL,renal cortex interstitium | DNase-seq,0.0546875,BigWig,0.640625,0.6953125,0.0546875,438
ENCSR768OLL,right kidney | DNase-seq,0.0546875,BigWig,0.734375,0.7890625,0.0546875,439
ENCSR944QSH,small intestine | Histone ChIP-seq | H3K4me3,-0.0546875,BigWig,0.68359375,0.62890625,0.0546875,440
ENCSR657DFR,thyroid gland | DNase-seq,0.0546875,BigWig,0.7265625,0.78125,0.0546875,441
ENCSR559WMK,tongue | DNase-seq,0.0546875,BigWig,0.66796875,0.72265625,0.0546875,442
CNhs12325_P,epitheloid carcinoma cell line | CAGE,-0.0546875,BigWig,0.61328125,0.55859375,0.0546875,443
CNhs11263_P,mesothelioma cell line | CAGE,-0.0546875,BigWig,0.62109375,0.56640625,0.0546875,444
CNhs11903_P,"Gingival epithelial cells,  (GEA15) | CAGE",-0.0546875,BigWig,0.68359375,0.62890625,0.0546875,445
CNhs11063_P,Neural stem cells | CAGE,-0.0546875,BigWig,0.6484375,0.59375,0.0546875,446
CNhs12380_P,chorionic membrane cells | CAGE,-0.0546875,BigWig,1.0,0.9453125,0.0546875,447
CNhs10617_P,"brain, adult, pool1 | CAGE",-0.0546875,BigWig,0.75390625,0.69921875,0.0546875,448
3UTR+,3UTR+,-0.0537109375,BED,0.150390625,0.0966796875,0.0537109375,449
ENCSR219MYH,IMR-90 | Histone ChIP-seq | H3K9ac,-0.05078125,BigWig,0.80859375,0.7578125,0.05078125,450
ENCSR000DWF,LNCaP clone FGC | Histone ChIP-seq | H3K4me3,-0.05078125,BigWig,0.65234375,0.6015625,0.05078125,451
ENCSR167JFX,"CD4-positive, alpha-beta T cell | DNase-seq",-0.05078125,BigWig,0.828125,0.77734375,0.05078125,452
ENCSR268JEO,"common myeloid progenitor, CD34-positive | Histone ChIP",-0.05078125,BigWig,0.76171875,0.7109375,0.05078125,453
ENCSR000ALB,endothelial cell of umbilical vein | Histone ChIP-seq |,0.05078125,BigWig,0.69140625,0.7421875,0.05078125,454
ENCSR000DQA,fibroblast of the aortic adventitia | Histone ChIP-seq,-0.05078125,BigWig,0.62109375,0.5703125,0.05078125,455
ENCSR481YGZ,foreskin melanocyte | Histone ChIP-seq | H3K4me3,-0.05078125,BigWig,0.74609375,0.6953125,0.05078125,456
ENCSR785BDQ,glomerular visceral epithelial cell | DNase-seq,0.05078125,BigWig,0.73046875,0.78125,0.05078125,457
ENCSR175IWT,kidney tubule cell | DNase-seq,0.05078125,BigWig,0.70703125,0.7578125,0.05078125,458
ENCSR113OII,luminal epithelial cell of mammary gland | Histone ChIP,-0.05078125,BigWig,0.8515625,0.80078125,0.05078125,459
ENCSR517CFV,myoepithelial cell of mammary gland | Histone ChIP-seq,-0.05078125,BigWig,0.765625,0.71484375,0.05078125,460
ENCSR241PXI,myoepithelial cell of mammary gland | Histone ChIP-seq,-0.05078125,BigWig,0.6484375,0.59765625,0.05078125,461
ENCSR866RCY,adrenal gland | DNase-seq,0.05078125,BigWig,0.60546875,0.65625,0.05078125,462
ENCSR196PGM,aorta | Histone ChIP-seq | H3K27me3,-0.05078125,BigWig,0.734375,0.68359375,0.05078125,463
ENCSR032BMQ,cingulate gyrus | Histone ChIP-seq | H3K4me3,-0.05078125,BigWig,0.75,0.69921875,0.05078125,464
ENCSR175XPY,colonic mucosa | Histone ChIP-seq | H3K27ac,-0.05078125,BigWig,0.87890625,0.828125,0.05078125,465
ENCSR543YPH,left kidney | DNase-seq,0.05078125,BigWig,0.6328125,0.68359375,0.05078125,466
ENCSR258IBL,left renal pelvis | DNase-seq,0.05078125,BigWig,0.6484375,0.69921875,0.05078125,467
ENCSR305ISQ,mucosa of rectum | Histone ChIP-seq | H3K27ac,-0.05078125,BigWig,0.796875,0.74609375,0.05078125,468
ENCSR943PIR,muscle layer of colon | Histone ChIP-seq | H3K4me3,-0.05078125,BigWig,0.80078125,0.75,0.05078125,469
ENCSR913NYL,renal pelvis | DNase-seq,0.05078125,BigWig,0.6953125,0.74609375,0.05078125,470
ENCSR474GZQ,retina | DNase-seq,0.05078125,BigWig,0.67578125,0.7265625,0.05078125,471
ENCSR329FXI,skeletal muscle tissue | Histone ChIP-seq | H3K27ac,-0.05078125,BigWig,0.828125,0.77734375,0.05078125,472
ENCSR087MJR,skeletal muscle tissue | Histone ChIP-seq | H3K9ac,-0.05078125,BigWig,0.78125,0.73046875,0.05078125,473
ENCSR632QHJ,subcutaneous abdominal adipose tissue | Histone ChIP-se,0.05078125,BigWig,0.67578125,0.7265625,0.05078125,474
ENCSR314SPW,tibial nerve | Histone ChIP-seq | H3K4me3,-0.05078125,BigWig,0.7265625,0.67578125,0.05078125,475
CNhs11289_P,cervical cancer cell line | CAGE,-0.05078125,BigWig,0.66015625,0.609375,0.05078125,476
CNhs11271_P,hepatoma cell line | CAGE,-0.05078125,BigWig,0.61328125,0.5625,0.05078125,477
CNhs11257_P,renal cell carcinoma cell line | CAGE,-0.05078125,BigWig,0.61328125,0.5625,0.05078125,478
CNhs12341_P,Cardiac Myocyte | CAGE,-0.05078125,BigWig,0.99609375,0.9453125,0.05078125,479
CNhs12000_P,Dendritic Cells - monocyte immature derived | CAGE,-0.05078125,BigWig,0.6484375,0.59765625,0.05078125,480
CNhs11335_P,Hepatic Stellate Cells (lipocyte) | CAGE,-0.05078125,BigWig,0.99609375,0.9453125,0.05078125,481
CNhs10870_P,Myoblast | CAGE,-0.05078125,BigWig,1.0,0.94921875,0.05078125,482
CNhs12374_P,mesenchymal precursor cell - ovarian cancer metastasis,-0.05078125,BigWig,1.0,0.94921875,0.05078125,483
CNhs12522_P,neutrophil PMN | CAGE,0.05078125,BigWig,0.515625,0.56640625,0.05078125,484
CNhs10649_P,"corpus callosum, adult, pool1 | CAGE",-0.05078125,BigWig,0.6796875,0.62890625,0.05078125,485
CNhs10621_P,"heart, adult, pool1 | CAGE",-0.05078125,BigWig,0.9609375,0.91015625,0.05078125,486
CNhs10625_P,"lung, adult, pool1 | CAGE",-0.05078125,BigWig,0.99609375,0.9453125,0.05078125,487
CNhs14070_P,"medial temporal gyrus, newborn | CAGE",-0.05078125,BigWig,0.58203125,0.53125,0.05078125,488
GTEX-133LE-2326-SM-5K7W3.1,skin | RNA-seq,-0.05078125,BigWig,1.0,0.94921875,0.05078125,489
ENCSR515EWI,Caki2 | DNase-seq,0.046875,BigWig,0.6484375,0.6953125,0.046875,490
ENCSR000ARA,DND-41 | Histone ChIP-seq | H3K4me3,-0.046875,BigWig,0.74609375,0.69921875,0.046875,491
ENCSR470PLJ,HUES64 | Histone ChIP-seq | H3K9ac,-0.046875,BigWig,0.87109375,0.82421875,0.046875,492
ENCSR489NAM,OCI-LY7 | DNase-seq,0.046875,BigWig,0.64453125,0.69140625,0.046875,493
ENCSR726LZG,PC-9 | Histone ChIP-seq | H3K27me3,0.046875,BigWig,0.75,0.796875,0.046875,494
ENCSR550GSE,UCSF-4 | Histone ChIP-seq | H3K9me3,-0.046875,BigWig,0.80859375,0.76171875,0.046875,495
ENCSR000EQF,T-helper 17 cell | DNase-seq,-0.046875,BigWig,0.84765625,0.80078125,0.046875,496
ENCSR401CJA,"common myeloid progenitor, CD34-positive | Histone ChIP",-0.046875,BigWig,0.73046875,0.68359375,0.046875,497
ENCSR734ESI,"common myeloid progenitor, CD34-positive | Histone ChIP",-0.046875,BigWig,0.6875,0.640625,0.046875,498
ENCSR000ELD,epidermal melanocyte | DNase-seq,0.046875,BigWig,0.828125,0.875,0.046875,499
ENCSR902QIJ,fibroblast of breast | Histone ChIP-seq | H3K4me3,-0.046875,BigWig,0.8359375,0.7890625,0.046875,500
ENCSR000AMX,fibroblast of lung | Histone ChIP-seq | H3K9ac,-0.046875,BigWig,0.91796875,0.87109375,0.046875,501
ENCSR703DFH,foreskin keratinocyte | Histone ChIP-seq | H3K4me3,-0.046875,BigWig,0.73046875,0.68359375,0.046875,502
ENCSR287YDU,myoepithelial cell of mammary gland | Histone ChIP-seq,-0.046875,BigWig,0.70703125,0.66015625,0.046875,503
ENCSR957CYJ,neurosphere | Histone ChIP-seq | H3K4me3,-0.046875,BigWig,0.68359375,0.63671875,0.046875,504
ENCSR586POT,neutrophil | Histone ChIP-seq | H3K4me1,-0.046875,BigWig,0.71875,0.671875,0.046875,505
ENCSR000EMH,stromal cell of bone marrow | DNase-seq,-0.046875,BigWig,0.64453125,0.59765625,0.046875,506
ENCSR856QJX,adrenal gland | DNase-seq,0.046875,BigWig,0.6640625,0.7109375,0.046875,507
ENCSR960EVO,aorta | Histone ChIP-seq | H3K4me3,-0.046875,BigWig,0.65234375,0.60546875,0.046875,508
ENCSR798RTU,caudate nucleus | Histone ChIP-seq | H3K27ac,-0.046875,BigWig,0.77734375,0.73046875,0.046875,509
ENCSR581UGC,endocrine pancreas | Histone ChIP-seq | H3K27me3,0.046875,BigWig,0.79296875,0.83984375,0.046875,510
ENCSR817QHX,endocrine pancreas | Histone ChIP-seq | H3K4me1,-0.046875,BigWig,0.83984375,0.79296875,0.046875,511
ENCSR127PWK,eye | DNase-seq,0.046875,BigWig,0.625,0.671875,0.046875,512
ENCSR097BWW,left kidney | DNase-seq,0.046875,BigWig,0.703125,0.75,0.046875,513
ENCSR567ILB,lung | Histone ChIP-seq | H3K9ac,-0.046875,BigWig,0.80859375,0.76171875,0.046875,514
ENCSR447OHF,mucosa of rectum | Histone ChIP-seq | H3K27ac,-0.046875,BigWig,0.66796875,0.62109375,0.046875,515
ENCSR700NGJ,psoas muscle | Histone ChIP-seq | H3K4me1,-0.046875,BigWig,0.75390625,0.70703125,0.046875,516
ENCSR932DHT,renal cortex interstitium | DNase-seq,0.046875,BigWig,0.62109375,0.66796875,0.046875,517
ENCSR911YVV,renal pelvis | DNase-seq,0.046875,BigWig,0.61328125,0.66015625,0.046875,518
ENCSR990XXC,right kidney | DNase-seq,0.046875,BigWig,0.63671875,0.68359375,0.046875,519
ENCSR268QCH,right renal cortex interstitium | DNase-seq,0.046875,BigWig,0.63671875,0.68359375,0.046875,520
ENCSR146JFX,skeletal muscle tissue | Histone ChIP-seq | H3K4me1,-0.046875,BigWig,0.765625,0.71875,0.046875,521
ENCSR792IJA,small intestine | Histone ChIP-seq | H3K4me3,-0.046875,BigWig,0.80078125,0.75390625,0.046875,522
ENCSR158VAT,thyroid gland | DNase-seq,0.046875,BigWig,0.89453125,0.94140625,0.046875,523
ENCSR643KID,transverse colon | Histone ChIP-seq | H3K27me3,-0.046875,BigWig,0.78125,0.734375,0.046875,524
CNhs11943_P,breast carcinoma cell line | CAGE,0.046875,BigWig,0.52734375,0.57421875,0.046875,525
CNhs11862_P,bronchial squamous cell carcinoma cell line | CAGE,-0.046875,BigWig,0.61328125,0.56640625,0.046875,526
CNhs11861_P,medulloblastoma cell line | CAGE,-0.046875,BigWig,0.65625,0.609375,0.046875,527
CNhs11281_P,melanoma cell line | CAGE,-0.046875,BigWig,0.60546875,0.55859375,0.046875,528
CNhs10752_P,oral squamous cell carcinoma cell line | CAGE,-0.046875,BigWig,0.609375,0.5625,0.046875,529
CNhs11830_P,peripheral neuroectodermal tumor cell line | CAGE,-0.046875,BigWig,0.59765625,0.55078125,0.046875,530
CNhs11054_P,Adipocyte - omental | CAGE,-0.046875,BigWig,1.0,0.953125,0.046875,531
CNhs11353_P,Fibroblast - skin dystrophia myotonica | CAGE,-0.046875,BigWig,1.0,0.953125,0.046875,532
CNhs10850_P,Mesothelial Cells | CAGE,-0.046875,BigWig,0.99609375,0.94921875,0.046875,533
CNhs12368_P,mesenchymal precursor cell - cardiac | CAGE,-0.046875,BigWig,1.0,0.953125,0.046875,534
CNhs11758_P,"heart, adult, diseased | CAGE",-0.046875,BigWig,0.94921875,0.90234375,0.046875,535
CNhs14081_P,"hippocampus, newborn | CAGE",-0.046875,BigWig,0.57421875,0.52734375,0.046875,536
CNhs11787_P,"occipital lobe, adult | CAGE",-0.046875,BigWig,0.60546875,0.55859375,0.046875,537
CNhs13804_P,pineal gland - adult | CAGE,-0.046875,BigWig,0.609375,0.5625,0.046875,538
GTEX-1I4MK-0002-SM-EZ6M9.1,blood | RNA-seq,-0.046875,BigWig,0.55078125,0.50390625,0.046875,539
GTEX-13W3W-2226-SM-5LU4M.1,colon | RNA-seq,-0.046875,BigWig,1.0,0.953125,0.046875,540
GTEX-1F75I-0226-SM-7MKHQ.1,spleen | RNA-seq,-0.046875,BigWig,1.0,0.953125,0.046875,541
ENCSR161MXP,HCT116 | Histone ChIP-seq | H3K4me1,0.04296875,BigWig,0.61328125,0.65625,0.04296875,542
ENCSR223UPC,HUES48 | Histone ChIP-seq | H3K27ac,-0.04296875,BigWig,0.9375,0.89453125,0.04296875,543
ENCSR000DWJ,MCF-7 | Histone ChIP-seq | H3K4me3,-0.04296875,BigWig,0.68359375,0.640625,0.04296875,544
ENCSR566UMF,PC-3 | Histone ChIP-seq | H3K4me1,0.04296875,BigWig,0.65234375,0.6953125,0.04296875,545
ENCSR203KEU,RWPE1 | Histone ChIP-seq | H3K27ac,0.04296875,BigWig,0.8046875,0.84765625,0.04296875,546
ENCSR000DSM,cardiac muscle cell | Histone ChIP-seq | H3K27me3,0.04296875,BigWig,0.55859375,0.6015625,0.04296875,547
ENCSR564JUY,hematopoietic multipotent progenitor cell | DNase-seq,-0.04296875,BigWig,0.671875,0.62890625,0.04296875,548
ENCSR000ANX,myotube | Histone ChIP-seq | H3K4me1,-0.04296875,BigWig,0.80078125,0.7578125,0.04296875,549
ENCSR000ASL,CD14-positive monocyte | Histone ChIP-seq | H3K36me3,-0.04296875,BigWig,0.79296875,0.75,0.04296875,550
ENCSR244XWL,CD14-positive monocyte | Histone ChIP-seq | H3K36me3,-0.04296875,BigWig,0.84375,0.80078125,0.04296875,551
ENCSR000AOQ,astrocyte | Histone ChIP-seq | H3K27ac,-0.04296875,BigWig,0.94921875,0.90625,0.04296875,552
ENCSR000AMS,fibroblast of lung | Histone ChIP-seq | H3K27me3,0.04296875,BigWig,0.57421875,0.6171875,0.04296875,553
ENCSR254XTB,neutrophil | Histone ChIP-seq | H3K27me3,0.04296875,BigWig,0.81640625,0.859375,0.04296875,554
ENCSR023MFG,skeletal muscle satellite cell | Histone ChIP-seq | H3K,0.04296875,BigWig,0.64453125,0.6875,0.04296875,555
ENCSR080PZL,adrenal gland | DNase-seq,0.04296875,BigWig,0.58984375,0.6328125,0.04296875,556
ENCSR860PEV,cingulate gyrus | Histone ChIP-seq | H3K9ac,-0.04296875,BigWig,0.8046875,0.76171875,0.04296875,557
ENCSR503YOF,heart left ventricle | Histone ChIP-seq | H3K27me3,-0.04296875,BigWig,0.8046875,0.76171875,0.04296875,558
ENCSR262QJC,kidney | DNase-seq,0.04296875,BigWig,0.6171875,0.66015625,0.04296875,559
ENCSR774RCO,kidney | DNase-seq,0.04296875,BigWig,0.69140625,0.734375,0.04296875,560
ENCSR928SYE,left renal cortex interstitium | DNase-seq,0.04296875,BigWig,0.63671875,0.6796875,0.04296875,561
ENCSR585GLZ,mucosa of rectum | Histone ChIP-seq | H3K9ac,-0.04296875,BigWig,0.71875,0.67578125,0.04296875,562
ENCSR851ZFT,renal cortex interstitium | DNase-seq,0.04296875,BigWig,0.60546875,0.6484375,0.04296875,563
ENCSR141DMX,renal pelvis | DNase-seq,0.04296875,BigWig,0.671875,0.71484375,0.04296875,564
ENCSR074ECR,right cardiac atrium | Histone ChIP-seq | H3K27ac,-0.04296875,BigWig,0.7734375,0.73046875,0.04296875,565
ENCSR671BOA,right cardiac atrium | Histone ChIP-seq | H3K4me1,-0.04296875,BigWig,0.8125,0.76953125,0.04296875,566
ENCSR017TFH,right kidney | DNase-seq,0.04296875,BigWig,0.6171875,0.66015625,0.04296875,567
ENCSR761ZFA,right renal pelvis | DNase-seq,0.04296875,BigWig,0.65625,0.69921875,0.04296875,568
ENCSR321SZE,sigmoid colon | Histone ChIP-seq | H3K4me3,-0.04296875,BigWig,0.7890625,0.74609375,0.04296875,569
ENCSR823QYQ,skeletal muscle tissue | Histone ChIP-seq | H3K4me1,-0.04296875,BigWig,0.75390625,0.7109375,0.04296875,570
ENCSR666TSJ,skeletal muscle tissue | Histone ChIP-seq | H3K9ac,-0.04296875,BigWig,0.82421875,0.78125,0.04296875,571
ENCSR501FTL,subcutaneous abdominal adipose tissue | Histone ChIP-se,-0.04296875,BigWig,0.68359375,0.640625,0.04296875,572
ENCSR278FHC,testis | DNase-seq,0.04296875,BigWig,0.62109375,0.6640625,0.04296875,573
ENCSR482KJD,trophoblast | Histone ChIP-seq | H3K36me3,-0.04296875,BigWig,0.828125,0.78515625,0.04296875,574
CNhs11833_P,chondrosarcoma cell line | CAGE,-0.04296875,BigWig,0.6796875,0.63671875,0.04296875,575
CNhs11732_P,embryonic pancreas cell line | CAGE,-0.04296875,BigWig,0.59375,0.55078125,0.04296875,576
CNhs12191_P,mesodermal tumor cell line | CAGE,-0.04296875,BigWig,0.6015625,0.55859375,0.04296875,577
CNhs11729_P,myxofibrosarcoma cell line | CAGE,-0.04296875,BigWig,0.62109375,0.578125,0.04296875,578
CNhs11866_P,neuroectodermal tumor cell line | CAGE,-0.04296875,BigWig,0.57421875,0.53125,0.04296875,579
CNhs10883_P,Prostate Stromal Cells | CAGE,-0.04296875,BigWig,1.0,0.95703125,0.04296875,580
CNhs12373_P,mesenchymal precursor cell - ovarian cancer right ovary,-0.04296875,BigWig,1.0,0.95703125,0.04296875,581
CNhs12850_P,"penis, adult | CAGE",-0.04296875,BigWig,0.99609375,0.953125,0.04296875,582
GTEX-1IDJU-1526-SM-CNNR3.1,stomach | RNA-seq,-0.04296875,BigWig,1.0,0.95703125,0.04296875,583
GTEX-11EMC-1926-SM-5A5JU.1,vagina | RNA-seq,-0.04296875,BigWig,1.0,0.95703125,0.04296875,584
stop_codon,stop codon,0.0400390625,BED,0.048828125,0.0888671875,0.0400390625,585
ENCSR000AVF,A549 | Histone ChIP-seq | H3K27ac,-0.0390625,BigWig,0.64453125,0.60546875,0.0390625,586
ENCSR000DPR,AG09309 | Histone ChIP-seq | H3K4me3,-0.0390625,BigWig,0.65234375,0.61328125,0.0390625,587
ENCSR000DPU,AG09319 | Histone ChIP-seq | H3K4me3,-0.0390625,BigWig,0.5859375,0.546875,0.0390625,588
ENCSR000DPX,AG10803 | Histone ChIP-seq | H3K4me3,-0.0390625,BigWig,0.640625,0.6015625,0.0390625,589
ENCSR240TPI,ELR | DNase-seq,-0.0390625,BigWig,0.62890625,0.58984375,0.0390625,590
ENCSR216OGD,H1 | Histone ChIP-seq | H3K27me3,-0.0390625,BigWig,0.76953125,0.73046875,0.0390625,591
ENCSR991BTY,H1 | Histone ChIP-seq | H3K4me1,-0.0390625,BigWig,0.67578125,0.63671875,0.0390625,592
ENCSR809CEA,H4 | DNase-seq,-0.0390625,BigWig,0.8984375,0.859375,0.0390625,593
ENCSR000EJA,H54 | DNase-seq,0.0390625,BigWig,0.8671875,0.90625,0.0390625,594
ENCSR876RGF,H9 | Histone ChIP-seq | H3K27ac,-0.0390625,BigWig,0.89453125,0.85546875,0.0390625,595
ENCSR000EUT,HCT116 | Histone ChIP-seq | H3K27ac,-0.0390625,BigWig,0.88671875,0.84765625,0.0390625,596
ENCSR000AOC,HeLa-S3 | Histone ChIP-seq | H3K27ac,0.0390625,BigWig,0.703125,0.7421875,0.0390625,597
ENCSR000APW,HeLa-S3 | Histone ChIP-seq | H3K4me1,0.0390625,BigWig,0.56640625,0.60546875,0.0390625,598
ENCSR000DWB,K562 | Histone ChIP-seq | H3K36me3,0.0390625,BigWig,0.68359375,0.72265625,0.0390625,599
ENCSR630IBN,KOPT-K1 | Histone ChIP-seq | H3K4me1,-0.0390625,BigWig,0.65625,0.6171875,0.0390625,600
ENCSR314EZY,L1-S8 | DNase-seq,0.0390625,BigWig,0.64453125,0.68359375,0.0390625,601
ENCSR913MGR,PC-9 | Histone ChIP-seq | H3K4me1,0.0390625,BigWig,0.640625,0.6796875,0.0390625,602
ENCSR000FCM,Panc1 | Histone ChIP-seq | H3K36me3,0.0390625,BigWig,0.8359375,0.875,0.0390625,603
ENCSR111QAW,SK-N-MC | Histone ChIP-seq | H3K9ac,-0.0390625,BigWig,0.73828125,0.69921875,0.0390625,604
ENCSR000FCS,SK-N-SH | Histone ChIP-seq | H3K4me3,-0.0390625,BigWig,0.61328125,0.57421875,0.0390625,605
ENCSR595KPI,UCSF-4 | Histone ChIP-seq | H3K4me3,-0.0390625,BigWig,0.78125,0.7421875,0.0390625,606
ENCSR850ODD,hepatocyte | Histone ChIP-seq | H3K9ac,-0.0390625,BigWig,0.73828125,0.69921875,0.0390625,607
ENCSR839PUY,mesendoderm | Histone ChIP-seq | H3K9ac,-0.0390625,BigWig,0.890625,0.8515625,0.0390625,608
ENCSR000ANV,myotube | Histone ChIP-seq | H3K27ac,-0.0390625,BigWig,0.9140625,0.875,0.0390625,609
ENCSR515PKY,smooth muscle cell | Histone ChIP-seq | H3K4me3,-0.0390625,BigWig,0.64453125,0.60546875,0.0390625,610
ENCSR020LUD,"CD8-positive, alpha-beta T cell | DNase-seq",-0.0390625,BigWig,0.671875,0.6328125,0.0390625,611
ENCSR060YIB,"common myeloid progenitor, CD34-positive | Histone ChIP",-0.0390625,BigWig,0.94140625,0.90234375,0.0390625,612
ENCSR136QKZ,"common myeloid progenitor, CD34-positive | Histone ChIP",-0.0390625,BigWig,0.73828125,0.69921875,0.0390625,613
ENCSR724CND,foreskin keratinocyte | DNase-seq,-0.0390625,BigWig,0.6484375,0.609375,0.0390625,614
ENCSR000EJU,hepatocyte | DNase-seq,0.0390625,BigWig,0.8671875,0.90625,0.0390625,615
ENCSR696XSJ,adrenal gland | DNase-seq,0.0390625,BigWig,0.546875,0.5859375,0.0390625,616
ENCSR333ZAR,adrenal gland | Histone ChIP-seq | H3K4me1,-0.0390625,BigWig,0.79296875,0.75390625,0.0390625,617
ENCSR748TFF,body of pancreas | Histone ChIP-seq | H3K27ac,0.0390625,BigWig,0.7109375,0.75,0.0390625,618
ENCSR327XTS,colonic mucosa | Histone ChIP-seq | H3K27ac,-0.0390625,BigWig,0.8359375,0.796875,0.0390625,619
ENCSR372OTD,endocrine pancreas | Histone ChIP-seq | H3K36me3,-0.0390625,BigWig,0.9296875,0.890625,0.0390625,620
ENCSR697GPO,esophagus | Histone ChIP-seq | H3K4me3,-0.0390625,BigWig,0.66015625,0.62109375,0.0390625,621
ENCSR782XFY,eye | DNase-seq,0.0390625,BigWig,0.57421875,0.61328125,0.0390625,622
ENCSR023ALV,heart right ventricle | Histone ChIP-seq | H3K4me1,-0.0390625,BigWig,0.75390625,0.71484375,0.0390625,623
ENCSR761KZV,kidney | Histone ChIP-seq | H3K27me3,0.0390625,BigWig,0.6171875,0.65625,0.0390625,624
ENCSR459GCS,kidney | Histone ChIP-seq | H3K4me1,0.0390625,BigWig,0.65234375,0.69140625,0.0390625,625
ENCSR994BPD,kidney | Histone ChIP-seq | H3K4me1,0.0390625,BigWig,0.640625,0.6796875,0.0390625,626
ENCSR321LKT,layer of hippocampus | Histone ChIP-seq | H3K27ac,-0.0390625,BigWig,0.7265625,0.6875,0.0390625,627
ENCSR892RZN,layer of hippocampus | Histone ChIP-seq | H3K9ac,-0.0390625,BigWig,0.8359375,0.796875,0.0390625,628
ENCSR295DUI,left kidney | DNase-seq,0.0390625,BigWig,0.61328125,0.65234375,0.0390625,629
ENCSR600RAA,left kidney | DNase-seq,0.0390625,BigWig,0.640625,0.6796875,0.0390625,630
ENCSR974TXT,left kidney | DNase-seq,0.0390625,BigWig,0.66015625,0.69921875,0.0390625,631
ENCSR039ZVQ,left renal cortex interstitium | DNase-seq,0.0390625,BigWig,0.65234375,0.69140625,0.0390625,632
ENCSR016THC,left renal pelvis | DNase-seq,0.0390625,BigWig,0.6953125,0.734375,0.0390625,633
ENCSR275DXO,liver | Histone ChIP-seq | H3K27me3,0.0390625,BigWig,0.78125,0.8203125,0.0390625,634
ENCSR795VEN,liver | Histone ChIP-seq | H3K4me3,-0.0390625,BigWig,0.63671875,0.59765625,0.0390625,635
ENCSR351DLF,liver | Histone ChIP-seq | H3K9me3,0.0390625,BigWig,0.62890625,0.66796875,0.0390625,636
ENCSR853JYB,liver | Histone ChIP-seq | H3K9me3,0.0390625,BigWig,0.64453125,0.68359375,0.0390625,637
ENCSR727VOB,lung | Histone ChIP-seq | H3K27me3,0.0390625,BigWig,0.5703125,0.609375,0.0390625,638
ENCSR146DAL,mucosa of rectum | Histone ChIP-seq | H3K4me3,-0.0390625,BigWig,0.66015625,0.62109375,0.0390625,639
ENCSR250NHD,psoas muscle | Histone ChIP-seq | H3K27ac,-0.0390625,BigWig,0.734375,0.6953125,0.0390625,640
ENCSR828RNY,renal cortex interstitium | DNase-seq,0.0390625,BigWig,0.6328125,0.671875,0.0390625,641
ENCSR621ENC,retina | DNase-seq,0.0390625,BigWig,0.73828125,0.77734375,0.0390625,642
ENCSR332BSB,right kidney | DNase-seq,0.0390625,BigWig,0.58984375,0.62890625,0.0390625,643
ENCSR765BSU,right kidney | DNase-seq,0.0390625,BigWig,0.66796875,0.70703125,0.0390625,644
ENCSR884MCZ,right kidney | DNase-seq,0.0390625,BigWig,0.61328125,0.65234375,0.0390625,645
ENCSR910OQF,spinal cord | DNase-seq,0.0390625,BigWig,0.58984375,0.62890625,0.0390625,646
ENCSR235ZBF,spleen | Histone ChIP-seq | H3K27ac,0.0390625,BigWig,0.67578125,0.71484375,0.0390625,647
ENCSR095GWE,stomach | DNase-seq,0.0390625,BigWig,0.72265625,0.76171875,0.0390625,648
ENCSR168PQI,stomach smooth muscle | Histone ChIP-seq | H3K4me3,-0.0390625,BigWig,0.6796875,0.640625,0.0390625,649
ENCSR294PQF,subcutaneous abdominal adipose tissue | Histone ChIP-se,-0.0390625,BigWig,0.62890625,0.58984375,0.0390625,650
ENCSR883QMZ,substantia nigra | Histone ChIP-seq | H3K4me3,-0.0390625,BigWig,0.7578125,0.71875,0.0390625,651
ENCSR717AJD,temporal lobe | Histone ChIP-seq | H3K4me3,-0.0390625,BigWig,0.70703125,0.66796875,0.0390625,652
ENCSR952EID,thymus | Histone ChIP-seq | H3K27me3,-0.0390625,BigWig,0.875,0.8359375,0.0390625,653
ENCSR054BKO,urinary bladder | Histone ChIP-seq | H3K27ac,-0.0390625,BigWig,0.8984375,0.859375,0.0390625,654
CNhs11842_P,fibrous histiocytoma cell line | CAGE,-0.0390625,BigWig,0.609375,0.5703125,0.0390625,655
CNhs11277_P,large cell lung carcinoma cell line | CAGE,-0.0390625,BigWig,0.60546875,0.56640625,0.0390625,656
CNhs13207_P,CD14-CD16+ Monocytes | CAGE,0.0390625,BigWig,0.52734375,0.56640625,0.0390625,657
CNhs10874_P,Fibroblast - Aortic Adventitial | CAGE,-0.0390625,BigWig,1.0,0.9609375,0.0390625,658
CNhs14071_P,"caudate nucleus, newborn | CAGE",-0.0390625,BigWig,0.5703125,0.53125,0.0390625,659
CNhs13437_P,cerebrospinal fluid | CAGE,0.0390625,BigWig,0.7109375,0.75,0.0390625,660
CNhs11798_P,"liver, fetal, pool1 | CAGE",-0.0390625,BigWig,0.67578125,0.63671875,0.0390625,661
CNhs10637_P,"temporal lobe, adult, pool1 | CAGE",-0.0390625,BigWig,0.66796875,0.62890625,0.0390625,662
ENCSR726ZZX,ACC112 | Histone ChIP-seq | H3K4me1,0.03515625,BigWig,0.57421875,0.609375,0.03515625,663
ENCSR000ARZ,DND-41 | Histone ChIP-seq | H3K9me3,-0.03515625,BigWig,0.734375,0.69921875,0.03515625,664
ENCSR000DRW,GM12878 | Histone ChIP-seq | H3K36me3,-0.03515625,BigWig,0.85546875,0.8203125,0.03515625,665
ENCSR386RIJ,GM23338 | Histone ChIP-seq | H3K27me3,-0.03515625,BigWig,0.64453125,0.609375,0.03515625,666
ENCSR186OBR,H1 | Histone ChIP-seq | H3K27me3,-0.03515625,BigWig,0.78125,0.74609375,0.03515625,667
ENCSR716ZJH,H9 | Histone ChIP-seq | H3K4me3,-0.03515625,BigWig,0.68359375,0.6484375,0.03515625,668
ENCSR093SHE,HCT116 | Histone ChIP-seq | H3K9ac,-0.03515625,BigWig,0.7890625,0.75390625,0.03515625,669
ENCSR634YVQ,HK-2 | DNase-seq,0.03515625,BigWig,0.90625,0.94140625,0.03515625,670
ENCSR000APV,HepG2 | Histone ChIP-seq | H3K4me1,0.03515625,BigWig,0.54296875,0.578125,0.03515625,671
ENCSR000EIP,Ishikawa | DNase-seq,0.03515625,BigWig,0.84375,0.87890625,0.03515625,672
ENCSR000AKU,K562 | Histone ChIP-seq | H3K4me3,-0.03515625,BigWig,0.69140625,0.65625,0.03515625,673
ENCSR058SHN,Karpas-422 | Histone ChIP-seq | H3K9ac,-0.03515625,BigWig,0.8359375,0.80078125,0.03515625,674
ENCSR121INC,SK-N-SH | Histone ChIP-seq | H3K9ac,-0.03515625,BigWig,0.72265625,0.6875,0.03515625,675
ENCSR440QMR,iPS DF 19.7 | DNase-seq,0.03515625,BigWig,0.73828125,0.7734375,0.03515625,676
ENCSR743JIT,iPS-18a | Histone ChIP-seq | H3K27me3,-0.03515625,BigWig,0.64453125,0.609375,0.03515625,677
ENCSR905TYC,bipolar neuron | Histone ChIP-seq | H3K27ac,-0.03515625,BigWig,0.69921875,0.6640625,0.03515625,678
ENCSR689QUB,hepatocyte | Histone ChIP-seq | H3K4me1,0.03515625,BigWig,0.65625,0.69140625,0.03515625,679
ENCSR731QLJ,mesenchymal stem cell | DNase-seq,-0.03515625,BigWig,0.71484375,0.6796875,0.03515625,680
ENCSR000AOY,myotube | Histone ChIP-seq | H3K9ac,-0.03515625,BigWig,0.734375,0.69921875,0.03515625,681
ENCSR842NGQ,neuroepithelial stem cell | Histone ChIP-seq | H3K27ac,-0.03515625,BigWig,0.88671875,0.8515625,0.03515625,682
ENCSR452DCM,CD14-positive monocyte | DNase-seq,-0.03515625,BigWig,0.8828125,0.84765625,0.03515625,683
ENCSR674JIL,CD14-positive monocyte | DNase-seq,-0.03515625,BigWig,0.7890625,0.75390625,0.03515625,684
ENCSR828WZG,"CD4-positive, alpha-beta T cell | Histone ChIP-seq | H3",-0.03515625,BigWig,0.6015625,0.56640625,0.03515625,685
ENCSR877ZUK,"CD4-positive, alpha-beta T cell | Histone ChIP-seq | H3",-0.03515625,BigWig,0.62109375,0.5859375,0.03515625,686
ENCSR263WLD,"CD4-positive, alpha-beta T cell | Histone ChIP-seq | H3",-0.03515625,BigWig,0.703125,0.66796875,0.03515625,687
ENCSR782NOO,"CD8-positive, alpha-beta T cell | Histone ChIP-seq | H3",-0.03515625,BigWig,0.625,0.58984375,0.03515625,688
ENCSR348UWU,"CD8-positive, alpha-beta T cell | Histone ChIP-seq | H3",-0.03515625,BigWig,0.7109375,0.67578125,0.03515625,689
ENCSR998RVD,T-helper 17 cell | Histone ChIP-seq | H3K36me3,-0.03515625,BigWig,0.73046875,0.6953125,0.03515625,690
ENCSR000DXK,bronchial epithelial cell | Histone ChIP-seq | H3K27me3,-0.03515625,BigWig,0.73828125,0.703125,0.03515625,691
ENCSR891KSP,"common myeloid progenitor, CD34-positive | Histone ChIP",0.03515625,BigWig,0.61328125,0.6484375,0.03515625,692
ENCSR731OMG,"common myeloid progenitor, CD34-positive | Histone ChIP",-0.03515625,BigWig,0.80859375,0.7734375,0.03515625,693
ENCSR000AMW,fibroblast of lung | Histone ChIP-seq | H3K4me3,-0.03515625,BigWig,0.6640625,0.62890625,0.03515625,694
ENCSR325LYJ,fibroblast of upper back skin | DNase-seq,-0.03515625,BigWig,0.70703125,0.671875,0.03515625,695
ENCSR813CFB,foreskin fibroblast | Histone ChIP-seq | H3K4me3,-0.03515625,BigWig,0.95703125,0.921875,0.03515625,696
ENCSR512BHQ,foreskin fibroblast | Histone ChIP-seq | H3K9me3,-0.03515625,BigWig,0.90625,0.87109375,0.03515625,697
ENCSR853XJK,foreskin keratinocyte | Histone ChIP-seq | H3K27me3,-0.03515625,BigWig,0.75390625,0.71875,0.03515625,698
ENCSR678WMQ,foreskin keratinocyte | Histone ChIP-seq | H3K9me3,-0.03515625,BigWig,0.828125,0.79296875,0.03515625,699
ENCSR000ARN,keratinocyte | Histone ChIP-seq | H3K9me3,-0.03515625,BigWig,0.7734375,0.73828125,0.03515625,700
ENCSR136KEL,kidney glomerular epithelial cell | DNase-seq,0.03515625,BigWig,0.80078125,0.8359375,0.03515625,701
ENCSR228VNQ,mammary epithelial cell | DNase-seq,-0.03515625,BigWig,0.75390625,0.71875,0.03515625,702
ENCSR000DUQ,mammary epithelial cell | Histone ChIP-seq | H3K4me3,-0.03515625,BigWig,0.69921875,0.6640625,0.03515625,703
ENCSR668GKQ,mammary epithelial cell | Histone ChIP-seq | H3K9me3,-0.03515625,BigWig,0.6484375,0.61328125,0.03515625,704
ENCSR089NBT,myoepithelial cell of mammary gland | Histone ChIP-seq,0.03515625,BigWig,0.66015625,0.6953125,0.03515625,705
ENCSR716CWA,"naive thymus-derived CD4-positive, alpha-beta T cell |",-0.03515625,BigWig,0.72265625,0.6875,0.03515625,706
ENCSR409RGJ,neurosphere | Histone ChIP-seq | H3K4me1,-0.03515625,BigWig,0.71875,0.68359375,0.03515625,707
ENCSR267YXV,neutrophil | Histone ChIP-seq | H3K27ac,-0.03515625,BigWig,0.75,0.71484375,0.03515625,708
ENCSR058FCG,neutrophil | Histone ChIP-seq | H3K27me3,-0.03515625,BigWig,0.86328125,0.828125,0.03515625,709
ENCSR336ZSZ,peripheral blood mononuclear cell | Histone ChIP-seq |,-0.03515625,BigWig,0.875,0.83984375,0.03515625,710
ENCSR969DAF,peripheral blood mononuclear cell | Histone ChIP-seq |,-0.03515625,BigWig,0.890625,0.85546875,0.03515625,711
ENCSR000ANK,skeletal muscle myoblast | Histone ChIP-seq | H3K4me3,-0.03515625,BigWig,0.68359375,0.6484375,0.03515625,712
ENCSR100HGO,skeletal muscle satellite cell | Histone ChIP-seq | H3K,-0.03515625,BigWig,0.6953125,0.66015625,0.03515625,713
ENCSR122LOZ,ascending aorta | Histone ChIP-seq | H3K4me3,-0.03515625,BigWig,0.73046875,0.6953125,0.03515625,714
ENCSR475VQD,brain | DNase-seq,0.03515625,BigWig,0.56640625,0.6015625,0.03515625,715
ENCSR513NFT,duodenal mucosa | Histone ChIP-seq | H3K4me1,0.03515625,BigWig,0.56640625,0.6015625,0.03515625,716
ENCSR149XIH,duodenal mucosa | Histone ChIP-seq | H3K4me3,-0.03515625,BigWig,0.67578125,0.640625,0.03515625,717
ENCSR799TMR,duodenal mucosa | Histone ChIP-seq | H3K4me3,-0.03515625,BigWig,0.6484375,0.61328125,0.03515625,718
ENCSR191OEG,duodenal mucosa | Histone ChIP-seq | H3K9ac,-0.03515625,BigWig,0.69921875,0.6640625,0.03515625,719
ENCSR533VAF,heart | DNase-seq,0.03515625,BigWig,0.625,0.66015625,0.03515625,720
ENCSR712WTM,heart | Histone ChIP-seq | H3K9me3,0.03515625,BigWig,0.6171875,0.65234375,0.03515625,721
ENCSR106OKX,kidney | DNase-seq,0.03515625,BigWig,0.6875,0.72265625,0.03515625,722
ENCSR096EZX,kidney | Histone ChIP-seq | H3K4me3,0.03515625,BigWig,0.6171875,0.65234375,0.03515625,723
ENCSR184DFF,left kidney | DNase-seq,0.03515625,BigWig,0.66796875,0.703125,0.03515625,724
ENCSR092WMD,left renal cortex interstitium | DNase-seq,0.03515625,BigWig,0.69921875,0.734375,0.03515625,725
ENCSR320SVK,left renal pelvis | DNase-seq,0.03515625,BigWig,0.70703125,0.7421875,0.03515625,726
ENCSR213DKS,liver | Histone ChIP-seq | H3K36me3,-0.03515625,BigWig,0.8984375,0.86328125,0.03515625,727
ENCSR682MXX,liver | Histone ChIP-seq | H3K9ac,-0.03515625,BigWig,0.75390625,0.71875,0.03515625,728
ENCSR986XLW,lung | DNase-seq,-0.03515625,BigWig,0.73046875,0.6953125,0.03515625,729
ENCSR466DZW,lung | Histone ChIP-seq | H3K4me3,-0.03515625,BigWig,0.9375,0.90234375,0.03515625,730
ENCSR826ZCF,mucosa of rectum | Histone ChIP-seq | H3K4me1,0.03515625,BigWig,0.64453125,0.6796875,0.03515625,731
ENCSR858LJY,muscle layer of colon | Histone ChIP-seq | H3K27me3,-0.03515625,BigWig,0.86328125,0.828125,0.03515625,732
ENCSR753QKD,muscle of arm | DNase-seq,0.03515625,BigWig,0.73828125,0.7734375,0.03515625,733
ENCSR022ECC,renal cortex interstitium | DNase-seq,0.03515625,BigWig,0.625,0.66015625,0.03515625,734
ENCSR254AGA,renal cortex interstitium | DNase-seq,0.03515625,BigWig,0.66015625,0.6953125,0.03515625,735
ENCSR524DWS,renal cortex interstitium | DNase-seq,0.03515625,BigWig,0.69921875,0.734375,0.03515625,736
ENCSR364TKL,renal pelvis | DNase-seq,0.03515625,BigWig,0.64453125,0.6796875,0.03515625,737
ENCSR820ICX,retina | DNase-seq,0.03515625,BigWig,0.578125,0.61328125,0.03515625,738
ENCSR670ZSA,right kidney | DNase-seq,0.03515625,BigWig,0.6484375,0.68359375,0.03515625,739
ENCSR344TLI,right lobe of liver | Histone ChIP-seq | H3K4me3,-0.03515625,BigWig,0.703125,0.66796875,0.03515625,740
ENCSR228BOM,right lung | DNase-seq,-0.03515625,BigWig,0.7890625,0.75390625,0.03515625,741
ENCSR930AUG,right lung | DNase-seq,-0.03515625,BigWig,0.7890625,0.75390625,0.03515625,742
ENCSR986HEN,right renal pelvis | DNase-seq,0.03515625,BigWig,0.68359375,0.71875,0.03515625,743
ENCSR900UIP,sigmoid colon | Histone ChIP-seq | H3K4me3,-0.03515625,BigWig,0.7109375,0.67578125,0.03515625,744
ENCSR767NIF,skeletal muscle tissue | Histone ChIP-seq | H3K4me3,-0.03515625,BigWig,0.72265625,0.6875,0.03515625,745
ENCSR973MKT,spinal cord | DNase-seq,0.03515625,BigWig,0.625,0.66015625,0.03515625,746
ENCSR679IFH,spleen | DNase-seq,0.03515625,BigWig,0.5859375,0.62109375,0.03515625,747
ENCSR133NBJ,stomach | Histone ChIP-seq | H3K27ac,-0.03515625,BigWig,0.76953125,0.734375,0.03515625,748
ENCSR098YIU,stomach | Histone ChIP-seq | H3K4me1,0.03515625,BigWig,0.8046875,0.83984375,0.03515625,749
ENCSR011MGQ,subcutaneous abdominal adipose tissue | Histone ChIP-se,-0.03515625,BigWig,0.9140625,0.87890625,0.03515625,750
ENCSR566VBK,subcutaneous abdominal adipose tissue | Histone ChIP-se,-0.03515625,BigWig,0.86328125,0.828125,0.03515625,751
ENCSR605NNZ,subcutaneous abdominal adipose tissue | Histone ChIP-se,-0.03515625,BigWig,0.640625,0.60546875,0.03515625,752
ENCSR923IIU,subcutaneous abdominal adipose tissue | Histone ChIP-se,-0.03515625,BigWig,0.6796875,0.64453125,0.03515625,753
ENCSR902OPY,subcutaneous abdominal adipose tissue | Histone ChIP-se,-0.03515625,BigWig,0.77734375,0.7421875,0.03515625,754
ENCSR582PKH,thyroid gland | Histone ChIP-seq | H3K27me3,-0.03515625,BigWig,0.7578125,0.72265625,0.03515625,755
ENCSR813CKU,urinary bladder | DNase-seq,0.03515625,BigWig,0.68359375,0.71875,0.03515625,756
ENCSR258UUX,vagina | Histone ChIP-seq | H3K4me3,-0.03515625,BigWig,0.78125,0.74609375,0.03515625,757
CNhs11844_P,acantholytic squamous carcinoma cell line | CAGE,-0.03515625,BigWig,0.5703125,0.53515625,0.03515625,758
CNhs11753_P,neuroectodermal tumor cell line | CAGE,-0.03515625,BigWig,0.57421875,0.5390625,0.03515625,759
CNhs11269_P,rhabdomyosarcoma cell line | CAGE,-0.03515625,BigWig,0.58984375,0.5546875,0.03515625,760
CNhs13552_P,"CD34 cells differentiated to erythrocyte lineage, biol ",0.03515625,BigWig,0.51953125,0.5546875,0.03515625,761
CNhs11052_P,Preadipocyte - breast | CAGE,-0.03515625,BigWig,1.0,0.96484375,0.03515625,762
CNhs13535_P,migratory langerhans cells | CAGE,0.03515625,BigWig,0.59765625,0.6328125,0.03515625,763
CNhs13458_P,Skin - palm | CAGE,-0.03515625,BigWig,0.6640625,0.62890625,0.03515625,764
CNhs11760_P,"aorta, adult, pool1 | CAGE",-0.03515625,BigWig,0.99609375,0.9609375,0.03515625,765
CNhs13444_P,eye - muscle inferior rectus | CAGE,-0.03515625,BigWig,0.72265625,0.6875,0.03515625,766
CNhs14082_P,"globus pallidus, newborn | CAGE",-0.03515625,BigWig,0.57421875,0.5390625,0.03515625,767
CNhs14079_P,"medulla oblongata, newborn | CAGE",-0.03515625,BigWig,0.58203125,0.546875,0.03515625,768
CNhs14073_P,"occipital cortex, newborn | CAGE",-0.03515625,BigWig,0.55859375,0.5234375,0.03515625,769
CNhs10638_P,"postcentral gyrus, adult, pool1 | CAGE",-0.03515625,BigWig,0.625,0.58984375,0.03515625,770
CNhs11677_P,"salivary gland, adult, pool1 | CAGE",-0.03515625,BigWig,0.6171875,0.58203125,0.03515625,771
enhancer_Tissue_invariant,enhancer Tissue invariant,-0.033935546875,BED,0.07080078125,0.036865234375,0.033935546875,772
ENCSR257BGZ,ACHN | DNase-seq,0.03125,BigWig,0.66796875,0.69921875,0.03125,773
ENCSR000DPI,AG04449 | Histone ChIP-seq | H3K4me3,-0.03125,BigWig,0.62890625,0.59765625,0.03125,774
ENCSR000EMN,CMK | DNase-seq,-0.03125,BigWig,0.69921875,0.66796875,0.03125,775
ENCSR000ARY,DND-41 | Histone ChIP-seq | H3K9ac,-0.03125,BigWig,0.703125,0.671875,0.03125,776
ENCSR052WRV,DOHH2 | Histone ChIP-seq | H3K4me3,-0.03125,BigWig,0.71875,0.6875,0.03125,777
ENCSR678ILN,ELF-1 | DNase-seq,-0.03125,BigWig,0.80078125,0.76953125,0.03125,778
ENCSR730FLZ,ES-I3 | Histone ChIP-seq | H3K4me1,0.03125,BigWig,0.640625,0.671875,0.03125,779
ENCSR097ORD,ES-I3 | Histone ChIP-seq | H3K9ac,-0.03125,BigWig,0.6484375,0.6171875,0.03125,780
ENCSR000DRS,GM12875 | Histone ChIP-seq | H3K4me3,-0.03125,BigWig,0.74609375,0.71484375,0.03125,781
ENCSR479HKJ,GM23248 | Histone ChIP-seq | H3K4me3,-0.03125,BigWig,0.625,0.59375,0.03125,782
ENCSR271TFS,H1 | Histone ChIP-seq | H3K4me1,0.03125,BigWig,0.84375,0.875,0.03125,783
ENCSR661KMA,HCT116 | Histone ChIP-seq | H3K27ac,-0.03125,BigWig,0.734375,0.703125,0.03125,784
ENCSR091QXP,HCT116 | Histone ChIP-seq | H3K36me3,0.03125,BigWig,0.83984375,0.87109375,0.03125,785
ENCSR335ELI,HUES48 | Histone ChIP-seq | H3K9ac,-0.03125,BigWig,0.8515625,0.8203125,0.03125,786
ENCSR583ALI,HUES6 | Histone ChIP-seq | H3K9ac,-0.03125,BigWig,0.96484375,0.93359375,0.03125,787
ENCSR000DUA,HeLa-S3 | Histone ChIP-seq | H3K4me3,-0.03125,BigWig,0.69921875,0.66796875,0.03125,788
ENCSR477RTP,IMR-90 | DNase-seq,-0.03125,BigWig,0.69921875,0.66796875,0.03125,789
ENCSR000DWD,K562 | Histone ChIP-seq | H3K4me3,-0.03125,BigWig,0.65234375,0.62109375,0.03125,790
ENCSR000EKU,LNCaP clone FGC | DNase-seq,0.03125,BigWig,0.875,0.90625,0.03125,791
ENCSR493NBY,MCF-7 | Histone ChIP-seq | H3K4me1,0.03125,BigWig,0.68359375,0.71484375,0.03125,792
ENCSR985MIB,MCF-7 | Histone ChIP-seq | H3K4me3,-0.03125,BigWig,0.6640625,0.6328125,0.03125,793
ENCSR000EXJ,Panc1 | Histone ChIP-seq | H3K4me1,0.03125,BigWig,0.66796875,0.69921875,0.03125,794
ENCSR000DXP,SK-N-SH | Histone ChIP-seq | H3K27me3,0.03125,BigWig,0.71875,0.75,0.03125,795
ENCSR842KCP,cardiac muscle cell | DNase-seq,-0.03125,BigWig,0.828125,0.796875,0.03125,796
ENCSR000EPK,CD14-positive monocyte | DNase-seq,-0.03125,BigWig,0.85546875,0.82421875,0.03125,797
ENCSR561KOM,"CD4-positive, alpha-beta T cell | Histone ChIP-seq | H3",0.03125,BigWig,0.70703125,0.73828125,0.03125,798
ENCSR466XPN,"CD4-positive, alpha-beta T cell | Histone ChIP-seq | H3",-0.03125,BigWig,0.73828125,0.70703125,0.03125,799
ENCSR012KUR,"CD4-positive, alpha-beta memory T cell | Histone ChIP-s",-0.03125,BigWig,0.87109375,0.83984375,0.03125,800
ENCSR628IRM,T-cell | DNase-seq,-0.03125,BigWig,0.66796875,0.63671875,0.03125,801
ENCSR115GFR,T-cell | Histone ChIP-seq | H3K9me3,-0.03125,BigWig,0.71484375,0.68359375,0.03125,802
ENCSR163ALM,"common myeloid progenitor, CD34-positive | Histone ChIP",-0.03125,BigWig,0.890625,0.859375,0.03125,803
ENCSR000DWZ,fibroblast of lung | Histone ChIP-seq | H3K4me3,-0.03125,BigWig,0.5859375,0.5546875,0.03125,804
ENCSR624YTO,foreskin fibroblast | Histone ChIP-seq | H3K9me3,-0.03125,BigWig,0.8515625,0.8203125,0.03125,805
ENCSR257CIZ,kidney tubule cell | DNase-seq,0.03125,BigWig,0.7890625,0.8203125,0.03125,806
ENCSR000ALW,mammary epithelial cell | Histone ChIP-seq | H3K27ac,-0.03125,BigWig,0.609375,0.578125,0.03125,807
ENCSR000ALY,mammary epithelial cell | Histone ChIP-seq | H3K36me3,0.03125,BigWig,0.921875,0.953125,0.03125,808
ENCSR000AML,mammary epithelial cell | Histone ChIP-seq | H3K4me3,-0.03125,BigWig,0.66796875,0.63671875,0.03125,809
ENCSR365DWX,myoepithelial cell of mammary gland | Histone ChIP-seq,-0.03125,BigWig,0.85546875,0.82421875,0.03125,810
ENCSR379WXM,neurosphere | Histone ChIP-seq | H3K27ac,-0.03125,BigWig,0.734375,0.703125,0.03125,811
ENCSR568OLP,neurosphere | Histone ChIP-seq | H3K9me3,-0.03125,BigWig,0.65234375,0.62109375,0.03125,812
ENCSR000AQS,osteoblast | Histone ChIP-seq | H3K27me3,0.03125,BigWig,0.59765625,0.62890625,0.03125,813
ENCSR482QXO,peripheral blood mononuclear cell | Histone ChIP-seq |,-0.03125,BigWig,0.73828125,0.70703125,0.03125,814
ENCSR312CKN,skeletal muscle satellite cell | Histone ChIP-seq | H3K,0.03125,BigWig,0.59375,0.625,0.03125,815
ENCSR847AIA,adrenal gland | Histone ChIP-seq | H3K27ac,0.03125,BigWig,0.796875,0.828125,0.03125,816
ENCSR325VOA,aorta | Histone ChIP-seq | H3K4me1,-0.03125,BigWig,0.7734375,0.7421875,0.03125,817
ENCSR065ZNA,aorta | Histone ChIP-seq | H3K9me3,-0.03125,BigWig,0.87890625,0.84765625,0.03125,818
ENCSR507GFJ,brain | DNase-seq,0.03125,BigWig,0.5625,0.59375,0.03125,819
ENCSR146KXZ,brain | Histone ChIP-seq | H3K9me3,-0.03125,BigWig,0.69921875,0.66796875,0.03125,820
ENCSR840KVX,caudate nucleus | Histone ChIP-seq | H3K4me3,-0.03125,BigWig,0.68359375,0.65234375,0.03125,821
ENCSR672FMZ,caudate nucleus | Histone ChIP-seq | H3K9ac,-0.03125,BigWig,0.734375,0.703125,0.03125,822
ENCSR016XBE,dorsolateral prefrontal cortex | Histone ChIP-seq | H3K,-0.03125,BigWig,0.80078125,0.76953125,0.03125,823
ENCSR621WQY,heart | Histone ChIP-seq | H3K36me3,0.03125,BigWig,0.8203125,0.8515625,0.03125,824
ENCSR230VEM,heart left ventricle | Histone ChIP-seq | H3K4me1,-0.03125,BigWig,0.69921875,0.66796875,0.03125,825
ENCSR928HSI,heart right ventricle | Histone ChIP-seq | H3K27ac,-0.03125,BigWig,0.93359375,0.90234375,0.03125,826
ENCSR100OZR,kidney | Histone ChIP-seq | H3K4me3,-0.03125,BigWig,0.68359375,0.65234375,0.03125,827
ENCSR120LVW,left kidney | DNase-seq,0.03125,BigWig,0.640625,0.671875,0.03125,828
ENCSR953XJU,left kidney | DNase-seq,0.03125,BigWig,0.6953125,0.7265625,0.03125,829
ENCSR111KKC,lung | Histone ChIP-seq | H3K27me3,0.03125,BigWig,0.59765625,0.62890625,0.03125,830
ENCSR575SWA,lung | Histone ChIP-seq | H3K4me1,-0.03125,BigWig,0.69140625,0.66015625,0.03125,831
ENCSR901JIL,mucosa of rectum | Histone ChIP-seq | H3K4me1,0.03125,BigWig,0.71484375,0.74609375,0.03125,832
ENCSR276BXF,mucosa of rectum | Histone ChIP-seq | H3K4me3,-0.03125,BigWig,0.6171875,0.5859375,0.03125,833
ENCSR384LKH,mucosa of stomach | Histone ChIP-seq | H3K9ac,-0.03125,BigWig,0.73828125,0.70703125,0.03125,834
ENCSR694RCH,muscle layer of duodenum | Histone ChIP-seq | H3K27ac,-0.03125,BigWig,0.7265625,0.6953125,0.03125,835
ENCSR264APD,muscle layer of duodenum | Histone ChIP-seq | H3K4me3,-0.03125,BigWig,0.6796875,0.6484375,0.03125,836
ENCSR747VED,pancreas | Histone ChIP-seq | H3K4me3,-0.03125,BigWig,0.90234375,0.87109375,0.03125,837
ENCSR034RQV,parathyroid adenoma | Histone ChIP-seq | H3K27ac,0.03125,BigWig,0.72265625,0.75390625,0.03125,838
ENCSR129KIV,renal cortex interstitium | DNase-seq,0.03125,BigWig,0.66015625,0.69140625,0.03125,839
ENCSR554WUJ,renal pelvis | DNase-seq,0.03125,BigWig,0.65234375,0.68359375,0.03125,840
ENCSR036VRV,right kidney | DNase-seq,0.03125,BigWig,0.70703125,0.73828125,0.03125,841
ENCSR421HUB,sigmoid colon | Histone ChIP-seq | H3K4me3,-0.03125,BigWig,0.609375,0.578125,0.03125,842
ENCSR092OFK,skin of body | DNase-seq,0.03125,BigWig,0.640625,0.671875,0.03125,843
ENCSR262LFG,spinal cord | Histone ChIP-seq | H3K9me3,-0.03125,BigWig,0.6953125,0.6640625,0.03125,844
ENCSR726HTS,spleen | Histone ChIP-seq | H3K27ac,0.03125,BigWig,0.69921875,0.73046875,0.03125,845
ENCSR161FEJ,spleen | Histone ChIP-seq | H3K27me3,-0.03125,BigWig,0.875,0.84375,0.03125,846
ENCSR062DUU,stomach | DNase-seq,-0.03125,BigWig,0.83203125,0.80078125,0.03125,847
ENCSR761AKF,stomach smooth muscle | Histone ChIP-seq | H3K9ac,-0.03125,BigWig,0.85546875,0.82421875,0.03125,848
ENCSR214JUK,subcutaneous abdominal adipose tissue | Histone ChIP-se,-0.03125,BigWig,0.79296875,0.76171875,0.03125,849
ENCSR382JUJ,superior temporal gyrus | DNase-seq,0.03125,BigWig,0.609375,0.640625,0.03125,850
ENCSR729DRB,testis | DNase-seq,0.03125,BigWig,0.68359375,0.71484375,0.03125,851
ENCSR749ABB,transverse colon | Histone ChIP-seq | H3K36me3,-0.03125,BigWig,0.91015625,0.87890625,0.03125,852
CNhs10750_P,bile duct carcinoma cell line | CAGE,-0.03125,BigWig,0.625,0.59375,0.03125,853
CNhs11931_P,bone marrow stromal cell line | CAGE,-0.03125,BigWig,0.59765625,0.56640625,0.03125,854
CNhs10751_P,giant cell carcinoma cell line | CAGE,-0.03125,BigWig,0.59375,0.5625,0.03125,855
CNhs11818_P,neuroblastoma cell line | CAGE,-0.03125,BigWig,0.57421875,0.54296875,0.03125,856
CNhs12340_P,Hepatocyte | CAGE,0.03125,BigWig,0.59765625,0.62890625,0.03125,857
CNhs11073_P,Mast cell - stimulated | CAGE,0.03125,BigWig,0.57421875,0.60546875,0.03125,858
CNhs12554_P,"nasal epithelial cells, tech  | CAGE",-0.03125,BigWig,0.6875,0.65625,0.03125,859
CNhs12520_P,promyelocytes/myelocytes PMC | CAGE,0.03125,BigWig,0.515625,0.546875,0.03125,860
CNhs12639_P,tenocyte | CAGE,-0.03125,BigWig,1.0,0.96875,0.03125,861
CNhs13445_P,"Fingernail (including nail plate, eponychium and hypony",-0.03125,BigWig,0.6640625,0.6328125,0.03125,862
CNhs13809_P,medial temporal gyrus - adult | CAGE,-0.03125,BigWig,0.60546875,0.57421875,0.03125,863
CNhs10643_P,"occipital pole, adult, pool1 | CAGE",-0.03125,BigWig,0.63671875,0.60546875,0.03125,864
CNhs12611_P,"olfactory region, adult | CAGE",-0.03125,BigWig,0.6171875,0.5859375,0.03125,865
CNhs13449_P,optic nerve | CAGE,0.03125,BigWig,0.5390625,0.5703125,0.03125,866
CNhs13805_P,pituitary gland - adult | CAGE,-0.03125,BigWig,0.57421875,0.54296875,0.03125,867
CNhs10633_P,"thymus, adult, pool1 | CAGE",-0.03125,BigWig,0.5625,0.53125,0.03125,868
GTEX-13PVR-0226-SM-5RQJI.1,adrenal gland | RNA-seq,-0.03125,BigWig,1.0,0.96875,0.03125,869
GTEX-12WSC-3126-SM-5GCNB.1,pituitary | RNA-seq,-0.03125,BigWig,1.0,0.96875,0.03125,870
GTEX-YB5K-1726-SM-5IFIZ.1,salivary gland | RNA-seq,-0.03125,BigWig,1.0,0.96875,0.03125,871
ENCSR000ELY,AG04450 | DNase-seq,-0.02734375,BigWig,0.7734375,0.74609375,0.02734375,872
ENCSR000DPK,AG04450 | Histone ChIP-seq | H3K27me3,0.02734375,BigWig,0.609375,0.63671875,0.02734375,873
ENCSR000DQH,BJ | Histone ChIP-seq | H3K4me3,-0.02734375,BigWig,0.5859375,0.55859375,0.02734375,874
ENCSR564VIX,DND-41 | Histone ChIP-seq | H3K4me3,-0.02734375,BigWig,0.7109375,0.68359375,0.02734375,875
ENCSR249YGG,GM23338 | Histone ChIP-seq | H3K4me1,0.02734375,BigWig,0.59375,0.62109375,0.02734375,876
ENCSR814XPE,H1 | Histone ChIP-seq | H3K4me3,-0.02734375,BigWig,0.61328125,0.5859375,0.02734375,877
ENCSR754VAJ,H9 | Histone ChIP-seq | H3K27me3,-0.02734375,BigWig,0.65234375,0.625,0.02734375,878
ENCSR792GCH,H9 | Histone ChIP-seq | H3K27me3,-0.02734375,BigWig,0.7578125,0.73046875,0.02734375,879
ENCSR000FCG,HEK293 | Histone ChIP-seq | H3K4me1,-0.02734375,BigWig,0.6875,0.66015625,0.02734375,880
ENCSR814KRX,HT-29 | DNase-seq,0.02734375,BigWig,0.6171875,0.64453125,0.02734375,881
ENCSR000EKC,HTR-8/SVneo | DNase-seq,0.02734375,BigWig,0.82421875,0.8515625,0.02734375,882
ENCSR560OUF,HUES48 | Histone ChIP-seq | H3K9me3,-0.02734375,BigWig,0.7265625,0.69921875,0.02734375,883
ENCSR921NMD,K562 | DNase-seq,-0.02734375,BigWig,0.94921875,0.921875,0.02734375,884
ENCSR000AKV,K562 | Histone ChIP-seq | H3K9ac,-0.02734375,BigWig,0.71875,0.69140625,0.02734375,885
ENCSR474VGQ,KMS-11 | Histone ChIP-seq | H3K27me3,-0.02734375,BigWig,0.84765625,0.8203125,0.02734375,886
ENCSR521AIV,KMS-11 | Histone ChIP-seq | H3K9ac,-0.02734375,BigWig,0.69921875,0.671875,0.02734375,887
ENCSR000EKZ,MCF-7 | DNase-seq,0.02734375,BigWig,0.8828125,0.91015625,0.02734375,888
ENCSR752UOD,MCF-7 | Histone ChIP-seq | H3K27ac,0.02734375,BigWig,0.64453125,0.671875,0.02734375,889
ENCSR000EXD,NT2/D1 | Histone ChIP-seq | H3K4me3,-0.02734375,BigWig,0.80859375,0.78125,0.02734375,890
ENCSR000EXC,NT2/D1 | Histone ChIP-seq | H3K9ac,-0.02734375,BigWig,0.9296875,0.90234375,0.02734375,891
ENCSR005SXO,OCI-LY7 | Histone ChIP-seq | H3K4me3,-0.02734375,BigWig,0.65625,0.62890625,0.02734375,892
ENCSR485ZKB,UCSF-4 | Histone ChIP-seq | H3K27me3,-0.02734375,BigWig,0.84765625,0.8203125,0.02734375,893
ENCSR383SNM,iPS DF 19.11 | DNase-seq,0.02734375,BigWig,0.79296875,0.8203125,0.02734375,894
ENCSR505OPZ,iPS DF 19.11 | Histone ChIP-seq | H3K27ac,-0.02734375,BigWig,0.9296875,0.90234375,0.02734375,895
ENCSR261SMF,iPS DF 6.9 | DNase-seq,0.02734375,BigWig,0.70703125,0.734375,0.02734375,896
ENCSR792NZO,iPS-18c | Histone ChIP-seq | H3K4me3,-0.02734375,BigWig,0.80859375,0.78125,0.02734375,897
ENCSR000EMX,mesodermal cell | DNase-seq,0.02734375,BigWig,0.68359375,0.7109375,0.02734375,898
ENCSR000ATI,myotube | Histone ChIP-seq | H3K27me3,0.02734375,BigWig,0.58984375,0.6171875,0.02734375,899
ENCSR105NMJ,neural progenitor cell | Histone ChIP-seq | H3K9ac,-0.02734375,BigWig,0.8203125,0.79296875,0.02734375,900
ENCSR814TSD,neuron | Histone ChIP-seq | H3K4me1,-0.02734375,BigWig,0.8046875,0.77734375,0.02734375,901
ENCSR191ZQT,B cell | Histone ChIP-seq | H3K27ac,-0.02734375,BigWig,0.65625,0.62890625,0.02734375,902
ENCSR816NKX,B cell | Histone ChIP-seq | H3K36me3,-0.02734375,BigWig,0.6171875,0.58984375,0.02734375,903
ENCSR214VUB,B cell | Histone ChIP-seq | H3K4me1,0.02734375,BigWig,0.56640625,0.59375,0.02734375,904
ENCSR799SLA,B cell | Histone ChIP-seq | H3K9ac,-0.02734375,BigWig,0.70703125,0.6796875,0.02734375,905
ENCSR695AUY,CD14-positive monocyte | DNase-seq,-0.02734375,BigWig,0.8671875,0.83984375,0.02734375,906
ENCSR000ATF,CD14-positive monocyte | Histone ChIP-seq | H3K9ac,-0.02734375,BigWig,0.84765625,0.8203125,0.02734375,907
ENCSR769SGQ,"CD4-positive, alpha-beta T cell | Histone ChIP-seq | H3",-0.02734375,BigWig,0.94921875,0.921875,0.02734375,908
ENCSR774OKQ,"CD4-positive, alpha-beta T cell | Histone ChIP-seq | H3",-0.02734375,BigWig,0.57421875,0.546875,0.02734375,909
ENCSR842VTJ,"CD8-positive, alpha-beta T cell | DNase-seq",-0.02734375,BigWig,0.734375,0.70703125,0.02734375,910
ENCSR422LQX,"CD8-positive, alpha-beta T cell | Histone ChIP-seq | H3",-0.02734375,BigWig,0.671875,0.64453125,0.02734375,911
ENCSR862NIZ,"common myeloid progenitor, CD34-positive | Histone ChIP",-0.02734375,BigWig,0.8671875,0.83984375,0.02734375,912
ENCSR164ROX,"common myeloid progenitor, CD34-positive | Histone ChIP",-0.02734375,BigWig,0.9296875,0.90234375,0.02734375,913
ENCSR979RHZ,"common myeloid progenitor, CD34-positive | Histone ChIP",-0.02734375,BigWig,0.80078125,0.7734375,0.02734375,914
ENCSR820WLP,dedifferentiated amniotic fluid mesenchymal stem cell |,0.02734375,BigWig,0.671875,0.69921875,0.02734375,915
ENCSR892HPQ,"effector memory CD4-positive, alpha-beta T cell | Histo",0.02734375,BigWig,0.671875,0.69921875,0.02734375,916
ENCSR000DXF,epithelial cell of proximal tubule | Histone ChIP-seq |,-0.02734375,BigWig,0.59375,0.56640625,0.02734375,917
ENCSR324VZT,fibroblast of breast | Histone ChIP-seq | H3K4me1,-0.02734375,BigWig,0.7265625,0.69921875,0.02734375,918
ENCSR360LBD,fibroblast of skin of scalp | DNase-seq,-0.02734375,BigWig,0.73046875,0.703125,0.02734375,919
ENCSR035RVH,foreskin keratinocyte | DNase-seq,-0.02734375,BigWig,0.60546875,0.578125,0.02734375,920
ENCSR014BTW,foreskin keratinocyte | Histone ChIP-seq | H3K4me1,-0.02734375,BigWig,0.76953125,0.7421875,0.02734375,921
ENCSR423AKG,foreskin melanocyte | Histone ChIP-seq | H3K4me3,-0.02734375,BigWig,0.66796875,0.640625,0.02734375,922
ENCSR000ALX,mammary epithelial cell | Histone ChIP-seq | H3K27me3,-0.02734375,BigWig,0.78515625,0.7578125,0.02734375,923
ENCSR000ARG,mammary epithelial cell | Histone ChIP-seq | H3K9me3,-0.02734375,BigWig,0.78125,0.75390625,0.02734375,924
ENCSR000EXW,mononuclear cell | Histone ChIP-seq | H3K27me3,-0.02734375,BigWig,0.78125,0.75390625,0.02734375,925
ENCSR727TQS,neurosphere | Histone ChIP-seq | H3K4me1,-0.02734375,BigWig,0.7265625,0.69921875,0.02734375,926
ENCSR072QBN,neutrophil | Histone ChIP-seq | H3K36me3,-0.02734375,BigWig,0.98046875,0.953125,0.02734375,927
ENCSR621BZD,Peyer's patch | Histone ChIP-seq | H3K4me1,0.02734375,BigWig,0.6875,0.71484375,0.02734375,928
ENCSR878KIY,Peyer's patch | Histone ChIP-seq | H3K4me3,-0.02734375,BigWig,0.7421875,0.71484375,0.02734375,929
ENCSR082SHT,adipose tissue | Histone ChIP-seq | H3K27ac,-0.02734375,BigWig,0.90234375,0.875,0.02734375,930
ENCSR891XGQ,angular gyrus | Histone ChIP-seq | H3K27ac,-0.02734375,BigWig,0.71484375,0.6875,0.02734375,931
ENCSR535XRY,angular gyrus | Histone ChIP-seq | H3K4me3,-0.02734375,BigWig,0.671875,0.64453125,0.02734375,932
ENCSR519CFV,aorta | Histone ChIP-seq | H3K27ac,-0.02734375,BigWig,0.9609375,0.93359375,0.02734375,933
ENCSR707AEW,ascending aorta | Histone ChIP-seq | H3K4me1,0.02734375,BigWig,0.73828125,0.765625,0.02734375,934
ENCSR348TQM,body of pancreas | Histone ChIP-seq | H3K4me1,-0.02734375,BigWig,0.72265625,0.6953125,0.02734375,935
ENCSR143MZL,brain | Histone ChIP-seq | H3K4me3,0.02734375,BigWig,0.578125,0.60546875,0.02734375,936
ENCSR579OVQ,chorionic villus | Histone ChIP-seq | H3K4me1,-0.02734375,BigWig,0.8671875,0.83984375,0.02734375,937
ENCSR749ANR,colonic mucosa | Histone ChIP-seq | H3K9me3,0.02734375,BigWig,0.703125,0.73046875,0.02734375,938
ENCSR195CFR,dorsolateral prefrontal cortex | Histone ChIP-seq | H3K,-0.02734375,BigWig,0.890625,0.86328125,0.02734375,939
ENCSR435NHO,embryonic facial prominence | DNase-seq,0.02734375,BigWig,0.7578125,0.78515625,0.02734375,940
ENCSR492PXH,endocrine pancreas | Histone ChIP-seq | H3K27ac,-0.02734375,BigWig,0.9375,0.91015625,0.02734375,941
ENCSR849NQE,endocrine pancreas | Histone ChIP-seq | H3K9me3,0.02734375,BigWig,0.58984375,0.6171875,0.02734375,942
ENCSR679OVD,esophagus | Histone ChIP-seq | H3K27ac,-0.02734375,BigWig,0.828125,0.80078125,0.02734375,943
ENCSR478BKA,esophagus | Histone ChIP-seq | H3K4me1,-0.02734375,BigWig,0.92578125,0.8984375,0.02734375,944
ENCSR200WDD,esophagus | Histone ChIP-seq | H3K9me3,-0.02734375,BigWig,0.859375,0.83203125,0.02734375,945
ENCSR872WVR,gastroesophageal sphincter | Histone ChIP-seq | H3K4me1,0.02734375,BigWig,0.7421875,0.76953125,0.02734375,946
ENCSR536NGW,heart | DNase-seq,0.02734375,BigWig,0.7578125,0.78515625,0.02734375,947
ENCSR358RVW,heart | Histone ChIP-seq | H3K4me3,0.02734375,BigWig,0.6484375,0.67578125,0.02734375,948
ENCSR946DXB,heart left ventricle | DNase-seq,0.02734375,BigWig,0.65234375,0.6796875,0.02734375,949
ENCSR986YWZ,inferior parietal cortex | DNase-seq,0.02734375,BigWig,0.62890625,0.65625,0.02734375,950
ENCSR792ZXA,kidney | DNase-seq,0.02734375,BigWig,0.9296875,0.95703125,0.02734375,951
ENCSR953JVX,kidney | DNase-seq,0.02734375,BigWig,0.7265625,0.75390625,0.02734375,952
ENCSR317MKR,kidney | Histone ChIP-seq | H3K9ac,0.02734375,BigWig,0.58984375,0.6171875,0.02734375,953
ENCSR639XWF,left lung | DNase-seq,-0.02734375,BigWig,0.734375,0.70703125,0.02734375,954
ENCSR318JAA,left renal pelvis | DNase-seq,0.02734375,BigWig,0.671875,0.69921875,0.02734375,955
ENCSR585KLQ,liver | Histone ChIP-seq | H3K36me3,-0.02734375,BigWig,0.86328125,0.8359375,0.02734375,956
ENCSR318PRQ,middle frontal gyrus | DNase-seq,0.02734375,BigWig,0.6640625,0.69140625,0.02734375,957
ENCSR656ZEQ,rectal smooth muscle tissue | Histone ChIP-seq | H3K27a,-0.02734375,BigWig,0.94921875,0.921875,0.02734375,958
ENCSR550UWM,renal cortex interstitium | DNase-seq,0.02734375,BigWig,0.64453125,0.671875,0.02734375,959
ENCSR606UAR,renal pelvis | DNase-seq,0.02734375,BigWig,0.67578125,0.703125,0.02734375,960
ENCSR414ZUA,right kidney | DNase-seq,0.02734375,BigWig,0.66796875,0.6953125,0.02734375,961
ENCSR540PVZ,right renal pelvis | DNase-seq,0.02734375,BigWig,0.70703125,0.734375,0.02734375,962
ENCSR668NXG,skeletal muscle tissue | Histone ChIP-seq | H3K4me1,-0.02734375,BigWig,0.78125,0.75390625,0.02734375,963
ENCSR615WIN,spinal cord | DNase-seq,0.02734375,BigWig,0.66015625,0.6875,0.02734375,964
ENCSR408ONP,spleen | Histone ChIP-seq | H3K27me3,-0.02734375,BigWig,0.875,0.84765625,0.02734375,965
ENCSR197QDK,spleen | Histone ChIP-seq | H3K4me3,-0.02734375,BigWig,0.71875,0.69140625,0.02734375,966
ENCSR208DMX,stomach | DNase-seq,-0.02734375,BigWig,0.85546875,0.828125,0.02734375,967
ENCSR437QMD,stomach | Histone ChIP-seq | H3K27ac,-0.02734375,BigWig,0.89453125,0.8671875,0.02734375,968
ENCSR110UIN,subcutaneous abdominal adipose tissue | Histone ChIP-se,-0.02734375,BigWig,0.88671875,0.859375,0.02734375,969
ENCSR199VMI,subcutaneous abdominal adipose tissue | Histone ChIP-se,-0.02734375,BigWig,0.67578125,0.6484375,0.02734375,970
ENCSR598AGY,subcutaneous abdominal adipose tissue | Histone ChIP-se,-0.02734375,BigWig,0.61328125,0.5859375,0.02734375,971
ENCSR551QXE,substantia nigra | Histone ChIP-seq | H3K4me3,0.02734375,BigWig,0.80859375,0.8359375,0.02734375,972
ENCSR381XDC,thymus | Histone ChIP-seq | H3K27me3,-0.02734375,BigWig,0.95703125,0.9296875,0.02734375,973
ENCSR975NOU,thyroid gland | Histone ChIP-seq | H3K4me3,-0.02734375,BigWig,0.68359375,0.65625,0.02734375,974
ENCSR208QRN,transverse colon | Histone ChIP-seq | H3K27ac,-0.02734375,BigWig,0.8125,0.78515625,0.02734375,975
CNhs11045_P,cord blood derived cell line | CAGE,0.02734375,BigWig,0.578125,0.60546875,0.02734375,976
CNhs11050_P,cord blood derived cell line | CAGE,0.02734375,BigWig,0.54296875,0.5703125,0.02734375,977
CNhs14239_P,epithelioid sarcoma cell line | CAGE,0.02734375,BigWig,0.55859375,0.5859375,0.02734375,978
CNhs11742_P,hepatoblastoma cell line | CAGE,0.02734375,BigWig,0.5390625,0.56640625,0.02734375,979
CNhs11880_P,keratoacanthoma cell line | CAGE,-0.02734375,BigWig,0.578125,0.55078125,0.02734375,980
CNhs11717_P,oral squamous cell carcinoma cell line | CAGE,-0.02734375,BigWig,0.6328125,0.60546875,0.02734375,981
CNhs11726_P,testicular germ cell embryonal carcinoma cell line | CA,-0.02734375,BigWig,0.6171875,0.58984375,0.02734375,982
CNhs13208_P,CD14+CD16+ Monocytes | CAGE,0.02734375,BigWig,0.5234375,0.55078125,0.02734375,983
CNhs13216_P,CD14+CD16- Monocytes | CAGE,0.02734375,BigWig,0.54296875,0.5703125,0.02734375,984
CNhs10866_P,Fibroblast - Gingival | CAGE,-0.02734375,BigWig,1.0,0.97265625,0.02734375,985
CNhs10616_P,"bladder, adult, pool1 | CAGE",-0.02734375,BigWig,1.0,0.97265625,0.02734375,986
CNhs11761_P,"blood, adult, pool1 | CAGE",0.02734375,BigWig,0.5234375,0.55078125,0.02734375,987
CNhs14080_P,"locus coeruleus, newborn | CAGE",-0.02734375,BigWig,0.5546875,0.52734375,0.02734375,988
CNhs14069_P,"medial frontal gyrus, newborn | CAGE",-0.02734375,BigWig,0.56640625,0.5390625,0.02734375,989
CNhs12229_P,"pituitary gland, adult | CAGE",-0.02734375,BigWig,0.5859375,0.55859375,0.02734375,990
GTEX-13QJ3-0726-SM-5SI68.1,muscle | RNA-seq,-0.02734375,BigWig,1.0,0.97265625,0.02734375,991
protein_coding_gene,Protein-coding gene,-0.0234375,BED,0.95703125,0.93359375,0.0234375,992
ENCSR435FGK,A673 | Histone ChIP-seq | H3K4me3,-0.0234375,BigWig,0.6015625,0.578125,0.0234375,993
ENCSR059MVB,ACC112 | Histone ChIP-seq | H3K27ac,-0.0234375,BigWig,0.69921875,0.67578125,0.0234375,994
ENCSR000EKI,CWRU1 | DNase-seq,-0.0234375,BigWig,0.96875,0.9453125,0.0234375,995
ENCSR548MMD,EH | DNase-seq,0.0234375,BigWig,0.58203125,0.60546875,0.0234375,996
ENCSR000DQZ,GM12864 | Histone ChIP-seq | H3K4me3,-0.0234375,BigWig,0.69921875,0.67578125,0.0234375,997
ENCSR000EJN,H1 | DNase-seq,-0.0234375,BigWig,0.9765625,0.953125,0.0234375,998
ENCSR794OFW,H1 | DNase-seq,0.0234375,BigWig,0.6953125,0.71875,0.0234375,999
ENCSR928HYM,H1 | Histone ChIP-seq | H3K27me3,-0.0234375,BigWig,0.78125,0.7578125,0.0234375,1000
ENCSR000DSR,H7 | Histone ChIP-seq | H3K4me3,-0.0234375,BigWig,0.58984375,0.56640625,0.0234375,1001
ENCSR620QNS,HAP-1 | DNase-seq,-0.0234375,BigWig,0.6875,0.6640625,0.0234375,1002
ENCSR000EUS,HCT116 | Histone ChIP-seq | H3K4me1,0.0234375,BigWig,0.58203125,0.60546875,0.0234375,1003
ENCSR000EJR,HEK293T | DNase-seq,-0.0234375,BigWig,0.94140625,0.91796875,0.0234375,1004
ENCSR000EJS,HeLa-S3 | DNase-seq,0.0234375,BigWig,0.89453125,0.91796875,0.0234375,1005
ENCSR000EKN,K562 | DNase-seq,-0.0234375,BigWig,0.953125,0.9296875,0.0234375,1006
ENCSR000EKQ,K562 | DNase-seq,-0.0234375,BigWig,0.9140625,0.890625,0.0234375,1007
ENCSR976JHS,KMS-11 | Histone ChIP-seq | H3K4me1,-0.0234375,BigWig,0.625,0.6015625,0.0234375,1008
ENCSR438PYA,KOPT-K1 | Histone ChIP-seq | H3K9me3,-0.0234375,BigWig,0.73828125,0.71484375,0.0234375,1009
ENCSR000EWR,MCF-7 | Histone ChIP-seq | H3K27ac,0.0234375,BigWig,0.703125,0.7265625,0.0234375,1010
ENCSR094VCE,MM.1S | Histone ChIP-seq | H3K4me1,-0.0234375,BigWig,0.7109375,0.6875,0.0234375,1011
ENCSR361FWQ,MM.1S | Histone ChIP-seq | H3K4me3,-0.0234375,BigWig,0.76171875,0.73828125,0.0234375,1012
ENCSR872PRJ,MM.1S | Histone ChIP-seq | H3K9ac,-0.0234375,BigWig,0.73046875,0.70703125,0.0234375,1013
ENCSR000DWP,NB4 | Histone ChIP-seq | H3K4me3,0.0234375,BigWig,0.546875,0.5703125,0.0234375,1014
ENCSR011CSR,NCI-H929 | Histone ChIP-seq | H3K4me1,-0.0234375,BigWig,0.68359375,0.66015625,0.0234375,1015
ENCSR327OGS,NCI-H929 | Histone ChIP-seq | H3K9ac,-0.0234375,BigWig,0.640625,0.6171875,0.0234375,1016
ENCSR000EXE,NT2/D1 | Histone ChIP-seq | H3K27me3,-0.0234375,BigWig,0.796875,0.7734375,0.0234375,1017
ENCSR076JBA,OCI-LY1 | Histone ChIP-seq | H3K9ac,-0.0234375,BigWig,0.72265625,0.69921875,0.0234375,1018
ENCSR402SJV,PC-9 | Histone ChIP-seq | H3K36me3,0.0234375,BigWig,0.7890625,0.8125,0.0234375,1019
ENCSR000EXK,Panc1 | Histone ChIP-seq | H3K27ac,0.0234375,BigWig,0.71875,0.7421875,0.0234375,1020
ENCSR429RHR,RKO | DNase-seq,0.0234375,BigWig,0.6640625,0.6875,0.0234375,1021
ENCSR287VPM,SK-N-MC | Histone ChIP-seq | H3K4me3,-0.0234375,BigWig,0.60546875,0.58203125,0.0234375,1022
ENCSR679CHH,SK-N-MC | Histone ChIP-seq | H3K9me3,-0.0234375,BigWig,0.703125,0.6796875,0.0234375,1023
ENCSR914QOK,SK-N-SH | Histone ChIP-seq | H3K27me3,0.0234375,BigWig,0.66796875,0.69140625,0.0234375,1024
ENCSR597ULV,VCaP | Histone ChIP-seq | H3K27ac,-0.0234375,BigWig,0.71875,0.6953125,0.0234375,1025
ENCSR263ELQ,iPS DF 6.9 | Histone ChIP-seq | H3K4me3,-0.0234375,BigWig,0.9453125,0.921875,0.0234375,1026
ENCSR000DSK,cardiovascular progenitor cell | Histone ChIP-seq | H3K,0.0234375,BigWig,0.57421875,0.59765625,0.0234375,1027
ENCSR747HAM,ectodermal cell | Histone ChIP-seq | H3K27ac,-0.0234375,BigWig,0.91015625,0.88671875,0.0234375,1028
ENCSR364MFN,hepatocyte | DNase-seq,-0.0234375,BigWig,0.90234375,0.87890625,0.0234375,1029
ENCSR473PNT,mesendoderm | Histone ChIP-seq | H3K27ac,-0.0234375,BigWig,0.95703125,0.93359375,0.0234375,1030
ENCSR531QHM,neural cell | Histone ChIP-seq | H3K9ac,-0.0234375,BigWig,0.77734375,0.75390625,0.0234375,1031
ENCSR550XZG,neuronal stem cell | Histone ChIP-seq | H3K27me3,0.0234375,BigWig,0.73828125,0.76171875,0.0234375,1032
ENCSR169BGF,neuronal stem cell | Histone ChIP-seq | H3K4me1,-0.0234375,BigWig,0.83203125,0.80859375,0.0234375,1033
ENCSR433PUR,radial glial cell | Histone ChIP-seq | H3K4me3,-0.0234375,BigWig,0.7578125,0.734375,0.0234375,1034
ENCSR630LQO,"CD4-positive, CD25-positive, alpha-beta regulatory T ce",0.0234375,BigWig,0.66796875,0.69140625,0.0234375,1035
ENCSR435WPP,"CD4-positive, CD25-positive, alpha-beta regulatory T ce",-0.0234375,BigWig,0.6015625,0.578125,0.0234375,1036
ENCSR043SBG,"CD4-positive, alpha-beta T cell | Histone ChIP-seq | H3",-0.0234375,BigWig,0.93359375,0.91015625,0.0234375,1037
ENCSR007HLH,"CD8-positive, alpha-beta T cell | Histone ChIP-seq | H3",0.0234375,BigWig,0.6484375,0.671875,0.0234375,1038
ENCSR366YTD,T-cell | DNase-seq,-0.0234375,BigWig,0.68359375,0.66015625,0.0234375,1039
ENCSR716VIQ,T-cell | Histone ChIP-seq | H3K36me3,-0.0234375,BigWig,0.5703125,0.546875,0.0234375,1040
ENCSR957XEV,T-helper 17 cell | Histone ChIP-seq | H3K4me3,-0.0234375,BigWig,0.75390625,0.73046875,0.0234375,1041
ENCSR000AOU,astrocyte | Histone ChIP-seq | H3K4me3,-0.0234375,BigWig,0.6875,0.6640625,0.0234375,1042
ENCSR045QJH,"common myeloid progenitor, CD34-positive | Histone ChIP",-0.0234375,BigWig,0.77734375,0.75390625,0.0234375,1043
ENCSR610IIJ,"effector memory CD4-positive, alpha-beta T cell | Histo",-0.0234375,BigWig,0.66796875,0.64453125,0.0234375,1044
ENCSR291KBJ,"effector memory CD4-positive, alpha-beta T cell | Histo",-0.0234375,BigWig,0.69921875,0.67578125,0.0234375,1045
ENCSR953ULK,fibroblast of breast | Histone ChIP-seq | H3K27ac,-0.0234375,BigWig,0.91015625,0.88671875,0.0234375,1046
ENCSR770DEN,fibroblast of skin of scalp | DNase-seq,-0.0234375,BigWig,0.7109375,0.6875,0.0234375,1047
ENCSR000DVS,fibroblast of villous mesenchyme | Histone ChIP-seq | H,-0.0234375,BigWig,0.5859375,0.5625,0.0234375,1048
ENCSR498PMM,foreskin keratinocyte | Histone ChIP-seq | H3K9me3,-0.0234375,BigWig,0.73046875,0.70703125,0.0234375,1049
ENCSR988YKR,kidney capillary endothelial cell | DNase-seq,0.0234375,BigWig,0.6953125,0.71875,0.0234375,1050
ENCSR000DVF,kidney epithelial cell | Histone ChIP-seq | H3K27me3,-0.0234375,BigWig,0.75,0.7265625,0.0234375,1051
ENCSR000AMJ,mammary epithelial cell | Histone ChIP-seq | H3K4me1,-0.0234375,BigWig,0.7265625,0.703125,0.0234375,1052
ENCSR262VXI,mesenchymal stem cell | Histone ChIP-seq | H3K27me3,0.0234375,BigWig,0.55859375,0.58203125,0.0234375,1053
ENCSR704HNG,natural killer cell | DNase-seq,-0.0234375,BigWig,0.66796875,0.64453125,0.0234375,1054
ENCSR570AUC,natural killer cell | Histone ChIP-seq | H3K4me3,-0.0234375,BigWig,0.66015625,0.63671875,0.0234375,1055
ENCSR453XEY,neurosphere | Histone ChIP-seq | H3K4me1,-0.0234375,BigWig,0.7734375,0.75,0.0234375,1056
ENCSR826VJY,neutrophil | Histone ChIP-seq | H3K4me1,-0.0234375,BigWig,0.7734375,0.75,0.0234375,1057
ENCSR000APH,osteoblast | Histone ChIP-seq | H3K27ac,-0.0234375,BigWig,0.92578125,0.90234375,0.0234375,1058
ENCSR258ORJ,peripheral blood mononuclear cell | Histone ChIP-seq |,0.0234375,BigWig,0.7109375,0.734375,0.0234375,1059
ENCSR489TBW,peripheral blood mononuclear cell | Histone ChIP-seq |,0.0234375,BigWig,0.60546875,0.62890625,0.0234375,1060
ENCSR191FOV,adrenal gland | DNase-seq,0.0234375,BigWig,0.77734375,0.80078125,0.0234375,1061
ENCSR605QAV,adrenal gland | Histone ChIP-seq | H3K4me3,-0.0234375,BigWig,0.65625,0.6328125,0.0234375,1062
ENCSR715KGX,adrenal gland | Histone ChIP-seq | H3K4me3,-0.0234375,BigWig,0.73828125,0.71484375,0.0234375,1063
ENCSR957BPJ,aorta | Histone ChIP-seq | H3K4me3,-0.0234375,BigWig,0.578125,0.5546875,0.0234375,1064
ENCSR595CSH,brain | DNase-seq,0.0234375,BigWig,0.55078125,0.57421875,0.0234375,1065
ENCSR780FXX,brain | Histone ChIP-seq | H3K4me3,-0.0234375,BigWig,0.66015625,0.63671875,0.0234375,1066
ENCSR034ZKE,breast epithelium | Histone ChIP-seq | H3K27ac,-0.0234375,BigWig,0.9453125,0.921875,0.0234375,1067
ENCSR473ZFG,chorionic villus | Histone ChIP-seq | H3K4me1,-0.0234375,BigWig,0.890625,0.8671875,0.0234375,1068
ENCSR693GVU,cingulate gyrus | Histone ChIP-seq | H3K4me3,-0.0234375,BigWig,0.7421875,0.71875,0.0234375,1069
ENCSR322FGP,colonic mucosa | Histone ChIP-seq | H3K4me3,-0.0234375,BigWig,0.79296875,0.76953125,0.0234375,1070
ENCSR328KRD,colonic mucosa | Histone ChIP-seq | H3K9ac,-0.0234375,BigWig,0.75390625,0.73046875,0.0234375,1071
ENCSR448MML,dorsolateral prefrontal cortex | Histone ChIP-seq | H3K,-0.0234375,BigWig,0.78515625,0.76171875,0.0234375,1072
ENCSR324JDC,endocrine pancreas | Histone ChIP-seq | H3K27ac,-0.0234375,BigWig,0.91015625,0.88671875,0.0234375,1073
ENCSR229KWP,esophagus muscularis mucosa | Histone ChIP-seq | H3K4me,0.0234375,BigWig,0.72265625,0.74609375,0.0234375,1074
ENCSR519WQH,gastrocnemius medialis | Histone ChIP-seq | H3K27me3,-0.0234375,BigWig,0.7890625,0.765625,0.0234375,1075
ENCSR764XUL,germinal matrix | Histone ChIP-seq | H3K4me1,0.0234375,BigWig,0.6875,0.7109375,0.0234375,1076
ENCSR528QDT,germinal matrix | Histone ChIP-seq | H3K4me3,-0.0234375,BigWig,0.64453125,0.62109375,0.0234375,1077
ENCSR575ICR,germinal matrix | Histone ChIP-seq | H3K4me3,-0.0234375,BigWig,0.6796875,0.65625,0.0234375,1078
ENCSR359JHU,germinal matrix | Histone ChIP-seq | H3K9me3,-0.0234375,BigWig,0.66015625,0.63671875,0.0234375,1079
ENCSR820ABR,germinal matrix | Histone ChIP-seq | H3K9me3,-0.0234375,BigWig,0.80078125,0.77734375,0.0234375,1080
ENCSR154ZNQ,heart | DNase-seq,-0.0234375,BigWig,0.7421875,0.71875,0.0234375,1081
ENCSR438QZN,heart left ventricle | Histone ChIP-seq | H3K4me1,0.0234375,BigWig,0.7421875,0.765625,0.0234375,1082
ENCSR377KDN,heart left ventricle | Histone ChIP-seq | H3K4me3,-0.0234375,BigWig,0.62890625,0.60546875,0.0234375,1083
ENCSR487BEW,heart left ventricle | Histone ChIP-seq | H3K4me3,-0.0234375,BigWig,0.66796875,0.64453125,0.0234375,1084
ENCSR746RDJ,heart right ventricle | DNase-seq,0.0234375,BigWig,0.67578125,0.69921875,0.0234375,1085
ENCSR437KLY,kidney | DNase-seq,0.0234375,BigWig,0.6171875,0.640625,0.0234375,1086
ENCSR009MUF,kidney | Histone ChIP-seq | H3K4me1,0.0234375,BigWig,0.78125,0.8046875,0.0234375,1087
ENCSR796SJV,large intestine | DNase-seq,-0.0234375,BigWig,0.76953125,0.74609375,0.0234375,1088
ENCSR800QGE,large intestine | DNase-seq,0.0234375,BigWig,0.72265625,0.74609375,0.0234375,1089
ENCSR468OVW,left lung | DNase-seq,-0.0234375,BigWig,0.74609375,0.72265625,0.0234375,1090
ENCSR588JXI,left renal cortex interstitium | DNase-seq,0.0234375,BigWig,0.65625,0.6796875,0.0234375,1091
ENCSR532CRI,limb | DNase-seq,0.0234375,BigWig,0.78515625,0.80859375,0.0234375,1092
ENCSR520BUX,liver | Histone ChIP-seq | H3K4me3,-0.0234375,BigWig,0.6015625,0.578125,0.0234375,1093
ENCSR563YGF,liver | Histone ChIP-seq | H3K9me3,0.0234375,BigWig,0.73828125,0.76171875,0.0234375,1094
ENCSR004EKY,muscle layer of colon | Histone ChIP-seq | H3K27ac,-0.0234375,BigWig,0.9453125,0.921875,0.0234375,1095
ENCSR385NUC,muscle layer of colon | Histone ChIP-seq | H3K4me1,0.0234375,BigWig,0.7578125,0.78125,0.0234375,1096
ENCSR628CTX,muscle layer of duodenum | Histone ChIP-seq | H3K4me1,0.0234375,BigWig,0.65625,0.6796875,0.0234375,1097
ENCSR357RED,muscle of back | DNase-seq,0.0234375,BigWig,0.66796875,0.69140625,0.0234375,1098
ENCSR438TWI,muscle of back | DNase-seq,0.0234375,BigWig,0.671875,0.6953125,0.0234375,1099
ENCSR128QKM,muscle of leg | Histone ChIP-seq | H3K4me3,-0.0234375,BigWig,0.66796875,0.64453125,0.0234375,1100
ENCSR834BXU,muscle of leg | Histone ChIP-seq | H3K9me3,-0.0234375,BigWig,0.68359375,0.66015625,0.0234375,1101
ENCSR183LNU,muscle of trunk | Histone ChIP-seq | H3K9me3,-0.0234375,BigWig,0.65234375,0.62890625,0.0234375,1102
ENCSR984UHU,pancreas | Histone ChIP-seq | H3K4me1,-0.0234375,BigWig,0.91796875,0.89453125,0.0234375,1103
ENCSR419BDT,placenta | Histone ChIP-seq | H3K4me3,-0.0234375,BigWig,0.79296875,0.76953125,0.0234375,1104
ENCSR829MXU,pons | DNase-seq,0.0234375,BigWig,0.69140625,0.71484375,0.0234375,1105
ENCSR000ELO,psoas muscle | DNase-seq,0.0234375,BigWig,0.91015625,0.93359375,0.0234375,1106
ENCSR344YYP,rectal smooth muscle tissue | Histone ChIP-seq | H3K9ac,-0.0234375,BigWig,0.83203125,0.80859375,0.0234375,1107
ENCSR871APX,right kidney | DNase-seq,0.0234375,BigWig,0.73828125,0.76171875,0.0234375,1108
ENCSR299INS,right lung | DNase-seq,-0.0234375,BigWig,0.7734375,0.75,0.0234375,1109
ENCSR887BNC,right renal cortex interstitium | DNase-seq,0.0234375,BigWig,0.6640625,0.6875,0.0234375,1110
ENCSR752NTF,right renal pelvis | DNase-seq,0.0234375,BigWig,0.72265625,0.74609375,0.0234375,1111
ENCSR429EVA,skeletal muscle tissue | Histone ChIP-seq | H3K9me3,0.0234375,BigWig,0.5546875,0.578125,0.0234375,1112
ENCSR565EBN,small intestine | DNase-seq,-0.0234375,BigWig,0.78515625,0.76171875,0.0234375,1113
ENCSR148MFM,spinal cord | DNase-seq,0.0234375,BigWig,0.65234375,0.67578125,0.0234375,1114
ENCSR608FDQ,spleen | Histone ChIP-seq | H3K27me3,-0.0234375,BigWig,0.890625,0.8671875,0.0234375,1115
ENCSR078BHK,spleen | Histone ChIP-seq | H3K36me3,-0.0234375,BigWig,0.984375,0.9609375,0.0234375,1116
ENCSR448FZC,spleen | Histone ChIP-seq | H3K4me3,-0.0234375,BigWig,0.6953125,0.671875,0.0234375,1117
ENCSR357ROS,stomach | Histone ChIP-seq | H3K27me3,-0.0234375,BigWig,0.84375,0.8203125,0.0234375,1118
ENCSR036AQX,stomach smooth muscle | Histone ChIP-seq | H3K9me3,0.0234375,BigWig,0.7109375,0.734375,0.0234375,1119
ENCSR664RRY,subcutaneous abdominal adipose tissue | Histone ChIP-se,0.0234375,BigWig,0.76171875,0.78515625,0.0234375,1120
ENCSR318DAP,subcutaneous abdominal adipose tissue | Histone ChIP-se,0.0234375,BigWig,0.73046875,0.75390625,0.0234375,1121
ENCSR363SSI,subcutaneous abdominal adipose tissue | Histone ChIP-se,0.0234375,BigWig,0.62890625,0.65234375,0.0234375,1122
ENCSR568CDB,subcutaneous abdominal adipose tissue | Histone ChIP-se,0.0234375,BigWig,0.58984375,0.61328125,0.0234375,1123
ENCSR150GWJ,substantia nigra | Histone ChIP-seq | H3K4me1,0.0234375,BigWig,0.68359375,0.70703125,0.0234375,1124
ENCSR768DMK,temporal lobe | Histone ChIP-seq | H3K9ac,-0.0234375,BigWig,0.75390625,0.73046875,0.0234375,1125
ENCSR416CYZ,thoracic aorta | Histone ChIP-seq | H3K4me1,0.0234375,BigWig,0.67578125,0.69921875,0.0234375,1126
ENCSR342NCX,thymus | DNase-seq,0.0234375,BigWig,0.6171875,0.640625,0.0234375,1127
ENCSR777USE,thymus | DNase-seq,0.0234375,BigWig,0.55859375,0.58203125,0.0234375,1128
ENCSR888UPQ,thymus | DNase-seq,0.0234375,BigWig,0.59375,0.6171875,0.0234375,1129
ENCSR962EAP,thymus | DNase-seq,0.0234375,BigWig,0.59375,0.6171875,0.0234375,1130
ENCSR696TPW,thyroid gland | DNase-seq,0.0234375,BigWig,0.9453125,0.96875,0.0234375,1131
ENCSR850RVA,tibial nerve | Histone ChIP-seq | H3K4me1,0.0234375,BigWig,0.6953125,0.71875,0.0234375,1132
ENCSR069EGE,transverse colon | Histone ChIP-seq | H3K27ac,-0.0234375,BigWig,0.71875,0.6953125,0.0234375,1133
ENCSR640XRV,transverse colon | Histone ChIP-seq | H3K27ac,-0.0234375,BigWig,0.71484375,0.69140625,0.0234375,1134
ENCSR065IQH,urinary bladder | Histone ChIP-seq | H3K4me1,-0.0234375,BigWig,0.78125,0.7578125,0.0234375,1135
CNhs14138_P,bronchioalveolar carcinoma cell line | CAGE,-0.0234375,BigWig,0.55078125,0.52734375,0.0234375,1136
CNhs11820_P,choriocarcinoma cell line | CAGE,-0.0234375,BigWig,0.5625,0.5390625,0.0234375,1137
CNhs11049_P,cord blood derived cell line | CAGE,0.0234375,BigWig,0.51953125,0.54296875,0.0234375,1138
CNhs11819_P,gastric adenocarcinoma cell line | CAGE,0.0234375,BigWig,0.52734375,0.55078125,0.0234375,1139
CNhs11824_P,glassy cell carcinoma cell line | CAGE,0.0234375,BigWig,0.57421875,0.59765625,0.0234375,1140
CNhs12838_P,merkel cell carcinoma cell line | CAGE,0.0234375,BigWig,0.515625,0.5390625,0.0234375,1141
CNhs11811_P,neuroblastoma cell line | CAGE,-0.0234375,BigWig,0.55078125,0.52734375,0.0234375,1142
CNhs11051_P,Adipocyte - breast | CAGE,-0.0234375,BigWig,1.0,0.9765625,0.0234375,1143
CNhs12518_P,common myeloid progenitor CMP | CAGE,0.0234375,BigWig,0.50390625,0.52734375,0.0234375,1144
CNhs14078_P,"amygdala, newborn | CAGE",-0.0234375,BigWig,0.54296875,0.51953125,0.0234375,1145
CNhs11795_P,"cerebellum, adult, pool1 | CAGE",-0.0234375,BigWig,0.55859375,0.53515625,0.0234375,1146
CNhs10644_P,"nucleus accumbens, adult, pool1 | CAGE",-0.0234375,BigWig,0.609375,0.5859375,0.0234375,1147
CNhs10641_P,"parietal lobe, adult, pool1 | CAGE",-0.0234375,BigWig,0.6171875,0.59375,0.0234375,1148
GTEX-11GSP-0326-SM-5A5KW.1,adrenal gland | RNA-seq,-0.0234375,BigWig,1.0,0.9765625,0.0234375,1149
GTEX-13112-2126-SM-5GCO4.1,kidney | RNA-seq,-0.0234375,BigWig,1.0,0.9765625,0.0234375,1150
GTEX-14PJ4-2426-SM-6EU1U.1,muscle | RNA-seq,-0.0234375,BigWig,1.0,0.9765625,0.0234375,1151
GTEX-14PJN-0826-SM-686ZL.1,small intestine | RNA-seq,-0.0234375,BigWig,1.0,0.9765625,0.0234375,1152
ENCSR932KWJ,A172 | DNase-seq,-0.01953125,BigWig,0.8046875,0.78515625,0.01953125,1153
ENCSR000ELW,A549 | DNase-seq,-0.01953125,BigWig,0.81640625,0.796875,0.01953125,1154
ENCSR000DPO,AG04450 | Histone ChIP-seq | H3K4me3,-0.01953125,BigWig,0.59375,0.57421875,0.01953125,1155
ENCSR000EIV,AG08395 | DNase-seq,0.01953125,BigWig,0.8359375,0.85546875,0.01953125,1156
ENCSR784AQY,DOHH2 | Histone ChIP-seq | H3K36me3,0.01953125,BigWig,0.546875,0.56640625,0.01953125,1157
ENCSR880SUY,H1 | Histone ChIP-seq | H3K27ac,-0.01953125,BigWig,0.94921875,0.9296875,0.01953125,1158
ENCSR441UHO,H1 | Histone ChIP-seq | H3K9ac,-0.01953125,BigWig,0.9140625,0.89453125,0.01953125,1159
ENCSR952GVX,H1 | Histone ChIP-seq | H3K9ac,-0.01953125,BigWig,0.93359375,0.9140625,0.01953125,1160
ENCSR395USV,H1 | Histone ChIP-seq | H3K9me3,-0.01953125,BigWig,0.84765625,0.828125,0.01953125,1161
ENCSR915BSC,H9 | DNase-seq,0.01953125,BigWig,0.66015625,0.6796875,0.01953125,1162
ENCSR333OPW,HCT116 | Histone ChIP-seq | H3K4me3,-0.01953125,BigWig,0.70703125,0.6875,0.01953125,1163
ENCSR410GUN,HUES6 | Histone ChIP-seq | H3K27me3,-0.01953125,BigWig,0.671875,0.65234375,0.01953125,1164
ENCSR919DBC,HUES6 | Histone ChIP-seq | H3K4me1,0.01953125,BigWig,0.78515625,0.8046875,0.01953125,1165
ENCSR804MAP,HUES64 | Histone ChIP-seq | H3K27ac,-0.01953125,BigWig,0.94140625,0.921875,0.01953125,1166
ENCSR000APE,K562 | Histone ChIP-seq | H3K9me3,-0.01953125,BigWig,0.703125,0.68359375,0.01953125,1167
ENCSR660IQS,Karpas-422 | Histone ChIP-seq | H3K27ac,-0.01953125,BigWig,0.609375,0.58984375,0.01953125,1168
ENCSR963HAR,Karpas-422 | Histone ChIP-seq | H3K27me3,0.01953125,BigWig,0.828125,0.84765625,0.01953125,1169
ENCSR910XKX,Karpas-422 | Histone ChIP-seq | H3K4me3,-0.01953125,BigWig,0.68359375,0.6640625,0.01953125,1170
ENCSR543IKB,Loucy | Histone ChIP-seq | H3K9ac,-0.01953125,BigWig,0.70703125,0.6875,0.01953125,1171
ENCSR758OEC,MM.1S | Histone ChIP-seq | H3K27ac,-0.01953125,BigWig,0.68359375,0.6640625,0.01953125,1172
ENCSR082NQB,NCI-H929 | Histone ChIP-seq | H3K4me3,-0.01953125,BigWig,0.66015625,0.640625,0.01953125,1173
ENCSR881TWJ,PC-3 | Histone ChIP-seq | H3K27me3,0.01953125,BigWig,0.68359375,0.703125,0.01953125,1174
ENCSR197QXT,PC-3 | Histone ChIP-seq | H3K9ac,-0.01953125,BigWig,0.66015625,0.640625,0.01953125,1175
ENCSR987PNT,RWPE2 | Histone ChIP-seq | H3K27ac,-0.01953125,BigWig,0.5703125,0.55078125,0.01953125,1176
ENCSR946MVP,SK-N-DZ | DNase-seq,0.01953125,BigWig,0.73046875,0.75,0.01953125,1177
ENCSR000FCU,SK-N-SH | Histone ChIP-seq | H3K27ac,-0.01953125,BigWig,0.91015625,0.890625,0.01953125,1178
ENCSR307DQT,SU-DHL-6 | Histone ChIP-seq | H3K27ac,-0.01953125,BigWig,0.61328125,0.59375,0.01953125,1179
ENCSR217SET,SW480 | DNase-seq,0.01953125,BigWig,0.73828125,0.7578125,0.01953125,1180
ENCSR100PNV,iPS DF 19.11 | Histone ChIP-seq | H3K27me3,-0.01953125,BigWig,0.88671875,0.8671875,0.01953125,1181
ENCSR236XRR,iPS-15b | Histone ChIP-seq | H3K4me3,-0.01953125,BigWig,0.6640625,0.64453125,0.01953125,1182
ENCSR558XOU,iPS-15b | Histone ChIP-seq | H3K9me3,-0.01953125,BigWig,0.66796875,0.6484375,0.01953125,1183
ENCSR979TIC,iPS-18a | Histone ChIP-seq | H3K9me3,-0.01953125,BigWig,0.64453125,0.625,0.01953125,1184
ENCSR352UID,iPS-20b | Histone ChIP-seq | H3K27me3,-0.01953125,BigWig,0.62890625,0.609375,0.01953125,1185
ENCSR996FWI,iPS-20b | Histone ChIP-seq | H3K4me1,0.01953125,BigWig,0.62109375,0.640625,0.01953125,1186
ENCSR269ULZ,cardiac muscle cell | Histone ChIP-seq | H3K9me3,0.01953125,BigWig,0.69921875,0.71875,0.01953125,1187
ENCSR000DSJ,cardiac myoblast | Histone ChIP-seq | H3K27me3,0.01953125,BigWig,0.5234375,0.54296875,0.01953125,1188
ENCSR328UMC,hematopoietic multipotent progenitor cell | DNase-seq,-0.01953125,BigWig,0.77734375,0.7578125,0.01953125,1189
ENCSR501JET,mesenchymal stem cell | Histone ChIP-seq | H3K4me3,-0.01953125,BigWig,0.98046875,0.9609375,0.01953125,1190
ENCSR405AXO,mesendoderm | Histone ChIP-seq | H3K27me3,-0.01953125,BigWig,0.703125,0.68359375,0.01953125,1191
ENCSR441SAT,mesendoderm | Histone ChIP-seq | H3K4me3,-0.01953125,BigWig,0.83203125,0.8125,0.01953125,1192
ENCSR963ALV,neural progenitor cell | DNase-seq,-0.01953125,BigWig,0.78125,0.76171875,0.01953125,1193
ENCSR449AXO,neural progenitor cell | Histone ChIP-seq | H3K27ac,-0.01953125,BigWig,0.828125,0.80859375,0.01953125,1194
ENCSR662PLB,neuroepithelial stem cell | Histone ChIP-seq | H3K4me3,-0.01953125,BigWig,0.65625,0.63671875,0.01953125,1195
ENCSR688OUZ,neuron | Histone ChIP-seq | H3K27me3,0.01953125,BigWig,0.765625,0.78515625,0.01953125,1196
ENCSR799SRL,neuronal stem cell | Histone ChIP-seq | H3K27ac,-0.01953125,BigWig,0.9296875,0.91015625,0.01953125,1197
ENCSR540UZV,smooth muscle cell | Histone ChIP-seq | H3K9ac,-0.01953125,BigWig,0.80859375,0.7890625,0.01953125,1198
ENCSR179CDH,trophoblast cell | DNase-seq,-0.01953125,BigWig,0.86328125,0.84375,0.01953125,1199
ENCSR815DXY,trophoblast cell | Histone ChIP-seq | H3K9ac,-0.01953125,BigWig,0.8984375,0.87890625,0.01953125,1200
ENCSR424XBP,B cell | Histone ChIP-seq | H3K36me3,-0.01953125,BigWig,0.6875,0.66796875,0.01953125,1201
ENCSR890QGK,B cell | Histone ChIP-seq | H3K9me3,0.01953125,BigWig,0.63671875,0.65625,0.01953125,1202
ENCSR000ASJ,CD14-positive monocyte | Histone ChIP-seq | H3K27ac,-0.01953125,BigWig,0.66796875,0.6484375,0.01953125,1203
ENCSR203GEP,"CD4-positive, CD25-positive, alpha-beta regulatory T ce",-0.01953125,BigWig,0.9140625,0.89453125,0.01953125,1204
ENCSR523BMU,"CD4-positive, CD25-positive, alpha-beta regulatory T ce",-0.01953125,BigWig,0.765625,0.74609375,0.01953125,1205
ENCSR425MRQ,"CD4-positive, alpha-beta T cell | DNase-seq",-0.01953125,BigWig,0.69921875,0.6796875,0.01953125,1206
ENCSR683QJJ,"CD4-positive, alpha-beta T cell | DNase-seq",-0.01953125,BigWig,0.66015625,0.640625,0.01953125,1207
ENCSR660WQO,"CD4-positive, alpha-beta memory T cell | Histone ChIP-s",-0.01953125,BigWig,0.66796875,0.6484375,0.01953125,1208
ENCSR639HVJ,"CD8-positive, alpha-beta T cell | Histone ChIP-seq | H3",-0.01953125,BigWig,0.8125,0.79296875,0.01953125,1209
ENCSR166ZZZ,"CD8-positive, alpha-beta T cell | Histone ChIP-seq | H3",-0.01953125,BigWig,0.71875,0.69921875,0.01953125,1210
ENCSR824PXG,"CD8-positive, alpha-beta T cell | Histone ChIP-seq | H3",0.01953125,BigWig,0.69140625,0.7109375,0.01953125,1211
ENCSR218OEZ,T-cell | Histone ChIP-seq | H3K4me1,-0.01953125,BigWig,0.7578125,0.73828125,0.01953125,1212
ENCSR395YXN,T-cell | Histone ChIP-seq | H3K4me3,-0.01953125,BigWig,0.6953125,0.67578125,0.01953125,1213
ENCSR122VUW,"common myeloid progenitor, CD34-positive | DNase-seq",0.01953125,BigWig,0.59375,0.61328125,0.01953125,1214
ENCSR271QSV,"common myeloid progenitor, CD34-positive | DNase-seq",0.01953125,BigWig,0.58984375,0.609375,0.01953125,1215
ENCSR355PUX,"common myeloid progenitor, CD34-positive | Histone ChIP",-0.01953125,BigWig,0.94921875,0.9296875,0.01953125,1216
ENCSR681HMF,"common myeloid progenitor, CD34-positive | Histone ChIP",-0.01953125,BigWig,0.82421875,0.8046875,0.01953125,1217
ENCSR912IDH,fibroblast of breast | Histone ChIP-seq | H3K4me1,-0.01953125,BigWig,0.91796875,0.8984375,0.01953125,1218
ENCSR000AMR,fibroblast of lung | Histone ChIP-seq | H3K27ac,-0.01953125,BigWig,0.9140625,0.89453125,0.01953125,1219
ENCSR000DUW,fibroblast of mammary gland | Histone ChIP-seq | H3K4me,-0.01953125,BigWig,0.5859375,0.56640625,0.01953125,1220
ENCSR383BLX,fibroblast of skin of right biceps | DNase-seq,-0.01953125,BigWig,0.671875,0.65234375,0.01953125,1221
ENCSR217RVH,fibroblast of skin of right quadriceps | DNase-seq,-0.01953125,BigWig,0.74609375,0.7265625,0.01953125,1222
ENCSR670VQZ,fibroblast of upper back skin | DNase-seq,-0.01953125,BigWig,0.73828125,0.71875,0.01953125,1223
ENCSR417IEJ,foreskin fibroblast | Histone ChIP-seq | H3K27me3,-0.01953125,BigWig,0.87890625,0.859375,0.01953125,1224
ENCSR666TFS,foreskin keratinocyte | Histone ChIP-seq | H3K27ac,-0.01953125,BigWig,0.7734375,0.75390625,0.01953125,1225
ENCSR115BXL,foreskin keratinocyte | Histone ChIP-seq | H3K4me1,-0.01953125,BigWig,0.734375,0.71484375,0.01953125,1226
ENCSR518JGY,foreskin melanocyte | DNase-seq,-0.01953125,BigWig,0.79296875,0.7734375,0.01953125,1227
ENCSR350JZR,foreskin melanocyte | Histone ChIP-seq | H3K4me3,-0.01953125,BigWig,0.9375,0.91796875,0.01953125,1228
ENCSR970FPM,keratinocyte | Histone ChIP-seq | H3K4me3,-0.01953125,BigWig,0.6328125,0.61328125,0.01953125,1229
ENCSR218HDF,"naive thymus-derived CD4-positive, alpha-beta T cell |",-0.01953125,BigWig,0.80859375,0.7890625,0.01953125,1230
ENCSR605SXJ,"naive thymus-derived CD4-positive, alpha-beta T cell |",-0.01953125,BigWig,0.6484375,0.62890625,0.01953125,1231
ENCSR955OBN,neurosphere | Histone ChIP-seq | H3K27me3,0.01953125,BigWig,0.6875,0.70703125,0.01953125,1232
ENCSR577CDW,neurosphere | Histone ChIP-seq | H3K9me3,-0.01953125,BigWig,0.609375,0.58984375,0.01953125,1233
ENCSR434AFF,neutrophil | Histone ChIP-seq | H3K4me3,-0.01953125,BigWig,0.6796875,0.66015625,0.01953125,1234
ENCSR000EOG,pulmonary artery endothelial cell | DNase-seq,-0.01953125,BigWig,0.91796875,0.8984375,0.01953125,1235
ENCSR000ANL,skeletal muscle myoblast | Histone ChIP-seq | H3K9ac,-0.01953125,BigWig,0.640625,0.62109375,0.01953125,1236
ENCSR000ANR,skeletal muscle myoblast | Histone ChIP-seq | H3K9me3,-0.01953125,BigWig,0.7890625,0.76953125,0.01953125,1237
ENCSR819HSS,skeletal muscle satellite cell | Histone ChIP-seq | H3K,-0.01953125,BigWig,0.640625,0.62109375,0.01953125,1238
ENCSR121ZSL,trophoblast cell | DNase-seq,0.01953125,BigWig,0.6328125,0.65234375,0.01953125,1239
ENCSR809LCE,trophoblast cell | DNase-seq,0.01953125,BigWig,0.78125,0.80078125,0.01953125,1240
ENCSR837SGJ,Peyer's patch | Histone ChIP-seq | H3K27ac,0.01953125,BigWig,0.734375,0.75390625,0.01953125,1241
ENCSR642HHF,adrenal gland | Histone ChIP-seq | H3K27ac,0.01953125,BigWig,0.9296875,0.94921875,0.01953125,1242
ENCSR511GOF,adrenal gland | Histone ChIP-seq | H3K4me1,-0.01953125,BigWig,0.921875,0.90234375,0.01953125,1243
ENCSR425NQT,adrenal gland | Histone ChIP-seq | H3K4me3,-0.01953125,BigWig,0.6328125,0.61328125,0.01953125,1244
ENCSR591YVZ,angular gyrus | Histone ChIP-seq | H3K9ac,-0.01953125,BigWig,0.70703125,0.6875,0.01953125,1245
ENCSR118WIQ,brain | DNase-seq,0.01953125,BigWig,0.578125,0.59765625,0.01953125,1246
ENCSR156CLC,brain | DNase-seq,0.01953125,BigWig,0.57421875,0.59375,0.01953125,1247
ENCSR572LDG,brain | DNase-seq,0.01953125,BigWig,0.6484375,0.66796875,0.01953125,1248
ENCSR264YGM,caudate nucleus | Histone ChIP-seq | H3K4me1,0.01953125,BigWig,0.65625,0.67578125,0.01953125,1249
ENCSR486QMV,caudate nucleus | Histone ChIP-seq | H3K4me3,-0.01953125,BigWig,0.69140625,0.671875,0.01953125,1250
ENCSR109NBJ,caudate nucleus | Histone ChIP-seq | H3K9me3,0.01953125,BigWig,0.69140625,0.7109375,0.01953125,1251
ENCSR241JLU,chorion | Histone ChIP-seq | H3K27me3,-0.01953125,BigWig,0.7734375,0.75390625,0.01953125,1252
ENCSR963LVX,chorionic villus | Histone ChIP-seq | H3K27ac,-0.01953125,BigWig,0.87890625,0.859375,0.01953125,1253
ENCSR853JJZ,chorionic villus | Histone ChIP-seq | H3K27me3,-0.01953125,BigWig,0.875,0.85546875,0.01953125,1254
ENCSR117IJB,cingulate gyrus | Histone ChIP-seq | H3K4me1,0.01953125,BigWig,0.7109375,0.73046875,0.01953125,1255
ENCSR051FXN,dorsolateral prefrontal cortex | Histone ChIP-seq | H3K,-0.01953125,BigWig,0.80859375,0.7890625,0.01953125,1256
ENCSR176WAS,duodenal mucosa | Histone ChIP-seq | H3K36me3,-0.01953125,BigWig,0.96484375,0.9453125,0.01953125,1257
ENCSR948YYZ,gastrocnemius medialis | Histone ChIP-seq | H3K27ac,0.01953125,BigWig,0.6796875,0.69921875,0.01953125,1258
ENCSR423LXQ,gastrocnemius medialis | Histone ChIP-seq | H3K27me3,-0.01953125,BigWig,0.765625,0.74609375,0.01953125,1259
ENCSR148FWR,gastrocnemius medialis | Histone ChIP-seq | H3K4me1,-0.01953125,BigWig,0.66796875,0.6484375,0.01953125,1260
ENCSR697RIW,gastrocnemius medialis | Histone ChIP-seq | H3K9me3,0.01953125,BigWig,0.62109375,0.640625,0.01953125,1261
ENCSR311LLZ,heart | DNase-seq,0.01953125,BigWig,0.640625,0.66015625,0.01953125,1262
ENCSR914DOH,heart | DNase-seq,0.01953125,BigWig,0.65234375,0.671875,0.01953125,1263
ENCSR281JXC,heart | Histone ChIP-seq | H3K27me3,0.01953125,BigWig,0.51953125,0.5390625,0.01953125,1264
ENCSR385AMY,hindlimb muscle | DNase-seq,-0.01953125,BigWig,0.84765625,0.828125,0.01953125,1265
ENCSR499PZA,kidney | DNase-seq,0.01953125,BigWig,0.71484375,0.734375,0.01953125,1266
ENCSR638HSG,layer of hippocampus | Histone ChIP-seq | H3K4me1,0.01953125,BigWig,0.84375,0.86328125,0.01953125,1267
ENCSR418JIS,layer of hippocampus | Histone ChIP-seq | H3K4me3,-0.01953125,BigWig,0.8046875,0.78515625,0.01953125,1268
ENCSR422PVL,left kidney | DNase-seq,0.01953125,BigWig,0.66015625,0.6796875,0.01953125,1269
ENCSR488PHT,left lung | DNase-seq,-0.01953125,BigWig,0.7734375,0.75390625,0.01953125,1270
ENCSR935EVZ,left lung | DNase-seq,-0.01953125,BigWig,0.74609375,0.7265625,0.01953125,1271
ENCSR818JGZ,limb | DNase-seq,0.01953125,BigWig,0.6796875,0.69921875,0.01953125,1272
ENCSR458WIH,liver | Histone ChIP-seq | H3K4me3,-0.01953125,BigWig,0.703125,0.68359375,0.01953125,1273
ENCSR141IUS,lung | DNase-seq,0.01953125,BigWig,0.83203125,0.8515625,0.01953125,1274
ENCSR204NFO,lung | Histone ChIP-seq | H3K27me3,-0.01953125,BigWig,0.88671875,0.8671875,0.01953125,1275
ENCSR706IDL,midbrain | DNase-seq,0.01953125,BigWig,0.64453125,0.6640625,0.01953125,1276
ENCSR830HUE,mucosa of rectum | Histone ChIP-seq | H3K9me3,0.01953125,BigWig,0.59765625,0.6171875,0.01953125,1277
ENCSR368YAQ,mucosa of stomach | Histone ChIP-seq | H3K4me1,0.01953125,BigWig,0.7109375,0.73046875,0.01953125,1278
ENCSR168WTY,muscle layer of duodenum | Histone ChIP-seq | H3K9me3,0.01953125,BigWig,0.578125,0.59765625,0.01953125,1279
ENCSR309YDN,muscle of arm | DNase-seq,0.01953125,BigWig,0.66015625,0.6796875,0.01953125,1280
ENCSR356QCD,muscle of arm | DNase-seq,0.01953125,BigWig,0.70703125,0.7265625,0.01953125,1281
ENCSR649PJN,muscle of arm | DNase-seq,0.01953125,BigWig,0.640625,0.66015625,0.01953125,1282
ENCSR826ERZ,muscle of arm | DNase-seq,0.01953125,BigWig,0.6796875,0.69921875,0.01953125,1283
ENCSR072NBR,muscle of back | DNase-seq,0.01953125,BigWig,0.73828125,0.7578125,0.01953125,1284
ENCSR514QHN,muscle of leg | DNase-seq,0.01953125,BigWig,0.68359375,0.703125,0.01953125,1285
ENCSR622CAH,muscle of leg | DNase-seq,-0.01953125,BigWig,0.87890625,0.859375,0.01953125,1286
ENCSR449EBF,muscle of leg | Histone ChIP-seq | H3K4me1,-0.01953125,BigWig,0.953125,0.93359375,0.01953125,1287
ENCSR735SLW,parathyroid adenoma | Histone ChIP-seq | H3K27ac,0.01953125,BigWig,0.734375,0.75390625,0.01953125,1288
ENCSR370KYM,parathyroid adenoma | Histone ChIP-seq | H3K27me3,-0.01953125,BigWig,0.78515625,0.765625,0.01953125,1289
ENCSR802AJE,placenta | DNase-seq,-0.01953125,BigWig,0.81640625,0.796875,0.01953125,1290
ENCSR512GFQ,placenta | Histone ChIP-seq | H3K27me3,-0.01953125,BigWig,0.83984375,0.8203125,0.01953125,1291
ENCSR720SAS,psoas muscle | Histone ChIP-seq | H3K27me3,-0.01953125,BigWig,0.94921875,0.9296875,0.01953125,1292
ENCSR475HRT,rectal smooth muscle tissue | Histone ChIP-seq | H3K4me,0.01953125,BigWig,0.76171875,0.78125,0.01953125,1293
ENCSR445XYW,right lung | DNase-seq,-0.01953125,BigWig,0.734375,0.71484375,0.01953125,1294
ENCSR947VPG,right lung | DNase-seq,-0.01953125,BigWig,0.6796875,0.66015625,0.01953125,1295
ENCSR014VAC,right renal cortex interstitium | DNase-seq,0.01953125,BigWig,0.67578125,0.6953125,0.01953125,1296
ENCSR344VNY,skeletal muscle tissue | Histone ChIP-seq | H3K27me3,0.01953125,BigWig,0.89453125,0.9140625,0.01953125,1297
ENCSR454ERY,skeletal muscle tissue | Histone ChIP-seq | H3K27me3,0.01953125,BigWig,0.8203125,0.83984375,0.01953125,1298
ENCSR560IDY,skeletal muscle tissue | Histone ChIP-seq | H3K9ac,-0.01953125,BigWig,0.7890625,0.76953125,0.01953125,1299
ENCSR591FTM,skeletal muscle tissue | Histone ChIP-seq | H3K9me3,0.01953125,BigWig,0.79296875,0.8125,0.01953125,1300
ENCSR538JMW,small intestine | Histone ChIP-seq | H3K4me1,0.01953125,BigWig,0.640625,0.66015625,0.01953125,1301
ENCSR172PVJ,stomach | DNase-seq,0.01953125,BigWig,0.65625,0.67578125,0.01953125,1302
ENCSR608AHQ,stomach | DNase-seq,-0.01953125,BigWig,0.8359375,0.81640625,0.01953125,1303
ENCSR001SHB,stomach | Histone ChIP-seq | H3K27ac,-0.01953125,BigWig,0.76953125,0.75,0.01953125,1304
ENCSR129NCV,stomach | Histone ChIP-seq | H3K4me3,-0.01953125,BigWig,0.953125,0.93359375,0.01953125,1305
ENCSR941WHT,stomach smooth muscle | Histone ChIP-seq | H3K27me3,0.01953125,BigWig,0.7734375,0.79296875,0.01953125,1306
ENCSR295LHC,subcutaneous abdominal adipose tissue | Histone ChIP-se,-0.01953125,BigWig,0.89453125,0.875,0.01953125,1307
ENCSR286WUR,subcutaneous abdominal adipose tissue | Histone ChIP-se,0.01953125,BigWig,0.67578125,0.6953125,0.01953125,1308
ENCSR726WVB,substantia nigra | Histone ChIP-seq | H3K27ac,-0.01953125,BigWig,0.859375,0.83984375,0.01953125,1309
ENCSR058AUB,substantia nigra | Histone ChIP-seq | H3K9ac,-0.01953125,BigWig,0.7890625,0.76953125,0.01953125,1310
ENCSR608XIG,temporal lobe | Histone ChIP-seq | H3K27ac,-0.01953125,BigWig,0.73046875,0.7109375,0.01953125,1311
ENCSR541UPY,thymus | DNase-seq,0.01953125,BigWig,0.71484375,0.734375,0.01953125,1312
ENCSR544KDB,thymus | DNase-seq,0.01953125,BigWig,0.671875,0.69140625,0.01953125,1313
ENCSR682PKY,thymus | DNase-seq,0.01953125,BigWig,0.62890625,0.6484375,0.01953125,1314
ENCSR838IPF,thymus | DNase-seq,0.01953125,BigWig,0.75,0.76953125,0.01953125,1315
ENCSR776KLS,thymus | Histone ChIP-seq | H3K27ac,0.01953125,BigWig,0.6328125,0.65234375,0.01953125,1316
ENCSR308ZMD,thymus | Histone ChIP-seq | H3K4me3,0.01953125,BigWig,0.65625,0.67578125,0.01953125,1317
ENCSR761WVQ,thyroid gland | Histone ChIP-seq | H3K4me3,-0.01953125,BigWig,0.73046875,0.7109375,0.01953125,1318
ENCSR840VWD,transverse colon | Histone ChIP-seq | H3K27me3,-0.01953125,BigWig,0.77734375,0.7578125,0.01953125,1319
ENCSR101EEJ,transverse colon | Histone ChIP-seq | H3K36me3,-0.01953125,BigWig,0.89453125,0.875,0.01953125,1320
CNhs14244_P,carcinoid cell line | CAGE,0.01953125,BigWig,0.5390625,0.55859375,0.01953125,1321
CNhs11733_P,embryonic pancreas cell line | CAGE,-0.01953125,BigWig,0.56640625,0.546875,0.01953125,1322
CNhs10748_P,epidermoid carcinoma cell line | CAGE,-0.01953125,BigWig,0.58203125,0.5625,0.01953125,1323
CNhs11738_P,gastrointestinal carcinoma cell line | CAGE,-0.01953125,BigWig,0.55859375,0.5390625,0.01953125,1324
CNhs12328_P,hepatocellular carcinoma cell line | CAGE,-0.01953125,BigWig,0.55859375,0.5390625,0.01953125,1325
CNhs12351_P,testicular germ cell embryonal carcinoma cell line | CA,0.01953125,BigWig,0.5703125,0.58984375,0.01953125,1326
CNhs13195_P,CD4+CD25+CD45RA- memory regulatory T cells | CAGE,0.01953125,BigWig,0.5078125,0.52734375,0.01953125,1327
CNhs12547_P,Eosinophils | CAGE,0.01953125,BigWig,0.50390625,0.5234375,0.01953125,1328
CNhs13480_P,immature langerhans cells | CAGE,0.01953125,BigWig,0.55078125,0.5703125,0.01953125,1329
CNhs13464_P,Urethra | CAGE,-0.01953125,BigWig,0.62890625,0.609375,0.01953125,1330
CNhs11793_P,"adrenal gland, adult, pool1 | CAGE",0.01953125,BigWig,0.5390625,0.55859375,0.01953125,1331
CNhs12311_P,"amygdala, adult | CAGE",-0.01953125,BigWig,0.56640625,0.546875,0.01953125,1332
CNhs11796_P,"brain, adult | CAGE",-0.01953125,BigWig,0.54296875,0.5234375,0.01953125,1333
CNhs11797_P,"brain, fetal, pool1 | CAGE",-0.01953125,BigWig,0.53515625,0.515625,0.01953125,1334
CNhs12323_P,"cerebellum, adult | CAGE",-0.01953125,BigWig,0.578125,0.55859375,0.01953125,1335
CNhs13442_P,eye - muscle lateral | CAGE,0.01953125,BigWig,0.60546875,0.625,0.01953125,1336
CNhs13440_P,eye - vitreous humor | CAGE,0.01953125,BigWig,0.59765625,0.6171875,0.01953125,1337
CNhs13808_P,locus coeruleus - adult | CAGE,0.01953125,BigWig,0.61328125,0.6328125,0.01953125,1338
CNhs14226_P,"parietal cortex, adult | CAGE",-0.01953125,BigWig,0.55859375,0.5390625,0.01953125,1339
CNhs14074_P,"parietal lobe, newborn | CAGE",-0.01953125,BigWig,0.546875,0.52734375,0.01953125,1340
CNhs12228_P,"pineal gland, adult | CAGE",-0.01953125,BigWig,0.5625,0.54296875,0.01953125,1341
CNhs10640_P,"pons, adult, pool1 | CAGE",0.01953125,BigWig,0.6015625,0.62109375,0.01953125,1342
enhancer_Tissue_specific,enhancer Tissue specific,0.0185546875,BED,0.1240234375,0.142578125,0.0185546875,1343
ENCSR000AUI,A549 | Histone ChIP-seq | H3K27ac,-0.015625,BigWig,0.6484375,0.6328125,0.015625,1344
ENCSR000AUK,A549 | Histone ChIP-seq | H3K27me3,0.015625,BigWig,0.67578125,0.69140625,0.015625,1345
ENCSR747BYL,A673 | Histone ChIP-seq | H3K27me3,-0.015625,BigWig,0.68359375,0.66796875,0.015625,1346
ENCSR475NLR,ACC112 | Histone ChIP-seq | H3K27me3,0.015625,BigWig,0.5390625,0.5546875,0.015625,1347
ENCSR000EMB,AG10803 | DNase-seq,0.015625,BigWig,0.6640625,0.6796875,0.015625,1348
ENCSR000EMD,BE2C | DNase-seq,0.015625,BigWig,0.59375,0.609375,0.015625,1349
ENCSR000EME,BJ | DNase-seq,0.015625,BigWig,0.60546875,0.62109375,0.015625,1350
ENCSR000DQG,BJ | Histone ChIP-seq | H3K27me3,0.015625,BigWig,0.5703125,0.5859375,0.015625,1351
ENCSR741STU,DOHH2 | Histone ChIP-seq | H3K27ac,-0.015625,BigWig,0.5859375,0.5703125,0.015625,1352
ENCSR269SIA,G401 | DNase-seq,0.015625,BigWig,0.73046875,0.74609375,0.015625,1353
ENCSR000EIS,GM03348 | DNase-seq,0.015625,BigWig,0.90234375,0.91796875,0.015625,1354
ENCSR000DQT,GM06990 | Histone ChIP-seq | H3K36me3,-0.015625,BigWig,0.6484375,0.6328125,0.015625,1355
ENCSR000EMR,GM12864 | DNase-seq,0.015625,BigWig,0.72265625,0.73828125,0.015625,1356
ENCSR217TAW,GM23248 | DNase-seq,0.015625,BigWig,0.60546875,0.62109375,0.015625,1357
ENCSR964WHY,H9 | DNase-seq,-0.015625,BigWig,0.74609375,0.73046875,0.015625,1358
ENCSR516KSY,H9 | Histone ChIP-seq | H3K9me3,-0.015625,BigWig,0.76171875,0.74609375,0.015625,1359
ENCSR179BUC,HCT116 | Histone ChIP-seq | H3K9me3,0.015625,BigWig,0.60546875,0.62109375,0.015625,1360
ENCSR262NQD,HUES48 | Histone ChIP-seq | H3K27me3,-0.015625,BigWig,0.671875,0.65625,0.015625,1361
ENCSR153SGD,HUES48 | Histone ChIP-seq | H3K4me3,-0.015625,BigWig,0.60546875,0.58984375,0.015625,1362
ENCSR315IRO,HUES6 | Histone ChIP-seq | H3K27ac,-0.015625,BigWig,0.94140625,0.92578125,0.015625,1363
ENCSR176ABZ,HUES6 | Histone ChIP-seq | H3K4me3,-0.015625,BigWig,0.6328125,0.6171875,0.015625,1364
ENCSR634MAK,HUES64 | Histone ChIP-seq | H3K27me3,-0.015625,BigWig,0.65625,0.640625,0.015625,1365
ENCSR000AOH,HeLa-S3 | Histone ChIP-seq | H3K9ac,0.015625,BigWig,0.8046875,0.8203125,0.015625,1366
ENCSR149XIL,HepG2 | DNase-seq,-0.015625,BigWig,0.70703125,0.69140625,0.015625,1367
ENCSR000AMD,HepG2 | Histone ChIP-seq | H3K9ac,-0.015625,BigWig,0.69921875,0.68359375,0.015625,1368
ENCSR831JSP,IMR-90 | Histone ChIP-seq | H3K4me1,-0.015625,BigWig,0.92578125,0.91015625,0.015625,1369
ENCSR000EKP,K562 | DNase-seq,-0.015625,BigWig,0.90625,0.890625,0.015625,1370
ENCSR668LDD,K562 | Histone ChIP-seq | H3K4me3,-0.015625,BigWig,0.6875,0.671875,0.015625,1371
ENCSR503BEM,LoVo | DNase-seq,-0.015625,BigWig,0.703125,0.6875,0.015625,1372
ENCSR183CQK,Loucy | Histone ChIP-seq | H3K27me3,-0.015625,BigWig,0.78125,0.765625,0.015625,1373
ENCSR761DLU,MCF-7 | Histone ChIP-seq | H3K27me3,-0.015625,BigWig,0.75390625,0.73828125,0.015625,1374
ENCSR662HMO,NAMALWA | DNase-seq,0.015625,BigWig,0.65625,0.671875,0.015625,1375
ENCSR189AGR,OCI-LY1 | Histone ChIP-seq | H3K9me3,-0.015625,BigWig,0.75390625,0.73828125,0.015625,1376
ENCSR857GMX,OCI-LY3 | Histone ChIP-seq | H3K27ac,0.015625,BigWig,0.56640625,0.58203125,0.015625,1377
ENCSR849APH,PC-3 | Histone ChIP-seq | H3K36me3,0.015625,BigWig,0.90234375,0.91796875,0.015625,1378
ENCSR769FOC,PC-9 | Histone ChIP-seq | H3K27ac,0.015625,BigWig,0.58984375,0.60546875,0.015625,1379
ENCSR000FCO,Panc1 | Histone ChIP-seq | H3K27me3,0.015625,BigWig,0.65234375,0.66796875,0.015625,1380
ENCSR008SDL,SK-MEL-5 | DNase-seq,0.015625,BigWig,0.66796875,0.68359375,0.015625,1381
ENCSR494LJG,SU-DHL-6 | Histone ChIP-seq | H3K4me3,-0.015625,BigWig,0.69921875,0.68359375,0.015625,1382
ENCSR000DXZ,WI38 | Histone ChIP-seq | H3K4me3,-0.015625,BigWig,0.5625,0.546875,0.015625,1383
ENCSR888WZL,iPS DF 19.11 | Histone ChIP-seq | H3K4me3,-0.015625,BigWig,0.96875,0.953125,0.015625,1384
ENCSR916MHZ,iPS DF 6.9 | Histone ChIP-seq | H3K27me3,-0.015625,BigWig,0.75,0.734375,0.015625,1385
ENCSR848EZM,iPS-15b | Histone ChIP-seq | H3K9ac,-0.015625,BigWig,0.875,0.859375,0.015625,1386
ENCSR505JQC,iPS-18a | Histone ChIP-seq | H3K4me3,-0.015625,BigWig,0.60546875,0.58984375,0.015625,1387
ENCSR842ASU,iPS-18a | Histone ChIP-seq | H3K9ac,-0.015625,BigWig,0.7265625,0.7109375,0.015625,1388
ENCSR034LMV,iPS-18c | Histone ChIP-seq | H3K9me3,-0.015625,BigWig,0.8671875,0.8515625,0.015625,1389
ENCSR000EKK,iPS-NIHi7 | DNase-seq,-0.015625,BigWig,0.94921875,0.93359375,0.015625,1390
ENCSR405TXU,adipocyte | DNase-seq,0.015625,BigWig,0.6328125,0.6484375,0.015625,1391
ENCSR769HUN,adipocyte | Histone ChIP-seq | H3K27me3,0.015625,BigWig,0.578125,0.59375,0.015625,1392
ENCSR849YFO,bipolar neuron | Histone ChIP-seq | H3K4me3,-0.015625,BigWig,0.6328125,0.6171875,0.015625,1393
ENCSR592ETL,bipolar neuron | Histone ChIP-seq | H3K9ac,-0.015625,BigWig,0.67578125,0.66015625,0.015625,1394
ENCSR864LRY,cardiac muscle cell | Histone ChIP-seq | H3K27me3,0.015625,BigWig,0.6796875,0.6953125,0.015625,1395
ENCSR200ETW,endodermal cell | Histone ChIP-seq | H3K27ac,-0.015625,BigWig,0.953125,0.9375,0.015625,1396
ENCSR037RJI,endodermal cell | Histone ChIP-seq | H3K4me1,0.015625,BigWig,0.8125,0.828125,0.015625,1397
ENCSR000EMK,hematopoietic multipotent progenitor cell | DNase-seq,0.015625,BigWig,0.58203125,0.59765625,0.015625,1398
ENCSR420NOA,hematopoietic multipotent progenitor cell | DNase-seq,-0.015625,BigWig,0.69921875,0.68359375,0.015625,1399
ENCSR664KWY,mesendoderm | Histone ChIP-seq | H3K4me1,-0.015625,BigWig,0.82421875,0.80859375,0.015625,1400
ENCSR290EHP,mid-neurogenesis radial glial cells | Histone ChIP-seq,0.015625,BigWig,0.84765625,0.86328125,0.015625,1401
ENCSR000ANZ,myotube | Histone ChIP-seq | H3K4me3,-0.015625,BigWig,0.69140625,0.67578125,0.015625,1402
ENCSR124VOE,neural cell | Histone ChIP-seq | H3K27ac,0.015625,BigWig,0.78125,0.796875,0.015625,1403
ENCSR608VNA,neural cell | Histone ChIP-seq | H3K4me3,-0.015625,BigWig,0.73828125,0.72265625,0.015625,1404
ENCSR405NQJ,neural cell | Histone ChIP-seq | H3K9me3,-0.015625,BigWig,0.75390625,0.73828125,0.015625,1405
ENCSR661MUS,neural progenitor cell | Histone ChIP-seq | H3K4me3,-0.015625,BigWig,0.640625,0.625,0.015625,1406
ENCSR000DQP,B cell | Histone ChIP-seq | H3K4me3,-0.015625,BigWig,0.64453125,0.62890625,0.015625,1407
ENCSR939UQD,B cell | Histone ChIP-seq | H3K4me3,-0.015625,BigWig,0.7578125,0.7421875,0.015625,1408
ENCSR000ASN,CD14-positive monocyte | Histone ChIP-seq | H3K4me3,-0.015625,BigWig,0.65625,0.640625,0.015625,1409
ENCSR796FCS,CD14-positive monocyte | Histone ChIP-seq | H3K4me3,-0.015625,BigWig,0.6953125,0.6796875,0.015625,1410
ENCSR236JVK,CD14-positive monocyte | Histone ChIP-seq | H3K9me3,-0.015625,BigWig,0.91015625,0.89453125,0.015625,1411
ENCSR569ATD,"CD4-positive, alpha-beta T cell | DNase-seq",-0.015625,BigWig,0.69140625,0.67578125,0.015625,1412
ENCSR138DOM,"CD4-positive, alpha-beta T cell | Histone ChIP-seq | H3",0.015625,BigWig,0.5859375,0.6015625,0.015625,1413
ENCSR546SDM,"CD4-positive, alpha-beta T cell | Histone ChIP-seq | H3",0.015625,BigWig,0.734375,0.75,0.015625,1414
ENCSR692ICP,"CD4-positive, alpha-beta T cell | Histone ChIP-seq | H3",0.015625,BigWig,0.63671875,0.65234375,0.015625,1415
ENCSR840TVG,"CD8-positive, alpha-beta T cell | DNase-seq",-0.015625,BigWig,0.65625,0.640625,0.015625,1416
ENCSR681OSD,"CD8-positive, alpha-beta T cell | Histone ChIP-seq | H3",-0.015625,BigWig,0.58203125,0.56640625,0.015625,1417
ENCSR851DHU,"CD8-positive, alpha-beta T cell | Histone ChIP-seq | H3",-0.015625,BigWig,0.73828125,0.72265625,0.015625,1418
ENCSR905SHH,"CD8-positive, alpha-beta T cell | Histone ChIP-seq | H3",0.015625,BigWig,0.65625,0.671875,0.015625,1419
ENCSR414IHC,T-cell | DNase-seq,-0.015625,BigWig,0.6875,0.671875,0.015625,1420
ENCSR222QLW,T-cell | Histone ChIP-seq | H3K27ac,0.015625,BigWig,0.63671875,0.65234375,0.015625,1421
ENCSR207TUX,amniotic stem cell | DNase-seq,0.015625,BigWig,0.6953125,0.7109375,0.015625,1422
ENCSR191EII,"common myeloid progenitor, CD34-positive | DNase-seq",0.015625,BigWig,0.546875,0.5625,0.015625,1423
ENCSR468ZXN,"common myeloid progenitor, CD34-positive | DNase-seq",0.015625,BigWig,0.5234375,0.5390625,0.015625,1424
ENCSR038GYF,"common myeloid progenitor, CD34-positive | Histone ChIP",0.015625,BigWig,0.62109375,0.63671875,0.015625,1425
ENCSR245ZCU,"common myeloid progenitor, CD34-positive | Histone ChIP",-0.015625,BigWig,0.5703125,0.5546875,0.015625,1426
ENCSR368ZJL,"effector memory CD4-positive, alpha-beta T cell | Histo",-0.015625,BigWig,0.90234375,0.88671875,0.015625,1427
ENCSR000AKN,endothelial cell of umbilical vein | Histone ChIP-seq |,0.015625,BigWig,0.56640625,0.58203125,0.015625,1428
ENCSR403KAA,fibroblast of breast | Histone ChIP-seq | H3K4me3,-0.015625,BigWig,0.6171875,0.6015625,0.015625,1429
ENCSR371KRY,fibroblast of skin of left quadriceps | DNase-seq,-0.015625,BigWig,0.69921875,0.68359375,0.015625,1430
ENCSR555TFE,fibroblast of skin of left quadriceps | DNase-seq,-0.015625,BigWig,0.66796875,0.65234375,0.015625,1431
ENCSR153LHP,foreskin fibroblast | DNase-seq,0.015625,BigWig,0.58984375,0.60546875,0.015625,1432
ENCSR251UPG,foreskin fibroblast | DNase-seq,0.015625,BigWig,0.58203125,0.59765625,0.015625,1433
ENCSR285UTJ,foreskin fibroblast | Histone ChIP-seq | H3K27me3,-0.015625,BigWig,0.91015625,0.89453125,0.015625,1434
ENCSR089TWS,foreskin keratinocyte | Histone ChIP-seq | H3K36me3,0.015625,BigWig,0.97265625,0.98828125,0.015625,1435
ENCSR075OQB,foreskin keratinocyte | Histone ChIP-seq | H3K4me3,-0.015625,BigWig,0.83984375,0.82421875,0.015625,1436
ENCSR172FMH,foreskin keratinocyte | Histone ChIP-seq | H3K4me3,-0.015625,BigWig,0.62109375,0.60546875,0.015625,1437
ENCSR434OBM,foreskin melanocyte | DNase-seq,-0.015625,BigWig,0.734375,0.71875,0.015625,1438
ENCSR353LBX,foreskin melanocyte | Histone ChIP-seq | H3K9me3,0.015625,BigWig,0.67578125,0.69140625,0.015625,1439
ENCSR196LEI,mesenchymal stem cell | Histone ChIP-seq | H3K4me1,-0.015625,BigWig,0.71875,0.703125,0.015625,1440
ENCSR813ULW,myoepithelial cell of mammary gland | Histone ChIP-seq,0.015625,BigWig,0.71875,0.734375,0.015625,1441
ENCSR485URZ,"naive thymus-derived CD4-positive, alpha-beta T cell |",-0.015625,BigWig,0.796875,0.78125,0.015625,1442
ENCSR224LFY,"naive thymus-derived CD4-positive, alpha-beta T cell |",0.015625,BigWig,0.671875,0.6875,0.015625,1443
ENCSR276ZSL,"naive thymus-derived CD4-positive, alpha-beta T cell |",0.015625,BigWig,0.625,0.640625,0.015625,1444
ENCSR723JLG,natural killer cell | DNase-seq,-0.015625,BigWig,0.63671875,0.62109375,0.015625,1445
ENCSR293MTQ,neurosphere | Histone ChIP-seq | H3K4me3,-0.015625,BigWig,0.98046875,0.96484375,0.015625,1446
ENCSR741FTW,neurosphere | Histone ChIP-seq | H3K9me3,-0.015625,BigWig,0.61328125,0.59765625,0.015625,1447
ENCSR524RIH,neutrophil | Histone ChIP-seq | H3K9me3,0.015625,BigWig,0.77734375,0.79296875,0.015625,1448
ENCSR000APL,osteoblast | Histone ChIP-seq | H3K9me3,-0.015625,BigWig,0.72265625,0.70703125,0.015625,1449
ENCSR105EMQ,peripheral blood mononuclear cell | Histone ChIP-seq |,0.015625,BigWig,0.75390625,0.76953125,0.015625,1450
ENCSR390SFH,peripheral blood mononuclear cell | Histone ChIP-seq |,-0.015625,BigWig,0.93359375,0.91796875,0.015625,1451
ENCSR449SFZ,peripheral blood mononuclear cell | Histone ChIP-seq |,0.015625,BigWig,0.8203125,0.8359375,0.015625,1452
ENCSR992ODD,peripheral blood mononuclear cell | Histone ChIP-seq |,-0.015625,BigWig,0.734375,0.71875,0.015625,1453
ENCSR000ANG,skeletal muscle myoblast | Histone ChIP-seq | H3K27me3,0.015625,BigWig,0.59375,0.609375,0.015625,1454
ENCSR584LUZ,Ammon's horn | DNase-seq,0.015625,BigWig,0.8828125,0.8984375,0.015625,1455
ENCSR177QFY,adrenal gland | Histone ChIP-seq | H3K27ac,0.015625,BigWig,0.6953125,0.7109375,0.015625,1456
ENCSR234YIU,adrenal gland | Histone ChIP-seq | H3K4me3,-0.015625,BigWig,0.8359375,0.8203125,0.015625,1457
ENCSR322TJD,aorta | Histone ChIP-seq | H3K27ac,-0.015625,BigWig,0.8203125,0.8046875,0.015625,1458
ENCSR202XTW,ascending aorta | Histone ChIP-seq | H3K4me1,0.015625,BigWig,0.75390625,0.76953125,0.015625,1459
ENCSR596PFU,body of pancreas | Histone ChIP-seq | H3K27ac,-0.015625,BigWig,0.78125,0.765625,0.015625,1460
ENCSR187PYY,brain | DNase-seq,0.015625,BigWig,0.625,0.640625,0.015625,1461
ENCSR309FOO,brain | DNase-seq,0.015625,BigWig,0.5703125,0.5859375,0.015625,1462
ENCSR344FLH,brain | DNase-seq,-0.015625,BigWig,0.7109375,0.6953125,0.015625,1463
ENCSR649KBB,brain | DNase-seq,0.015625,BigWig,0.6015625,0.6171875,0.015625,1464
ENCSR829NJE,brain | Histone ChIP-seq | H3K9me3,0.015625,BigWig,0.6015625,0.6171875,0.015625,1465
ENCSR503HIB,cerebellar cortex | DNase-seq,0.015625,BigWig,0.69140625,0.70703125,0.015625,1466
ENCSR244MNY,chorion | Histone ChIP-seq | H3K4me1,0.015625,BigWig,0.8125,0.828125,0.015625,1467
ENCSR746ZXP,chorionic villus | Histone ChIP-seq | H3K27me3,-0.015625,BigWig,0.890625,0.875,0.015625,1468
ENCSR355UYP,cingulate gyrus | Histone ChIP-seq | H3K27ac,-0.015625,BigWig,0.8203125,0.8046875,0.015625,1469
ENCSR564RWY,colonic mucosa | Histone ChIP-seq | H3K27me3,-0.015625,BigWig,0.953125,0.9375,0.015625,1470
ENCSR714BDG,colonic mucosa | Histone ChIP-seq | H3K4me1,0.015625,BigWig,0.72265625,0.73828125,0.015625,1471
ENCSR157EML,dorsolateral prefrontal cortex | Histone ChIP-seq | H3K,-0.015625,BigWig,0.7109375,0.6953125,0.015625,1472
ENCSR405FZE,duodenal mucosa | Histone ChIP-seq | H3K27ac,-0.015625,BigWig,0.80078125,0.78515625,0.015625,1473
ENCSR203BQB,duodenal mucosa | Histone ChIP-seq | H3K9me3,0.015625,BigWig,0.640625,0.65625,0.015625,1474
ENCSR746QFI,duodenal mucosa | Histone ChIP-seq | H3K9me3,0.015625,BigWig,0.57421875,0.58984375,0.015625,1475
ENCSR370RJP,endocrine pancreas | Histone ChIP-seq | H3K36me3,-0.015625,BigWig,0.96484375,0.94921875,0.015625,1476
ENCSR292WQY,endocrine pancreas | Histone ChIP-seq | H3K4me1,-0.015625,BigWig,0.58984375,0.57421875,0.015625,1477
ENCSR088GXB,esophagus | Histone ChIP-seq | H3K27me3,-0.015625,BigWig,0.80078125,0.78515625,0.015625,1478
ENCSR279MCN,esophagus | Histone ChIP-seq | H3K36me3,-0.015625,BigWig,0.92578125,0.91015625,0.015625,1479
ENCSR121RSS,esophagus squamous epithelium | Histone ChIP-seq | H3K4,0.015625,BigWig,0.69921875,0.71484375,0.015625,1480
ENCSR736ALU,gastrocnemius medialis | Histone ChIP-seq | H3K27ac,0.015625,BigWig,0.7421875,0.7578125,0.015625,1481
ENCSR101NFY,gastrocnemius medialis | Histone ChIP-seq | H3K36me3,0.015625,BigWig,0.8203125,0.8359375,0.015625,1482
ENCSR161HZJ,gastrocnemius medialis | Histone ChIP-seq | H3K4me1,-0.015625,BigWig,0.63671875,0.62109375,0.015625,1483
ENCSR776EAH,gastrocnemius medialis | Histone ChIP-seq | H3K4me1,-0.015625,BigWig,0.69140625,0.67578125,0.015625,1484
ENCSR771DAX,globus pallidus | DNase-seq,0.015625,BigWig,0.6953125,0.7109375,0.015625,1485
ENCSR480OFK,heart | Histone ChIP-seq | H3K4me1,-0.015625,BigWig,0.8515625,0.8359375,0.015625,1486
ENCSR676ZKW,heart | Histone ChIP-seq | H3K4me1,0.015625,BigWig,0.73828125,0.75390625,0.015625,1487
ENCSR085FXN,heart | Histone ChIP-seq | H3K9ac,-0.015625,BigWig,0.83203125,0.81640625,0.015625,1488
ENCSR028NXO,heart right ventricle | Histone ChIP-seq | H3K27ac,-0.015625,BigWig,0.96484375,0.94921875,0.015625,1489
ENCSR645GJD,kidney | DNase-seq,0.015625,BigWig,0.703125,0.71875,0.015625,1490
ENCSR941DTJ,kidney | DNase-seq,0.015625,BigWig,0.80078125,0.81640625,0.015625,1491
ENCSR230BWN,kidney | Histone ChIP-seq | H3K27ac,0.015625,BigWig,0.73828125,0.75390625,0.015625,1492
ENCSR378HAM,kidney | Histone ChIP-seq | H3K9me3,0.015625,BigWig,0.65625,0.671875,0.015625,1493
ENCSR659RHV,large intestine | Histone ChIP-seq | H3K27ac,0.015625,BigWig,0.56640625,0.58203125,0.015625,1494
ENCSR960EJV,left lung | DNase-seq,-0.015625,BigWig,0.7109375,0.6953125,0.015625,1495
ENCSR158YXM,liver | DNase-seq,0.015625,BigWig,0.73046875,0.74609375,0.015625,1496
ENCSR666FYM,liver | Histone ChIP-seq | H3K27me3,0.015625,BigWig,0.76171875,0.77734375,0.015625,1497
ENCSR021BCU,liver | Histone ChIP-seq | H3K9ac,-0.015625,BigWig,0.6015625,0.5859375,0.015625,1498
ENCSR141VGA,lung | DNase-seq,-0.015625,BigWig,0.640625,0.625,0.015625,1499
ENCSR582IPV,lung | DNase-seq,-0.015625,BigWig,0.7109375,0.6953125,0.015625,1500
ENCSR253WMN,mucosa of rectum | Histone ChIP-seq | H3K9me3,0.015625,BigWig,0.66015625,0.67578125,0.015625,1501
ENCSR381EFC,muscle layer of colon | Histone ChIP-seq | H3K27me3,-0.015625,BigWig,0.75,0.734375,0.015625,1502
ENCSR756RGW,muscle layer of colon | Histone ChIP-seq | H3K9ac,-0.015625,BigWig,0.76171875,0.74609375,0.015625,1503
ENCSR929AXP,muscle layer of duodenum | Histone ChIP-seq | H3K27me3,-0.015625,BigWig,0.84765625,0.83203125,0.015625,1504
ENCSR062DXC,muscle of arm | DNase-seq,0.015625,BigWig,0.71875,0.734375,0.015625,1505
ENCSR619BNL,muscle of arm | DNase-seq,0.015625,BigWig,0.71484375,0.73046875,0.015625,1506
ENCSR949JYS,muscle of arm | DNase-seq,0.015625,BigWig,0.6953125,0.7109375,0.015625,1507
ENCSR033STL,muscle of back | DNase-seq,-0.015625,BigWig,0.8203125,0.8046875,0.015625,1508
ENCSR033DQS,muscle of leg | DNase-seq,0.015625,BigWig,0.69921875,0.71484375,0.015625,1509
ENCSR059LXL,muscle of leg | DNase-seq,0.015625,BigWig,0.703125,0.71875,0.015625,1510
ENCSR294QCR,muscle of leg | DNase-seq,0.015625,BigWig,0.6875,0.703125,0.015625,1511
ENCSR937RVN,muscle of leg | DNase-seq,0.015625,BigWig,0.61328125,0.62890625,0.015625,1512
ENCSR859CZM,occipital lobe | DNase-seq,0.015625,BigWig,0.60546875,0.62109375,0.015625,1513
ENCSR612BWE,pancreas | Histone ChIP-seq | H3K27ac,-0.015625,BigWig,0.828125,0.8125,0.015625,1514
ENCSR434NUA,parathyroid adenoma | Histone ChIP-seq | H3K4me1,0.015625,BigWig,0.69921875,0.71484375,0.015625,1515
ENCSR688SJY,parathyroid adenoma | Histone ChIP-seq | H3K9me3,0.015625,BigWig,0.63671875,0.65234375,0.015625,1516
ENCSR273NXD,placenta | Histone ChIP-seq | H3K27me3,-0.015625,BigWig,0.93359375,0.91796875,0.015625,1517
ENCSR480WMC,placenta | Histone ChIP-seq | H3K4me1,-0.015625,BigWig,0.8828125,0.8671875,0.015625,1518
ENCSR599EKW,placenta | Histone ChIP-seq | H3K9me3,-0.015625,BigWig,0.921875,0.90625,0.015625,1519
ENCSR047AFY,placental basal plate | Histone ChIP-seq | H3K27me3,-0.015625,BigWig,0.88671875,0.87109375,0.015625,1520
ENCSR481QER,placental basal plate | Histone ChIP-seq | H3K4me1,-0.015625,BigWig,0.92578125,0.91015625,0.015625,1521
ENCSR277PDE,psoas muscle | Histone ChIP-seq | H3K36me3,-0.015625,BigWig,0.92578125,0.91015625,0.015625,1522
ENCSR656QYL,renal cortex interstitium | DNase-seq,0.015625,BigWig,0.75390625,0.76953125,0.015625,1523
ENCSR849OKE,renal cortex interstitium | DNase-seq,0.015625,BigWig,0.66796875,0.68359375,0.015625,1524
ENCSR301RCD,renal pelvis | DNase-seq,0.015625,BigWig,0.7265625,0.7421875,0.015625,1525
ENCSR956ZHU,renal pelvis | DNase-seq,0.015625,BigWig,0.7421875,0.7578125,0.015625,1526
ENCSR596BHN,right cardiac atrium | Histone ChIP-seq | H3K9me3,-0.015625,BigWig,0.82421875,0.80859375,0.015625,1527
ENCSR614JFD,right lobe of liver | Histone ChIP-seq | H3K9me3,0.015625,BigWig,0.67578125,0.69140625,0.015625,1528
ENCSR846CTA,right lung | DNase-seq,-0.015625,BigWig,0.62109375,0.60546875,0.015625,1529
ENCSR042RIW,sigmoid colon | Histone ChIP-seq | H3K27me3,-0.015625,BigWig,0.96484375,0.94921875,0.015625,1530
ENCSR751JOQ,sigmoid colon | Histone ChIP-seq | H3K36me3,-0.015625,BigWig,0.98046875,0.96484375,0.015625,1531
ENCSR346KKE,skeletal muscle tissue | Histone ChIP-seq | H3K4me3,-0.015625,BigWig,0.72265625,0.70703125,0.015625,1532
ENCSR083FBK,small intestine | DNase-seq,0.015625,BigWig,0.5859375,0.6015625,0.015625,1533
ENCSR931UQB,small intestine | DNase-seq,0.015625,BigWig,0.59765625,0.61328125,0.015625,1534
ENCSR655XLM,small intestine | Histone ChIP-seq | H3K27ac,-0.015625,BigWig,0.69921875,0.68359375,0.015625,1535
ENCSR877PAS,small intestine | Histone ChIP-seq | H3K27me3,-0.015625,BigWig,0.89453125,0.87890625,0.015625,1536
ENCSR788SOI,spinal cord | DNase-seq,0.015625,BigWig,0.671875,0.6875,0.015625,1537
ENCSR086XCT,spleen | Histone ChIP-seq | H3K27ac,0.015625,BigWig,0.8046875,0.8203125,0.015625,1538
ENCSR115TSA,spleen | Histone ChIP-seq | H3K4me1,0.015625,BigWig,0.58984375,0.60546875,0.015625,1539
ENCSR105URN,spleen | Histone ChIP-seq | H3K9me3,0.015625,BigWig,0.6328125,0.6484375,0.015625,1540
ENCSR217CEY,stomach smooth muscle | Histone ChIP-seq | H3K27me3,-0.015625,BigWig,0.7734375,0.7578125,0.015625,1541
ENCSR146JLC,subcutaneous abdominal adipose tissue | Histone ChIP-se,-0.015625,BigWig,0.84375,0.828125,0.015625,1542
ENCSR213APK,subcutaneous abdominal adipose tissue | Histone ChIP-se,0.015625,BigWig,0.62109375,0.63671875,0.015625,1543
ENCSR405YYG,temporal lobe | Histone ChIP-seq | H3K9me3,-0.015625,BigWig,0.82421875,0.80859375,0.015625,1544
ENCSR015GFK,thoracic aorta | Histone ChIP-seq | H3K27ac,-0.015625,BigWig,0.91796875,0.90234375,0.015625,1545
ENCSR303IKJ,thymus | Histone ChIP-seq | H3K27ac,-0.015625,BigWig,0.8203125,0.8046875,0.015625,1546
ENCSR908DTR,thyroid gland | Histone ChIP-seq | H3K36me3,-0.015625,BigWig,0.75390625,0.73828125,0.015625,1547
ENCSR064LHU,thyroid gland | Histone ChIP-seq | H3K4me1,0.015625,BigWig,0.703125,0.71875,0.015625,1548
ENCSR611YUJ,tibial nerve | Histone ChIP-seq | H3K27me3,-0.015625,BigWig,0.734375,0.71875,0.015625,1549
ENCSR791LZY,transverse colon | Histone ChIP-seq | H3K4me1,0.015625,BigWig,0.6953125,0.7109375,0.015625,1550
ENCSR249INE,uterus | Histone ChIP-seq | H3K27ac,-0.015625,BigWig,0.86328125,0.84765625,0.015625,1551
CNhs11838_P,alveolar cell carcinoma cell line | CAGE,-0.015625,BigWig,0.60546875,0.58984375,0.015625,1552
CNhs11889_P,anaplastic squamous cell carcinoma cell line | CAGE,-0.015625,BigWig,0.5234375,0.5078125,0.015625,1553
CNhs10736_P,breast carcinoma cell line | CAGE,0.015625,BigWig,0.5078125,0.5234375,0.015625,1554
CNhs11841_P,bronchogenic carcinoma cell line | CAGE,-0.015625,BigWig,0.56640625,0.55078125,0.015625,1555
CNhs11846_P,carcinoid cell line | CAGE,-0.015625,BigWig,0.52734375,0.51171875,0.015625,1556
CNhs11747_P,carcinosarcoma cell line | CAGE,-0.015625,BigWig,0.5390625,0.5234375,0.015625,1557
CNhs11288_P,cervical cancer cell line | CAGE,-0.015625,BigWig,0.56640625,0.55078125,0.015625,1558
CNhs11046_P,embryonic kidney cell line | CAGE,-0.015625,BigWig,0.54296875,0.52734375,0.015625,1559
CNhs11047_P,embryonic kidney cell line | CAGE,-0.015625,BigWig,0.546875,0.53125,0.015625,1560
CNhs11843_P,hairy cell leukemia cell line | CAGE,0.015625,BigWig,0.5546875,0.5703125,0.015625,1561
CNhs12192_P,leiomyosarcoma cell line | CAGE,-0.015625,BigWig,0.60546875,0.58984375,0.015625,1562
CNhs10726_P,lung adenocarcinoma cell line | CAGE,0.015625,BigWig,0.515625,0.53125,0.015625,1563
CNhs10730_P,malignant trichilemmal cyst cell line | CAGE,0.015625,BigWig,0.50390625,0.51953125,0.015625,1564
CNhs11284_P,neuroblastoma cell line | CAGE,-0.015625,BigWig,0.55078125,0.53515625,0.015625,1565
CNhs11853_P,neuroepithelioma cell line | CAGE,-0.015625,BigWig,0.54296875,0.52734375,0.015625,1566
CNhs13215_P,CD4+CD25-CD45RA- memory conventional T cells expanded |,0.015625,BigWig,0.50390625,0.51953125,0.015625,1567
CNhs10861_P,Macrophage - monocyte derived | CAGE,-0.015625,BigWig,0.56640625,0.55078125,0.015625,1568
CNhs11065_P,Preadipocyte - omental | CAGE,-0.015625,BigWig,1.0,0.984375,0.015625,1569
CNhs11075_P,"Whole blood (ribopure), donation1 | CAGE",0.015625,BigWig,0.515625,0.53125,0.015625,1570
CNhs11076_P,"Whole blood (ribopure), donation2 | CAGE",0.015625,BigWig,0.515625,0.53125,0.015625,1571
CNhs12840_P,"cerebral meninges, adult | CAGE",-0.015625,BigWig,0.65625,0.640625,0.015625,1572
CNhs12315_P,"medulla oblongata, adult | CAGE",-0.015625,BigWig,0.62890625,0.61328125,0.015625,1573
CNhs11756_P,"pancreas, adult | CAGE",-0.015625,BigWig,0.5625,0.546875,0.015625,1574
CNhs12324_P,"putamen, adult | CAGE",-0.015625,BigWig,0.56640625,0.55078125,0.015625,1575
CNhs12227_P,"spinal cord, adult | CAGE",-0.015625,BigWig,0.59375,0.578125,0.015625,1576
CNhs12318_P,"substantia nigra, adult | CAGE",-0.015625,BigWig,0.6015625,0.5859375,0.015625,1577
CNhs14223_P,"thalamus, adult, tech  | CAGE",0.015625,BigWig,0.54296875,0.55859375,0.015625,1578
polyA_signal,polyA signal,0.01361083984375,BED,0.01361083984375,0.0272216796875,0.01361083984375,1579
ENCSR000ASH,A549 | Histone ChIP-seq | H3K4me3,-0.01171875,BigWig,0.59375,0.58203125,0.01171875,1580
ENCSR000AST,A549 | Histone ChIP-seq | H3K4me3,-0.01171875,BigWig,0.5546875,0.54296875,0.01171875,1581
ENCSR988EGR,A673 | Histone ChIP-seq | H3K9me3,0.01171875,BigWig,0.578125,0.58984375,0.01171875,1582
ENCSR000EMA,AG09319 | DNase-seq,-0.01171875,BigWig,0.734375,0.72265625,0.01171875,1583
ENCSR000DQK,Caco-2 | Histone ChIP-seq | H3K36me3,-0.01171875,BigWig,0.9296875,0.91796875,0.01171875,1584
ENCSR350RYG,DOHH2 | Histone ChIP-seq | H3K27me3,-0.01171875,BigWig,0.8984375,0.88671875,0.01171875,1585
ENCSR000DQV,GM06990 | Histone ChIP-seq | H3K4me3,-0.01171875,BigWig,0.609375,0.59765625,0.01171875,1586
ENCSR000DRC,GM12865 | Histone ChIP-seq | H3K4me3,-0.01171875,BigWig,0.59375,0.58203125,0.01171875,1587
ENCSR000AKC,GM12878 | Histone ChIP-seq | H3K27ac,0.01171875,BigWig,0.5625,0.57421875,0.01171875,1588
ENCSR000AKA,GM12878 | Histone ChIP-seq | H3K4me3,0.01171875,BigWig,0.62890625,0.640625,0.01171875,1589
ENCSR007YOT,GM23248 | Histone ChIP-seq | H3K27ac,-0.01171875,BigWig,0.84765625,0.8359375,0.01171875,1590
ENCSR866KFY,GM23248 | Histone ChIP-seq | H3K27me3,0.01171875,BigWig,0.58984375,0.6015625,0.01171875,1591
ENCSR275ICP,H9 | DNase-seq,0.01171875,BigWig,0.9296875,0.94140625,0.01171875,1592
ENCSR754LIN,H9 | DNase-seq,-0.01171875,BigWig,0.7109375,0.69921875,0.01171875,1593
ENCSR943SYS,H9 | DNase-seq,-0.01171875,BigWig,0.6953125,0.68359375,0.01171875,1594
ENCSR888OSH,HUES48 | Histone ChIP-seq | H3K4me1,0.01171875,BigWig,0.63671875,0.6484375,0.01171875,1595
ENCSR845WAQ,HUES64 | Histone ChIP-seq | H3K4me1,0.01171875,BigWig,0.65625,0.66796875,0.01171875,1596
ENCSR000DTY,HeLa-S3 | Histone ChIP-seq | H3K27me3,-0.01171875,BigWig,0.828125,0.81640625,0.01171875,1597
ENCSR340WQU,HeLa-S3 | Histone ChIP-seq | H3K4me3,-0.01171875,BigWig,0.703125,0.69140625,0.01171875,1598
ENCSR000EJV,HepG2 | DNase-seq,-0.01171875,BigWig,0.96875,0.95703125,0.01171875,1599
ENCSR000AMP,HepG2 | Histone ChIP-seq | H3K4me3,-0.01171875,BigWig,0.6015625,0.58984375,0.01171875,1600
ENCSR000ATD,HepG2 | Histone ChIP-seq | H3K9me3,0.01171875,BigWig,0.5546875,0.56640625,0.01171875,1601
ENCSR055ZZY,IMR-90 | Histone ChIP-seq | H3K9me3,-0.01171875,BigWig,0.71875,0.70703125,0.01171875,1602
ENCSR000AKR,K562 | Histone ChIP-seq | H3K36me3,0.01171875,BigWig,0.51953125,0.53125,0.01171875,1603
ENCSR719FEJ,KOPT-K1 | Histone ChIP-seq | H3K27ac,0.01171875,BigWig,0.55078125,0.5625,0.01171875,1604
ENCSR867UKC,Karpas-422 | Histone ChIP-seq | H3K36me3,0.01171875,BigWig,0.546875,0.55859375,0.01171875,1605
ENCSR306VSH,Karpas-422 | Histone ChIP-seq | H3K4me1,0.01171875,BigWig,0.61328125,0.625,0.01171875,1606
ENCSR884QDT,Loucy | Histone ChIP-seq | H3K9me3,-0.01171875,BigWig,0.71875,0.70703125,0.01171875,1607
ENCSR458LIB,MM.1S | DNase-seq,-0.01171875,BigWig,0.6953125,0.68359375,0.01171875,1608
ENCSR404LJZ,MM.1S | Histone ChIP-seq | H3K27me3,-0.01171875,BigWig,0.9375,0.92578125,0.01171875,1609
ENCSR301OGM,NAMALWA | DNase-seq,0.01171875,BigWig,0.68359375,0.6953125,0.01171875,1610
ENCSR638HMQ,NCI-H460 | DNase-seq,-0.01171875,BigWig,0.72265625,0.7109375,0.01171875,1611
ENCSR597UDW,OCI-LY1 | Histone ChIP-seq | H3K27ac,0.01171875,BigWig,0.5390625,0.55078125,0.01171875,1612
ENCSR422JNY,OCI-LY1 | Histone ChIP-seq | H3K4me3,-0.01171875,BigWig,0.69140625,0.6796875,0.01171875,1613
ENCSR867TPP,OCI-LY3 | Histone ChIP-seq | H3K27me3,-0.01171875,BigWig,0.88671875,0.875,0.01171875,1614
ENCSR548PZS,OCI-LY3 | Histone ChIP-seq | H3K4me3,-0.01171875,BigWig,0.66796875,0.65625,0.01171875,1615
ENCSR447ZGY,OCI-LY7 | Histone ChIP-seq | H3K27ac,-0.01171875,BigWig,0.5546875,0.54296875,0.01171875,1616
ENCSR060WGK,OCI-LY7 | Histone ChIP-seq | H3K4me1,-0.01171875,BigWig,0.56640625,0.5546875,0.01171875,1617
ENCSR000EXI,Panc1 | Histone ChIP-seq | H3K4me3,-0.01171875,BigWig,0.55078125,0.5390625,0.01171875,1618
ENCSR564IGJ,SK-N-SH | Histone ChIP-seq | H3K27ac,-0.01171875,BigWig,0.81640625,0.8046875,0.01171875,1619
ENCSR000FCR,SK-N-SH | Histone ChIP-seq | H3K4me1,-0.01171875,BigWig,0.8671875,0.85546875,0.01171875,1620
ENCSR661BMA,SK-N-SH | Histone ChIP-seq | H3K4me1,0.01171875,BigWig,0.71875,0.73046875,0.01171875,1621
ENCSR000DXU,WERI-Rb-1 | Histone ChIP-seq | H3K4me3,-0.01171875,BigWig,0.5703125,0.55859375,0.01171875,1622
ENCSR014FPY,iPS DF 4.7 | DNase-seq,0.01171875,BigWig,0.671875,0.68359375,0.01171875,1623
ENCSR681AIW,iPS DF 6.9 | Histone ChIP-seq | H3K9me3,-0.01171875,BigWig,0.8515625,0.83984375,0.01171875,1624
ENCSR941YPY,iPS-11a | Histone ChIP-seq | H3K4me3,-0.01171875,BigWig,0.7265625,0.71484375,0.01171875,1625
ENCSR581YZL,iPS-15b | Histone ChIP-seq | H3K27me3,0.01171875,BigWig,0.58203125,0.59375,0.01171875,1626
ENCSR235APD,iPS-18a | Histone ChIP-seq | H3K4me1,0.01171875,BigWig,0.62109375,0.6328125,0.01171875,1627
ENCSR166KLM,iPS-20b | Histone ChIP-seq | H3K9ac,-0.01171875,BigWig,0.75390625,0.7421875,0.01171875,1628
ENCSR000EKJ,iPS-NIHi11 | DNase-seq,-0.01171875,BigWig,0.953125,0.94140625,0.01171875,1629
ENCSR115VDV,adipocyte | Histone ChIP-seq | H3K4me1,-0.01171875,BigWig,0.61328125,0.6015625,0.01171875,1630
ENCSR000DSO,cardiovascular progenitor cell | Histone ChIP-seq | H3K,-0.01171875,BigWig,0.58203125,0.5703125,0.01171875,1631
ENCSR690GLT,ectodermal cell | Histone ChIP-seq | H3K27me3,0.01171875,BigWig,0.62890625,0.640625,0.01171875,1632
ENCSR115YPI,hematopoietic multipotent progenitor cell | DNase-seq,-0.01171875,BigWig,0.69921875,0.6875,0.01171875,1633
ENCSR362JSZ,hematopoietic multipotent progenitor cell | DNase-seq,-0.01171875,BigWig,0.67578125,0.6640625,0.01171875,1634
ENCSR493IAY,hematopoietic multipotent progenitor cell | DNase-seq,-0.01171875,BigWig,0.640625,0.62890625,0.01171875,1635
ENCSR442ZOI,hepatocyte | Histone ChIP-seq | H3K4me3,-0.01171875,BigWig,0.6328125,0.62109375,0.01171875,1636
ENCSR013KEC,mesenchymal stem cell | Histone ChIP-seq | H3K27ac,-0.01171875,BigWig,0.87890625,0.8671875,0.01171875,1637
ENCSR746CUY,mesenchymal stem cell | Histone ChIP-seq | H3K9me3,-0.01171875,BigWig,0.75,0.73828125,0.01171875,1638
ENCSR931WLE,mesodermal cell | Histone ChIP-seq | H3K27ac,-0.01171875,BigWig,0.95703125,0.9453125,0.01171875,1639
ENCSR573CWZ,neural progenitor cell | Histone ChIP-seq | H3K36me3,0.01171875,BigWig,0.75,0.76171875,0.01171875,1640
ENCSR278FVO,neuronal stem cell | DNase-seq,-0.01171875,BigWig,0.7734375,0.76171875,0.01171875,1641
ENCSR956CTX,neuronal stem cell | Histone ChIP-seq | H3K4me3,-0.01171875,BigWig,0.97265625,0.9609375,0.01171875,1642
ENCSR143RMH,smooth muscle cell | Histone ChIP-seq | H3K27me3,-0.01171875,BigWig,0.66015625,0.6484375,0.01171875,1643
ENCSR425PQI,trophoblast cell | Histone ChIP-seq | H3K27ac,-0.01171875,BigWig,0.9609375,0.94921875,0.01171875,1644
ENCSR960CWQ,trophoblast cell | Histone ChIP-seq | H3K27me3,-0.01171875,BigWig,0.8203125,0.80859375,0.01171875,1645
ENCSR381PXW,B cell | DNase-seq,-0.01171875,BigWig,0.74609375,0.734375,0.01171875,1646
ENCSR891VOV,B cell | DNase-seq,-0.01171875,BigWig,0.69921875,0.6875,0.01171875,1647
ENCSR404MOX,B cell | Histone ChIP-seq | H3K27me3,-0.01171875,BigWig,0.890625,0.87890625,0.01171875,1648
ENCSR290YLQ,B cell | Histone ChIP-seq | H3K4me1,-0.01171875,BigWig,0.69921875,0.6875,0.01171875,1649
ENCSR878JSF,B cell | Histone ChIP-seq | H3K4me3,-0.01171875,BigWig,0.64453125,0.6328125,0.01171875,1650
ENCSR577GVS,"CD4-positive, CD25-positive, alpha-beta regulatory T ce",0.01171875,BigWig,0.5703125,0.58203125,0.01171875,1651
ENCSR579DZQ,"CD4-positive, CD25-positive, alpha-beta regulatory T ce",-0.01171875,BigWig,0.640625,0.62890625,0.01171875,1652
ENCSR860MYX,"CD4-positive, CD25-positive, alpha-beta regulatory T ce",0.01171875,BigWig,0.65625,0.66796875,0.01171875,1653
ENCSR714KWW,"CD4-positive, alpha-beta T cell | Histone ChIP-seq | H3",-0.01171875,BigWig,0.625,0.61328125,0.01171875,1654
ENCSR314BEX,"CD4-positive, alpha-beta memory T cell | Histone ChIP-s",0.01171875,BigWig,0.6640625,0.67578125,0.01171875,1655
ENCSR702RZM,"CD4-positive, alpha-beta memory T cell | Histone ChIP-s",-0.01171875,BigWig,0.875,0.86328125,0.01171875,1656
ENCSR117IQD,"CD4-positive, alpha-beta memory T cell | Histone ChIP-s",0.01171875,BigWig,0.6015625,0.61328125,0.01171875,1657
ENCSR239SNR,"CD4-positive, alpha-beta memory T cell | Histone ChIP-s",0.01171875,BigWig,0.66015625,0.671875,0.01171875,1658
ENCSR609DDQ,"CD8-positive, alpha-beta T cell | DNase-seq",-0.01171875,BigWig,0.640625,0.62890625,0.01171875,1659
ENCSR103GGR,"CD8-positive, alpha-beta T cell | Histone ChIP-seq | H3",-0.01171875,BigWig,0.9296875,0.91796875,0.01171875,1660
ENCSR517SMA,"CD8-positive, alpha-beta memory T cell | Histone ChIP-s",-0.01171875,BigWig,0.875,0.86328125,0.01171875,1661
ENCSR372MTE,"CD8-positive, alpha-beta memory T cell | Histone ChIP-s",-0.01171875,BigWig,0.66015625,0.6484375,0.01171875,1662
ENCSR040DGJ,T-cell | DNase-seq,-0.01171875,BigWig,0.6796875,0.66796875,0.01171875,1663
ENCSR675EXE,T-helper 17 cell | Histone ChIP-seq | H3K27me3,-0.01171875,BigWig,0.89453125,0.8828125,0.01171875,1664
ENCSR091TTT,T-helper 17 cell | Histone ChIP-seq | H3K4me1,-0.01171875,BigWig,0.734375,0.72265625,0.01171875,1665
ENCSR320TUJ,"common myeloid progenitor, CD34-positive | DNase-seq",0.01171875,BigWig,0.61328125,0.625,0.01171875,1666
ENCSR453EVC,"common myeloid progenitor, CD34-positive | DNase-seq",0.01171875,BigWig,0.625,0.63671875,0.01171875,1667
ENCSR495INQ,"common myeloid progenitor, CD34-positive | DNase-seq",0.01171875,BigWig,0.65234375,0.6640625,0.01171875,1668
ENCSR639ZJI,"common myeloid progenitor, CD34-positive | DNase-seq",0.01171875,BigWig,0.6171875,0.62890625,0.01171875,1669
ENCSR735BIM,"common myeloid progenitor, CD34-positive | DNase-seq",0.01171875,BigWig,0.53515625,0.546875,0.01171875,1670
ENCSR170NCG,"common myeloid progenitor, CD34-positive | Histone ChIP",0.01171875,BigWig,0.69140625,0.703125,0.01171875,1671
ENCSR136VLK,fibroblast of breast | Histone ChIP-seq | H3K27me3,-0.01171875,BigWig,0.70703125,0.6953125,0.01171875,1672
ENCSR595FWR,fibroblast of breast | Histone ChIP-seq | H3K27me3,0.01171875,BigWig,0.56640625,0.578125,0.01171875,1673
ENCSR000APN,fibroblast of dermis | Histone ChIP-seq | H3K27ac,-0.01171875,BigWig,0.90625,0.89453125,0.01171875,1674
ENCSR184LMY,fibroblast of skin of back | DNase-seq,-0.01171875,BigWig,0.65234375,0.640625,0.01171875,1675
ENCSR648GDP,fibroblast of skin of left biceps | DNase-seq,-0.01171875,BigWig,0.70703125,0.6953125,0.01171875,1676
ENCSR917QEH,foreskin fibroblast | Histone ChIP-seq | H3K27ac,-0.01171875,BigWig,0.953125,0.94140625,0.01171875,1677
ENCSR344WLV,foreskin fibroblast | Histone ChIP-seq | H3K4me1,-0.01171875,BigWig,0.9375,0.92578125,0.01171875,1678
ENCSR346DNL,foreskin fibroblast | Histone ChIP-seq | H3K4me1,-0.01171875,BigWig,0.9609375,0.94921875,0.01171875,1679
ENCSR367HVD,foreskin fibroblast | Histone ChIP-seq | H3K4me1,-0.01171875,BigWig,0.96484375,0.953125,0.01171875,1680
ENCSR000DWS,foreskin fibroblast | Histone ChIP-seq | H3K4me3,-0.01171875,BigWig,0.578125,0.56640625,0.01171875,1681
ENCSR230KKL,foreskin melanocyte | Histone ChIP-seq | H3K27me3,-0.01171875,BigWig,0.72265625,0.7109375,0.01171875,1682
ENCSR050FLB,foreskin melanocyte | Histone ChIP-seq | H3K4me1,-0.01171875,BigWig,0.94921875,0.9375,0.01171875,1683
ENCSR000ALK,keratinocyte | Histone ChIP-seq | H3K27ac,-0.01171875,BigWig,0.55078125,0.5390625,0.01171875,1684
ENCSR000DWV,keratinocyte | Histone ChIP-seq | H3K4me3,0.01171875,BigWig,0.578125,0.58984375,0.01171875,1685
ENCSR000EXU,mononuclear cell | Histone ChIP-seq | H3K9me3,0.01171875,BigWig,0.5546875,0.56640625,0.01171875,1686
ENCSR637IOH,"naive thymus-derived CD4-positive, alpha-beta T cell |",-0.01171875,BigWig,0.87890625,0.8671875,0.01171875,1687
ENCSR657SQM,"naive thymus-derived CD4-positive, alpha-beta T cell |",-0.01171875,BigWig,0.640625,0.62890625,0.01171875,1688
ENCSR229QYR,"naive thymus-derived CD4-positive, alpha-beta T cell |",0.01171875,BigWig,0.7578125,0.76953125,0.01171875,1689
ENCSR718AAB,natural killer cell | DNase-seq,-0.01171875,BigWig,0.6640625,0.65234375,0.01171875,1690
ENCSR021FSY,natural killer cell | Histone ChIP-seq | H3K9me3,0.01171875,BigWig,0.81640625,0.828125,0.01171875,1691
ENCSR438ZIS,neurosphere | Histone ChIP-seq | H3K27me3,0.01171875,BigWig,0.72265625,0.734375,0.01171875,1692
ENCSR671WZX,neurosphere | Histone ChIP-seq | H3K27me3,0.01171875,BigWig,0.5859375,0.59765625,0.01171875,1693
ENCSR100QDR,neurosphere | Histone ChIP-seq | H3K4me1,-0.01171875,BigWig,0.68359375,0.671875,0.01171875,1694
ENCSR103HMP,neurosphere | Histone ChIP-seq | H3K4me3,-0.01171875,BigWig,0.61328125,0.6015625,0.01171875,1695
ENCSR393HDC,neurosphere | Histone ChIP-seq | H3K9me3,-0.01171875,BigWig,0.6328125,0.62109375,0.01171875,1696
ENCSR615HXA,peripheral blood mononuclear cell | Histone ChIP-seq |,-0.01171875,BigWig,0.7734375,0.76171875,0.01171875,1697
ENCSR866UQO,peripheral blood mononuclear cell | Histone ChIP-seq |,-0.01171875,BigWig,0.91015625,0.8984375,0.01171875,1698
ENCSR420EWO,peripheral blood mononuclear cell | Histone ChIP-seq |,-0.01171875,BigWig,0.83984375,0.828125,0.01171875,1699
ENCSR368YPC,peripheral blood mononuclear cell | Histone ChIP-seq |,-0.01171875,BigWig,0.74609375,0.734375,0.01171875,1700
ENCSR094VJC,adrenal gland | Histone ChIP-seq | H3K27ac,0.01171875,BigWig,0.671875,0.68359375,0.01171875,1701
ENCSR204DMS,adrenal gland | Histone ChIP-seq | H3K36me3,-0.01171875,BigWig,0.73828125,0.7265625,0.01171875,1702
ENCSR857XRG,adrenal gland | Histone ChIP-seq | H3K36me3,-0.01171875,BigWig,0.80859375,0.796875,0.01171875,1703
ENCSR207ZIA,adrenal gland | Histone ChIP-seq | H3K4me1,-0.01171875,BigWig,0.8984375,0.88671875,0.01171875,1704
ENCSR408ZEW,adrenal gland | Histone ChIP-seq | H3K9me3,-0.01171875,BigWig,0.61328125,0.6015625,0.01171875,1705
ENCSR524OCB,body of pancreas | DNase-seq,-0.01171875,BigWig,0.890625,0.87890625,0.01171875,1706
ENCSR774CFO,body of pancreas | Histone ChIP-seq | H3K27me3,-0.01171875,BigWig,0.76171875,0.75,0.01171875,1707
ENCSR876DCP,body of pancreas | Histone ChIP-seq | H3K4me3,-0.01171875,BigWig,0.68359375,0.671875,0.01171875,1708
ENCSR888JWS,brain | Histone ChIP-seq | H3K36me3,0.01171875,BigWig,0.76171875,0.7734375,0.01171875,1709
ENCSR386JEL,brain | Histone ChIP-seq | H3K4me1,0.01171875,BigWig,0.734375,0.74609375,0.01171875,1710
ENCSR553IAW,breast epithelium | Histone ChIP-seq | H3K4me1,0.01171875,BigWig,0.77734375,0.7890625,0.01171875,1711
ENCSR494MDB,caudate nucleus | Histone ChIP-seq | H3K27ac,-0.01171875,BigWig,0.8046875,0.79296875,0.01171875,1712
ENCSR552TQB,caudate nucleus | Histone ChIP-seq | H3K9me3,0.01171875,BigWig,0.671875,0.68359375,0.01171875,1713
ENCSR619POC,chorionic villus | Histone ChIP-seq | H3K27ac,-0.01171875,BigWig,0.93359375,0.921875,0.01171875,1714
ENCSR673XMI,chorionic villus | Histone ChIP-seq | H3K27me3,-0.01171875,BigWig,0.90625,0.89453125,0.01171875,1715
ENCSR949HMJ,chorionic villus | Histone ChIP-seq | H3K27me3,0.01171875,BigWig,0.87890625,0.890625,0.01171875,1716
ENCSR389OFJ,chorionic villus | Histone ChIP-seq | H3K4me1,-0.01171875,BigWig,0.91796875,0.90625,0.01171875,1717
ENCSR397FAN,chorionic villus | Histone ChIP-seq | H3K4me1,-0.01171875,BigWig,0.9765625,0.96484375,0.01171875,1718
ENCSR659FAS,chorionic villus | Histone ChIP-seq | H3K4me3,-0.01171875,BigWig,0.76171875,0.75,0.01171875,1719
ENCSR660RYC,chorionic villus | Histone ChIP-seq | H3K9me3,-0.01171875,BigWig,0.73828125,0.7265625,0.01171875,1720
ENCSR671JMQ,chorionic villus | Histone ChIP-seq | H3K9me3,-0.01171875,BigWig,0.6640625,0.65234375,0.01171875,1721
ENCSR767NPV,chorionic villus | Histone ChIP-seq | H3K9me3,-0.01171875,BigWig,0.7734375,0.76171875,0.01171875,1722
ENCSR070GTK,cingulate gyrus | Histone ChIP-seq | H3K9me3,-0.01171875,BigWig,0.78515625,0.7734375,0.01171875,1723
ENCSR831LTX,colonic mucosa | Histone ChIP-seq | H3K27me3,-0.01171875,BigWig,0.87890625,0.8671875,0.01171875,1724
ENCSR273TNG,colonic mucosa | Histone ChIP-seq | H3K4me1,0.01171875,BigWig,0.89453125,0.90625,0.01171875,1725
ENCSR294GDI,colonic mucosa | Histone ChIP-seq | H3K9me3,0.01171875,BigWig,0.80859375,0.8203125,0.01171875,1726
ENCSR062ARL,duodenal mucosa | Histone ChIP-seq | H3K27me3,-0.01171875,BigWig,0.81640625,0.8046875,0.01171875,1727
ENCSR111RZN,endocrine pancreas | Histone ChIP-seq | H3K9me3,-0.01171875,BigWig,0.67578125,0.6640625,0.01171875,1728
ENCSR578MTT,esophagus muscularis mucosa | Histone ChIP-seq | H3K9me,0.01171875,BigWig,0.7734375,0.78515625,0.01171875,1729
ENCSR166TEE,forelimb muscle | DNase-seq,0.01171875,BigWig,0.67578125,0.6875,0.01171875,1730
ENCSR000EIK,frontal cortex | DNase-seq,0.01171875,BigWig,0.94140625,0.953125,0.01171875,1731
ENCSR801IPH,gastrocnemius medialis | Histone ChIP-seq | H3K27ac,0.01171875,BigWig,0.6953125,0.70703125,0.01171875,1732
ENCSR785DJD,gastrocnemius medialis | Histone ChIP-seq | H3K4me3,-0.01171875,BigWig,0.6328125,0.62109375,0.01171875,1733
ENCSR494OXB,germinal matrix | Histone ChIP-seq | H3K27me3,0.01171875,BigWig,0.68359375,0.6953125,0.01171875,1734
ENCSR174JMM,heart | DNase-seq,0.01171875,BigWig,0.64453125,0.65625,0.01171875,1735
ENCSR392GCE,heart | DNase-seq,-0.01171875,BigWig,0.671875,0.66015625,0.01171875,1736
ENCSR749BWV,heart | DNase-seq,0.01171875,BigWig,0.703125,0.71484375,0.01171875,1737
ENCSR109RDK,heart left ventricle | Histone ChIP-seq | H3K27me3,-0.01171875,BigWig,0.66796875,0.65625,0.01171875,1738
ENCSR111WGZ,heart left ventricle | Histone ChIP-seq | H3K4me1,-0.01171875,BigWig,0.92578125,0.9140625,0.01171875,1739
ENCSR000XAA,heart left ventricle | Histone ChIP-seq | H3K9me3,0.01171875,BigWig,0.66015625,0.671875,0.01171875,1740
ENCSR082JCE,kidney | DNase-seq,0.01171875,BigWig,0.70703125,0.71875,0.01171875,1741
ENCSR438SPO,kidney | Histone ChIP-seq | H3K27ac,0.01171875,BigWig,0.78515625,0.796875,0.01171875,1742
ENCSR716YIT,kidney | Histone ChIP-seq | H3K4me3,-0.01171875,BigWig,0.62890625,0.6171875,0.01171875,1743
ENCSR000HPR,kidney | Histone ChIP-seq | H3K9me3,0.01171875,BigWig,0.6015625,0.61328125,0.01171875,1744
ENCSR533DRE,kidney | Histone ChIP-seq | H3K9me3,0.01171875,BigWig,0.59765625,0.609375,0.01171875,1745
ENCSR563XRP,large intestine | DNase-seq,0.01171875,BigWig,0.57421875,0.5859375,0.01171875,1746
ENCSR666YVE,large intestine | DNase-seq,0.01171875,BigWig,0.609375,0.62109375,0.01171875,1747
ENCSR912TVO,layer of hippocampus | Histone ChIP-seq | H3K27ac,-0.01171875,BigWig,0.94921875,0.9375,0.01171875,1748
ENCSR076STK,layer of hippocampus | Histone ChIP-seq | H3K27me3,-0.01171875,BigWig,0.8984375,0.88671875,0.01171875,1749
ENCSR642HII,liver | Histone ChIP-seq | H3K4me1,0.01171875,BigWig,0.6328125,0.64453125,0.01171875,1750
ENCSR214XJO,lung | DNase-seq,-0.01171875,BigWig,0.76953125,0.7578125,0.01171875,1751
ENCSR318WOD,lung | DNase-seq,-0.01171875,BigWig,0.625,0.61328125,0.01171875,1752
ENCSR813HFV,lung | Histone ChIP-seq | H3K9ac,-0.01171875,BigWig,0.66796875,0.65625,0.01171875,1753
ENCSR454WZX,lung | Histone ChIP-seq | H3K9me3,0.01171875,BigWig,0.6171875,0.62890625,0.01171875,1754
ENCSR275GBW,mucosa of rectum | Histone ChIP-seq | H3K9ac,-0.01171875,BigWig,0.70703125,0.6953125,0.01171875,1755
ENCSR438BEX,mucosa of stomach | Histone ChIP-seq | H3K4me3,-0.01171875,BigWig,0.73828125,0.7265625,0.01171875,1756
ENCSR005LTG,mucosa of stomach | Histone ChIP-seq | H3K9me3,-0.01171875,BigWig,0.7578125,0.74609375,0.01171875,1757
ENCSR054PMB,muscle layer of duodenum | Histone ChIP-seq | H3K4me1,0.01171875,BigWig,0.8203125,0.83203125,0.01171875,1758
ENCSR295ELC,muscle of back | DNase-seq,0.01171875,BigWig,0.74609375,0.7578125,0.01171875,1759
ENCSR317SIH,muscle of back | DNase-seq,0.01171875,BigWig,0.78515625,0.796875,0.01171875,1760
ENCSR297ORG,muscle of leg | DNase-seq,-0.01171875,BigWig,0.73828125,0.7265625,0.01171875,1761
ENCSR938UOR,muscle of leg | DNase-seq,0.01171875,BigWig,0.7265625,0.73828125,0.01171875,1762
ENCSR954ZUG,muscle of leg | Histone ChIP-seq | H3K27me3,0.01171875,BigWig,0.890625,0.90234375,0.01171875,1763
ENCSR775FTU,muscle of trunk | Histone ChIP-seq | H3K27ac,0.01171875,BigWig,0.85546875,0.8671875,0.01171875,1764
ENCSR595HZQ,pancreas | DNase-seq,-0.01171875,BigWig,0.83203125,0.8203125,0.01171875,1765
ENCSR533HDU,pancreas | Histone ChIP-seq | H3K9me3,-0.01171875,BigWig,0.9375,0.92578125,0.01171875,1766
ENCSR426TPQ,psoas muscle | DNase-seq,-0.01171875,BigWig,0.875,0.86328125,0.01171875,1767
ENCSR367WYJ,psoas muscle | Histone ChIP-seq | H3K27ac,-0.01171875,BigWig,0.8359375,0.82421875,0.01171875,1768
ENCSR284EJR,rectal smooth muscle tissue | Histone ChIP-seq | H3K27m,-0.01171875,BigWig,0.87109375,0.859375,0.01171875,1769
ENCSR619DRM,renal pelvis | DNase-seq,0.01171875,BigWig,0.828125,0.83984375,0.01171875,1770
ENCSR793PLF,right atrium auricular region | Histone ChIP-seq | H3K2,-0.01171875,BigWig,0.69921875,0.6875,0.01171875,1771
ENCSR449HOQ,right hindlimb | DNase-seq,0.01171875,BigWig,0.953125,0.96484375,0.01171875,1772
ENCSR555QAY,right lobe of liver | DNase-seq,0.01171875,BigWig,0.953125,0.96484375,0.01171875,1773
ENCSR859KGQ,right lung | DNase-seq,0.01171875,BigWig,0.63671875,0.6484375,0.01171875,1774
ENCSR213SMK,sigmoid colon | Histone ChIP-seq | H3K27ac,0.01171875,BigWig,0.76953125,0.78125,0.01171875,1775
ENCSR636IDR,sigmoid colon | Histone ChIP-seq | H3K9me3,0.01171875,BigWig,0.7109375,0.72265625,0.01171875,1776
ENCSR503UUB,skeletal muscle tissue | Histone ChIP-seq | H3K9me3,0.01171875,BigWig,0.71484375,0.7265625,0.01171875,1777
ENCSR188JLO,small intestine | DNase-seq,0.01171875,BigWig,0.60546875,0.6171875,0.01171875,1778
ENCSR502NDK,small intestine | DNase-seq,0.01171875,BigWig,0.671875,0.68359375,0.01171875,1779
ENCSR860NDZ,small intestine | DNase-seq,0.01171875,BigWig,0.59765625,0.609375,0.01171875,1780
ENCSR970ZLG,small intestine | DNase-seq,-0.01171875,BigWig,0.66796875,0.65625,0.01171875,1781
ENCSR859EIX,small intestine | Histone ChIP-seq | H3K27me3,0.01171875,BigWig,0.83203125,0.84375,0.01171875,1782
ENCSR589TCU,spleen | Histone ChIP-seq | H3K36me3,-0.01171875,BigWig,0.984375,0.97265625,0.01171875,1783
ENCSR659RJP,spleen | Histone ChIP-seq | H3K4me1,0.01171875,BigWig,0.7109375,0.72265625,0.01171875,1784
ENCSR432KIH,spleen | Histone ChIP-seq | H3K4me3,-0.01171875,BigWig,0.984375,0.97265625,0.01171875,1785
ENCSR511GQA,stomach | DNase-seq,0.01171875,BigWig,0.72265625,0.734375,0.01171875,1786
ENCSR257BCD,stomach | Histone ChIP-seq | H3K4me1,-0.01171875,BigWig,0.9453125,0.93359375,0.01171875,1787
ENCSR447GWQ,stomach | Histone ChIP-seq | H3K9me3,-0.01171875,BigWig,0.9765625,0.96484375,0.01171875,1788
ENCSR731XOV,subcutaneous abdominal adipose tissue | Histone ChIP-se,-0.01171875,BigWig,0.91796875,0.90625,0.01171875,1789
ENCSR559CSJ,substantia nigra | Histone ChIP-seq | H3K4me1,0.01171875,BigWig,0.68359375,0.6953125,0.01171875,1790
ENCSR014TDK,temporal lobe | Histone ChIP-seq | H3K27ac,-0.01171875,BigWig,0.78125,0.76953125,0.01171875,1791
ENCSR477BHF,temporal lobe | Histone ChIP-seq | H3K4me3,-0.01171875,BigWig,0.6953125,0.68359375,0.01171875,1792
ENCSR939RLS,thoracic aorta | Histone ChIP-seq | H3K27me3,-0.01171875,BigWig,0.7265625,0.71484375,0.01171875,1793
ENCSR645QZT,thymus | Histone ChIP-seq | H3K36me3,-0.01171875,BigWig,0.87890625,0.8671875,0.01171875,1794
ENCSR923WPP,thymus | Histone ChIP-seq | H3K36me3,-0.01171875,BigWig,0.953125,0.94140625,0.01171875,1795
ENCSR699FHH,thyroid gland | Histone ChIP-seq | H3K9me3,-0.01171875,BigWig,0.6796875,0.66796875,0.01171875,1796
ENCSR479GPU,tibial nerve | Histone ChIP-seq | H3K9me3,0.01171875,BigWig,0.6171875,0.62890625,0.01171875,1797
ENCSR979ZJS,transverse colon | DNase-seq,0.01171875,BigWig,0.7578125,0.76953125,0.01171875,1798
ENCSR050SCZ,trophoblast | Histone ChIP-seq | H3K4me1,-0.01171875,BigWig,0.7578125,0.74609375,0.01171875,1799
ENCSR738SXD,upper lobe of left lung | Histone ChIP-seq | H3K27ac,0.01171875,BigWig,0.859375,0.87109375,0.01171875,1800
ENCSR449TNC,urinary bladder | Histone ChIP-seq | H3K36me3,-0.01171875,BigWig,0.98828125,0.9765625,0.01171875,1801
CNhs10723_P,acute myeloid leukemia (FAB M5) cell line | CAGE,0.01171875,BigWig,0.51171875,0.5234375,0.01171875,1802
CNhs10724_P,acute myeloid leukemia (FAB M5) cell line | CAGE,0.01171875,BigWig,0.51171875,0.5234375,0.01171875,1803
CNhs13051_P,acute myeloid leukemia (FAB M5) cell line | CAGE,0.01171875,BigWig,0.5078125,0.51953125,0.01171875,1804
CNhs13058_P,acute myeloid leukemia (FAB M5) cell line | CAGE,0.01171875,BigWig,0.5078125,0.51953125,0.01171875,1805
CNhs11888_P,acute myeloid leukemia (FAB M7) cell line | CAGE,0.01171875,BigWig,0.51171875,0.5234375,0.01171875,1806
CNhs13049_P,acute myeloid leukemia (FAB M7) cell line | CAGE,0.01171875,BigWig,0.51953125,0.53125,0.01171875,1807
CNhs11893_P,adrenal cortex adenocarcinoma cell line | CAGE,-0.01171875,BigWig,0.54296875,0.53125,0.01171875,1808
CNhs11881_P,anaplastic large cell lymphoma cell line | CAGE,0.01171875,BigWig,0.546875,0.55859375,0.01171875,1809
CNhs11840_P,bronchioalveolar carcinoma cell line | CAGE,-0.01171875,BigWig,0.5625,0.55078125,0.01171875,1810
CNhs11266_P,endometrial carcinoma cell line | CAGE,-0.01171875,BigWig,0.5390625,0.52734375,0.01171875,1811
CNhs10743_P,epidermoid carcinoma cell line | CAGE,0.01171875,BigWig,0.58984375,0.6015625,0.01171875,1812
CNhs10728_P,extraskeletal myxoid chondrosarcoma cell line | CAGE,-0.01171875,BigWig,0.58203125,0.5703125,0.01171875,1813
CNhs11935_P,"lymphoma, malignant, hairy B-cell cell line | CAGE",0.01171875,BigWig,0.50390625,0.515625,0.01171875,1814
CNhs10732_P,maxillary sinus tumor cell line | CAGE,0.01171875,BigWig,0.5078125,0.51953125,0.01171875,1815
CNhs12805_P,medulloblastoma cell line | CAGE,-0.01171875,BigWig,0.53125,0.51953125,0.01171875,1816
CNhs11744_P,neuroectodermal tumor cell line | CAGE,-0.01171875,BigWig,0.56640625,0.5546875,0.01171875,1817
CNhs11287_P,oral squamous cell carcinoma cell line | CAGE,-0.01171875,BigWig,0.5390625,0.52734375,0.01171875,1818
CNhs12807_P,plasma cell leukemia cell line | CAGE,0.01171875,BigWig,0.51171875,0.5234375,0.01171875,1819
CNhs10753_P,signet ring carcinoma cell line | CAGE,0.01171875,BigWig,0.51171875,0.5234375,0.01171875,1820
CNhs11270_P,signet ring carcinoma cell line | CAGE,0.01171875,BigWig,0.546875,0.55859375,0.01171875,1821
CNhs14240_P,squamous cell lung carcinoma cell line | CAGE,-0.01171875,BigWig,0.578125,0.56640625,0.01171875,1822
CNhs11813_P,xeroderma pigentosum b cell line | CAGE,0.01171875,BigWig,0.5078125,0.51953125,0.01171875,1823
CNhs12546_P,Basophils | CAGE,0.01171875,BigWig,0.51953125,0.53125,0.01171875,1824
CNhs12175_P,"CD19+ B Cells (pluriselect), donation2 | CAGE",0.01171875,BigWig,0.50390625,0.515625,0.01171875,1825
CNhs12181_P,"CD19+ B Cells (pluriselect), donation3 | CAGE",0.01171875,BigWig,0.50390625,0.515625,0.01171875,1826
CNhs13203_P,CD4+CD25+CD45RA+ naive regulatory T cells expanded | CA,0.01171875,BigWig,0.50390625,0.515625,0.01171875,1827
CNhs13235_P,CD4+CD25+CD45RA+ naive regulatory T cells | CAGE,0.01171875,BigWig,0.5078125,0.51953125,0.01171875,1828
CNhs13204_P,CD4+CD25+CD45RA- memory regulatory T cells expanded | C,0.01171875,BigWig,0.50390625,0.515625,0.01171875,1829
CNhs13202_P,CD4+CD25-CD45RA+ naive conventional T cells expanded |,0.01171875,BigWig,0.5,0.51171875,0.01171875,1830
CNhs13205_P,CD4+CD25-CD45RA+ naive conventional T cells | CAGE,0.01171875,BigWig,0.50390625,0.515625,0.01171875,1831
CNhs13237_P,CD4+CD25-CD45RA- memory conventional T cells | CAGE,0.01171875,BigWig,0.5078125,0.51953125,0.01171875,1832
CNhs10855_P,"Dendritic Cells - monocyte immature derived, tech  | CA",0.01171875,BigWig,0.5546875,0.56640625,0.01171875,1833
CNhs13925_P,"Mast cell, expanded and stimulated | CAGE",0.01171875,BigWig,0.5546875,0.56640625,0.01171875,1834
CNhs13924_P,"Mast cell, expanded | CAGE",-0.01171875,BigWig,0.578125,0.56640625,0.01171875,1835
CNhs13816_P,Olfactory epithelial cells | CAGE,-0.01171875,BigWig,1.0,0.98828125,0.01171875,1836
CNhs12519_P,granulocyte macrophage progenitor | CAGE,0.01171875,BigWig,0.5078125,0.51953125,0.01171875,1837
CNhs13793_P,amygdala - adult | CAGE,-0.01171875,BigWig,0.53125,0.51953125,0.01171875,1838
CNhs12321_P,"caudate nucleus, adult | CAGE",-0.01171875,BigWig,0.5546875,0.54296875,0.01171875,1839
CNhs13799_P,cerebellum - adult | CAGE,-0.01171875,BigWig,0.5390625,0.52734375,0.01171875,1840
CNhs14075_P,"cerebellum, newborn | CAGE",0.01171875,BigWig,0.57421875,0.5859375,0.01171875,1841
CNhs13443_P,eye - muscle medial | CAGE,0.01171875,BigWig,0.68359375,0.6953125,0.01171875,1842
CNhs10646_P,"insula, adult, pool1 | CAGE",-0.01171875,BigWig,0.6015625,0.58984375,0.01171875,1843
CNhs10645_P,"medulla oblongata, adult, pool1 | CAGE",-0.01171875,BigWig,0.7109375,0.69921875,0.01171875,1844
CNhs11784_P,"occipital lobe, fetal | CAGE",-0.01171875,BigWig,0.52734375,0.515625,0.01171875,1845
CNhs14083_P,"putamen, newborn | CAGE",-0.01171875,BigWig,0.53515625,0.5234375,0.01171875,1846
CNhs14076_P,"substantia nigra, newborn | CAGE",-0.01171875,BigWig,0.55078125,0.5390625,0.01171875,1847
CNhs12314_P,"thalamus, adult | CAGE",0.01171875,BigWig,0.65234375,0.6640625,0.01171875,1848
GTEX-1J8QM-1826-SM-A96TA.1,salivary gland | RNA-seq,-0.01171875,BigWig,1.0,0.98828125,0.01171875,1849
GTEX-13U4I-0126-SM-5LU38.1,skin | RNA-seq,-0.01171875,BigWig,1.0,0.98828125,0.01171875,1850
lncRNA,lncRNA,-0.0107421875,BED,0.099609375,0.0888671875,0.0107421875,1851
ENCSR777CQW,22Rv1 | Histone ChIP-seq | H3K27ac,0.0078125,BigWig,0.6328125,0.640625,0.0078125,1852
ENCSR000DPD,A549 | Histone ChIP-seq | H3K4me3,-0.0078125,BigWig,0.53515625,0.52734375,0.0078125,1853
ENCSR000ASV,A549 | Histone ChIP-seq | H3K9ac,-0.0078125,BigWig,0.59375,0.5859375,0.0078125,1854
ENCSR000AUN,A549 | Histone ChIP-seq | H3K9me3,0.0078125,BigWig,0.6328125,0.640625,0.0078125,1855
ENCSR581PUR,A673 | Histone ChIP-seq | H3K36me3,0.0078125,BigWig,0.9453125,0.953125,0.0078125,1856
ENCSR521IZK,A673 | Histone ChIP-seq | H3K4me1,0.0078125,BigWig,0.58203125,0.58984375,0.0078125,1857
ENCSR000EIW,AG08396 | DNase-seq,0.0078125,BigWig,0.91796875,0.92578125,0.0078125,1858
ENCSR000ELZ,AG09309 | DNase-seq,-0.0078125,BigWig,0.71875,0.7109375,0.0078125,1859
ENCSR000DQM,Caco-2 | Histone ChIP-seq | H3K4me3,-0.0078125,BigWig,0.578125,0.5703125,0.0078125,1860
ENCSR000AQX,DND-41 | Histone ChIP-seq | H3K36me3,0.0078125,BigWig,0.59375,0.6015625,0.0078125,1861
ENCSR000DQU,GM06990 | Histone ChIP-seq | H3K27me3,-0.0078125,BigWig,0.97265625,0.96484375,0.0078125,1862
ENCSR000AKF,GM12878 | Histone ChIP-seq | H3K4me1,-0.0078125,BigWig,0.66796875,0.66015625,0.0078125,1863
ENCSR057BWO,GM12878 | Histone ChIP-seq | H3K4me3,-0.0078125,BigWig,0.70703125,0.69921875,0.0078125,1864
ENCSR673OPX,GM23248 | Histone ChIP-seq | H3K9me3,-0.0078125,BigWig,0.62109375,0.61328125,0.0078125,1865
ENCSR236YPE,GM23338 | Histone ChIP-seq | H3K36me3,0.0078125,BigWig,0.890625,0.8984375,0.0078125,1866
ENCSR000ANP,H1 | Histone ChIP-seq | H3K27ac,-0.0078125,BigWig,0.9296875,0.921875,0.0078125,1867
ENCSR019SQX,H1 | Histone ChIP-seq | H3K4me3,-0.0078125,BigWig,0.75390625,0.74609375,0.0078125,1868
ENCSR000EJP,H9 | DNase-seq,-0.0078125,BigWig,0.94140625,0.93359375,0.0078125,1869
ENCSR972SMV,H9 | Histone ChIP-seq | H3K9me3,0.0078125,BigWig,0.70703125,0.71484375,0.0078125,1870
ENCSR810BDB,HCT116 | Histone ChIP-seq | H3K27me3,-0.0078125,BigWig,0.78125,0.7734375,0.0078125,1871
ENCSR000DUO,HL-60 | Histone ChIP-seq | H3K4me3,0.0078125,BigWig,0.59765625,0.60546875,0.0078125,1872
ENCSR000EMF,HS-27A | DNase-seq,-0.0078125,BigWig,0.609375,0.6015625,0.0078125,1873
ENCSR959ZXU,HeLa-S3 | DNase-seq,-0.0078125,BigWig,0.6953125,0.6875,0.0078125,1874
ENCSR000AOL,HepG2 | Histone ChIP-seq | H3K27me3,0.0078125,BigWig,0.94921875,0.95703125,0.0078125,1875
ENCSR000DUD,HepG2 | Histone ChIP-seq | H3K36me3,-0.0078125,BigWig,0.9375,0.9296875,0.0078125,1876
ENCSR002YRE,IMR-90 | Histone ChIP-seq | H3K27ac,-0.0078125,BigWig,0.98046875,0.97265625,0.0078125,1877
ENCSR431UUY,IMR-90 | Histone ChIP-seq | H3K27me3,0.0078125,BigWig,0.53515625,0.54296875,0.0078125,1878
ENCSR087PFU,IMR-90 | Histone ChIP-seq | H3K4me3,-0.0078125,BigWig,0.546875,0.5390625,0.0078125,1879
ENCSR036KFJ,Loucy | Histone ChIP-seq | H3K4me1,0.0078125,BigWig,0.61328125,0.62109375,0.0078125,1880
ENCSR000EWQ,MCF-7 | Histone ChIP-seq | H3K9me3,-0.0078125,BigWig,0.7265625,0.71875,0.0078125,1881
ENCSR562JTY,NCI-H929 | Histone ChIP-seq | H3K36me3,0.0078125,BigWig,0.6640625,0.671875,0.0078125,1882
ENCSR000EXA,NT2/D1 | Histone ChIP-seq | H3K4me1,-0.0078125,BigWig,0.96484375,0.95703125,0.0078125,1883
ENCSR000EWZ,NT2/D1 | Histone ChIP-seq | H3K9me3,-0.0078125,BigWig,0.65234375,0.64453125,0.0078125,1884
ENCSR826UTD,PC-3 | Histone ChIP-seq | H3K27ac,0.0078125,BigWig,0.59765625,0.60546875,0.0078125,1885
ENCSR339ZMJ,PC-3 | Histone ChIP-seq | H3K9me3,0.0078125,BigWig,0.66796875,0.67578125,0.0078125,1886
ENCSR945KBK,PC-9 | Histone ChIP-seq | H3K9ac,-0.0078125,BigWig,0.65234375,0.64453125,0.0078125,1887
ENCSR000DXB,Panc1 | Histone ChIP-seq | H3K4me3,-0.0078125,BigWig,0.578125,0.5703125,0.0078125,1888
ENCSR700ILE,SJCRH30 | DNase-seq,-0.0078125,BigWig,0.66015625,0.65234375,0.0078125,1889
ENCSR152QRE,SK-N-MC | Histone ChIP-seq | H3K4me1,-0.0078125,BigWig,0.62890625,0.62109375,0.0078125,1890
ENCSR978CNH,SK-N-SH | Histone ChIP-seq | H3K36me3,0.0078125,BigWig,0.93359375,0.94140625,0.0078125,1891
ENCSR000DXR,SK-N-SH | Histone ChIP-seq | H3K4me3,-0.0078125,BigWig,0.5546875,0.546875,0.0078125,1892
ENCSR975GZA,SK-N-SH | Histone ChIP-seq | H3K4me3,-0.0078125,BigWig,0.67578125,0.66796875,0.0078125,1893
ENCSR000FCT,SK-N-SH | Histone ChIP-seq | H3K9me3,0.0078125,BigWig,0.6484375,0.65625,0.0078125,1894
ENCSR316KHQ,SU-DHL-6 | Histone ChIP-seq | H3K36me3,0.0078125,BigWig,0.578125,0.5859375,0.0078125,1895
ENCSR000ELS,T47D | DNase-seq,-0.0078125,BigWig,0.91796875,0.91015625,0.0078125,1896
ENCSR875QDS,iPS DF 6.9 | Histone ChIP-seq | H3K27ac,-0.0078125,BigWig,0.87109375,0.86328125,0.0078125,1897
ENCSR857LLS,iPS DF 6.9 | Histone ChIP-seq | H3K4me1,-0.0078125,BigWig,0.9296875,0.921875,0.0078125,1898
ENCSR214WRA,iPS-20b | Histone ChIP-seq | H3K9me3,-0.0078125,BigWig,0.62890625,0.62109375,0.0078125,1899
ENCSR201GCJ,adipocyte | Histone ChIP-seq | H3K9me3,-0.0078125,BigWig,0.6171875,0.609375,0.0078125,1900
ENCSR626RVD,bipolar neuron | DNase-seq,-0.0078125,BigWig,0.60546875,0.59765625,0.0078125,1901
ENCSR472SEY,bipolar neuron | Histone ChIP-seq | H3K27me3,-0.0078125,BigWig,0.70703125,0.69921875,0.0078125,1902
ENCSR375IXS,bipolar neuron | Histone ChIP-seq | H3K36me3,0.0078125,BigWig,0.953125,0.9609375,0.0078125,1903
ENCSR000DSI,cardiac muscle cell | Histone ChIP-seq | H3K36me3,-0.0078125,BigWig,0.95703125,0.94921875,0.0078125,1904
ENCSR276OLB,cardiac muscle cell | Histone ChIP-seq | H3K4me1,-0.0078125,BigWig,0.73046875,0.72265625,0.0078125,1905
ENCSR000DSD,cardiac myoblast | Histone ChIP-seq | H3K4me3,0.0078125,BigWig,0.55859375,0.56640625,0.0078125,1906
ENCSR136ZLJ,ectodermal cell | Histone ChIP-seq | H3K4me1,-0.0078125,BigWig,0.90234375,0.89453125,0.0078125,1907
ENCSR446ZCY,endodermal cell | Histone ChIP-seq | H3K4me3,0.0078125,BigWig,0.62890625,0.63671875,0.0078125,1908
ENCSR637RLN,hepatocyte | Histone ChIP-seq | H3K27me3,-0.0078125,BigWig,0.6953125,0.6875,0.0078125,1909
ENCSR034BEQ,hepatocyte | Histone ChIP-seq | H3K36me3,0.0078125,BigWig,0.8203125,0.828125,0.0078125,1910
ENCSR832JVP,mesenchymal stem cell | Histone ChIP-seq | H3K27me3,0.0078125,BigWig,0.67578125,0.68359375,0.0078125,1911
ENCSR000DSL,mesodermal cell | Histone ChIP-seq | H3K27me3,-0.0078125,BigWig,0.66015625,0.65234375,0.0078125,1912
ENCSR000DSH,mesodermal cell | Histone ChIP-seq | H3K36me3,-0.0078125,BigWig,0.9765625,0.96875,0.0078125,1913
ENCSR113LFZ,mid-neurogenesis radial glial cells | Histone ChIP-seq,0.0078125,BigWig,0.76953125,0.77734375,0.0078125,1914
ENCSR691BNO,mid-neurogenesis radial glial cells | Histone ChIP-seq,-0.0078125,BigWig,0.7421875,0.734375,0.0078125,1915
ENCSR000AQM,myotube | Histone ChIP-seq | H3K9me3,-0.0078125,BigWig,0.70703125,0.69921875,0.0078125,1916
ENCSR654VRX,neural cell | Histone ChIP-seq | H3K27me3,0.0078125,BigWig,0.66796875,0.67578125,0.0078125,1917
ENCSR139PIA,neural progenitor cell | Histone ChIP-seq | H3K27me3,-0.0078125,BigWig,0.66015625,0.65234375,0.0078125,1918
ENCSR890NXD,neuroepithelial stem cell | Histone ChIP-seq | H3K4me1,-0.0078125,BigWig,0.80078125,0.79296875,0.0078125,1919
ENCSR000GGX,neuron | Histone ChIP-seq | H3K9me3,-0.0078125,BigWig,0.890625,0.8828125,0.0078125,1920
ENCSR692CTK,neuronal stem cell | Histone ChIP-seq | H3K27me3,-0.0078125,BigWig,0.8359375,0.828125,0.0078125,1921
ENCSR254NLC,neuronal stem cell | Histone ChIP-seq | H3K4me1,-0.0078125,BigWig,0.90625,0.8984375,0.0078125,1922
ENCSR354XWM,neuronal stem cell | Histone ChIP-seq | H3K4me3,0.0078125,BigWig,0.73046875,0.73828125,0.0078125,1923
ENCSR651JDA,smooth muscle cell | Histone ChIP-seq | H3K36me3,0.0078125,BigWig,0.921875,0.9296875,0.0078125,1924
ENCSR130IMV,smooth muscle cell | Histone ChIP-seq | H3K4me1,0.0078125,BigWig,0.71875,0.7265625,0.0078125,1925
ENCSR874WOB,trophoblast cell | Histone ChIP-seq | H3K4me3,-0.0078125,BigWig,0.96875,0.9609375,0.0078125,1926
ENCSR557TNE,B cell | Histone ChIP-seq | H3K27me3,-0.0078125,BigWig,0.96484375,0.95703125,0.0078125,1927
ENCSR000ELE,CD14-positive monocyte | DNase-seq,-0.0078125,BigWig,0.984375,0.9765625,0.0078125,1928
ENCSR000ASM,CD14-positive monocyte | Histone ChIP-seq | H3K4me1,-0.0078125,BigWig,0.57421875,0.56640625,0.0078125,1929
ENCSR000DWL,CD14-positive monocyte | Histone ChIP-seq | H3K4me3,-0.0078125,BigWig,0.54296875,0.53515625,0.0078125,1930
ENCSR000EQJ,"CD4-positive, CD25-positive, alpha-beta regulatory T ce",-0.0078125,BigWig,0.69921875,0.69140625,0.0078125,1931
ENCSR292ZMG,"CD4-positive, CD25-positive, alpha-beta regulatory T ce",-0.0078125,BigWig,0.51171875,0.50390625,0.0078125,1932
ENCSR966QUX,"CD4-positive, CD25-positive, alpha-beta regulatory T ce",0.0078125,BigWig,0.51171875,0.51953125,0.0078125,1933
ENCSR852FRR,"CD4-positive, alpha-beta T cell | Histone ChIP-seq | H3",-0.0078125,BigWig,0.65234375,0.64453125,0.0078125,1934
ENCSR453GNY,"CD4-positive, alpha-beta T cell | Histone ChIP-seq | H3",0.0078125,BigWig,0.6875,0.6953125,0.0078125,1935
ENCSR887ESB,"CD4-positive, alpha-beta memory T cell | Histone ChIP-s",-0.0078125,BigWig,0.67578125,0.66796875,0.0078125,1936
ENCSR835OJV,"CD8-positive, alpha-beta T cell | Histone ChIP-seq | H3",0.0078125,BigWig,0.640625,0.6484375,0.0078125,1937
ENCSR694CDP,"CD8-positive, alpha-beta T cell | Histone ChIP-seq | H3",-0.0078125,BigWig,0.6484375,0.640625,0.0078125,1938
ENCSR631BPS,"CD8-positive, alpha-beta T cell | Histone ChIP-seq | H3",-0.0078125,BigWig,0.6484375,0.640625,0.0078125,1939
ENCSR796CSH,"CD8-positive, alpha-beta T cell | Histone ChIP-seq | H3",-0.0078125,BigWig,0.65234375,0.64453125,0.0078125,1940
ENCSR962AKF,"CD8-positive, alpha-beta memory T cell | Histone ChIP-s",-0.0078125,BigWig,0.66796875,0.66015625,0.0078125,1941
ENCSR000ENF,brain pericyte | DNase-seq,-0.0078125,BigWig,0.90234375,0.89453125,0.0078125,1942
ENCSR281HBB,"common myeloid progenitor, CD34-positive | DNase-seq",0.0078125,BigWig,0.68359375,0.69140625,0.0078125,1943
ENCSR311OCP,"common myeloid progenitor, CD34-positive | Histone ChIP",-0.0078125,BigWig,0.95703125,0.94921875,0.0078125,1944
ENCSR458PCE,"common myeloid progenitor, CD34-positive | Histone ChIP",-0.0078125,BigWig,0.88671875,0.87890625,0.0078125,1945
ENCSR192GUR,"common myeloid progenitor, CD34-positive | Histone ChIP",-0.0078125,BigWig,0.5625,0.5546875,0.0078125,1946
ENCSR000AKK,endothelial cell of umbilical vein | Histone ChIP-seq |,-0.0078125,BigWig,0.5625,0.5546875,0.0078125,1947
ENCSR578QSO,endothelial cell of umbilical vein | Histone ChIP-seq |,-0.0078125,BigWig,0.59375,0.5859375,0.0078125,1948
ENCSR000ATB,endothelial cell of umbilical vein | Histone ChIP-seq |,-0.0078125,BigWig,0.6640625,0.65625,0.0078125,1949
ENCSR910PDW,epithelial cell of prostate | Histone ChIP-seq | H3K27a,-0.0078125,BigWig,0.53125,0.5234375,0.0078125,1950
ENCSR000APR,fibroblast of dermis | Histone ChIP-seq | H3K4me3,-0.0078125,BigWig,0.6640625,0.65625,0.0078125,1951
ENCSR000DUZ,fibroblast of pulmonary artery | Histone ChIP-seq | H3K,-0.0078125,BigWig,0.5390625,0.53125,0.0078125,1952
ENCSR108NVQ,foreskin fibroblast | Histone ChIP-seq | H3K27ac,-0.0078125,BigWig,0.98046875,0.97265625,0.0078125,1953
ENCSR822ZIG,foreskin fibroblast | Histone ChIP-seq | H3K27ac,-0.0078125,BigWig,0.98046875,0.97265625,0.0078125,1954
ENCSR786ESI,foreskin fibroblast | Histone ChIP-seq | H3K27me3,0.0078125,BigWig,0.71875,0.7265625,0.0078125,1955
ENCSR693VHX,foreskin melanocyte | Histone ChIP-seq | H3K27ac,-0.0078125,BigWig,0.9609375,0.953125,0.0078125,1956
ENCSR147GWR,foreskin melanocyte | Histone ChIP-seq | H3K27me3,-0.0078125,BigWig,0.96875,0.9609375,0.0078125,1957
ENCSR708IFN,foreskin melanocyte | Histone ChIP-seq | H3K27me3,-0.0078125,BigWig,0.859375,0.8515625,0.0078125,1958
ENCSR382VAU,foreskin melanocyte | Histone ChIP-seq | H3K4me1,-0.0078125,BigWig,0.76953125,0.76171875,0.0078125,1959
ENCSR571CSC,foreskin melanocyte | Histone ChIP-seq | H3K9me3,-0.0078125,BigWig,0.94140625,0.93359375,0.0078125,1960
ENCSR000ELH,keratinocyte | DNase-seq,-0.0078125,BigWig,0.96484375,0.95703125,0.0078125,1961
ENCSR293UEB,luminal epithelial cell of mammary gland | Histone ChIP,0.0078125,BigWig,0.640625,0.6484375,0.0078125,1962
ENCSR016JWS,mammary epithelial cell | Histone ChIP-seq | H3K4me3,-0.0078125,BigWig,0.65625,0.6484375,0.0078125,1963
ENCSR807YQE,mammary epithelial cell | Histone ChIP-seq | H3K4me3,-0.0078125,BigWig,0.6328125,0.625,0.0078125,1964
ENCSR439EHQ,mesenchymal stem cell | Histone ChIP-seq | H3K9me3,0.0078125,BigWig,0.6328125,0.640625,0.0078125,1965
ENCSR175HIV,myoepithelial cell of mammary gland | Histone ChIP-seq,-0.0078125,BigWig,0.86328125,0.85546875,0.0078125,1966
ENCSR430ULY,"naive thymus-derived CD4-positive, alpha-beta T cell |",-0.0078125,BigWig,0.640625,0.6328125,0.0078125,1967
ENCSR161XBV,"naive thymus-derived CD4-positive, alpha-beta T cell |",0.0078125,BigWig,0.640625,0.6484375,0.0078125,1968
ENCSR939JZW,natural killer cell | Histone ChIP-seq | H3K27me3,-0.0078125,BigWig,0.8515625,0.84375,0.0078125,1969
ENCSR963TKB,natural killer cell | Histone ChIP-seq | H3K4me1,0.0078125,BigWig,0.78125,0.7890625,0.0078125,1970
ENCSR444TQQ,neurosphere | Histone ChIP-seq | H3K27me3,0.0078125,BigWig,0.7109375,0.71875,0.0078125,1971
ENCSR393SYU,neutrophil | Histone ChIP-seq | H3K4me3,-0.0078125,BigWig,0.6640625,0.65625,0.0078125,1972
ENCSR156XNC,peripheral blood mononuclear cell | Histone ChIP-seq |,-0.0078125,BigWig,0.77734375,0.76953125,0.0078125,1973
ENCSR442BHP,peripheral blood mononuclear cell | Histone ChIP-seq |,0.0078125,BigWig,0.9296875,0.9375,0.0078125,1974
ENCSR162MGR,peripheral blood mononuclear cell | Histone ChIP-seq |,-0.0078125,BigWig,0.9453125,0.9375,0.0078125,1975
ENCSR692DOM,peripheral blood mononuclear cell | Histone ChIP-seq |,0.0078125,BigWig,0.80859375,0.81640625,0.0078125,1976
ENCSR206JRX,peripheral blood mononuclear cell | Histone ChIP-seq |,-0.0078125,BigWig,0.73046875,0.72265625,0.0078125,1977
ENCSR275EAG,peripheral blood mononuclear cell | Histone ChIP-seq |,0.0078125,BigWig,0.75390625,0.76171875,0.0078125,1978
ENCSR443SLY,peripheral blood mononuclear cell | Histone ChIP-seq |,-0.0078125,BigWig,0.984375,0.9765625,0.0078125,1979
ENCSR980XMX,peripheral blood mononuclear cell | Histone ChIP-seq |,0.0078125,BigWig,0.703125,0.7109375,0.0078125,1980
ENCSR525XER,skeletal muscle satellite cell | Histone ChIP-seq | H3K,-0.0078125,BigWig,0.6875,0.6796875,0.0078125,1981
ENCSR452ZMO,Peyer's patch | DNase-seq,0.0078125,BigWig,0.96875,0.9765625,0.0078125,1982
ENCSR848XIY,adrenal gland | DNase-seq,-0.0078125,BigWig,0.75390625,0.74609375,0.0078125,1983
ENCSR405ESP,adrenal gland | Histone ChIP-seq | H3K27ac,-0.0078125,BigWig,0.9140625,0.90625,0.0078125,1984
ENCSR455JUO,adrenal gland | Histone ChIP-seq | H3K4me1,-0.0078125,BigWig,0.66015625,0.65234375,0.0078125,1985
ENCSR620TXL,adrenal gland | Histone ChIP-seq | H3K4me3,-0.0078125,BigWig,0.7265625,0.71875,0.0078125,1986
ENCSR420IOA,amnion | Histone ChIP-seq | H3K4me3,-0.0078125,BigWig,0.7578125,0.75,0.0078125,1987
ENCSR380KOO,angular gyrus | Histone ChIP-seq | H3K27ac,-0.0078125,BigWig,0.765625,0.7578125,0.0078125,1988
ENCSR011IVX,angular gyrus | Histone ChIP-seq | H3K36me3,-0.0078125,BigWig,0.96484375,0.95703125,0.0078125,1989
ENCSR263BGI,angular gyrus | Histone ChIP-seq | H3K4me1,0.0078125,BigWig,0.66796875,0.67578125,0.0078125,1990
ENCSR389SGO,angular gyrus | Histone ChIP-seq | H3K9me3,-0.0078125,BigWig,0.73046875,0.72265625,0.0078125,1991
ENCSR128VHV,aorta | Histone ChIP-seq | H3K27me3,-0.0078125,BigWig,0.6015625,0.59375,0.0078125,1992
ENCSR989AMI,aorta | Histone ChIP-seq | H3K36me3,-0.0078125,BigWig,0.98046875,0.97265625,0.0078125,1993
ENCSR982QIF,ascending aorta | Histone ChIP-seq | H3K27ac,-0.0078125,BigWig,0.9453125,0.9375,0.0078125,1994
ENCSR103QHX,ascending aorta | Histone ChIP-seq | H3K27me3,-0.0078125,BigWig,0.73046875,0.72265625,0.0078125,1995
ENCSR522WLH,body of pancreas | DNase-seq,-0.0078125,BigWig,0.9140625,0.90625,0.0078125,1996
ENCSR689SFJ,body of pancreas | Histone ChIP-seq | H3K36me3,-0.0078125,BigWig,0.92578125,0.91796875,0.0078125,1997
ENCSR827NKO,body of pancreas | Histone ChIP-seq | H3K4me1,-0.0078125,BigWig,0.66015625,0.65234375,0.0078125,1998
ENCSR420RWU,brain | DNase-seq,0.0078125,BigWig,0.80078125,0.80859375,0.0078125,1999
ENCSR018OGF,brain | Histone ChIP-seq | H3K9me3,-0.0078125,BigWig,0.81640625,0.80859375,0.0078125,2000
ENCSR209WQN,caudate nucleus | Histone ChIP-seq | H3K27me3,0.0078125,BigWig,0.79296875,0.80078125,0.0078125,2001
ENCSR303OIB,caudate nucleus | Histone ChIP-seq | H3K4me1,0.0078125,BigWig,0.671875,0.6796875,0.0078125,2002
ENCSR000EIJ,cerebellum | DNase-seq,-0.0078125,BigWig,0.91015625,0.90234375,0.0078125,2003
ENCSR499IIR,chorion | Histone ChIP-seq | H3K27ac,-0.0078125,BigWig,0.84375,0.8359375,0.0078125,2004
ENCSR767WVZ,chorion | Histone ChIP-seq | H3K4me1,0.0078125,BigWig,0.91015625,0.91796875,0.0078125,2005
ENCSR787CAJ,chorion | Histone ChIP-seq | H3K4me3,-0.0078125,BigWig,0.69140625,0.68359375,0.0078125,2006
ENCSR606WJA,chorionic villus | Histone ChIP-seq | H3K27ac,-0.0078125,BigWig,0.921875,0.9140625,0.0078125,2007
ENCSR643TBI,chorionic villus | Histone ChIP-seq | H3K27ac,-0.0078125,BigWig,0.88671875,0.87890625,0.0078125,2008
ENCSR097PJQ,chorionic villus | Histone ChIP-seq | H3K4me3,-0.0078125,BigWig,0.796875,0.7890625,0.0078125,2009
ENCSR313SEO,chorionic villus | Histone ChIP-seq | H3K4me3,0.0078125,BigWig,0.69921875,0.70703125,0.0078125,2010
ENCSR957TGI,chorionic villus | Histone ChIP-seq | H3K9me3,0.0078125,BigWig,0.6328125,0.640625,0.0078125,2011
ENCSR604JDV,cingulate gyrus | Histone ChIP-seq | H3K27ac,-0.0078125,BigWig,0.765625,0.7578125,0.0078125,2012
ENCSR024DUV,colonic mucosa | Histone ChIP-seq | H3K36me3,-0.0078125,BigWig,0.96484375,0.95703125,0.0078125,2013
ENCSR253JFN,dorsolateral prefrontal cortex | Histone ChIP-seq | H3K,0.0078125,BigWig,0.7421875,0.75,0.0078125,2014
ENCSR992DEK,dorsolateral prefrontal cortex | Histone ChIP-seq | H3K,-0.0078125,BigWig,0.82421875,0.81640625,0.0078125,2015
ENCSR588WOD,endocrine pancreas | Histone ChIP-seq | H3K27me3,0.0078125,BigWig,0.7734375,0.78125,0.0078125,2016
ENCSR944JCE,esophagus muscularis mucosa | DNase-seq,0.0078125,BigWig,0.95703125,0.96484375,0.0078125,2017
ENCSR095YMD,esophagus muscularis mucosa | Histone ChIP-seq | H3K27a,-0.0078125,BigWig,0.96484375,0.95703125,0.0078125,2018
ENCSR909UAG,esophagus squamous epithelium | Histone ChIP-seq | H3K2,-0.0078125,BigWig,0.890625,0.8828125,0.0078125,2019
ENCSR057BFO,esophagus squamous epithelium | Histone ChIP-seq | H3K2,-0.0078125,BigWig,0.73828125,0.73046875,0.0078125,2020
ENCSR057YVO,esophagus squamous epithelium | Histone ChIP-seq | H3K9,0.0078125,BigWig,0.7109375,0.71875,0.0078125,2021
ENCSR201OSX,gastrocnemius medialis | Histone ChIP-seq | H3K27me3,-0.0078125,BigWig,0.7109375,0.703125,0.0078125,2022
ENCSR206STN,gastrocnemius medialis | Histone ChIP-seq | H3K4me3,-0.0078125,BigWig,0.68359375,0.67578125,0.0078125,2023
ENCSR899TDF,gastrocnemius medialis | Histone ChIP-seq | H3K9me3,0.0078125,BigWig,0.640625,0.6484375,0.0078125,2024
ENCSR922OXX,gastrocnemius medialis | Histone ChIP-seq | H3K9me3,0.0078125,BigWig,0.71484375,0.72265625,0.0078125,2025
ENCSR911WPA,germinal matrix | Histone ChIP-seq | H3K27me3,-0.0078125,BigWig,0.7578125,0.75,0.0078125,2026
ENCSR064VLH,germinal matrix | Histone ChIP-seq | H3K4me1,0.0078125,BigWig,0.78515625,0.79296875,0.0078125,2027
ENCSR189YJQ,heart | DNase-seq,0.0078125,BigWig,0.640625,0.6484375,0.0078125,2028
ENCSR911LTI,heart | DNase-seq,0.0078125,BigWig,0.640625,0.6484375,0.0078125,2029
ENCSR501FWC,heart left ventricle | DNase-seq,0.0078125,BigWig,0.71875,0.7265625,0.0078125,2030
ENCSR150QXE,heart left ventricle | Histone ChIP-seq | H3K27ac,-0.0078125,BigWig,0.91015625,0.90234375,0.0078125,2031
ENCSR988JLN,heart left ventricle | Histone ChIP-seq | H3K27me3,-0.0078125,BigWig,0.765625,0.7578125,0.0078125,2032
ENCSR877RMK,heart left ventricle | Histone ChIP-seq | H3K36me3,-0.0078125,BigWig,0.9765625,0.96875,0.0078125,2033
ENCSR901SIL,heart left ventricle | Histone ChIP-seq | H3K4me3,0.0078125,BigWig,0.63671875,0.64453125,0.0078125,2034
ENCSR076CZA,heart right ventricle | Histone ChIP-seq | H3K4me1,-0.0078125,BigWig,0.98046875,0.97265625,0.0078125,2035
ENCSR791GCO,heart right ventricle | Histone ChIP-seq | H3K4me3,-0.0078125,BigWig,0.578125,0.5703125,0.0078125,2036
ENCSR086JMA,heart right ventricle | Histone ChIP-seq | H3K9me3,0.0078125,BigWig,0.58984375,0.59765625,0.0078125,2037
ENCSR366AOJ,kidney | Histone ChIP-seq | H3K36me3,0.0078125,BigWig,0.90625,0.9140625,0.0078125,2038
ENCSR558SJC,kidney | Histone ChIP-seq | H3K36me3,-0.0078125,BigWig,0.9765625,0.96875,0.0078125,2039
ENCSR643ULB,kidney | Histone ChIP-seq | H3K9ac,-0.0078125,BigWig,0.71484375,0.70703125,0.0078125,2040
ENCSR133SPH,large intestine | DNase-seq,0.0078125,BigWig,0.62890625,0.63671875,0.0078125,2041
ENCSR366EQH,large intestine | DNase-seq,-0.0078125,BigWig,0.76171875,0.75390625,0.0078125,2042
ENCSR444VTC,large intestine | DNase-seq,-0.0078125,BigWig,0.74609375,0.73828125,0.0078125,2043
ENCSR157FDN,large intestine | Histone ChIP-seq | H3K27me3,0.0078125,BigWig,0.8125,0.8203125,0.0078125,2044
ENCSR713HJS,layer of hippocampus | Histone ChIP-seq | H3K27me3,-0.0078125,BigWig,0.92578125,0.91796875,0.0078125,2045
ENCSR431FZZ,layer of hippocampus | Histone ChIP-seq | H3K9me3,-0.0078125,BigWig,0.80078125,0.79296875,0.0078125,2046
ENCSR412NMI,left cardiac atrium | DNase-seq,0.0078125,BigWig,0.765625,0.7734375,0.0078125,2047
ENCSR431UEM,left hindlimb | DNase-seq,0.0078125,BigWig,0.97265625,0.98046875,0.0078125,2048
ENCSR456KDF,left lung | DNase-seq,-0.0078125,BigWig,0.67578125,0.66796875,0.0078125,2049
ENCSR680SDS,left lung | DNase-seq,0.0078125,BigWig,0.65625,0.6640625,0.0078125,2050
ENCSR953WJO,left lung | DNase-seq,-0.0078125,BigWig,0.609375,0.6015625,0.0078125,2051
ENCSR230IMS,liver | Histone ChIP-seq | H3K27ac,0.0078125,BigWig,0.6796875,0.6875,0.0078125,2052
ENCSR678LND,liver | Histone ChIP-seq | H3K27ac,0.0078125,BigWig,0.6953125,0.703125,0.0078125,2053
ENCSR111OHT,liver | Histone ChIP-seq | H3K4me1,0.0078125,BigWig,0.6171875,0.625,0.0078125,2054
ENCSR803JYI,liver | Histone ChIP-seq | H3K4me3,-0.0078125,BigWig,0.703125,0.6953125,0.0078125,2055
ENCSR006IJP,lung | DNase-seq,-0.0078125,BigWig,0.62109375,0.61328125,0.0078125,2056
ENCSR504KZE,lung | DNase-seq,0.0078125,BigWig,0.625,0.6328125,0.0078125,2057
ENCSR627NIF,lung | DNase-seq,-0.0078125,BigWig,0.765625,0.7578125,0.0078125,2058
ENCSR429MNF,lung | Histone ChIP-seq | H3K36me3,-0.0078125,BigWig,0.98828125,0.98046875,0.0078125,2059
ENCSR617SRM,lung | Histone ChIP-seq | H3K4me1,0.0078125,BigWig,0.578125,0.5859375,0.0078125,2060
ENCSR413WJD,lung | Histone ChIP-seq | H3K4me3,0.0078125,BigWig,0.5390625,0.546875,0.0078125,2061
ENCSR456TZO,lung | Histone ChIP-seq | H3K9me3,0.0078125,BigWig,0.54296875,0.55078125,0.0078125,2062
ENCSR224IYD,medulla oblongata | DNase-seq,-0.0078125,BigWig,0.79296875,0.78515625,0.0078125,2063
ENCSR497UIB,mucosa of rectum | Histone ChIP-seq | H3K36me3,-0.0078125,BigWig,0.98828125,0.98046875,0.0078125,2064
ENCSR328CWP,muscle layer of colon | Histone ChIP-seq | H3K9me3,-0.0078125,BigWig,0.75,0.7421875,0.0078125,2065
ENCSR057XPL,muscle layer of duodenum | Histone ChIP-seq | H3K9me3,0.0078125,BigWig,0.64453125,0.65234375,0.0078125,2066
ENCSR270LZE,muscle of arm | DNase-seq,0.0078125,BigWig,0.74609375,0.75390625,0.0078125,2067
ENCSR303YII,muscle of arm | DNase-seq,0.0078125,BigWig,0.6953125,0.703125,0.0078125,2068
ENCSR452EGE,muscle of arm | DNase-seq,0.0078125,BigWig,0.79296875,0.80078125,0.0078125,2069
ENCSR868XPR,muscle of arm | DNase-seq,0.0078125,BigWig,0.6328125,0.640625,0.0078125,2070
ENCSR888GBS,muscle of arm | DNase-seq,0.0078125,BigWig,0.7265625,0.734375,0.0078125,2071
ENCSR951XEN,muscle of arm | DNase-seq,0.0078125,BigWig,0.75,0.7578125,0.0078125,2072
ENCSR698CUE,muscle of back | DNase-seq,-0.0078125,BigWig,0.75390625,0.74609375,0.0078125,2073
ENCSR786FWF,muscle of back | DNase-seq,0.0078125,BigWig,0.7578125,0.765625,0.0078125,2074
ENCSR272RQX,muscle of leg | DNase-seq,-0.0078125,BigWig,0.7890625,0.78125,0.0078125,2075
ENCSR861NUH,muscle of leg | DNase-seq,0.0078125,BigWig,0.7421875,0.75,0.0078125,2076
ENCSR217YRJ,muscle of trunk | DNase-seq,0.0078125,BigWig,0.81640625,0.82421875,0.0078125,2077
ENCSR178JBL,pancreas | DNase-seq,-0.0078125,BigWig,0.79296875,0.78515625,0.0078125,2078
ENCSR186QKH,pancreas | Histone ChIP-seq | H3K27me3,-0.0078125,BigWig,0.76171875,0.75390625,0.0078125,2079
ENCSR449PYI,pancreas | Histone ChIP-seq | H3K4me1,-0.0078125,BigWig,0.9375,0.9296875,0.0078125,2080
ENCSR481IYI,parathyroid adenoma | Histone ChIP-seq | H3K36me3,-0.0078125,BigWig,0.77734375,0.76953125,0.0078125,2081
ENCSR486GER,parathyroid adenoma | Histone ChIP-seq | H3K4me1,0.0078125,BigWig,0.67578125,0.68359375,0.0078125,2082
ENCSR335LTZ,parathyroid adenoma | Histone ChIP-seq | H3K9ac,0.0078125,BigWig,0.6875,0.6953125,0.0078125,2083
ENCSR129TSG,placenta | DNase-seq,-0.0078125,BigWig,0.87890625,0.87109375,0.0078125,2084
ENCSR499IFY,placenta | DNase-seq,-0.0078125,BigWig,0.796875,0.7890625,0.0078125,2085
ENCSR545KQR,placenta | DNase-seq,-0.0078125,BigWig,0.71484375,0.70703125,0.0078125,2086
ENCSR989YIV,placenta | DNase-seq,-0.0078125,BigWig,0.8203125,0.8125,0.0078125,2087
ENCSR977TKR,placenta | Histone ChIP-seq | H3K4me1,-0.0078125,BigWig,0.97265625,0.96484375,0.0078125,2088
ENCSR451EKU,placenta | Histone ChIP-seq | H3K9me3,0.0078125,BigWig,0.62109375,0.62890625,0.0078125,2089
ENCSR345QKG,placental basal plate | Histone ChIP-seq | H3K4me3,0.0078125,BigWig,0.671875,0.6796875,0.0078125,2090
ENCSR566ZFQ,placental basal plate | Histone ChIP-seq | H3K9me3,-0.0078125,BigWig,0.77734375,0.76953125,0.0078125,2091
ENCSR958QXU,prostate gland | DNase-seq,0.0078125,BigWig,0.9609375,0.96875,0.0078125,2092
ENCSR133QBG,prostate gland | Histone ChIP-seq | H3K9me3,-0.0078125,BigWig,0.73046875,0.72265625,0.0078125,2093
ENCSR949OYZ,psoas muscle | Histone ChIP-seq | H3K4me3,-0.0078125,BigWig,0.58984375,0.58203125,0.0078125,2094
ENCSR394DRL,psoas muscle | Histone ChIP-seq | H3K9me3,0.0078125,BigWig,0.5703125,0.578125,0.0078125,2095
ENCSR580OAH,renal pelvis | DNase-seq,0.0078125,BigWig,0.7890625,0.796875,0.0078125,2096
ENCSR791KFQ,right atrium auricular region | Histone ChIP-seq | H3K4,-0.0078125,BigWig,0.63671875,0.62890625,0.0078125,2097
ENCSR972RKX,right cardiac atrium | Histone ChIP-seq | H3K27me3,-0.0078125,BigWig,0.5859375,0.578125,0.0078125,2098
ENCSR548LZS,right cardiac atrium | Histone ChIP-seq | H3K4me3,-0.0078125,BigWig,0.546875,0.5390625,0.0078125,2099
ENCSR489DUV,right lobe of liver | Histone ChIP-seq | H3K4me1,0.0078125,BigWig,0.6796875,0.6875,0.0078125,2100
ENCSR441MMO,right lung | DNase-seq,-0.0078125,BigWig,0.6484375,0.640625,0.0078125,2101
ENCSR268ZCF,sigmoid colon | Histone ChIP-seq | H3K27ac,-0.0078125,BigWig,0.9140625,0.90625,0.0078125,2102
ENCSR561YSH,sigmoid colon | Histone ChIP-seq | H3K27ac,-0.0078125,BigWig,0.92578125,0.91796875,0.0078125,2103
ENCSR682GOI,sigmoid colon | Histone ChIP-seq | H3K9me3,0.0078125,BigWig,0.71484375,0.72265625,0.0078125,2104
ENCSR238LEG,skeletal muscle tissue | Histone ChIP-seq | H3K4me3,-0.0078125,BigWig,0.640625,0.6328125,0.0078125,2105
ENCSR457ILW,small intestine | DNase-seq,0.0078125,BigWig,0.609375,0.6171875,0.0078125,2106
ENCSR594OWA,small intestine | DNase-seq,0.0078125,BigWig,0.55078125,0.55859375,0.0078125,2107
ENCSR340OPI,small intestine | Histone ChIP-seq | H3K27me3,-0.0078125,BigWig,0.88671875,0.87890625,0.0078125,2108
ENCSR958DEW,small intestine | Histone ChIP-seq | H3K36me3,-0.0078125,BigWig,0.9921875,0.984375,0.0078125,2109
ENCSR863GVT,spinal cord | Histone ChIP-seq | H3K4me1,0.0078125,BigWig,0.94921875,0.95703125,0.0078125,2110
ENCSR522FGG,stomach | DNase-seq,-0.0078125,BigWig,0.8125,0.8046875,0.0078125,2111
ENCSR782SSS,stomach | DNase-seq,-0.0078125,BigWig,0.76953125,0.76171875,0.0078125,2112
ENCSR743DDX,stomach | Histone ChIP-seq | H3K27ac,0.0078125,BigWig,0.84765625,0.85546875,0.0078125,2113
ENCSR639RKZ,stomach | Histone ChIP-seq | H3K9me3,-0.0078125,BigWig,0.9609375,0.953125,0.0078125,2114
ENCSR971ETA,stomach smooth muscle | Histone ChIP-seq | H3K27ac,-0.0078125,BigWig,0.98046875,0.97265625,0.0078125,2115
ENCSR243UVC,subcutaneous abdominal adipose tissue | Histone ChIP-se,-0.0078125,BigWig,0.796875,0.7890625,0.0078125,2116
ENCSR180CHR,substantia nigra | Histone ChIP-seq | H3K27me3,0.0078125,BigWig,0.78125,0.7890625,0.0078125,2117
ENCSR975RSD,substantia nigra | Histone ChIP-seq | H3K9me3,0.0078125,BigWig,0.73828125,0.74609375,0.0078125,2118
ENCSR358KID,temporal lobe | Histone ChIP-seq | H3K27me3,0.0078125,BigWig,0.875,0.8828125,0.0078125,2119
ENCSR561MYM,testis | Histone ChIP-seq | H3K36me3,-0.0078125,BigWig,0.859375,0.8515625,0.0078125,2120
ENCSR318HUC,thoracic aorta | Histone ChIP-seq | H3K27ac,-0.0078125,BigWig,0.875,0.8671875,0.0078125,2121
ENCSR988DFT,thoracic aorta | Histone ChIP-seq | H3K36me3,-0.0078125,BigWig,0.98046875,0.97265625,0.0078125,2122
ENCSR974OMC,thoracic aorta | Histone ChIP-seq | H3K9me3,-0.0078125,BigWig,0.76171875,0.75390625,0.0078125,2123
ENCSR479YCJ,thymus | Histone ChIP-seq | H3K4me1,0.0078125,BigWig,0.765625,0.7734375,0.0078125,2124
ENCSR738LBP,thymus | Histone ChIP-seq | H3K4me3,0.0078125,BigWig,0.58984375,0.59765625,0.0078125,2125
ENCSR203KCB,thyroid gland | Histone ChIP-seq | H3K27ac,-0.0078125,BigWig,0.68359375,0.67578125,0.0078125,2126
ENCSR716FUH,thyroid gland | Histone ChIP-seq | H3K27ac,0.0078125,BigWig,0.7734375,0.78125,0.0078125,2127
ENCSR748LUA,thyroid gland | Histone ChIP-seq | H3K27me3,-0.0078125,BigWig,0.8046875,0.796875,0.0078125,2128
ENCSR225VCV,thyroid gland | Histone ChIP-seq | H3K36me3,-0.0078125,BigWig,0.94140625,0.93359375,0.0078125,2129
ENCSR266EYO,thyroid gland | Histone ChIP-seq | H3K9me3,0.0078125,BigWig,0.63671875,0.64453125,0.0078125,2130
ENCSR233LCT,tibial artery | Histone ChIP-seq | H3K4me1,0.0078125,BigWig,0.7734375,0.78125,0.0078125,2131
ENCSR504WYA,transverse colon | DNase-seq,0.0078125,BigWig,0.8046875,0.8125,0.0078125,2132
ENCSR790FIS,transverse colon | DNase-seq,-0.0078125,BigWig,0.80859375,0.80078125,0.0078125,2133
ENCSR933BVL,transverse colon | Histone ChIP-seq | H3K4me3,-0.0078125,BigWig,0.7265625,0.71875,0.0078125,2134
ENCSR083DXD,transverse colon | Histone ChIP-seq | H3K9me3,-0.0078125,BigWig,0.68359375,0.67578125,0.0078125,2135
ENCSR507SRD,trophoblast | Histone ChIP-seq | H3K27ac,0.0078125,BigWig,0.61328125,0.62109375,0.0078125,2136
ENCSR612MZB,trophoblast | Histone ChIP-seq | H3K9me3,0.0078125,BigWig,0.56640625,0.57421875,0.0078125,2137
ENCSR208WDY,upper lobe of left lung | Histone ChIP-seq | H3K4me3,-0.0078125,BigWig,0.7421875,0.734375,0.0078125,2138
ENCSR437AYW,vagina | DNase-seq,0.0078125,BigWig,0.98046875,0.98828125,0.0078125,2139
ENCSR718BTD,vagina | Histone ChIP-seq | H3K27ac,-0.0078125,BigWig,0.96484375,0.95703125,0.0078125,2140
ENCSR962MYX,vagina | Histone ChIP-seq | H3K36me3,-0.0078125,BigWig,0.91015625,0.90234375,0.0078125,2141
CNhs13053_P,acute myeloid leukemia (FAB M0) cell line | CAGE,0.0078125,BigWig,0.51171875,0.51953125,0.0078125,2142
CNhs13241_P,acute myeloid leukemia (FAB M0) cell line | CAGE,0.0078125,BigWig,0.53515625,0.54296875,0.0078125,2143
CNhs13054_P,acute myeloid leukemia (FAB M1) cell line | CAGE,0.0078125,BigWig,0.51953125,0.52734375,0.0078125,2144
CNhs13502_P,acute myeloid leukemia (FAB M2) cell line | CAGE,0.0078125,BigWig,0.5078125,0.515625,0.0078125,2145
CNhs13055_P,acute myeloid leukemia (FAB M3) cell line | CAGE,0.0078125,BigWig,0.5,0.5078125,0.0078125,2146
CNhs13503_P,acute myeloid leukemia (FAB M4) cell line | CAGE,0.0078125,BigWig,0.50390625,0.51171875,0.0078125,2147
CNhs13050_P,acute myeloid leukemia (FAB M5) cell line | CAGE,0.0078125,BigWig,0.515625,0.5234375,0.0078125,2148
CNhs13059_P,acute myeloid leukemia (FAB M6) cell line | CAGE,0.0078125,BigWig,0.5234375,0.53125,0.0078125,2149
CNhs13060_P,acute myeloid leukemia (FAB M6) cell line | CAGE,0.0078125,BigWig,0.5078125,0.515625,0.0078125,2150
CNhs13505_P,acute myeloid leukemia (FAB M6) cell line | CAGE,0.0078125,BigWig,0.52734375,0.53515625,0.0078125,2151
CNhs11882_P,adenocarcinoma cell line | CAGE,0.0078125,BigWig,0.51171875,0.51953125,0.0078125,2152
CNhs10744_P,b cell line | CAGE,0.0078125,BigWig,0.5078125,0.515625,0.0078125,2153
CNhs11865_P,chronic myelogenous leukemia (CML) cell line | CAGE,0.0078125,BigWig,0.50390625,0.51171875,0.0078125,2154
CNhs10727_P,chronic myelogenous leukemia cell line | CAGE,0.0078125,BigWig,0.5078125,0.515625,0.0078125,2155
CNhs11286_P,gastric cancer cell line | CAGE,-0.0078125,BigWig,0.546875,0.5390625,0.0078125,2156
CNhs11891_P,hereditary spherocytic anemia cell line | CAGE,0.0078125,BigWig,0.5078125,0.515625,0.0078125,2157
CNhs11825_P,large cell non-keratinizing squamous carcinoma cell lin,-0.0078125,BigWig,0.546875,0.5390625,0.0078125,2158
CNhs11750_P,lens epithelial cell line | CAGE,-0.0078125,BigWig,0.56640625,0.55859375,0.0078125,2159
CNhs11873_P,mucinous cystadenocarcinoma cell line | CAGE,0.0078125,BigWig,0.546875,0.5546875,0.0078125,2160
CNhs11276_P,neuroblastoma cell line | CAGE,-0.0078125,BigWig,0.51171875,0.50390625,0.0078125,2161
CNhs11255_P,rectal cancer cell line | CAGE,-0.0078125,BigWig,0.53125,0.5234375,0.0078125,2162
CNhs11736_P,small cell gastrointestinal carcinoma cell line | CAGE,-0.0078125,BigWig,0.5234375,0.515625,0.0078125,2163
CNhs11812_P,small cell lung carcinoma cell line | CAGE,0.0078125,BigWig,0.51953125,0.52734375,0.0078125,2164
CNhs11734_P,small-cell gastrointestinal carcinoma cell line | CAGE,0.0078125,BigWig,0.53125,0.5390625,0.0078125,2165
CNhs10741_P,splenic lymphoma with villous lymphocytes cell line | C,0.0078125,BigWig,0.50390625,0.51171875,0.0078125,2166
CNhs11739_P,squamous cell carcinoma cell line | CAGE,0.0078125,BigWig,0.5234375,0.53125,0.0078125,2167
CNhs14238_P,squamous cell lung carcinoma cell line | CAGE,0.0078125,BigWig,0.51953125,0.52734375,0.0078125,2168
CNhs12552_P,"CD133+ stem cells - adult bone marrow derived, pool1 |",0.0078125,BigWig,0.5078125,0.515625,0.0078125,2169
CNhs12545_P,"CD133+ stem cells - cord blood derived, pool1 | CAGE",0.0078125,BigWig,0.50390625,0.51171875,0.0078125,2170
CNhs10858_P,CD14+ monocyte derived endothelial progenitor cells | C,-0.0078125,BigWig,0.5390625,0.53125,0.0078125,2171
CNhs13474_P,CD14+ monocytes - treated with B-glucan | CAGE,0.0078125,BigWig,0.54296875,0.55078125,0.0078125,2172
CNhs13466_P,CD14+ monocytes - treated with IFN + N-hexane | CAGE,0.0078125,BigWig,0.5234375,0.53125,0.0078125,2173
CNhs13470_P,CD14+ monocytes - treated with lipopolysaccharide | CAG,-0.0078125,BigWig,0.609375,0.6015625,0.0078125,2174
CNhs12177_P,"CD19+ B Cells (pluriselect), donation1 | CAGE",0.0078125,BigWig,0.50390625,0.51171875,0.0078125,2175
CNhs12553_P,"CD34+ stem cells - adult bone marrow derived, tech  | C",0.0078125,BigWig,0.515625,0.5234375,0.0078125,2176
CNhs12176_P,"CD8+ T Cells (pluriselect), donation1 | CAGE",0.0078125,BigWig,0.50390625,0.51171875,0.0078125,2177
CNhs12178_P,"CD8+ T Cells (pluriselect), donation2 | CAGE",0.0078125,BigWig,0.50390625,0.51171875,0.0078125,2178
CNhs12180_P,"CD8+ T Cells (pluriselect), donation3 | CAGE",0.0078125,BigWig,0.5078125,0.515625,0.0078125,2179
CNhs12538_P,"Mallassez-derived cells,  (MZH3) | CAGE",0.0078125,BigWig,0.640625,0.6484375,0.0078125,2180
CNhs10647_P,"frontal lobe, adult, pool1 | CAGE",-0.0078125,BigWig,0.6015625,0.59375,0.0078125,2181
CNhs13795_P,hippocampus - adult | CAGE,0.0078125,BigWig,0.51953125,0.52734375,0.0078125,2182
CNhs12312_P,"hippocampus, adult | CAGE",-0.0078125,BigWig,0.59375,0.5859375,0.0078125,2183
CNhs12310_P,"medial frontal gyrus, adult | CAGE",0.0078125,BigWig,0.5546875,0.5625,0.0078125,2184
CNhs12316_P,"medial temporal gyrus, adult | CAGE",0.0078125,BigWig,0.52734375,0.53515625,0.0078125,2185
CNhs14229_P,"medial temporal gyrus, adult, tech  | CAGE",0.0078125,BigWig,0.515625,0.5234375,0.0078125,2186
CNhs12849_P,"parotid gland, adult | CAGE",0.0078125,BigWig,0.56640625,0.57421875,0.0078125,2187
CNhs13803_P,substantia nigra - adult | CAGE,0.0078125,BigWig,0.5,0.5078125,0.0078125,2188
GTEX-14PKV-0726-SM-686ZF.1,adrenal gland | RNA-seq,-0.0078125,BigWig,1.0,0.9921875,0.0078125,2189
GTEX-11P82-1126-SM-5BC5K.1,prostate | RNA-seq,-0.0078125,BigWig,1.0,0.9921875,0.0078125,2190
GTEX-12WSB-2426-SM-5EGJC.1,vagina | RNA-seq,-0.0078125,BigWig,1.0,0.9921875,0.0078125,2191
promoter_Tissue_invariant,promoter Tissue invariant,0.00732421875,BED,0.0654296875,0.07275390625,0.00732421875,2192
splice_donor,splice donor,-0.0068359375,BED,0.1279296875,0.12109375,0.0068359375,2193
promoter_Tissue_specific,promoter Tissue specific,-0.00439453125,BED,0.0244140625,0.02001953125,0.00439453125,2194
ENCSR391NPE,22Rv1 | Histone ChIP-seq | H3K27ac,0.00390625,BigWig,0.640625,0.64453125,0.00390625,2195
ENCSR897FOZ,ACC112 | Histone ChIP-seq | H3K36me3,0.00390625,BigWig,0.96875,0.97265625,0.00390625,2196
ENCSR778VGY,ACC112 | Histone ChIP-seq | H3K4me3,0.00390625,BigWig,0.546875,0.55078125,0.00390625,2197
ENCSR000DPL,AG04450 | Histone ChIP-seq | H3K27ac,0.00390625,BigWig,0.9609375,0.96484375,0.00390625,2198
ENCSR000DQB,BE2C | Histone ChIP-seq | H3K4me3,0.00390625,BigWig,0.578125,0.58203125,0.00390625,2199
ENCSR279KIX,C4-2B | Histone ChIP-seq | H3K27ac,-0.00390625,BigWig,0.7578125,0.75390625,0.00390625,2200
ENCSR000DQL,Caco-2 | Histone ChIP-seq | H3K27me3,-0.00390625,BigWig,0.7265625,0.72265625,0.00390625,2201
ENCSR000AQW,DND-41 | Histone ChIP-seq | H3K27ac,-0.00390625,BigWig,0.69921875,0.6953125,0.00390625,2202
ENCSR000ASX,DND-41 | Histone ChIP-seq | H3K27me3,-0.00390625,BigWig,0.95703125,0.953125,0.00390625,2203
ENCSR460SEN,DOHH2 | Histone ChIP-seq | H3K4me1,0.00390625,BigWig,0.5546875,0.55859375,0.00390625,2204
ENCSR346IHH,Daoy | DNase-seq,0.00390625,BigWig,0.85546875,0.859375,0.00390625,2205
ENCSR691MQJ,EL | DNase-seq,-0.00390625,BigWig,0.64453125,0.640625,0.00390625,2206
ENCSR895IWH,ES-I3 | Histone ChIP-seq | H3K9me3,-0.00390625,BigWig,0.62890625,0.625,0.00390625,2207
ENCSR000FCL,GM08714 | Histone ChIP-seq | H3K4me3,0.00390625,BigWig,0.578125,0.58203125,0.00390625,2208
ENCSR000EJB,GM10248 | DNase-seq,0.00390625,BigWig,0.96875,0.97265625,0.00390625,2209
ENCSR000EJD,GM12878 | DNase-seq,0.00390625,BigWig,0.92578125,0.9296875,0.00390625,2210
ENCSR000AKD,GM12878 | Histone ChIP-seq | H3K27me3,-0.00390625,BigWig,0.9375,0.93359375,0.00390625,2211
ENCSR000DRX,GM12878 | Histone ChIP-seq | H3K27me3,-0.00390625,BigWig,0.97265625,0.96875,0.00390625,2212
ENCSR000AKH,GM12878 | Histone ChIP-seq | H3K9ac,-0.00390625,BigWig,0.703125,0.69921875,0.00390625,2213
ENCSR000EJF,GM12892 | DNase-seq,-0.00390625,BigWig,1.0,0.99609375,0.00390625,2214
ENCSR000EJI,GM18507 | DNase-seq,-0.00390625,BigWig,0.95703125,0.953125,0.00390625,2215
ENCSR914AWT,GM23248 | Histone ChIP-seq | H3K36me3,0.00390625,BigWig,0.9765625,0.98046875,0.00390625,2216
ENCSR906NGD,GM23248 | Histone ChIP-seq | H3K4me1,0.00390625,BigWig,0.6328125,0.63671875,0.00390625,2217
ENCSR729ENO,GM23338 | Histone ChIP-seq | H3K27ac,0.00390625,BigWig,0.82421875,0.828125,0.00390625,2218
ENCSR657DYL,GM23338 | Histone ChIP-seq | H3K4me3,-0.00390625,BigWig,0.57421875,0.5703125,0.00390625,2219
ENCSR000EMU,H1 | DNase-seq,0.00390625,BigWig,0.9375,0.94140625,0.00390625,2220
ENCSR496DCY,H1 | Histone ChIP-seq | H3K36me3,-0.00390625,BigWig,1.0,0.99609375,0.00390625,2221
ENCSR631RJR,H1 | Histone ChIP-seq | H3K4me1,-0.00390625,BigWig,0.83984375,0.8359375,0.00390625,2222
ENCSR870IUC,H9 | Histone ChIP-seq | H3K36me3,-0.00390625,BigWig,0.95703125,0.953125,0.00390625,2223
ENCSR276HBK,H9 | Histone ChIP-seq | H3K4me1,-0.00390625,BigWig,0.703125,0.69921875,0.00390625,2224
ENCSR000FCJ,HEK293 | Histone ChIP-seq | H3K9me3,0.00390625,BigWig,0.625,0.62890625,0.00390625,2225
ENCSR000EMG,HS-5 | DNase-seq,-0.00390625,BigWig,0.6015625,0.59765625,0.00390625,2226
ENCSR862SCU,HUES6 | Histone ChIP-seq | H3K9me3,0.00390625,BigWig,0.63671875,0.640625,0.00390625,2227
ENCSR894OYM,HUES64 | Histone ChIP-seq | H3K4me3,-0.00390625,BigWig,0.55859375,0.5546875,0.00390625,2228
ENCSR316MNI,HUES64 | Histone ChIP-seq | H3K9me3,-0.00390625,BigWig,0.62109375,0.6171875,0.00390625,2229
ENCSR000EJT,HeLa-S3 | DNase-seq,0.00390625,BigWig,0.96484375,0.96875,0.00390625,2230
ENCSR000DTZ,HeLa-S3 | Histone ChIP-seq | H3K36me3,-0.00390625,BigWig,0.79296875,0.7890625,0.00390625,2231
ENCSR000AQO,HeLa-S3 | Histone ChIP-seq | H3K9me3,0.00390625,BigWig,0.76953125,0.7734375,0.00390625,2232
ENCSR000DUE,HepG2 | Histone ChIP-seq | H3K27me3,-0.00390625,BigWig,0.96484375,0.9609375,0.00390625,2233
ENCSR000DUF,HepG2 | Histone ChIP-seq | H3K4me3,0.00390625,BigWig,0.55078125,0.5546875,0.00390625,2234
ENCSR575RRX,HepG2 | Histone ChIP-seq | H3K4me3,-0.00390625,BigWig,0.59375,0.58984375,0.00390625,2235
ENCSR000AKQ,K562 | Histone ChIP-seq | H3K27me3,-0.00390625,BigWig,0.984375,0.98046875,0.00390625,2236
ENCSR000EWA,K562 | Histone ChIP-seq | H3K4me3,-0.00390625,BigWig,0.81640625,0.8125,0.00390625,2237
ENCSR000EVZ,K562 | Histone ChIP-seq | H3K9ac,-0.00390625,BigWig,0.99609375,0.9921875,0.00390625,2238
ENCSR426IEA,KBM-7 | DNase-seq,0.00390625,BigWig,0.56640625,0.5703125,0.00390625,2239
ENCSR955IXZ,KMS-11 | Histone ChIP-seq | H3K27ac,-0.00390625,BigWig,0.6328125,0.62890625,0.00390625,2240
ENCSR835YBD,KMS-11 | Histone ChIP-seq | H3K36me3,0.00390625,BigWig,0.6953125,0.69921875,0.00390625,2241
ENCSR978BQI,Karpas-422 | Histone ChIP-seq | H3K9me3,0.00390625,BigWig,0.609375,0.61328125,0.00390625,2242
ENCSR837SUQ,Loucy | Histone ChIP-seq | H3K36me3,-0.00390625,BigWig,0.66796875,0.6640625,0.00390625,2243
ENCSR657RRI,Loucy | Histone ChIP-seq | H3K4me3,-0.00390625,BigWig,0.62109375,0.6171875,0.00390625,2244
ENCSR385SZQ,MCF 10A | DNase-seq,0.00390625,BigWig,0.65625,0.66015625,0.00390625,2245
ENCSR752EPH,MCF 10A | DNase-seq,0.00390625,BigWig,0.5859375,0.58984375,0.00390625,2246
ENCSR789VGQ,MCF 10A | DNase-seq,0.00390625,BigWig,0.60546875,0.609375,0.00390625,2247
ENCSR000EWP,MCF-7 | Histone ChIP-seq | H3K27me3,0.00390625,BigWig,0.6875,0.69140625,0.00390625,2248
ENCSR999WHE,MCF-7 | Histone ChIP-seq | H3K9me3,-0.00390625,BigWig,0.68359375,0.6796875,0.00390625,2249
ENCSR120LGC,MM.1S | Histone ChIP-seq | H3K36me3,0.00390625,BigWig,0.73046875,0.734375,0.00390625,2250
ENCSR859JNA,OCI-LY1 | Histone ChIP-seq | H3K27me3,-0.00390625,BigWig,0.9765625,0.97265625,0.00390625,2251
ENCSR184QUS,OCI-LY1 | Histone ChIP-seq | H3K4me1,0.00390625,BigWig,0.59765625,0.6015625,0.00390625,2252
ENCSR996GHD,OCI-LY3 | Histone ChIP-seq | H3K9ac,0.00390625,BigWig,0.64453125,0.6484375,0.00390625,2253
ENCSR604JFH,OCI-LY3 | Histone ChIP-seq | H3K9me3,0.00390625,BigWig,0.69921875,0.703125,0.00390625,2254
ENCSR243AIS,OCI-LY7 | Histone ChIP-seq | H3K36me3,0.00390625,BigWig,0.52734375,0.53125,0.00390625,2255
ENCSR389WWC,OCI-LY7 | Histone ChIP-seq | H3K9me3,-0.00390625,BigWig,0.65625,0.65234375,0.00390625,2256
ENCSR275NCH,PC-3 | Histone ChIP-seq | H3K4me3,-0.00390625,BigWig,0.625,0.62109375,0.00390625,2257
ENCSR441JWF,PC-9 | Histone ChIP-seq | H3K4me3,-0.00390625,BigWig,0.64453125,0.640625,0.00390625,2258
ENCSR000DXO,SK-N-SH | Histone ChIP-seq | H3K36me3,-0.00390625,BigWig,0.98828125,0.984375,0.00390625,2259
ENCSR511OIE,SU-DHL-6 | Histone ChIP-seq | H3K27me3,-0.00390625,BigWig,0.87890625,0.875,0.00390625,2260
ENCSR656PGJ,UCSF-4 | Histone ChIP-seq | H3K27ac,-0.00390625,BigWig,0.96484375,0.9609375,0.00390625,2261
ENCSR615YKN,UCSF-4 | Histone ChIP-seq | H3K4me1,0.00390625,BigWig,0.8671875,0.87109375,0.00390625,2262
ENCSR000DXY,WI38 | Histone ChIP-seq | H3K4me3,0.00390625,BigWig,0.58984375,0.59375,0.00390625,2263
ENCSR307OAJ,iPS DF 19.11 | Histone ChIP-seq | H3K4me1,-0.00390625,BigWig,0.99609375,0.9921875,0.00390625,2264
ENCSR429YAE,iPS-18a | Histone ChIP-seq | H3K27ac,-0.00390625,BigWig,0.83203125,0.828125,0.00390625,2265
ENCSR989RAL,iPS-20b | Histone ChIP-seq | H3K4me3,0.00390625,BigWig,0.55859375,0.5625,0.00390625,2266
ENCSR000ELV,urothelium cell line | DNase-seq,-0.00390625,BigWig,0.9296875,0.92578125,0.00390625,2267
ENCSR247PYK,bipolar neuron | Histone ChIP-seq | H3K9me3,-0.00390625,BigWig,0.61328125,0.609375,0.00390625,2268
ENCSR994NPK,cardiac muscle cell | Histone ChIP-seq | H3K36me3,-0.00390625,BigWig,0.953125,0.94921875,0.00390625,2269
ENCSR000DSP,cardiac muscle cell | Histone ChIP-seq | H3K4me3,0.00390625,BigWig,0.5390625,0.54296875,0.00390625,2270
ENCSR000DSF,cardiac myoblast | Histone ChIP-seq | H3K36me3,-0.00390625,BigWig,0.98828125,0.984375,0.00390625,2271
ENCSR360XIS,ecto neural progenitor cell | DNase-seq,-0.00390625,BigWig,0.953125,0.94921875,0.00390625,2272
ENCSR235CEI,ectodermal cell | Histone ChIP-seq | H3K9me3,0.00390625,BigWig,0.671875,0.67578125,0.00390625,2273
ENCSR166KPV,endodermal cell | DNase-seq,0.00390625,BigWig,0.9375,0.94140625,0.00390625,2274
ENCSR823BHO,endodermal cell | Histone ChIP-seq | H3K9me3,0.00390625,BigWig,0.58203125,0.5859375,0.00390625,2275
ENCSR845CFB,hematopoietic multipotent progenitor cell | DNase-seq,-0.00390625,BigWig,0.59765625,0.59375,0.00390625,2276
ENCSR855FOP,hematopoietic multipotent progenitor cell | DNase-seq,0.00390625,BigWig,0.67578125,0.6796875,0.00390625,2277
ENCSR507UDH,hepatocyte | Histone ChIP-seq | H3K27ac,0.00390625,BigWig,0.734375,0.73828125,0.00390625,2278
ENCSR144RXL,mesendoderm | Histone ChIP-seq | H3K36me3,-0.00390625,BigWig,0.98046875,0.9765625,0.00390625,2279
ENCSR410FIQ,mesodermal cell | Histone ChIP-seq | H3K4me1,0.00390625,BigWig,0.984375,0.98828125,0.00390625,2280
ENCSR000DSE,mesodermal cell | Histone ChIP-seq | H3K4me3,0.00390625,BigWig,0.5859375,0.58984375,0.00390625,2281
ENCSR887ZPC,mesodermal cell | Histone ChIP-seq | H3K9me3,-0.00390625,BigWig,0.703125,0.69921875,0.00390625,2282
ENCSR922CAT,mid-neurogenesis radial glial cells | Histone ChIP-seq,-0.00390625,BigWig,0.82421875,0.8203125,0.00390625,2283
ENCSR714KGG,neural cell | Histone ChIP-seq | H3K36me3,-0.00390625,BigWig,0.91015625,0.90625,0.00390625,2284
ENCSR256KTR,neural progenitor cell | Histone ChIP-seq | H3K9me3,-0.00390625,BigWig,0.60546875,0.6015625,0.00390625,2285
ENCSR688ZOS,neuroepithelial stem cell | Histone ChIP-seq | H3K36me3,0.00390625,BigWig,0.84765625,0.8515625,0.00390625,2286
ENCSR314WYC,neuron | Histone ChIP-seq | H3K4me3,0.00390625,BigWig,0.6796875,0.68359375,0.00390625,2287
ENCSR626UPW,neuronal stem cell | Histone ChIP-seq | H3K9ac,-0.00390625,BigWig,1.0,0.99609375,0.00390625,2288
ENCSR279HKO,radial glial cell | Histone ChIP-seq | H3K4me1,-0.00390625,BigWig,0.796875,0.79296875,0.00390625,2289
ENCSR104BSN,radial glial cell | Histone ChIP-seq | H3K9me3,-0.00390625,BigWig,0.765625,0.76171875,0.00390625,2290
ENCSR210ZPC,smooth muscle cell | Histone ChIP-seq | H3K27ac,-0.00390625,BigWig,0.9609375,0.95703125,0.00390625,2291
ENCSR090QTV,smooth muscle cell | Histone ChIP-seq | H3K9me3,0.00390625,BigWig,0.7890625,0.79296875,0.00390625,2292
ENCSR035DUS,trophoblast cell | Histone ChIP-seq | H3K4me1,-0.00390625,BigWig,0.98828125,0.984375,0.00390625,2293
ENCSR044WCY,trophoblast cell | Histone ChIP-seq | H3K9me3,0.00390625,BigWig,0.9765625,0.98046875,0.00390625,2294
ENCSR247IUJ,B cell | DNase-seq,-0.00390625,BigWig,0.671875,0.66796875,0.00390625,2295
ENCSR000AUP,B cell | Histone ChIP-seq | H3K27ac,0.00390625,BigWig,0.625,0.62890625,0.00390625,2296
ENCSR000DQR,B cell | Histone ChIP-seq | H3K4me3,-0.00390625,BigWig,0.609375,0.60546875,0.00390625,2297
ENCSR005WWZ,B cell | Histone ChIP-seq | H3K9me3,0.00390625,BigWig,0.69140625,0.6953125,0.00390625,2298
ENCSR768SPE,B cell | Histone ChIP-seq | H3K9me3,-0.00390625,BigWig,0.99609375,0.9921875,0.00390625,2299
ENCSR012PII,CD14-positive monocyte | Histone ChIP-seq | H3K27ac,0.00390625,BigWig,0.91015625,0.9140625,0.00390625,2300
ENCSR000ASP,CD14-positive monocyte | Histone ChIP-seq | H3K9me3,-0.00390625,BigWig,0.625,0.62109375,0.00390625,2301
ENCSR373BIX,CD1c-positive myeloid dendritic cell | DNase-seq,-0.00390625,BigWig,0.921875,0.91796875,0.00390625,2302
ENCSR000EQK,"CD4-positive, CD25-positive, alpha-beta regulatory T ce",0.00390625,BigWig,0.609375,0.61328125,0.00390625,2303
ENCSR441RDQ,"CD4-positive, CD25-positive, alpha-beta regulatory T ce",0.00390625,BigWig,0.50390625,0.5078125,0.00390625,2304
ENCSR733QOZ,"CD4-positive, alpha-beta T cell | Histone ChIP-seq | H3",0.00390625,BigWig,0.96875,0.97265625,0.00390625,2305
ENCSR971QHH,"CD4-positive, alpha-beta T cell | Histone ChIP-seq | H3",-0.00390625,BigWig,0.62890625,0.625,0.00390625,2306
ENCSR724GUS,"CD4-positive, alpha-beta memory T cell | Histone ChIP-s",-0.00390625,BigWig,0.65234375,0.6484375,0.00390625,2307
ENCSR231FDF,"CD8-positive, alpha-beta T cell | Histone ChIP-seq | H3",0.00390625,BigWig,0.6953125,0.69921875,0.00390625,2308
ENCSR660KHZ,"CD8-positive, alpha-beta T cell | Histone ChIP-seq | H3",-0.00390625,BigWig,0.62109375,0.6171875,0.00390625,2309
ENCSR815PSO,"CD8-positive, alpha-beta T cell | Histone ChIP-seq | H3",0.00390625,BigWig,0.609375,0.61328125,0.00390625,2310
ENCSR810EPZ,"CD8-positive, alpha-beta memory T cell | Histone ChIP-s",-0.00390625,BigWig,0.65234375,0.6484375,0.00390625,2311
ENCSR944RKI,"CD8-positive, alpha-beta memory T cell | Histone ChIP-s",-0.00390625,BigWig,0.61328125,0.609375,0.00390625,2312
ENCSR043SJS,"CD8-positive, alpha-beta memory T cell | Histone ChIP-s",0.00390625,BigWig,0.640625,0.64453125,0.00390625,2313
ENCSR627UDJ,T-cell | DNase-seq,-0.00390625,BigWig,0.70703125,0.703125,0.00390625,2314
ENCSR974EGY,T-cell | Histone ChIP-seq | H3K9me3,0.00390625,BigWig,0.5078125,0.51171875,0.00390625,2315
ENCSR041UZZ,T-helper 17 cell | Histone ChIP-seq | H3K27ac,0.00390625,BigWig,0.69140625,0.6953125,0.00390625,2316
ENCSR451GTQ,T-helper 17 cell | Histone ChIP-seq | H3K9me3,0.00390625,BigWig,0.7578125,0.76171875,0.00390625,2317
ENCSR678RCY,T-helper 17 cell | Histone ChIP-seq | H3K9me3,0.00390625,BigWig,0.5625,0.56640625,0.00390625,2318
ENCSR564TUY,"common myeloid progenitor, CD34-positive | DNase-seq",0.00390625,BigWig,0.66015625,0.6640625,0.00390625,2319
ENCSR011QFP,"common myeloid progenitor, CD34-positive | Histone ChIP",-0.00390625,BigWig,0.84375,0.83984375,0.00390625,2320
ENCSR196KYU,"common myeloid progenitor, CD34-positive | Histone ChIP",0.00390625,BigWig,0.546875,0.55078125,0.00390625,2321
ENCSR340SGE,"common myeloid progenitor, CD34-positive | Histone ChIP",0.00390625,BigWig,0.53515625,0.5390625,0.00390625,2322
ENCSR691CSS,"common myeloid progenitor, CD34-positive | Histone ChIP",0.00390625,BigWig,0.5390625,0.54296875,0.00390625,2323
ENCSR750ZCV,"effector memory CD4-positive, alpha-beta T cell | Histo",0.00390625,BigWig,0.7109375,0.71484375,0.00390625,2324
ENCSR000EKF,endothelial cell of umbilical vein | DNase-seq,0.00390625,BigWig,0.9453125,0.94921875,0.00390625,2325
ENCSR000DVO,endothelial cell of umbilical vein | Histone ChIP-seq |,-0.00390625,BigWig,0.5625,0.55859375,0.00390625,2326
ENCSR000DVN,endothelial cell of umbilical vein | Histone ChIP-seq |,0.00390625,BigWig,0.61328125,0.6171875,0.00390625,2327
ENCSR311XVL,fibroblast of breast | Histone ChIP-seq | H3K9me3,-0.00390625,BigWig,0.7421875,0.73828125,0.00390625,2328
ENCSR000DVC,fibroblast of lung | Histone ChIP-seq | H3K4me3,0.00390625,BigWig,0.515625,0.51953125,0.00390625,2329
ENCSR176KYD,fibroblast of skin of abdomen | DNase-seq,-0.00390625,BigWig,0.80859375,0.8046875,0.00390625,2330
ENCSR622TWS,fibroblast of skin of abdomen | DNase-seq,-0.00390625,BigWig,0.71484375,0.7109375,0.00390625,2331
ENCSR562ACY,fibroblast of skin of left biceps | DNase-seq,-0.00390625,BigWig,0.66015625,0.65625,0.00390625,2332
ENCSR000DUJ,foreskin fibroblast | Histone ChIP-seq | H3K4me3,-0.00390625,BigWig,0.5234375,0.51953125,0.00390625,2333
ENCSR377MRR,foreskin keratinocyte | Histone ChIP-seq | H3K27me3,0.00390625,BigWig,0.6796875,0.68359375,0.00390625,2334
ENCSR027BAJ,foreskin keratinocyte | Histone ChIP-seq | H3K4me1,-0.00390625,BigWig,0.99609375,0.9921875,0.00390625,2335
ENCSR781UXO,foreskin keratinocyte | Histone ChIP-seq | H3K9ac,-0.00390625,BigWig,0.96484375,0.9609375,0.00390625,2336
ENCSR227FYJ,foreskin melanocyte | Histone ChIP-seq | H3K27ac,-0.00390625,BigWig,0.83203125,0.828125,0.00390625,2337
ENCSR972NUZ,foreskin melanocyte | Histone ChIP-seq | H3K4me1,-0.00390625,BigWig,0.609375,0.60546875,0.00390625,2338
ENCSR000DWW,keratinocyte | Histone ChIP-seq | H3K36me3,0.00390625,BigWig,0.98046875,0.984375,0.00390625,2339
ENCSR000DVG,kidney epithelial cell | Histone ChIP-seq | H3K4me3,-0.00390625,BigWig,0.57421875,0.5703125,0.00390625,2340
ENCSR521FND,mammary epithelial cell | Histone ChIP-seq | H3K4me1,-0.00390625,BigWig,0.6875,0.68359375,0.00390625,2341
ENCSR000EML,"naive thymus-derived CD4-positive, alpha-beta T cell |",0.00390625,BigWig,0.6171875,0.62109375,0.00390625,2342
ENCSR674VPA,"naive thymus-derived CD4-positive, alpha-beta T cell |",0.00390625,BigWig,0.62890625,0.6328125,0.00390625,2343
ENCSR198YHG,"naive thymus-derived CD4-positive, alpha-beta T cell |",-0.00390625,BigWig,0.57421875,0.5703125,0.00390625,2344
ENCSR351SZH,"naive thymus-derived CD4-positive, alpha-beta T cell |",-0.00390625,BigWig,0.62109375,0.6171875,0.00390625,2345
ENCSR694PCO,neurosphere | Histone ChIP-seq | H3K9me3,0.00390625,BigWig,0.55859375,0.5625,0.00390625,2346
ENCSR373WCB,neutrophil | Histone ChIP-seq | H3K36me3,-0.00390625,BigWig,0.95703125,0.953125,0.00390625,2347
ENCSR437MHW,neutrophil | Histone ChIP-seq | H3K9me3,0.00390625,BigWig,0.58984375,0.59375,0.00390625,2348
ENCSR000ELJ,osteoblast | DNase-seq,0.00390625,BigWig,0.97265625,0.9765625,0.00390625,2349
ENCSR000APJ,osteoblast | Histone ChIP-seq | H3K4me1,-0.00390625,BigWig,0.62109375,0.6171875,0.00390625,2350
ENCSR389IVA,peripheral blood mononuclear cell | Histone ChIP-seq |,-0.00390625,BigWig,0.90234375,0.8984375,0.00390625,2351
ENCSR000DVK,retinal pigment epithelial cell | Histone ChIP-seq | H3,-0.00390625,BigWig,0.5625,0.55859375,0.00390625,2352
ENCSR000DXT,skeletal muscle cell | Histone ChIP-seq | H3K4me3,-0.00390625,BigWig,0.5390625,0.53515625,0.00390625,2353
ENCSR000ANI,skeletal muscle myoblast | Histone ChIP-seq | H3K4me1,0.00390625,BigWig,0.71875,0.72265625,0.00390625,2354
ENCSR596NOF,skeletal muscle myoblast | Histone ChIP-seq | H3K4me3,-0.00390625,BigWig,0.5859375,0.58203125,0.00390625,2355
ENCSR593LTJ,trophoblast cell | DNase-seq,0.00390625,BigWig,0.6328125,0.63671875,0.00390625,2356
ENCSR964MZQ,trophoblast cell | DNase-seq,-0.00390625,BigWig,0.65625,0.65234375,0.00390625,2357
ENCSR954AJK,Peyer's patch | DNase-seq,-0.00390625,BigWig,0.99609375,0.9921875,0.00390625,2358
ENCSR005UXZ,Peyer's patch | Histone ChIP-seq | H3K9me3,-0.00390625,BigWig,0.73046875,0.7265625,0.00390625,2359
ENCSR597NVK,adrenal gland | DNase-seq,0.00390625,BigWig,0.9453125,0.94921875,0.00390625,2360
ENCSR181JFC,adrenal gland | Histone ChIP-seq | H3K27me3,-0.00390625,BigWig,0.87109375,0.8671875,0.00390625,2361
ENCSR218BPG,adrenal gland | Histone ChIP-seq | H3K27me3,-0.00390625,BigWig,1.0,0.99609375,0.00390625,2362
ENCSR942XCE,adrenal gland | Histone ChIP-seq | H3K36me3,-0.00390625,BigWig,0.99609375,0.9921875,0.00390625,2363
ENCSR406PCK,adrenal gland | Histone ChIP-seq | H3K4me1,-0.00390625,BigWig,0.65234375,0.6484375,0.00390625,2364
ENCSR926NMC,adrenal gland | Histone ChIP-seq | H3K4me3,-0.00390625,BigWig,0.7265625,0.72265625,0.00390625,2365
ENCSR053PIY,adrenal gland | Histone ChIP-seq | H3K9me3,-0.00390625,BigWig,0.66796875,0.6640625,0.00390625,2366
ENCSR651IVN,adrenal gland | Histone ChIP-seq | H3K9me3,-0.00390625,BigWig,0.98046875,0.9765625,0.00390625,2367
ENCSR992VZG,adrenal gland | Histone ChIP-seq | H3K9me3,-0.00390625,BigWig,0.9921875,0.98828125,0.00390625,2368
ENCSR430RVP,amnion | Histone ChIP-seq | H3K27ac,-0.00390625,BigWig,0.93359375,0.9296875,0.00390625,2369
ENCSR495GRN,amnion | Histone ChIP-seq | H3K9me3,0.00390625,BigWig,0.75,0.75390625,0.00390625,2370
ENCSR340DBD,angular gyrus | Histone ChIP-seq | H3K36me3,-0.00390625,BigWig,0.94921875,0.9453125,0.00390625,2371
ENCSR848TLB,aorta | Histone ChIP-seq | H3K4me1,0.00390625,BigWig,0.69140625,0.6953125,0.00390625,2372
ENCSR069UMW,ascending aorta | Histone ChIP-seq | H3K27ac,0.00390625,BigWig,0.953125,0.95703125,0.00390625,2373
ENCSR589GII,ascending aorta | Histone ChIP-seq | H3K27me3,-0.00390625,BigWig,0.75390625,0.75,0.00390625,2374
ENCSR441YQA,ascending aorta | Histone ChIP-seq | H3K9me3,-0.00390625,BigWig,0.6875,0.68359375,0.00390625,2375
ENCSR723IKM,ascending aorta | Histone ChIP-seq | H3K9me3,0.00390625,BigWig,0.625,0.62890625,0.00390625,2376
ENCSR228IKB,body of pancreas | DNase-seq,0.00390625,BigWig,0.94921875,0.953125,0.00390625,2377
ENCSR421KNA,body of pancreas | DNase-seq,-0.00390625,BigWig,0.921875,0.91796875,0.00390625,2378
ENCSR520BIM,body of pancreas | Histone ChIP-seq | H3K27ac,-0.00390625,BigWig,0.6640625,0.66015625,0.00390625,2379
ENCSR903GLL,body of pancreas | Histone ChIP-seq | H3K27me3,-0.00390625,BigWig,0.71484375,0.7109375,0.00390625,2380
ENCSR977CEC,body of pancreas | Histone ChIP-seq | H3K27me3,0.00390625,BigWig,0.7578125,0.76171875,0.00390625,2381
ENCSR429XBU,body of pancreas | Histone ChIP-seq | H3K4me1,-0.00390625,BigWig,0.72265625,0.71875,0.00390625,2382
ENCSR554RQQ,body of pancreas | Histone ChIP-seq | H3K4me3,-0.00390625,BigWig,0.70703125,0.703125,0.00390625,2383
ENCSR820XRX,brain | DNase-seq,0.00390625,BigWig,0.703125,0.70703125,0.00390625,2384
ENCSR869WSC,brain | Histone ChIP-seq | H3K36me3,-0.00390625,BigWig,0.9921875,0.98828125,0.00390625,2385
ENCSR600KUR,breast epithelium | DNase-seq,0.00390625,BigWig,0.96484375,0.96875,0.00390625,2386
ENCSR770WSE,breast epithelium | Histone ChIP-seq | H3K27me3,-0.00390625,BigWig,0.83203125,0.828125,0.00390625,2387
ENCSR494OPF,caudate nucleus | Histone ChIP-seq | H3K27me3,0.00390625,BigWig,0.8828125,0.88671875,0.00390625,2388
ENCSR909ZLE,chorion | Histone ChIP-seq | H3K27ac,0.00390625,BigWig,0.8515625,0.85546875,0.00390625,2389
ENCSR215EFA,chorion | Histone ChIP-seq | H3K4me3,-0.00390625,BigWig,0.71875,0.71484375,0.00390625,2390
ENCSR646YBA,chorionic villus | Histone ChIP-seq | H3K36me3,-0.00390625,BigWig,0.9921875,0.98828125,0.00390625,2391
ENCSR320MYR,chorionic villus | Histone ChIP-seq | H3K4me3,0.00390625,BigWig,0.64453125,0.6484375,0.00390625,2392
ENCSR022LOH,cingulate gyrus | Histone ChIP-seq | H3K27me3,-0.00390625,BigWig,0.8671875,0.86328125,0.00390625,2393
ENCSR443NEP,cingulate gyrus | Histone ChIP-seq | H3K4me1,0.00390625,BigWig,0.6953125,0.69921875,0.00390625,2394
ENCSR999TSD,coronary artery | DNase-seq,0.00390625,BigWig,0.9765625,0.98046875,0.00390625,2395
ENCSR443UYU,coronary artery | Histone ChIP-seq | H3K27ac,-0.00390625,BigWig,0.97265625,0.96875,0.00390625,2396
ENCSR245YZT,duodenal mucosa | Histone ChIP-seq | H3K36me3,-0.00390625,BigWig,0.99609375,0.9921875,0.00390625,2397
ENCSR485FST,duodenal mucosa | Histone ChIP-seq | H3K9ac,-0.00390625,BigWig,0.75,0.74609375,0.00390625,2398
ENCSR645SYH,esophagus | Histone ChIP-seq | H3K27ac,0.00390625,BigWig,0.8828125,0.88671875,0.00390625,2399
ENCSR641RQV,esophagus | Histone ChIP-seq | H3K27me3,0.00390625,BigWig,0.765625,0.76953125,0.00390625,2400
ENCSR306ZBD,esophagus | Histone ChIP-seq | H3K4me1,-0.00390625,BigWig,0.9765625,0.97265625,0.00390625,2401
ENCSR783OCW,esophagus squamous epithelium | DNase-seq,0.00390625,BigWig,0.984375,0.98828125,0.00390625,2402
ENCSR171ADO,gastrocnemius medialis | DNase-seq,0.00390625,BigWig,0.7890625,0.79296875,0.00390625,2403
ENCSR171ETY,gastrocnemius medialis | DNase-seq,0.00390625,BigWig,0.96484375,0.96875,0.00390625,2404
ENCSR380KNE,gastrocnemius medialis | Histone ChIP-seq | H3K36me3,0.00390625,BigWig,0.890625,0.89453125,0.00390625,2405
ENCSR972ETR,gastrocnemius medialis | Histone ChIP-seq | H3K4me3,-0.00390625,BigWig,0.64453125,0.640625,0.00390625,2406
ENCSR677LBH,gastroesophageal sphincter | Histone ChIP-seq | H3K27ac,-0.00390625,BigWig,0.97265625,0.96875,0.00390625,2407
ENCSR025CGR,gastroesophageal sphincter | Histone ChIP-seq | H3K9me3,0.00390625,BigWig,0.72265625,0.7265625,0.00390625,2408
ENCSR000EJQ,heart | DNase-seq,0.00390625,BigWig,0.94921875,0.953125,0.00390625,2409
ENCSR305UJX,heart | DNase-seq,-0.00390625,BigWig,0.78125,0.77734375,0.00390625,2410
ENCSR320PGJ,heart | DNase-seq,0.00390625,BigWig,0.7109375,0.71484375,0.00390625,2411
ENCSR664PKM,heart | DNase-seq,0.00390625,BigWig,0.65625,0.66015625,0.00390625,2412
ENCSR804RSI,heart | DNase-seq,0.00390625,BigWig,0.7265625,0.73046875,0.00390625,2413
ENCSR854OXF,heart left ventricle | Histone ChIP-seq | H3K27ac,0.00390625,BigWig,0.921875,0.92578125,0.00390625,2414
ENCSR176KNR,heart left ventricle | Histone ChIP-seq | H3K9me3,0.00390625,BigWig,0.8828125,0.88671875,0.00390625,2415
ENCSR068CQX,heart right ventricle | Histone ChIP-seq | H3K27me3,-0.00390625,BigWig,0.7109375,0.70703125,0.00390625,2416
ENCSR676LPF,heart right ventricle | Histone ChIP-seq | H3K27me3,0.00390625,BigWig,0.6640625,0.66796875,0.00390625,2417
ENCSR616VTK,heart right ventricle | Histone ChIP-seq | H3K36me3,-0.00390625,BigWig,0.9921875,0.98828125,0.00390625,2418
ENCSR107RDP,heart right ventricle | Histone ChIP-seq | H3K4me3,-0.00390625,BigWig,0.578125,0.57421875,0.00390625,2419
ENCSR331CRR,kidney | Histone ChIP-seq | H3K36me3,-0.00390625,BigWig,0.984375,0.98046875,0.00390625,2420
ENCSR146TGM,kidney | Histone ChIP-seq | H3K9ac,0.00390625,BigWig,0.72265625,0.7265625,0.00390625,2421
ENCSR214QEO,large intestine | DNase-seq,0.00390625,BigWig,0.65625,0.66015625,0.00390625,2422
ENCSR531HPD,large intestine | DNase-seq,0.00390625,BigWig,0.61328125,0.6171875,0.00390625,2423
ENCSR762FCX,large intestine | DNase-seq,0.00390625,BigWig,0.6640625,0.66796875,0.00390625,2424
ENCSR874CAK,large intestine | DNase-seq,0.00390625,BigWig,0.703125,0.70703125,0.00390625,2425
ENCSR804RMP,layer of hippocampus | Histone ChIP-seq | H3K27me3,0.00390625,BigWig,0.91796875,0.921875,0.00390625,2426
ENCSR040TUS,layer of hippocampus | Histone ChIP-seq | H3K4me1,0.00390625,BigWig,0.7265625,0.73046875,0.00390625,2427
ENCSR797IXN,layer of hippocampus | Histone ChIP-seq | H3K4me1,0.00390625,BigWig,0.703125,0.70703125,0.00390625,2428
ENCSR953HJN,layer of hippocampus | Histone ChIP-seq | H3K9me3,0.00390625,BigWig,0.7734375,0.77734375,0.00390625,2429
ENCSR441OGH,left lung | DNase-seq,-0.00390625,BigWig,0.6015625,0.59765625,0.00390625,2430
ENCSR803VCR,left lung | DNase-seq,0.00390625,BigWig,0.640625,0.64453125,0.00390625,2431
ENCSR562FNN,liver | DNase-seq,0.00390625,BigWig,0.96484375,0.96875,0.00390625,2432
ENCSR266OIG,liver | Histone ChIP-seq | H3K27me3,-0.00390625,BigWig,0.8828125,0.87890625,0.00390625,2433
ENCSR904LIL,liver | Histone ChIP-seq | H3K27me3,-0.00390625,BigWig,0.7890625,0.78515625,0.00390625,2434
ENCSR460RHN,liver | Histone ChIP-seq | H3K36me3,-0.00390625,BigWig,1.0,0.99609375,0.00390625,2435
ENCSR892MHG,liver | Histone ChIP-seq | H3K36me3,-0.00390625,BigWig,0.98046875,0.9765625,0.00390625,2436
ENCSR203RKZ,liver | Histone ChIP-seq | H3K4me1,0.00390625,BigWig,0.73046875,0.734375,0.00390625,2437
ENCSR218ZMU,liver | Histone ChIP-seq | H3K4me1,-0.00390625,BigWig,0.75,0.74609375,0.00390625,2438
ENCSR482HQE,lung | DNase-seq,0.00390625,BigWig,0.65234375,0.65625,0.00390625,2439
ENCSR847RSJ,lung | DNase-seq,-0.00390625,BigWig,0.62890625,0.625,0.00390625,2440
ENCSR550WUX,lung | Histone ChIP-seq | H3K27ac,-0.00390625,BigWig,0.734375,0.73046875,0.00390625,2441
ENCSR356ANC,lung | Histone ChIP-seq | H3K4me1,0.00390625,BigWig,0.98828125,0.9921875,0.00390625,2442
ENCSR953XVZ,lung | Histone ChIP-seq | H3K4me1,-0.00390625,BigWig,0.58203125,0.578125,0.00390625,2443
ENCSR055MOQ,mucosa of rectum | Histone ChIP-seq | H3K36me3,-0.00390625,BigWig,0.98828125,0.984375,0.00390625,2444
ENCSR770GNM,mucosa of stomach | Histone ChIP-seq | H3K27me3,-0.00390625,BigWig,0.8515625,0.84765625,0.00390625,2445
ENCSR011GVU,muscle layer of colon | Histone ChIP-seq | H3K36me3,-0.00390625,BigWig,1.0,0.99609375,0.00390625,2446
ENCSR297YOC,muscle layer of duodenum | Histone ChIP-seq | H3K36me3,-0.00390625,BigWig,0.9921875,0.98828125,0.00390625,2447
ENCSR357PMV,muscle of arm | DNase-seq,-0.00390625,BigWig,0.87890625,0.875,0.00390625,2448
ENCSR517NHP,muscle of arm | DNase-seq,-0.00390625,BigWig,0.796875,0.79296875,0.00390625,2449
ENCSR010ZMK,muscle of back | DNase-seq,-0.00390625,BigWig,0.78125,0.77734375,0.00390625,2450
ENCSR106RBR,muscle of back | DNase-seq,-0.00390625,BigWig,0.7109375,0.70703125,0.00390625,2451
ENCSR141NSQ,muscle of back | DNase-seq,-0.00390625,BigWig,0.75,0.74609375,0.00390625,2452
ENCSR174GXG,muscle of back | DNase-seq,0.00390625,BigWig,0.70703125,0.7109375,0.00390625,2453
ENCSR193LYA,muscle of back | DNase-seq,0.00390625,BigWig,0.69140625,0.6953125,0.00390625,2454
ENCSR476SDZ,muscle of back | DNase-seq,-0.00390625,BigWig,0.73828125,0.734375,0.00390625,2455
ENCSR585CGU,muscle of back | DNase-seq,0.00390625,BigWig,0.78125,0.78515625,0.00390625,2456
ENCSR167XSQ,muscle of leg | DNase-seq,-0.00390625,BigWig,0.7265625,0.72265625,0.00390625,2457
ENCSR198JXW,muscle of leg | DNase-seq,0.00390625,BigWig,0.71875,0.72265625,0.00390625,2458
ENCSR286WIA,muscle of leg | DNase-seq,0.00390625,BigWig,0.73828125,0.7421875,0.00390625,2459
ENCSR411MGY,muscle of trunk | DNase-seq,0.00390625,BigWig,0.79296875,0.796875,0.00390625,2460
ENCSR440FZS,muscle of trunk | DNase-seq,0.00390625,BigWig,0.75390625,0.7578125,0.00390625,2461
ENCSR514DNQ,muscle of trunk | Histone ChIP-seq | H3K4me1,0.00390625,BigWig,0.97265625,0.9765625,0.00390625,2462
ENCSR714SGY,muscle of trunk | Histone ChIP-seq | H3K4me3,0.00390625,BigWig,0.76953125,0.7734375,0.00390625,2463
ENCSR154OUQ,omental fat pad | DNase-seq,0.00390625,BigWig,0.9765625,0.98046875,0.00390625,2464
ENCSR428XAX,ovary | DNase-seq,0.00390625,BigWig,0.8515625,0.85546875,0.00390625,2465
ENCSR542KIX,ovary | DNase-seq,-0.00390625,BigWig,0.96875,0.96484375,0.00390625,2466
ENCSR855DJV,ovary | DNase-seq,-0.00390625,BigWig,0.89453125,0.890625,0.00390625,2467
ENCSR393HBQ,pancreas | Histone ChIP-seq | H3K36me3,-0.00390625,BigWig,0.99609375,0.9921875,0.00390625,2468
ENCSR492DBQ,parathyroid adenoma | Histone ChIP-seq | H3K9ac,0.00390625,BigWig,0.74609375,0.75,0.00390625,2469
ENCSR035QHH,placenta | DNase-seq,0.00390625,BigWig,0.796875,0.80078125,0.00390625,2470
ENCSR498ZRC,placenta | Histone ChIP-seq | H3K27ac,0.00390625,BigWig,0.765625,0.76953125,0.00390625,2471
ENCSR839ICQ,placenta | Histone ChIP-seq | H3K27me3,-0.00390625,BigWig,0.984375,0.98046875,0.00390625,2472
ENCSR194ZHE,placenta | Histone ChIP-seq | H3K4me1,0.00390625,BigWig,0.81640625,0.8203125,0.00390625,2473
ENCSR120ZZJ,placenta | Histone ChIP-seq | H3K4me3,0.00390625,BigWig,0.63671875,0.640625,0.00390625,2474
ENCSR478UIR,placenta | Histone ChIP-seq | H3K9me3,0.00390625,BigWig,0.7265625,0.73046875,0.00390625,2475
ENCSR526RGE,placental basal plate | Histone ChIP-seq | H3K27ac,-0.00390625,BigWig,0.9375,0.93359375,0.00390625,2476
ENCSR791ISZ,psoas muscle | Histone ChIP-seq | H3K27ac,-0.00390625,BigWig,0.7890625,0.78515625,0.00390625,2477
ENCSR245BEV,psoas muscle | Histone ChIP-seq | H3K4me3,-0.00390625,BigWig,0.55078125,0.546875,0.00390625,2478
ENCSR692OFN,rectal smooth muscle tissue | Histone ChIP-seq | H3K36m,-0.00390625,BigWig,0.99609375,0.9921875,0.00390625,2479
ENCSR278SKG,right atrium auricular region | DNase-seq,0.00390625,BigWig,0.9765625,0.98046875,0.00390625,2480
ENCSR593KDJ,right atrium auricular region | Histone ChIP-seq | H3K2,0.00390625,BigWig,0.82421875,0.828125,0.00390625,2481
ENCSR967KZJ,right atrium auricular region | Histone ChIP-seq | H3K3,-0.00390625,BigWig,1.0,0.99609375,0.00390625,2482
ENCSR368ORV,right atrium auricular region | Histone ChIP-seq | H3K4,0.00390625,BigWig,0.74609375,0.75,0.00390625,2483
ENCSR274SDO,right forelimb | DNase-seq,0.00390625,BigWig,0.9609375,0.96484375,0.00390625,2484
ENCSR263IGU,right lung | DNase-seq,0.00390625,BigWig,0.62109375,0.625,0.00390625,2485
ENCSR964VVW,right lung | DNase-seq,0.00390625,BigWig,0.6015625,0.60546875,0.00390625,2486
ENCSR504SKC,sigmoid colon | Histone ChIP-seq | H3K4me1,-0.00390625,BigWig,0.73828125,0.734375,0.00390625,2487
ENCSR782OZZ,sigmoid colon | Histone ChIP-seq | H3K4me1,-0.00390625,BigWig,0.89453125,0.890625,0.00390625,2488
ENCSR329DTQ,skeletal muscle tissue | Histone ChIP-seq | H3K27me3,0.00390625,BigWig,0.90625,0.91015625,0.00390625,2489
ENCSR116WWW,small intestine | DNase-seq,0.00390625,BigWig,0.7265625,0.73046875,0.00390625,2490
ENCSR454VRA,small intestine | Histone ChIP-seq | H3K27ac,-0.00390625,BigWig,0.8046875,0.80078125,0.00390625,2491
ENCSR892XFG,small intestine | Histone ChIP-seq | H3K27ac,0.00390625,BigWig,0.59375,0.59765625,0.00390625,2492
ENCSR179NYV,small intestine | Histone ChIP-seq | H3K4me1,-0.00390625,BigWig,0.671875,0.66796875,0.00390625,2493
ENCSR270VNK,small intestine | Histone ChIP-seq | H3K9me3,-0.00390625,BigWig,0.8359375,0.83203125,0.00390625,2494
ENCSR417RFS,small intestine | Histone ChIP-seq | H3K9me3,-0.00390625,BigWig,0.703125,0.69921875,0.00390625,2495
ENCSR773TWR,small intestine | Histone ChIP-seq | H3K9me3,-0.00390625,BigWig,0.83984375,0.8359375,0.00390625,2496
ENCSR678PDD,spinal cord | DNase-seq,0.00390625,BigWig,0.7109375,0.71484375,0.00390625,2497
ENCSR855JPU,spinal cord | Histone ChIP-seq | H3K27me3,0.00390625,BigWig,0.81640625,0.8203125,0.00390625,2498
ENCSR249XEB,spleen | Histone ChIP-seq | H3K9me3,0.00390625,BigWig,0.765625,0.76953125,0.00390625,2499
ENCSR421FPV,spleen | Histone ChIP-seq | H3K9me3,-0.00390625,BigWig,0.9921875,0.98828125,0.00390625,2500
ENCSR082XEU,stomach | DNase-seq,0.00390625,BigWig,0.7578125,0.76171875,0.00390625,2501
ENCSR246PXX,stomach | DNase-seq,-0.00390625,BigWig,0.765625,0.76171875,0.00390625,2502
ENCSR282QFE,stomach | DNase-seq,-0.00390625,BigWig,0.734375,0.73046875,0.00390625,2503
ENCSR627KFV,stomach | DNase-seq,-0.00390625,BigWig,0.765625,0.76171875,0.00390625,2504
ENCSR641ZPF,stomach | DNase-seq,0.00390625,BigWig,0.97265625,0.9765625,0.00390625,2505
ENCSR683YLO,stomach | DNase-seq,-0.00390625,BigWig,0.7265625,0.72265625,0.00390625,2506
ENCSR726YMS,stomach | DNase-seq,0.00390625,BigWig,0.71875,0.72265625,0.00390625,2507
ENCSR941SMM,stomach | DNase-seq,-0.00390625,BigWig,0.7265625,0.72265625,0.00390625,2508
ENCSR582UTE,stomach | Histone ChIP-seq | H3K27ac,-0.00390625,BigWig,0.828125,0.82421875,0.00390625,2509
ENCSR527BFF,stomach | Histone ChIP-seq | H3K27me3,-0.00390625,BigWig,0.81640625,0.8125,0.00390625,2510
ENCSR546HZF,stomach | Histone ChIP-seq | H3K9me3,0.00390625,BigWig,0.6953125,0.69921875,0.00390625,2511
ENCSR885CMN,stomach | Histone ChIP-seq | H3K9me3,-0.00390625,BigWig,0.99609375,0.9921875,0.00390625,2512
ENCSR339PHE,stomach smooth muscle | Histone ChIP-seq | H3K4me1,0.00390625,BigWig,0.92578125,0.9296875,0.00390625,2513
ENCSR240LEQ,subcutaneous abdominal adipose tissue | Histone ChIP-se,0.00390625,BigWig,0.5,0.50390625,0.00390625,2514
ENCSR703CYD,subcutaneous abdominal adipose tissue | Histone ChIP-se,0.00390625,BigWig,0.51953125,0.5234375,0.00390625,2515
ENCSR313GUP,substantia nigra | Histone ChIP-seq | H3K36me3,-0.00390625,BigWig,0.9921875,0.98828125,0.00390625,2516
ENCSR996ENW,substantia nigra | Histone ChIP-seq | H3K36me3,-0.00390625,BigWig,0.9765625,0.97265625,0.00390625,2517
ENCSR569AGQ,temporal lobe | Histone ChIP-seq | H3K27me3,-0.00390625,BigWig,0.8984375,0.89453125,0.00390625,2518
ENCSR901SCD,temporal lobe | Histone ChIP-seq | H3K4me1,-0.00390625,BigWig,0.6640625,0.66015625,0.00390625,2519
ENCSR377MFD,temporal lobe | Histone ChIP-seq | H3K9me3,-0.00390625,BigWig,0.7578125,0.75390625,0.00390625,2520
ENCSR855XNQ,thyroid gland | Histone ChIP-seq | H3K36me3,-0.00390625,BigWig,0.98046875,0.9765625,0.00390625,2521
ENCSR639NMN,thyroid gland | Histone ChIP-seq | H3K4me1,0.00390625,BigWig,0.66796875,0.671875,0.00390625,2522
ENCSR901BRV,thyroid gland | Histone ChIP-seq | H3K4me3,-0.00390625,BigWig,0.76171875,0.7578125,0.00390625,2523
ENCSR658VPF,thyroid gland | Histone ChIP-seq | H3K9me3,-0.00390625,BigWig,0.72265625,0.71875,0.00390625,2524
ENCSR332MRT,tibial artery | DNase-seq,0.00390625,BigWig,0.98046875,0.984375,0.00390625,2525
ENCSR401ESD,tibial nerve | DNase-seq,0.00390625,BigWig,0.98828125,0.9921875,0.00390625,2526
ENCSR754WNA,tibial nerve | DNase-seq,0.00390625,BigWig,0.98046875,0.984375,0.00390625,2527
ENCSR771YJT,tibial nerve | Histone ChIP-seq | H3K27ac,-0.00390625,BigWig,0.89453125,0.890625,0.00390625,2528
ENCSR760QZM,transverse colon | DNase-seq,0.00390625,BigWig,0.9140625,0.91796875,0.00390625,2529
ENCSR955XFL,trophoblast | Histone ChIP-seq | H3K27ac,-0.00390625,BigWig,0.59765625,0.59375,0.00390625,2530
ENCSR495OEG,trophoblast | Histone ChIP-seq | H3K27me3,-0.00390625,BigWig,0.55859375,0.5546875,0.00390625,2531
ENCSR506QLL,trophoblast | Histone ChIP-seq | H3K4me1,-0.00390625,BigWig,0.9375,0.93359375,0.00390625,2532
ENCSR356JTB,trophoblast | Histone ChIP-seq | H3K9me3,-0.00390625,BigWig,0.51953125,0.515625,0.00390625,2533
ENCSR859MXQ,upper lobe of left lung | Histone ChIP-seq | H3K27me3,-0.00390625,BigWig,0.75,0.74609375,0.00390625,2534
ENCSR237WJY,uterus | DNase-seq,0.00390625,BigWig,0.953125,0.95703125,0.00390625,2535
ENCSR733YNW,vagina | DNase-seq,0.00390625,BigWig,0.984375,0.98828125,0.00390625,2536
CNhs12331_P,B lymphoblastoid cell line | CAGE,0.00390625,BigWig,0.5078125,0.51171875,0.00390625,2537
CNhs10739_P,Burkitt's lymphoma cell line | CAGE,0.00390625,BigWig,0.5,0.50390625,0.00390625,2538
CNhs11867_P,NK T cell leukemia cell line | CAGE,0.00390625,BigWig,0.5,0.50390625,0.00390625,2539
CNhs11728_P,Wilms' tumor cell line | CAGE,0.00390625,BigWig,0.5390625,0.54296875,0.00390625,2540
CNhs11251_P,acute lymphoblastic leukemia (B-ALL) cell line | CAGE,0.00390625,BigWig,0.5,0.50390625,0.00390625,2541
CNhs11282_P,acute lymphoblastic leukemia (B-ALL) cell line | CAGE,0.00390625,BigWig,0.5078125,0.51171875,0.00390625,2542
CNhs10746_P,acute lymphoblastic leukemia (T-ALL) cell line | CAGE,0.00390625,BigWig,0.50390625,0.5078125,0.00390625,2543
CNhs11253_P,acute lymphoblastic leukemia (T-ALL) cell line | CAGE,0.00390625,BigWig,0.50390625,0.5078125,0.00390625,2544
CNhs13052_P,acute myeloid leukemia (FAB M2) cell line | CAGE,0.00390625,BigWig,0.5078125,0.51171875,0.00390625,2545
CNhs13056_P,acute myeloid leukemia (FAB M4eo) cell line | CAGE,0.00390625,BigWig,0.50390625,0.5078125,0.00390625,2546
CNhs13057_P,acute myeloid leukemia (FAB M4eo) cell line | CAGE,0.00390625,BigWig,0.50390625,0.5078125,0.00390625,2547
CNhs11725_P,argyrophil small cell carcinoma cell line | CAGE,-0.00390625,BigWig,0.51953125,0.515625,0.00390625,2548
CNhs11845_P,biphenotypic B myelomonocytic leukemia cell line | CAGE,0.00390625,BigWig,0.50390625,0.5078125,0.00390625,2549
CNhs11834_P,carcinoid cell line | CAGE,0.00390625,BigWig,0.5078125,0.51171875,0.00390625,2550
CNhs11714_P,chronic lymphocytic leukemia (T-CLL) cell line | CAGE,0.00390625,BigWig,0.50390625,0.5078125,0.00390625,2551
CNhs11886_P,chronic myeloblastic leukemia (CML) cell line | CAGE,0.00390625,BigWig,0.54296875,0.546875,0.00390625,2552
CNhs11250_P,chronic myelogenous leukemia cell line | CAGE,0.00390625,BigWig,0.5,0.50390625,0.00390625,2553
CNhs12334_P,chronic myelogenous leukemia cell line | CAGE,0.00390625,BigWig,0.50390625,0.5078125,0.00390625,2554
CNhs10737_P,colon carcinoma cell line | CAGE,0.00390625,BigWig,0.5234375,0.52734375,0.00390625,2555
CNhs11741_P,diffuse large B-cell lymphoma cell line | CAGE,0.00390625,BigWig,0.5,0.50390625,0.00390625,2556
CNhs11731_P,embryonic pancreas cell line | CAGE,-0.00390625,BigWig,0.54296875,0.5390625,0.00390625,2557
CNhs11256_P,gall bladder carcinoma cell line | CAGE,0.00390625,BigWig,0.55078125,0.5546875,0.00390625,2558
CNhs11274_P,giant cell carcinoma cell line | CAGE,-0.00390625,BigWig,0.51953125,0.515625,0.00390625,2559
CNhs11742_M,hepatoblastoma cell line | CAGE,-0.00390625,BigWig,0.50390625,0.5,0.00390625,2560
CNhs11859_P,"leukemia, chronic megakaryoblastic cell line | CAGE",0.00390625,BigWig,0.51171875,0.515625,0.00390625,2561
CNhs11275_P,lung adenocarcinoma cell line | CAGE,-0.00390625,BigWig,0.546875,0.54296875,0.00390625,2562
CNhs11852_P,lymphangiectasia cell line | CAGE,0.00390625,BigWig,0.51171875,0.515625,0.00390625,2563
CNhs11858_P,"mycosis fungoides, T cell lymphoma cell line | CAGE",0.00390625,BigWig,0.51953125,0.5234375,0.00390625,2564
CNhs11258_P,myeloma cell line | CAGE,0.00390625,BigWig,0.50390625,0.5078125,0.00390625,2565
CNhs10747_P,non T non B acute lymphoblastic leukemia (ALL) cell lin,0.00390625,BigWig,0.51171875,0.515625,0.00390625,2566
CNhs12193_P,non-small cell lung cancer cell line | CAGE,0.00390625,BigWig,0.5078125,0.51171875,0.00390625,2567
CNhs11894_M,normal embryonic palatal mesenchymal cell line | CAGE,-0.00390625,BigWig,0.50390625,0.5,0.00390625,2568
CNhs11950_M,normal intestinal epithelial cell line | CAGE,-0.00390625,BigWig,0.50390625,0.5,0.00390625,2569
CNhs10734_P,papillotubular adenocarcinoma cell line | CAGE,0.00390625,BigWig,0.55078125,0.5546875,0.00390625,2570
CNhs11243_P,prostate cancer cell line | CAGE,-0.00390625,BigWig,0.54296875,0.5390625,0.00390625,2571
CNhs11885_P,small cell cervical cancer cell line | CAGE,0.00390625,BigWig,0.515625,0.51953125,0.00390625,2572
CNhs11285_P,small cell lung carcinoma cell line | CAGE,-0.00390625,BigWig,0.53515625,0.53125,0.00390625,2573
CNhs11869_P,somatostatinoma cell line | CAGE,0.00390625,BigWig,0.515625,0.51953125,0.00390625,2574
CNhs11273_P,squamous cell lung carcinoma cell line | CAGE,0.00390625,BigWig,0.5234375,0.52734375,0.00390625,2575
CNhs10735_P,transitional-cell carcinoma cell line | CAGE,-0.00390625,BigWig,0.5859375,0.58203125,0.00390625,2576
CNhs11371_M,Adipocyte - subcutaneous | CAGE,-0.00390625,BigWig,0.50390625,0.5,0.00390625,2577
CNhs10852_P,CD14+ Monocytes | CAGE,0.00390625,BigWig,0.5078125,0.51171875,0.00390625,2578
CNhs13468_P,CD14+ monocytes - mock treated | CAGE,-0.00390625,BigWig,0.546875,0.54296875,0.00390625,2579
CNhs13472_P,CD14+ monocytes - treated with Cryptococcus | CAGE,0.00390625,BigWig,0.5703125,0.57421875,0.00390625,2580
CNhs13469_P,CD14+ monocytes - treated with Group A streptococci | C,-0.00390625,BigWig,0.53515625,0.53125,0.00390625,2581
CNhs13467_P,CD14+ monocytes - treated with Trehalose dimycolate (TD,-0.00390625,BigWig,0.54296875,0.5390625,0.00390625,2582
CNhs12343_P,CD19+ B Cells | CAGE,0.00390625,BigWig,0.5,0.50390625,0.00390625,2583
CNhs12205_P,CD34+ Progenitors | CAGE,0.00390625,BigWig,0.54296875,0.546875,0.00390625,2584
CNhs11380_M,Fibroblast - Lung | CAGE,-0.00390625,BigWig,0.50390625,0.5,0.00390625,2585
CNhs10859_P,Natural Killer Cells | CAGE,0.00390625,BigWig,0.5,0.50390625,0.00390625,2586
CNhs12338_M,Neurons | CAGE,-0.00390625,BigWig,0.5078125,0.50390625,0.00390625,2587
CNhs10862_P,Neutrophils | CAGE,0.00390625,BigWig,0.50390625,0.5078125,0.00390625,2588
CNhs11311_M,Osteoblast - differentiated | CAGE,-0.00390625,BigWig,0.50390625,0.5,0.00390625,2589
CNhs10860_P,Peripheral Blood Mononuclear Cells | CAGE,0.00390625,BigWig,0.50390625,0.5078125,0.00390625,2590
CNhs11065_M,Preadipocyte - omental | CAGE,-0.00390625,BigWig,0.50390625,0.5,0.00390625,2591
CNhs12073_M,Schwann Cells | CAGE,-0.00390625,BigWig,0.50390625,0.5,0.00390625,2592
CNhs11068_M,Synoviocyte | CAGE,-0.00390625,BigWig,0.5078125,0.50390625,0.00390625,2593
CNhs13914_P,gamma delta positive T cells | CAGE,0.00390625,BigWig,0.5078125,0.51171875,0.00390625,2594
CNhs13458_M,Skin - palm | CAGE,-0.00390625,BigWig,0.5078125,0.50390625,0.00390625,2595
CNhs13464_M,Urethra | CAGE,-0.00390625,BigWig,0.5078125,0.50390625,0.00390625,2596
CNhs13802_P,caudate nucleus - adult | CAGE,-0.00390625,BigWig,0.53125,0.52734375,0.00390625,2597
CNhs12610_P,"diencephalon, adult | CAGE",-0.00390625,BigWig,0.55078125,0.546875,0.00390625,2598
CNhs13444_M,eye - muscle inferior rectus | CAGE,-0.00390625,BigWig,0.50390625,0.5,0.00390625,2599
CNhs13441_M,eye - muscle superior | CAGE,-0.00390625,BigWig,0.50390625,0.5,0.00390625,2600
CNhs13440_M,eye - vitreous humor | CAGE,-0.00390625,BigWig,0.50390625,0.5,0.00390625,2601
CNhs13801_P,globus pallidus - adult | CAGE,-0.00390625,BigWig,0.5390625,0.53515625,0.00390625,2602
CNhs13798_P,occipital cortex - adult | CAGE,-0.00390625,BigWig,0.52734375,0.5234375,0.00390625,2603
CNhs12320_P,"occipital cortex, adult | CAGE",-0.00390625,BigWig,0.5625,0.55859375,0.00390625,2604
CNhs13797_P,parietal lobe - adult | CAGE,-0.00390625,BigWig,0.52734375,0.5234375,0.00390625,2605
CNhs12317_P,"parietal lobe, adult | CAGE",-0.00390625,BigWig,0.55859375,0.5546875,0.00390625,2606
CNhs13794_P,thalamus - adult | CAGE,0.00390625,BigWig,0.5234375,0.52734375,0.00390625,2607
CNhs13460_P,tongue epidermis (fungiform papillae) | CAGE,-0.00390625,BigWig,0.5859375,0.58203125,0.00390625,2608
CNhs13460_M,tongue epidermis (fungiform papillae) | CAGE,-0.00390625,BigWig,0.5078125,0.50390625,0.00390625,2609
GTEX-U3ZN-1226-SM-4DXUD.1,bladder | RNA-seq,-0.00390625,BigWig,1.0,0.99609375,0.00390625,2610
GTEX-S32W-1326-SM-4AD5Q.1,fallopian tube | RNA-seq,-0.00390625,BigWig,1.0,0.99609375,0.00390625,2611
GTEX-ZVZP-0926-SM-5GIDB.1,kidney | RNA-seq,-0.00390625,BigWig,1.0,0.99609375,0.00390625,2612
GTEX-1399S-1726-SM-5L3DI.1,lung | RNA-seq,-0.00390625,BigWig,1.0,0.99609375,0.00390625,2613
GTEX-14AS3-0926-SM-5TDD6.1,lung | RNA-seq,-0.00390625,BigWig,1.0,0.99609375,0.00390625,2614
GTEX-1269C-1826-SM-5N9E1.1,ovary | RNA-seq,-0.00390625,BigWig,1.0,0.99609375,0.00390625,2615
GTEX-P4PQ-2026-SM-E9U4E.1,prostate | RNA-seq,-0.00390625,BigWig,1.0,0.99609375,0.00390625,2616
GTEX-13FH7-0126-SM-5KLZ1.1,thyroid | RNA-seq,-0.00390625,BigWig,1.0,0.99609375,0.00390625,2617
GTEX-15CHQ-0826-SM-69LOT.1,thyroid | RNA-seq,-0.00390625,BigWig,1.0,0.99609375,0.00390625,2618
GTEX-1J1OQ-0526-SM-A9G2P.1,thyroid | RNA-seq,-0.00390625,BigWig,1.0,0.99609375,0.00390625,2619
5UTR-,5UTR-,0.0037841796875,BED,0.0255126953125,0.029296875,0.0037841796875,2620
start_codon,start codon,0.001953125,BED,0.08056640625,0.08251953125,0.001953125,2621
CTCF-bound,CTCF-bound,0.000885009765625,BED,0.006683349609375,0.007568359375,0.000885009765625,2622
ENCSR000ELX,AG04449 | DNase-seq,0.0,BigWig,0.75390625,0.75390625,0.0,2623
ENCSR000DPJ,AG04450 | Histone ChIP-seq | H3K9me3,0.0,BigWig,1.0,1.0,0.0,2624
ENCSR000EIX,AG20443 | DNase-seq,0.0,BigWig,0.9296875,0.9296875,0.0,2625
ENCSR000DQF,BJ | Histone ChIP-seq | H3K36me3,0.0,BigWig,1.0,1.0,0.0,2626
ENCSR000ELA,D721Med | DNase-seq,0.0,BigWig,0.9765625,0.9765625,0.0,2627
ENCSR627TNG,DOHH2 | Histone ChIP-seq | H3K9me3,0.0,BigWig,0.70703125,0.70703125,0.0,2628
ENCSR844DRI,ES-I3 | Histone ChIP-seq | H3K36me3,0.0,BigWig,0.98046875,0.98046875,0.0,2629
ENCSR000EIT,GM03348 | DNase-seq,0.0,BigWig,0.953125,0.953125,0.0,2630
ENCSR000DRY,GM12878 | Histone ChIP-seq | H3K4me3,0.0,BigWig,0.62890625,0.62890625,0.0,2631
ENCSR000EJE,GM12891 | DNase-seq,0.0,BigWig,0.99609375,0.99609375,0.0,2632
ENCSR000EJJ,GM19238 | DNase-seq,0.0,BigWig,0.984375,0.984375,0.0,2633
ENCSR000EJK,GM19239 | DNase-seq,0.0,BigWig,0.984375,0.984375,0.0,2634
ENCSR000EJL,GM19240 | DNase-seq,0.0,BigWig,0.984375,0.984375,0.0,2635
ENCSR476KTK,H1 | Histone ChIP-seq | H3K36me3,0.0,BigWig,1.0,1.0,0.0,2636
ENCSR925LJZ,H1 | Histone ChIP-seq | H3K36me3,0.0,BigWig,0.9921875,0.9921875,0.0,2637
ENCSR883AQJ,H1 | Histone ChIP-seq | H3K9me3,0.0,BigWig,0.828125,0.828125,0.0,2638
ENCSR000EJO,H7 | DNase-seq,0.0,BigWig,0.98828125,0.98828125,0.0,2639
ENCSR000DSS,H7 | Histone ChIP-seq | H3K36me3,0.0,BigWig,0.9921875,0.9921875,0.0,2640
ENCSR324UNL,H9 | Histone ChIP-seq | H3K36me3,0.0,BigWig,0.99609375,0.99609375,0.0,2641
ENCSR967HXD,H9 | Histone ChIP-seq | H3K4me1,0.0,BigWig,0.75,0.75,0.0,2642
ENCSR910LIE,HEK293 | Histone ChIP-seq | H3K36me3,0.0,BigWig,1.0,1.0,0.0,2643
ENCSR000DUK,HFF-Myc | Histone ChIP-seq | H3K4me3,0.0,BigWig,0.53125,0.53125,0.0,2644
ENCSR775GZI,HUES48 | Histone ChIP-seq | H3K36me3,0.0,BigWig,1.0,1.0,0.0,2645
ENCSR237OBF,HUES6 | Histone ChIP-seq | H3K36me3,0.0,BigWig,1.0,1.0,0.0,2646
ENCSR426UWA,HUES64 | Histone ChIP-seq | H3K36me3,0.0,BigWig,1.0,1.0,0.0,2647
ENCSR000AOF,HeLa-S3 | Histone ChIP-seq | H3K4me3,0.0,BigWig,0.74609375,0.74609375,0.0,2648
ENCSR437ORF,IMR-90 | Histone ChIP-seq | H3K36me3,0.0,BigWig,1.0,1.0,0.0,2649
ENCSR000DVU,"Jurkat, Clone E6-1 | Histone ChIP-seq | H3K4me3",0.0,BigWig,0.6484375,0.6484375,0.0,2650
ENCSR000EWB,K562 | Histone ChIP-seq | H3K27me3,0.0,BigWig,1.0,1.0,0.0,2651
ENCSR000EWC,K562 | Histone ChIP-seq | H3K4me1,0.0,BigWig,1.0,1.0,0.0,2652
ENCSR879WTY,KOPT-K1 | Histone ChIP-seq | H3K36me3,0.0,BigWig,0.515625,0.515625,0.0,2653
ENCSR000EKT,LNCaP clone FGC | DNase-seq,0.0,BigWig,0.9765625,0.9765625,0.0,2654
ENCSR056UBA,MCF-7 | Histone ChIP-seq | H3K9ac,0.0,BigWig,0.66015625,0.66015625,0.0,2655
ENCSR461LTR,MM.1S | Histone ChIP-seq | H3K9me3,0.0,BigWig,0.76171875,0.76171875,0.0,2656
ENCSR000EXB,NT2/D1 | Histone ChIP-seq | H3K36me3,0.0,BigWig,1.0,1.0,0.0,2657
ENCSR449AYM,OCI-LY1 | Histone ChIP-seq | H3K36me3,0.0,BigWig,0.5625,0.5625,0.0,2658
ENCSR638FRE,OCI-LY3 | Histone ChIP-seq | H3K36me3,0.0,BigWig,0.640625,0.640625,0.0,2659
ENCSR555TAX,PC-9 | Histone ChIP-seq | H3K9me3,0.0,BigWig,0.671875,0.671875,0.0,2660
ENCSR000DXL,SK-N-MC | Histone ChIP-seq | H3K4me3,0.0,BigWig,0.6640625,0.6640625,0.0,2661
ENCSR657OGA,SK-N-SH | Histone ChIP-seq | H3K9me3,0.0,BigWig,0.61328125,0.61328125,0.0,2662
ENCSR587FCM,SU-DHL-6 | Histone ChIP-seq | H3K9me3,0.0,BigWig,0.67578125,0.67578125,0.0,2663
ENCSR734QPK,UCSF-4 | Histone ChIP-seq | H3K36me3,0.0,BigWig,1.0,1.0,0.0,2664
ENCSR067BNI,iPS DF 19.11 | Histone ChIP-seq | H3K36me3,0.0,BigWig,1.0,1.0,0.0,2665
ENCSR704BRU,iPS DF 19.11 | Histone ChIP-seq | H3K9me3,0.0,BigWig,0.9921875,0.9921875,0.0,2666
ENCSR173ZMH,iPS DF 6.9 | Histone ChIP-seq | H3K36me3,0.0,BigWig,0.99609375,0.99609375,0.0,2667
ENCSR619YUY,iPS-15b | Histone ChIP-seq | H3K36me3,0.0,BigWig,1.0,1.0,0.0,2668
ENCSR276ZBE,iPS-15b | Histone ChIP-seq | H3K4me1,0.0,BigWig,0.6171875,0.6171875,0.0,2669
ENCSR467FMR,iPS-18a | Histone ChIP-seq | H3K36me3,0.0,BigWig,0.9921875,0.9921875,0.0,2670
ENCSR729GQT,iPS-20b | Histone ChIP-seq | H3K27ac,0.0,BigWig,0.875,0.875,0.0,2671
ENCSR499WAQ,iPS-20b | Histone ChIP-seq | H3K36me3,0.0,BigWig,0.99609375,0.99609375,0.0,2672
ENCSR136ZNV,adipocyte | Histone ChIP-seq | H3K36me3,0.0,BigWig,1.0,1.0,0.0,2673
ENCSR000NPF,cardiac muscle cell | Histone ChIP-seq | H3K27ac,0.0,BigWig,0.91015625,0.91015625,0.0,2674
ENCSR652QNW,cardiac muscle cell | Histone ChIP-seq | H3K4me3,0.0,BigWig,0.6484375,0.6484375,0.0,2675
ENCSR000DSG,cardiovascular progenitor cell | Histone ChIP-seq | H3K,0.0,BigWig,0.9921875,0.9921875,0.0,2676
ENCSR273IYV,endodermal cell | Histone ChIP-seq | H3K27me3,0.0,BigWig,0.59765625,0.59765625,0.0,2677
ENCSR677EZB,endodermal cell | Histone ChIP-seq | H3K36me3,0.0,BigWig,0.99609375,0.99609375,0.0,2678
ENCSR194TFK,endodermal cell | Histone ChIP-seq | H3K4me1,0.0,BigWig,0.91796875,0.91796875,0.0,2679
ENCSR937UWI,hematopoietic multipotent progenitor cell | DNase-seq,0.0,BigWig,0.6796875,0.6796875,0.0,2680
ENCSR758GMX,hepatocyte | Histone ChIP-seq | H3K9me3,0.0,BigWig,0.64453125,0.64453125,0.0,2681
ENCSR224FOA,islet precursor cell | DNase-seq,0.0,BigWig,0.984375,0.984375,0.0,2682
ENCSR824UNY,mesenchymal stem cell | Histone ChIP-seq | H3K36me3,0.0,BigWig,1.0,1.0,0.0,2683
ENCSR065HOR,mesenchymal stem cell | Histone ChIP-seq | H3K4me1,0.0,BigWig,0.99609375,0.99609375,0.0,2684
ENCSR100LWU,mesodermal cell | Histone ChIP-seq | H3K36me3,0.0,BigWig,1.0,1.0,0.0,2685
ENCSR000ANW,myotube | Histone ChIP-seq | H3K36me3,0.0,BigWig,1.0,1.0,0.0,2686
ENCSR274OIJ,neural progenitor cell | Histone ChIP-seq | H3K4me1,0.0,BigWig,0.69140625,0.69140625,0.0,2687
ENCSR486ZKB,neuron | Histone ChIP-seq | H3K36me3,0.0,BigWig,0.99609375,0.99609375,0.0,2688
ENCSR694LBI,neuronal stem cell | Histone ChIP-seq | H3K27me3,0.0,BigWig,0.87890625,0.87890625,0.0,2689
ENCSR238WMO,neuronal stem cell | Histone ChIP-seq | H3K36me3,0.0,BigWig,1.0,1.0,0.0,2690
ENCSR256ESY,neuronal stem cell | Histone ChIP-seq | H3K36me3,0.0,BigWig,0.9921875,0.9921875,0.0,2691
ENCSR391WDE,neuronal stem cell | Histone ChIP-seq | H3K9me3,0.0,BigWig,0.92578125,0.92578125,0.0,2692
ENCSR800IIW,neuronal stem cell | Histone ChIP-seq | H3K9me3,0.0,BigWig,0.76953125,0.76953125,0.0,2693
ENCSR136NUH,radial glial cell | Histone ChIP-seq | H3K36me3,0.0,BigWig,0.9296875,0.9296875,0.0,2694
ENCSR005YZH,trophoblast cell | Histone ChIP-seq | H3K36me3,0.0,BigWig,1.0,1.0,0.0,2695
ENCSR038OIN,trophoblast cell | Histone ChIP-seq | H3K36me3,0.0,BigWig,1.0,1.0,0.0,2696
ENCSR564GWG,trophoblast cell | Histone ChIP-seq | H3K4me1,0.0,BigWig,0.99609375,0.99609375,0.0,2697
ENCSR400VWA,CD14-positive monocyte | Histone ChIP-seq | H3K4me1,0.0,BigWig,0.56640625,0.56640625,0.0,2698
ENCSR643GHI,"CD4-positive, alpha-beta T cell | DNase-seq",0.0,BigWig,0.640625,0.640625,0.0,2699
ENCSR777RWW,"CD4-positive, alpha-beta T cell | Histone ChIP-seq | H3",0.0,BigWig,0.61328125,0.61328125,0.0,2700
ENCSR787WLV,"CD4-positive, alpha-beta T cell | Histone ChIP-seq | H3",0.0,BigWig,1.0,1.0,0.0,2701
ENCSR580WRV,"CD4-positive, alpha-beta memory T cell | Histone ChIP-s",0.0,BigWig,0.64453125,0.64453125,0.0,2702
ENCSR077FZT,"CD4-positive, alpha-beta memory T cell | Histone ChIP-s",0.0,BigWig,0.70703125,0.70703125,0.0,2703
ENCSR223APP,"CD4-positive, alpha-beta memory T cell | Histone ChIP-s",0.0,BigWig,0.6953125,0.6953125,0.0,2704
ENCSR333VFQ,"CD4-positive, alpha-beta memory T cell | Histone ChIP-s",0.0,BigWig,0.734375,0.734375,0.0,2705
ENCSR797GOJ,"CD8-positive, alpha-beta T cell | Histone ChIP-seq | H3",0.0,BigWig,0.84765625,0.84765625,0.0,2706
ENCSR920EOT,T-cell | Histone ChIP-seq | H3K27me3,0.0,BigWig,1.0,1.0,0.0,2707
ENCSR000DXH,bronchial epithelial cell | Histone ChIP-seq | H3K36me3,0.0,BigWig,0.99609375,0.99609375,0.0,2708
ENCSR000DXJ,bronchial epithelial cell | Histone ChIP-seq | H3K4me3,0.0,BigWig,0.58984375,0.58984375,0.0,2709
ENCSR620AZM,"common myeloid progenitor, CD34-positive | Histone ChIP",0.0,BigWig,0.72265625,0.72265625,0.0,2710
ENCSR920YBY,"common myeloid progenitor, CD34-positive | Histone ChIP",0.0,BigWig,0.71484375,0.71484375,0.0,2711
ENCSR438DSO,"common myeloid progenitor, CD34-positive | Histone ChIP",0.0,BigWig,0.53515625,0.53515625,0.0,2712
ENCSR911BCA,"effector memory CD4-positive, alpha-beta T cell | Histo",0.0,BigWig,0.66796875,0.66796875,0.0,2713
ENCSR000DVM,endothelial cell of umbilical vein | Histone ChIP-seq |,0.0,BigWig,1.0,1.0,0.0,2714
ENCSR347HBG,fibroblast of breast | Histone ChIP-seq | H3K36me3,0.0,BigWig,1.0,1.0,0.0,2715
ENCSR728GTL,fibroblast of breast | Histone ChIP-seq | H3K36me3,0.0,BigWig,1.0,1.0,0.0,2716
ENCSR000AMT,fibroblast of lung | Histone ChIP-seq | H3K36me3,0.0,BigWig,1.0,1.0,0.0,2717
ENCSR000ARQ,fibroblast of lung | Histone ChIP-seq | H3K9me3,0.0,BigWig,0.75390625,0.75390625,0.0,2718
ENCSR019ZRR,foreskin fibroblast | Histone ChIP-seq | H3K36me3,0.0,BigWig,1.0,1.0,0.0,2719
ENCSR621EXD,foreskin fibroblast | Histone ChIP-seq | H3K36me3,0.0,BigWig,1.0,1.0,0.0,2720
ENCSR889OUV,foreskin fibroblast | Histone ChIP-seq | H3K36me3,0.0,BigWig,1.0,1.0,0.0,2721
ENCSR377FXG,foreskin keratinocyte | Histone ChIP-seq | H3K36me3,0.0,BigWig,1.0,1.0,0.0,2722
ENCSR559BMF,foreskin keratinocyte | Histone ChIP-seq | H3K36me3,0.0,BigWig,1.0,1.0,0.0,2723
ENCSR324EPZ,foreskin melanocyte | Histone ChIP-seq | H3K36me3,0.0,BigWig,0.99609375,0.99609375,0.0,2724
ENCSR505THJ,foreskin melanocyte | Histone ChIP-seq | H3K36me3,0.0,BigWig,1.0,1.0,0.0,2725
ENCSR801FWU,foreskin melanocyte | Histone ChIP-seq | H3K36me3,0.0,BigWig,1.0,1.0,0.0,2726
ENCSR152GST,foreskin melanocyte | Histone ChIP-seq | H3K9ac,0.0,BigWig,1.0,1.0,0.0,2727
ENCSR000DVE,kidney epithelial cell | Histone ChIP-seq | H3K36me3,0.0,BigWig,0.98046875,0.98046875,0.0,2728
ENCSR212LIS,luminal epithelial cell of mammary gland | Histone ChIP,0.0,BigWig,1.0,1.0,0.0,2729
ENCSR134HVI,mammary epithelial cell | Histone ChIP-seq | H3K27me3,0.0,BigWig,0.9921875,0.9921875,0.0,2730
ENCSR635XBA,mammary stem cell | Histone ChIP-seq | H3K36me3,0.0,BigWig,1.0,1.0,0.0,2731
ENCSR555QHZ,mesenchymal stem cell | Histone ChIP-seq | H3K36me3,0.0,BigWig,1.0,1.0,0.0,2732
ENCSR000EXV,mononuclear cell | Histone ChIP-seq | H3K4me1,0.0,BigWig,0.6484375,0.6484375,0.0,2733
ENCSR000EXT,mononuclear cell | Histone ChIP-seq | H3K4me3,0.0,BigWig,0.6171875,0.6171875,0.0,2734
ENCSR160CPS,myoepithelial cell of mammary gland | Histone ChIP-seq,0.0,BigWig,1.0,1.0,0.0,2735
ENCSR557OPY,myoepithelial cell of mammary gland | Histone ChIP-seq,0.0,BigWig,1.0,1.0,0.0,2736
ENCSR098ALO,"naive thymus-derived CD4-positive, alpha-beta T cell |",0.0,BigWig,0.71484375,0.71484375,0.0,2737
ENCSR391EQV,natural killer cell | Histone ChIP-seq | H3K27ac,0.0,BigWig,0.63671875,0.63671875,0.0,2738
ENCSR028IND,neurosphere | Histone ChIP-seq | H3K27me3,0.0,BigWig,0.74609375,0.74609375,0.0,2739
ENCSR039LLX,neurosphere | Histone ChIP-seq | H3K36me3,0.0,BigWig,1.0,1.0,0.0,2740
ENCSR127MFA,neurosphere | Histone ChIP-seq | H3K36me3,0.0,BigWig,0.9921875,0.9921875,0.0,2741
ENCSR426CZM,neurosphere | Histone ChIP-seq | H3K36me3,0.0,BigWig,1.0,1.0,0.0,2742
ENCSR765SCM,neurosphere | Histone ChIP-seq | H3K36me3,0.0,BigWig,0.984375,0.984375,0.0,2743
ENCSR815VLQ,neurosphere | Histone ChIP-seq | H3K36me3,0.0,BigWig,0.99609375,0.99609375,0.0,2744
ENCSR512CSM,neurosphere | Histone ChIP-seq | H3K4me1,0.0,BigWig,0.58203125,0.58203125,0.0,2745
ENCSR000API,osteoblast | Histone ChIP-seq | H3K36me3,0.0,BigWig,1.0,1.0,0.0,2746
ENCSR553XBX,peripheral blood mononuclear cell | Histone ChIP-seq |,0.0,BigWig,0.89453125,0.89453125,0.0,2747
ENCSR605OYC,peripheral blood mononuclear cell | Histone ChIP-seq |,0.0,BigWig,0.8515625,0.8515625,0.0,2748
ENCSR000ANH,skeletal muscle myoblast | Histone ChIP-seq | H3K36me3,0.0,BigWig,0.98828125,0.98828125,0.0,2749
ENCSR995UTR,skeletal muscle satellite cell | Histone ChIP-seq | H3K,0.0,BigWig,1.0,1.0,0.0,2750
ENCSR206FSY,Peyer's patch | DNase-seq,0.0,BigWig,0.99609375,0.99609375,0.0,2751
ENCSR322UXF,Peyer's patch | DNase-seq,0.0,BigWig,0.96875,0.96875,0.0,2752
ENCSR982PLJ,Peyer's patch | Histone ChIP-seq | H3K27me3,0.0,BigWig,0.7734375,0.7734375,0.0,2753
ENCSR363CJF,Peyer's patch | Histone ChIP-seq | H3K36me3,0.0,BigWig,0.828125,0.828125,0.0,2754
ENCSR760LFY,adrenal gland | Histone ChIP-seq | H3K36me3,0.0,BigWig,1.0,1.0,0.0,2755
ENCSR899MFS,adrenal gland | Histone ChIP-seq | H3K36me3,0.0,BigWig,0.9921875,0.9921875,0.0,2756
ENCSR144NDE,amnion | Histone ChIP-seq | H3K27me3,0.0,BigWig,0.73828125,0.73828125,0.0,2757
ENCSR786DQB,amnion | Histone ChIP-seq | H3K36me3,0.0,BigWig,1.0,1.0,0.0,2758
ENCSR249AWJ,amnion | Histone ChIP-seq | H3K4me1,0.0,BigWig,0.91015625,0.91015625,0.0,2759
ENCSR615PBJ,angular gyrus | Histone ChIP-seq | H3K27me3,0.0,BigWig,0.84375,0.84375,0.0,2760
ENCSR724TOA,angular gyrus | Histone ChIP-seq | H3K4me1,0.0,BigWig,0.6640625,0.6640625,0.0,2761
ENCSR057RET,angular gyrus | Histone ChIP-seq | H3K4me3,0.0,BigWig,0.67578125,0.67578125,0.0,2762
ENCSR319WAD,angular gyrus | Histone ChIP-seq | H3K9me3,0.0,BigWig,0.7109375,0.7109375,0.0,2763
ENCSR673JYT,aorta | Histone ChIP-seq | H3K36me3,0.0,BigWig,1.0,1.0,0.0,2764
ENCSR852TRT,ascending aorta | DNase-seq,0.0,BigWig,0.99609375,0.99609375,0.0,2765
ENCSR248PES,ascending aorta | Histone ChIP-seq | H3K36me3,0.0,BigWig,1.0,1.0,0.0,2766
ENCSR523JCB,body of pancreas | Histone ChIP-seq | H3K36me3,0.0,BigWig,0.87109375,0.87109375,0.0,2767
ENCSR719COF,body of pancreas | Histone ChIP-seq | H3K9me3,0.0,BigWig,0.703125,0.703125,0.0,2768
ENCSR760EGQ,body of pancreas | Histone ChIP-seq | H3K9me3,0.0,BigWig,0.7265625,0.7265625,0.0,2769
ENCSR863TAL,body of pancreas | Histone ChIP-seq | H3K9me3,0.0,BigWig,0.7578125,0.7578125,0.0,2770
ENCSR947POC,brain | DNase-seq,0.0,BigWig,0.6640625,0.6640625,0.0,2771
ENCSR997YTW,brain | Histone ChIP-seq | H3K27me3,0.0,BigWig,0.67578125,0.67578125,0.0,2772
ENCSR543YQF,breast epithelium | Histone ChIP-seq | H3K36me3,0.0,BigWig,1.0,1.0,0.0,2773
ENCSR403UOU,breast epithelium | Histone ChIP-seq | H3K9me3,0.0,BigWig,0.80078125,0.80078125,0.0,2774
ENCSR015BGH,caudate nucleus | DNase-seq,0.0,BigWig,0.6796875,0.6796875,0.0,2775
ENCSR399SJE,caudate nucleus | Histone ChIP-seq | H3K36me3,0.0,BigWig,0.96875,0.96875,0.0,2776
ENCSR893MHU,caudate nucleus | Histone ChIP-seq | H3K36me3,0.0,BigWig,0.9921875,0.9921875,0.0,2777
ENCSR042ITN,cerebellum | Histone ChIP-seq | H3K4me3,0.0,BigWig,0.9921875,0.9921875,0.0,2778
ENCSR000EIL,chorion | DNase-seq,0.0,BigWig,0.98828125,0.98828125,0.0,2779
ENCSR364OZJ,chorion | Histone ChIP-seq | H3K27me3,0.0,BigWig,0.828125,0.828125,0.0,2780
ENCSR449FFA,chorion | Histone ChIP-seq | H3K36me3,0.0,BigWig,0.99609375,0.99609375,0.0,2781
ENCSR960AIZ,chorion | Histone ChIP-seq | H3K36me3,0.0,BigWig,1.0,1.0,0.0,2782
ENCSR203BOA,chorionic villus | Histone ChIP-seq | H3K36me3,0.0,BigWig,1.0,1.0,0.0,2783
ENCSR649FAP,chorionic villus | Histone ChIP-seq | H3K36me3,0.0,BigWig,0.99609375,0.99609375,0.0,2784
ENCSR836KDL,chorionic villus | Histone ChIP-seq | H3K36me3,0.0,BigWig,0.99609375,0.99609375,0.0,2785
ENCSR323YPH,cingulate gyrus | Histone ChIP-seq | H3K36me3,0.0,BigWig,0.9921875,0.9921875,0.0,2786
ENCSR736SFP,cingulate gyrus | Histone ChIP-seq | H3K36me3,0.0,BigWig,0.98046875,0.98046875,0.0,2787
ENCSR069KYE,cingulate gyrus | Histone ChIP-seq | H3K9me3,0.0,BigWig,0.77734375,0.77734375,0.0,2788
ENCSR142BBV,colonic mucosa | Histone ChIP-seq | H3K36me3,0.0,BigWig,1.0,1.0,0.0,2789
ENCSR060HPL,coronary artery | DNase-seq,0.0,BigWig,0.99609375,0.99609375,0.0,2790
ENCSR311RML,dorsolateral prefrontal cortex | Histone ChIP-seq | H3K,0.0,BigWig,0.890625,0.890625,0.0,2791
ENCSR042ORP,dorsolateral prefrontal cortex | Histone ChIP-seq | H3K,0.0,BigWig,0.9921875,0.9921875,0.0,2792
ENCSR629RJB,dorsolateral prefrontal cortex | Histone ChIP-seq | H3K,0.0,BigWig,0.98828125,0.98828125,0.0,2793
ENCSR349III,dorsolateral prefrontal cortex | Histone ChIP-seq | H3K,0.0,BigWig,0.78515625,0.78515625,0.0,2794
ENCSR645NLL,duodenal mucosa | Histone ChIP-seq | H3K27me3,0.0,BigWig,0.890625,0.890625,0.0,2795
ENCSR034ZHF,esophagus | Histone ChIP-seq | H3K36me3,0.0,BigWig,1.0,1.0,0.0,2796
ENCSR150GLE,esophagus | Histone ChIP-seq | H3K9me3,0.0,BigWig,0.98046875,0.98046875,0.0,2797
ENCSR177CGN,esophagus muscularis mucosa | Histone ChIP-seq | H3K27m,0.0,BigWig,0.80859375,0.80859375,0.0,2798
ENCSR743KZR,esophagus muscularis mucosa | Histone ChIP-seq | H3K36m,0.0,BigWig,1.0,1.0,0.0,2799
ENCSR078ZGC,esophagus squamous epithelium | Histone ChIP-seq | H3K3,0.0,BigWig,0.9609375,0.9609375,0.0,2800
ENCSR805XIF,femur | DNase-seq,0.0,BigWig,0.9765625,0.9765625,0.0,2801
ENCSR000EIY,frontal cortex | DNase-seq,0.0,BigWig,0.97265625,0.97265625,0.0,2802
ENCSR236SFP,gastrocnemius medialis | DNase-seq,0.0,BigWig,0.98828125,0.98828125,0.0,2803
ENCSR105YNJ,gastrocnemius medialis | Histone ChIP-seq | H3K36me3,0.0,BigWig,0.984375,0.984375,0.0,2804
ENCSR690UYB,germinal matrix | Histone ChIP-seq | H3K36me3,0.0,BigWig,0.9921875,0.9921875,0.0,2805
ENCSR717BNA,germinal matrix | Histone ChIP-seq | H3K36me3,0.0,BigWig,0.99609375,0.99609375,0.0,2806
ENCSR064GBK,heart | DNase-seq,0.0,BigWig,0.640625,0.640625,0.0,2807
ENCSR366EGE,heart | DNase-seq,0.0,BigWig,0.64453125,0.64453125,0.0,2808
ENCSR705CNJ,heart | DNase-seq,0.0,BigWig,0.76171875,0.76171875,0.0,2809
ENCSR070CMW,heart left ventricle | DNase-seq,0.0,BigWig,0.984375,0.984375,0.0,2810
ENCSR557DFM,heart left ventricle | Histone ChIP-seq | H3K27ac,0.0,BigWig,0.73828125,0.73828125,0.0,2811
ENCSR434MDA,heart left ventricle | Histone ChIP-seq | H3K36me3,0.0,BigWig,1.0,1.0,0.0,2812
ENCSR500ZGF,heart left ventricle | Histone ChIP-seq | H3K36me3,0.0,BigWig,0.99609375,0.99609375,0.0,2813
ENCSR442JTA,heart left ventricle | Histone ChIP-seq | H3K9me3,0.0,BigWig,0.65625,0.65625,0.0,2814
ENCSR142OBQ,heart right ventricle | Histone ChIP-seq | H3K36me3,0.0,BigWig,1.0,1.0,0.0,2815
ENCSR047FNH,large intestine | DNase-seq,0.0,BigWig,0.64453125,0.64453125,0.0,2816
ENCSR154YPL,large intestine | DNase-seq,0.0,BigWig,0.640625,0.640625,0.0,2817
ENCSR857AEB,large intestine | DNase-seq,0.0,BigWig,0.62890625,0.62890625,0.0,2818
ENCSR530LYV,large intestine | Histone ChIP-seq | H3K36me3,0.0,BigWig,1.0,1.0,0.0,2819
ENCSR591JZS,large intestine | Histone ChIP-seq | H3K9me3,0.0,BigWig,0.99609375,0.99609375,0.0,2820
ENCSR126FJY,layer of hippocampus | Histone ChIP-seq | H3K36me3,0.0,BigWig,0.99609375,0.99609375,0.0,2821
ENCSR286VMZ,layer of hippocampus | Histone ChIP-seq | H3K36me3,0.0,BigWig,0.99609375,0.99609375,0.0,2822
ENCSR691IZA,layer of hippocampus | Histone ChIP-seq | H3K36me3,0.0,BigWig,0.9921875,0.9921875,0.0,2823
ENCSR085KRD,layer of hippocampus | Histone ChIP-seq | H3K9me3,0.0,BigWig,0.74609375,0.74609375,0.0,2824
ENCSR976XOY,left forelimb | DNase-seq,0.0,BigWig,0.98828125,0.98828125,0.0,2825
ENCSR541AVF,left lung | DNase-seq,0.0,BigWig,0.6875,0.6875,0.0,2826
ENCSR864IGD,lower leg skin | DNase-seq,0.0,BigWig,0.98828125,0.98828125,0.0,2827
ENCSR076YBB,lung | DNase-seq,0.0,BigWig,0.640625,0.640625,0.0,2828
ENCSR587HPR,lung | DNase-seq,0.0,BigWig,0.62890625,0.62890625,0.0,2829
ENCSR540ADS,lung | Histone ChIP-seq | H3K27ac,0.0,BigWig,0.984375,0.984375,0.0,2830
ENCSR100YTJ,lung | Histone ChIP-seq | H3K36me3,0.0,BigWig,1.0,1.0,0.0,2831
ENCSR240ZWZ,lung | Histone ChIP-seq | H3K36me3,0.0,BigWig,0.9921875,0.9921875,0.0,2832
ENCSR671NXL,lung | Histone ChIP-seq | H3K36me3,0.0,BigWig,1.0,1.0,0.0,2833
ENCSR067BMB,lung | Histone ChIP-seq | H3K4me1,0.0,BigWig,0.66796875,0.66796875,0.0,2834
ENCSR500GXT,lung | Histone ChIP-seq | H3K4me3,0.0,BigWig,0.54296875,0.54296875,0.0,2835
ENCSR936FAH,lung | Histone ChIP-seq | H3K4me3,0.0,BigWig,0.6484375,0.6484375,0.0,2836
ENCSR322BLC,lung | Histone ChIP-seq | H3K9me3,0.0,BigWig,0.5078125,0.5078125,0.0,2837
ENCSR728FLA,lung | Histone ChIP-seq | H3K9me3,0.0,BigWig,0.99609375,0.99609375,0.0,2838
ENCSR336RLL,mucosa of rectum | Histone ChIP-seq | H3K27me3,0.0,BigWig,0.80078125,0.80078125,0.0,2839
ENCSR731JZN,mucosa of rectum | Histone ChIP-seq | H3K27me3,0.0,BigWig,0.84375,0.84375,0.0,2840
ENCSR083QRE,mucosa of stomach | Histone ChIP-seq | H3K36me3,0.0,BigWig,0.93359375,0.93359375,0.0,2841
ENCSR048JDL,muscle layer of colon | Histone ChIP-seq | H3K36me3,0.0,BigWig,1.0,1.0,0.0,2842
ENCSR576YAD,muscle layer of colon | Histone ChIP-seq | H3K9me3,0.0,BigWig,0.73828125,0.73828125,0.0,2843
ENCSR287UQG,muscle layer of duodenum | Histone ChIP-seq | H3K36me3,0.0,BigWig,1.0,1.0,0.0,2844
ENCSR150MZT,muscle of leg | Histone ChIP-seq | H3K36me3,0.0,BigWig,1.0,1.0,0.0,2845
ENCSR686PTV,muscle of trunk | Histone ChIP-seq | H3K27me3,0.0,BigWig,0.9921875,0.9921875,0.0,2846
ENCSR193XWO,muscle of trunk | Histone ChIP-seq | H3K36me3,0.0,BigWig,1.0,1.0,0.0,2847
ENCSR244ZEJ,omental fat pad | DNase-seq,0.0,BigWig,0.99609375,0.99609375,0.0,2848
ENCSR712PYJ,ovary | DNase-seq,0.0,BigWig,0.84375,0.84375,0.0,2849
ENCSR402HFW,pancreas | Histone ChIP-seq | H3K27ac,0.0,BigWig,0.98046875,0.98046875,0.0,2850
ENCSR486NDF,pancreas | Histone ChIP-seq | H3K27me3,0.0,BigWig,0.76953125,0.76953125,0.0,2851
ENCSR943JOF,pancreas | Histone ChIP-seq | H3K36me3,0.0,BigWig,1.0,1.0,0.0,2852
ENCSR035QNZ,pancreas | Histone ChIP-seq | H3K9me3,0.0,BigWig,0.984375,0.984375,0.0,2853
ENCSR033OKS,parathyroid adenoma | Histone ChIP-seq | H3K4me3,0.0,BigWig,0.65234375,0.65234375,0.0,2854
ENCSR552RKI,placenta | DNase-seq,0.0,BigWig,0.97265625,0.97265625,0.0,2855
ENCSR552XJI,placenta | DNase-seq,0.0,BigWig,0.9765625,0.9765625,0.0,2856
ENCSR575VMI,placenta | DNase-seq,0.0,BigWig,0.6953125,0.6953125,0.0,2857
ENCSR648RAX,placenta | DNase-seq,0.0,BigWig,0.734375,0.734375,0.0,2858
ENCSR028QEA,placenta | Histone ChIP-seq | H3K27ac,0.0,BigWig,0.828125,0.828125,0.0,2859
ENCSR717HIA,placenta | Histone ChIP-seq | H3K27ac,0.0,BigWig,0.890625,0.890625,0.0,2860
ENCSR131EED,placenta | Histone ChIP-seq | H3K36me3,0.0,BigWig,1.0,1.0,0.0,2861
ENCSR574KCT,placenta | Histone ChIP-seq | H3K36me3,0.0,BigWig,1.0,1.0,0.0,2862
ENCSR832LMT,placenta | Histone ChIP-seq | H3K36me3,0.0,BigWig,1.0,1.0,0.0,2863
ENCSR074FPH,placenta | Histone ChIP-seq | H3K4me3,0.0,BigWig,0.734375,0.734375,0.0,2864
ENCSR066GUY,placental basal plate | Histone ChIP-seq | H3K27ac,0.0,BigWig,0.84765625,0.84765625,0.0,2865
ENCSR312NYS,placental basal plate | Histone ChIP-seq | H3K36me3,0.0,BigWig,1.0,1.0,0.0,2866
ENCSR629RBC,placental basal plate | Histone ChIP-seq | H3K36me3,0.0,BigWig,0.98046875,0.98046875,0.0,2867
ENCSR194MJA,placental basal plate | Histone ChIP-seq | H3K4me3,0.0,BigWig,0.78515625,0.78515625,0.0,2868
ENCSR843KHS,psoas muscle | Histone ChIP-seq | H3K27me3,0.0,BigWig,0.64453125,0.64453125,0.0,2869
ENCSR493VDS,putamen | DNase-seq,0.0,BigWig,0.83203125,0.83203125,0.0,2870
ENCSR777DXQ,right atrium auricular region | DNase-seq,0.0,BigWig,0.984375,0.984375,0.0,2871
ENCSR080QVO,right lobe of liver | Histone ChIP-seq | H3K36me3,0.0,BigWig,0.87890625,0.87890625,0.0,2872
ENCSR845MEJ,right lung | DNase-seq,0.0,BigWig,0.6640625,0.6640625,0.0,2873
ENCSR391YAV,sigmoid colon | DNase-seq,0.0,BigWig,0.984375,0.984375,0.0,2874
ENCSR462XTM,sigmoid colon | DNase-seq,0.0,BigWig,0.98828125,0.98828125,0.0,2875
ENCSR897TGR,sigmoid colon | Histone ChIP-seq | H3K27me3,0.0,BigWig,0.875,0.875,0.0,2876
ENCSR150YAU,sigmoid colon | Histone ChIP-seq | H3K36me3,0.0,BigWig,0.9765625,0.9765625,0.0,2877
ENCSR445RFF,sigmoid colon | Histone ChIP-seq | H3K36me3,0.0,BigWig,1.0,1.0,0.0,2878
ENCSR737NLJ,sigmoid colon | Histone ChIP-seq | H3K9me3,0.0,BigWig,0.87109375,0.87109375,0.0,2879
ENCSR836GCA,skeletal muscle tissue | Histone ChIP-seq | H3K36me3,0.0,BigWig,1.0,1.0,0.0,2880
ENCSR925WMT,skeletal muscle tissue | Histone ChIP-seq | H3K36me3,0.0,BigWig,1.0,1.0,0.0,2881
ENCSR930OZC,skeletal muscle tissue | Histone ChIP-seq | H3K36me3,0.0,BigWig,0.99609375,0.99609375,0.0,2882
ENCSR133KBX,small intestine | DNase-seq,0.0,BigWig,0.6640625,0.6640625,0.0,2883
ENCSR945RWN,small intestine | DNase-seq,0.0,BigWig,0.640625,0.640625,0.0,2884
ENCSR543CPW,small intestine | Histone ChIP-seq | H3K27ac,0.0,BigWig,0.9765625,0.9765625,0.0,2885
ENCSR205NEW,small intestine | Histone ChIP-seq | H3K36me3,0.0,BigWig,1.0,1.0,0.0,2886
ENCSR083RXV,spinal cord | Histone ChIP-seq | H3K36me3,0.0,BigWig,1.0,1.0,0.0,2887
ENCSR850YHJ,spleen | DNase-seq,0.0,BigWig,1.0,1.0,0.0,2888
ENCSR170MAJ,spleen | Histone ChIP-seq | H3K27ac,0.0,BigWig,0.6171875,0.6171875,0.0,2889
ENCSR466DUB,spleen | Histone ChIP-seq | H3K36me3,0.0,BigWig,1.0,1.0,0.0,2890
ENCSR490YCL,spleen | Histone ChIP-seq | H3K4me1,0.0,BigWig,0.9765625,0.9765625,0.0,2891
ENCSR119HXE,stomach | DNase-seq,0.0,BigWig,0.74609375,0.74609375,0.0,2892
ENCSR131JVA,stomach | DNase-seq,0.0,BigWig,0.984375,0.984375,0.0,2893
ENCSR163PKT,stomach | DNase-seq,0.0,BigWig,0.96875,0.96875,0.0,2894
ENCSR930YSB,stomach | DNase-seq,0.0,BigWig,0.71484375,0.71484375,0.0,2895
ENCSR354IST,stomach | Histone ChIP-seq | H3K27me3,0.0,BigWig,0.98828125,0.98828125,0.0,2896
ENCSR166CNR,stomach | Histone ChIP-seq | H3K36me3,0.0,BigWig,0.99609375,0.99609375,0.0,2897
ENCSR269GMC,stomach | Histone ChIP-seq | H3K36me3,0.0,BigWig,1.0,1.0,0.0,2898
ENCSR552MZH,stomach | Histone ChIP-seq | H3K36me3,0.0,BigWig,1.0,1.0,0.0,2899
ENCSR697YSL,stomach | Histone ChIP-seq | H3K36me3,0.0,BigWig,1.0,1.0,0.0,2900
ENCSR245QTD,stomach | Histone ChIP-seq | H3K4me1,0.0,BigWig,0.99609375,0.99609375,0.0,2901
ENCSR903QBX,stomach | Histone ChIP-seq | H3K4me1,0.0,BigWig,0.7734375,0.7734375,0.0,2902
ENCSR083ZUY,stomach smooth muscle | Histone ChIP-seq | H3K36me3,0.0,BigWig,1.0,1.0,0.0,2903
ENCSR272GZG,stomach smooth muscle | Histone ChIP-seq | H3K36me3,0.0,BigWig,1.0,1.0,0.0,2904
ENCSR003WKF,stomach smooth muscle | Histone ChIP-seq | H3K9me3,0.0,BigWig,0.50390625,0.50390625,0.0,2905
ENCSR263WGU,subcutaneous abdominal adipose tissue | Histone ChIP-se,0.0,BigWig,1.0,1.0,0.0,2906
ENCSR345PSR,subcutaneous abdominal adipose tissue | Histone ChIP-se,0.0,BigWig,1.0,1.0,0.0,2907
ENCSR559RGT,subcutaneous abdominal adipose tissue | Histone ChIP-se,0.0,BigWig,1.0,1.0,0.0,2908
ENCSR989POD,subcutaneous abdominal adipose tissue | Histone ChIP-se,0.0,BigWig,1.0,1.0,0.0,2909
ENCSR032FUX,subcutaneous abdominal adipose tissue | Histone ChIP-se,0.0,BigWig,0.6640625,0.6640625,0.0,2910
ENCSR374OSU,substantia nigra | Histone ChIP-seq | H3K27me3,0.0,BigWig,0.875,0.875,0.0,2911
ENCSR568EZU,substantia nigra | Histone ChIP-seq | H3K9me3,0.0,BigWig,0.7265625,0.7265625,0.0,2912
ENCSR113OKR,temporal lobe | Histone ChIP-seq | H3K36me3,0.0,BigWig,0.98046875,0.98046875,0.0,2913
ENCSR781OGI,temporal lobe | Histone ChIP-seq | H3K36me3,0.0,BigWig,0.98828125,0.98828125,0.0,2914
ENCSR479GJI,temporal lobe | Histone ChIP-seq | H3K4me1,0.0,BigWig,0.71484375,0.71484375,0.0,2915
ENCSR978QUT,testis | DNase-seq,0.0,BigWig,0.98828125,0.98828125,0.0,2916
ENCSR083MAZ,thoracic aorta | Histone ChIP-seq | H3K36me3,0.0,BigWig,1.0,1.0,0.0,2917
ENCSR909VUB,thoracic aorta | Histone ChIP-seq | H3K9me3,0.0,BigWig,0.66796875,0.66796875,0.0,2918
ENCSR164PQJ,thymus | DNase-seq,0.0,BigWig,0.81640625,0.81640625,0.0,2919
ENCSR298PMB,thymus | Histone ChIP-seq | H3K9me3,0.0,BigWig,0.93359375,0.93359375,0.0,2920
ENCSR406VUH,thymus | Histone ChIP-seq | H3K9me3,0.0,BigWig,0.96484375,0.96484375,0.0,2921
ENCSR597BWL,thyroid gland | Histone ChIP-seq | H3K27ac,0.0,BigWig,0.765625,0.765625,0.0,2922
ENCSR906YES,thyroid gland | Histone ChIP-seq | H3K4me1,0.0,BigWig,0.68359375,0.68359375,0.0,2923
ENCSR558AXI,thyroid gland | Histone ChIP-seq | H3K9me3,0.0,BigWig,0.67578125,0.67578125,0.0,2924
ENCSR080ISA,tibial artery | DNase-seq,0.0,BigWig,0.98828125,0.98828125,0.0,2925
ENCSR543DAS,tibial artery | Histone ChIP-seq | H3K27me3,0.0,BigWig,0.72265625,0.72265625,0.0,2926
ENCSR127ZSP,tibial artery | Histone ChIP-seq | H3K36me3,0.0,BigWig,1.0,1.0,0.0,2927
ENCSR166VXF,tibial artery | Histone ChIP-seq | H3K9me3,0.0,BigWig,0.65234375,0.65234375,0.0,2928
ENCSR157ZVP,tibial nerve | Histone ChIP-seq | H3K36me3,0.0,BigWig,0.94140625,0.94140625,0.0,2929
ENCSR221ZRM,trophoblast | Histone ChIP-seq | H3K27me3,0.0,BigWig,0.80078125,0.80078125,0.0,2930
ENCSR746MTU,trophoblast | Histone ChIP-seq | H3K36me3,0.0,BigWig,0.99609375,0.99609375,0.0,2931
ENCSR512CWR,umbilical cord | DNase-seq,0.0,BigWig,0.78515625,0.78515625,0.0,2932
ENCSR164WOF,upper lobe of left lung | DNase-seq,0.0,BigWig,1.0,1.0,0.0,2933
ENCSR490JVQ,upper lobe of left lung | DNase-seq,0.0,BigWig,0.98828125,0.98828125,0.0,2934
ENCSR820WNB,upper lobe of left lung | DNase-seq,0.0,BigWig,0.97265625,0.97265625,0.0,2935
ENCSR869GBP,upper lobe of left lung | Histone ChIP-seq | H3K36me3,0.0,BigWig,1.0,1.0,0.0,2936
CNhs12331_M,B lymphoblastoid cell line | CAGE,0.0,BigWig,0.5,0.5,0.0,2937
CNhs10739_M,Burkitt's lymphoma cell line | CAGE,0.0,BigWig,0.5,0.5,0.0,2938
CNhs11268_P,Burkitt's lymphoma cell line | CAGE,0.0,BigWig,0.5,0.5,0.0,2939
CNhs11268_M,Burkitt's lymphoma cell line | CAGE,0.0,BigWig,0.5,0.5,0.0,2940
CNhs11836_M,Ewing's sarcoma cell line | CAGE,0.0,BigWig,0.5,0.5,0.0,2941
CNhs13479_M,"Hep-2 cells mock treated, biol  | CAGE",0.0,BigWig,0.5,0.5,0.0,2942
CNhs13477_M,"Hep-2 cells treated with Streptococci strain 5448, biol",0.0,BigWig,0.5,0.5,0.0,2943
CNhs13478_M,"Hep-2 cells treated with Streptococci strain JRS4, biol",0.0,BigWig,0.5,0.5,0.0,2944
CNhs11715_P,Hodgkin's lymphoma cell line | CAGE,0.0,BigWig,0.5,0.5,0.0,2945
CNhs11715_M,Hodgkin's lymphoma cell line | CAGE,0.0,BigWig,0.5,0.5,0.0,2946
CNhs11822_P,Krukenberg tumor cell line | CAGE,0.0,BigWig,0.5390625,0.5390625,0.0,2947
CNhs11822_M,Krukenberg tumor cell line | CAGE,0.0,BigWig,0.5,0.5,0.0,2948
CNhs11867_M,NK T cell leukemia cell line | CAGE,0.0,BigWig,0.5,0.5,0.0,2949
CNhs11728_M,Wilms' tumor cell line | CAGE,0.0,BigWig,0.5,0.5,0.0,2950
CNhs11892_M,Wilms' tumor cell line | CAGE,0.0,BigWig,0.5,0.5,0.0,2951
CNhs11844_M,acantholytic squamous carcinoma cell line | CAGE,0.0,BigWig,0.5,0.5,0.0,2952
CNhs11251_M,acute lymphoblastic leukemia (B-ALL) cell line | CAGE,0.0,BigWig,0.5,0.5,0.0,2953
CNhs11282_M,acute lymphoblastic leukemia (B-ALL) cell line | CAGE,0.0,BigWig,0.5,0.5,0.0,2954
CNhs10746_M,acute lymphoblastic leukemia (T-ALL) cell line | CAGE,0.0,BigWig,0.5,0.5,0.0,2955
CNhs11253_M,acute lymphoblastic leukemia (T-ALL) cell line | CAGE,0.0,BigWig,0.5,0.5,0.0,2956
CNhs13053_M,acute myeloid leukemia (FAB M0) cell line | CAGE,0.0,BigWig,0.5,0.5,0.0,2957
CNhs13241_M,acute myeloid leukemia (FAB M0) cell line | CAGE,0.0,BigWig,0.5,0.5,0.0,2958
CNhs13054_M,acute myeloid leukemia (FAB M1) cell line | CAGE,0.0,BigWig,0.5,0.5,0.0,2959
CNhs11864_P,acute myeloid leukemia (FAB M2) cell line | CAGE,0.0,BigWig,0.50390625,0.50390625,0.0,2960
CNhs11864_M,acute myeloid leukemia (FAB M2) cell line | CAGE,0.0,BigWig,0.5,0.5,0.0,2961
CNhs13052_M,acute myeloid leukemia (FAB M2) cell line | CAGE,0.0,BigWig,0.5,0.5,0.0,2962
CNhs13502_M,acute myeloid leukemia (FAB M2) cell line | CAGE,0.0,BigWig,0.5,0.5,0.0,2963
CNhs13055_M,acute myeloid leukemia (FAB M3) cell line | CAGE,0.0,BigWig,0.5,0.5,0.0,2964
CNhs13503_M,acute myeloid leukemia (FAB M4) cell line | CAGE,0.0,BigWig,0.5,0.5,0.0,2965
CNhs13504_P,acute myeloid leukemia (FAB M4) cell line | CAGE,0.0,BigWig,0.53125,0.53125,0.0,2966
CNhs13504_M,acute myeloid leukemia (FAB M4) cell line | CAGE,0.0,BigWig,0.5,0.5,0.0,2967
CNhs13056_M,acute myeloid leukemia (FAB M4eo) cell line | CAGE,0.0,BigWig,0.5,0.5,0.0,2968
CNhs13057_M,acute myeloid leukemia (FAB M4eo) cell line | CAGE,0.0,BigWig,0.5,0.5,0.0,2969
CNhs10722_P,acute myeloid leukemia (FAB M5) cell line | CAGE,0.0,BigWig,0.51171875,0.51171875,0.0,2970
CNhs10722_M,acute myeloid leukemia (FAB M5) cell line | CAGE,0.0,BigWig,0.5,0.5,0.0,2971
CNhs10723_M,acute myeloid leukemia (FAB M5) cell line | CAGE,0.0,BigWig,0.5,0.5,0.0,2972
CNhs10724_M,acute myeloid leukemia (FAB M5) cell line | CAGE,0.0,BigWig,0.5,0.5,0.0,2973
CNhs13050_M,acute myeloid leukemia (FAB M5) cell line | CAGE,0.0,BigWig,0.5,0.5,0.0,2974
CNhs13051_M,acute myeloid leukemia (FAB M5) cell line | CAGE,0.0,BigWig,0.5,0.5,0.0,2975
CNhs13058_M,acute myeloid leukemia (FAB M5) cell line | CAGE,0.0,BigWig,0.5,0.5,0.0,2976
CNhs13059_M,acute myeloid leukemia (FAB M6) cell line | CAGE,0.0,BigWig,0.5,0.5,0.0,2977
CNhs13060_M,acute myeloid leukemia (FAB M6) cell line | CAGE,0.0,BigWig,0.5,0.5,0.0,2978
CNhs13505_M,acute myeloid leukemia (FAB M6) cell line | CAGE,0.0,BigWig,0.5,0.5,0.0,2979
CNhs11888_M,acute myeloid leukemia (FAB M7) cell line | CAGE,0.0,BigWig,0.5,0.5,0.0,2980
CNhs13049_M,acute myeloid leukemia (FAB M7) cell line | CAGE,0.0,BigWig,0.5,0.5,0.0,2981
CNhs11882_M,adenocarcinoma cell line | CAGE,0.0,BigWig,0.5,0.5,0.0,2982
CNhs11893_M,adrenal cortex adenocarcinoma cell line | CAGE,0.0,BigWig,0.5,0.5,0.0,2983
CNhs10738_P,adult T-cell leukemia cell line | CAGE,0.0,BigWig,0.5390625,0.5390625,0.0,2984
CNhs10738_M,adult T-cell leukemia cell line | CAGE,0.0,BigWig,0.5,0.5,0.0,2985
CNhs11838_M,alveolar cell carcinoma cell line | CAGE,0.0,BigWig,0.5,0.5,0.0,2986
CNhs10745_M,anaplastic carcinoma cell line | CAGE,0.0,BigWig,0.5,0.5,0.0,2987
CNhs11881_M,anaplastic large cell lymphoma cell line | CAGE,0.0,BigWig,0.5,0.5,0.0,2988
CNhs11889_M,anaplastic squamous cell carcinoma cell line | CAGE,0.0,BigWig,0.5,0.5,0.0,2989
CNhs11725_M,argyrophil small cell carcinoma cell line | CAGE,0.0,BigWig,0.5,0.5,0.0,2990
CNhs10742_M,astrocytoma cell line | CAGE,0.0,BigWig,0.5,0.5,0.0,2991
CNhs10744_M,b cell line | CAGE,0.0,BigWig,0.5,0.5,0.0,2992
CNhs11932_M,basal cell carcinoma cell line | CAGE,0.0,BigWig,0.5,0.5,0.0,2993
CNhs10750_M,bile duct carcinoma cell line | CAGE,0.0,BigWig,0.5,0.5,0.0,2994
CNhs11265_P,bile duct carcinoma cell line | CAGE,0.0,BigWig,0.52734375,0.52734375,0.0,2995
CNhs11265_M,bile duct carcinoma cell line | CAGE,0.0,BigWig,0.5,0.5,0.0,2996
CNhs11845_M,biphenotypic B myelomonocytic leukemia cell line | CAGE,0.0,BigWig,0.5,0.5,0.0,2997
CNhs11931_M,bone marrow stromal cell line | CAGE,0.0,BigWig,0.5,0.5,0.0,2998
CNhs10736_M,breast carcinoma cell line | CAGE,0.0,BigWig,0.5,0.5,0.0,2999
CNhs11943_M,breast carcinoma cell line | CAGE,0.0,BigWig,0.5,0.5,0.0,3000
CNhs11862_M,bronchial squamous cell carcinoma cell line | CAGE,0.0,BigWig,0.5,0.5,0.0,3001
CNhs11840_M,bronchioalveolar carcinoma cell line | CAGE,0.0,BigWig,0.5,0.5,0.0,3002
CNhs14138_M,bronchioalveolar carcinoma cell line | CAGE,0.0,BigWig,0.5,0.5,0.0,3003
CNhs11841_M,bronchogenic carcinoma cell line | CAGE,0.0,BigWig,0.5,0.5,0.0,3004
CNhs11834_M,carcinoid cell line | CAGE,0.0,BigWig,0.5,0.5,0.0,3005
CNhs11846_M,carcinoid cell line | CAGE,0.0,BigWig,0.5,0.5,0.0,3006
CNhs14244_M,carcinoid cell line | CAGE,0.0,BigWig,0.5,0.5,0.0,3007
CNhs11747_M,carcinosarcoma cell line | CAGE,0.0,BigWig,0.5,0.5,0.0,3008
CNhs11288_M,cervical cancer cell line | CAGE,0.0,BigWig,0.5,0.5,0.0,3009
CNhs11289_M,cervical cancer cell line | CAGE,0.0,BigWig,0.5,0.5,0.0,3010
CNhs11283_M,cholangiocellular carcinoma cell line | CAGE,0.0,BigWig,0.5,0.5,0.0,3011
CNhs11833_M,chondrosarcoma cell line | CAGE,0.0,BigWig,0.5,0.5,0.0,3012
CNhs10740_M,choriocarcinoma cell line | CAGE,0.0,BigWig,0.5,0.5,0.0,3013
CNhs11820_M,choriocarcinoma cell line | CAGE,0.0,BigWig,0.5,0.5,0.0,3014
CNhs11875_M,choriocarcinoma cell line | CAGE,0.0,BigWig,0.5,0.5,0.0,3015
CNhs11714_M,chronic lymphocytic leukemia (T-CLL) cell line | CAGE,0.0,BigWig,0.5,0.5,0.0,3016
CNhs11886_M,chronic myeloblastic leukemia (CML) cell line | CAGE,0.0,BigWig,0.5,0.5,0.0,3017
CNhs11865_M,chronic myelogenous leukemia (CML) cell line | CAGE,0.0,BigWig,0.5,0.5,0.0,3018
CNhs10727_M,chronic myelogenous leukemia cell line | CAGE,0.0,BigWig,0.5,0.5,0.0,3019
CNhs11250_M,chronic myelogenous leukemia cell line | CAGE,0.0,BigWig,0.5,0.5,0.0,3020
CNhs12334_M,chronic myelogenous leukemia cell line | CAGE,0.0,BigWig,0.5,0.5,0.0,3021
CNhs11745_M,clear cell carcinoma cell line | CAGE,0.0,BigWig,0.5,0.5,0.0,3022
CNhs11930_M,clear cell carcinoma cell line | CAGE,0.0,BigWig,0.5,0.5,0.0,3023
CNhs10737_M,colon carcinoma cell line | CAGE,0.0,BigWig,0.5,0.5,0.0,3024
CNhs11280_M,colon carcinoma cell line | CAGE,0.0,BigWig,0.5,0.5,0.0,3025
CNhs11045_M,cord blood derived cell line | CAGE,0.0,BigWig,0.5,0.5,0.0,3026
CNhs11049_M,cord blood derived cell line | CAGE,0.0,BigWig,0.50390625,0.50390625,0.0,3027
CNhs11050_M,cord blood derived cell line | CAGE,0.0,BigWig,0.5,0.5,0.0,3028
CNhs11741_M,diffuse large B-cell lymphoma cell line | CAGE,0.0,BigWig,0.5,0.5,0.0,3029
CNhs11100_P,ductal cell carcinoma cell line | CAGE,0.0,BigWig,0.5234375,0.5234375,0.0,3030
CNhs11100_M,ductal cell carcinoma cell line | CAGE,0.0,BigWig,0.5,0.5,0.0,3031
CNhs11259_M,ductal cell carcinoma cell line | CAGE,0.0,BigWig,0.5,0.5,0.0,3032
CNhs11046_M,embryonic kidney cell line | CAGE,0.0,BigWig,0.5,0.5,0.0,3033
CNhs11047_M,embryonic kidney cell line | CAGE,0.0,BigWig,0.5,0.5,0.0,3034
CNhs11731_M,embryonic pancreas cell line | CAGE,0.0,BigWig,0.5,0.5,0.0,3035
CNhs11732_M,embryonic pancreas cell line | CAGE,0.0,BigWig,0.5,0.5,0.0,3036
CNhs11733_M,embryonic pancreas cell line | CAGE,0.0,BigWig,0.5,0.5,0.0,3037
CNhs11814_P,embryonic pancreas cell line | CAGE,0.0,BigWig,0.5390625,0.5390625,0.0,3038
CNhs11814_M,embryonic pancreas cell line | CAGE,0.0,BigWig,0.5,0.5,0.0,3039
CNhs11266_M,endometrial carcinoma cell line | CAGE,0.0,BigWig,0.5,0.5,0.0,3040
CNhs11249_M,endometrial stromal sarcoma cell line | CAGE,0.0,BigWig,0.5,0.5,0.0,3041
CNhs11748_M,endometrioid adenocarcinoma cell line | CAGE,0.0,BigWig,0.5,0.5,0.0,3042
CNhs10743_M,epidermoid carcinoma cell line | CAGE,0.0,BigWig,0.5,0.5,0.0,3043
CNhs10748_M,epidermoid carcinoma cell line | CAGE,0.0,BigWig,0.5,0.5,0.0,3044
CNhs11247_M,epithelioid sarcoma cell line | CAGE,0.0,BigWig,0.5,0.5,0.0,3045
CNhs14239_M,epithelioid sarcoma cell line | CAGE,0.0,BigWig,0.5,0.5,0.0,3046
CNhs12325_M,epitheloid carcinoma cell line | CAGE,0.0,BigWig,0.5,0.5,0.0,3047
CNhs10728_M,extraskeletal myxoid chondrosarcoma cell line | CAGE,0.0,BigWig,0.5,0.5,0.0,3048
CNhs11860_M,fibrosarcoma cell line | CAGE,0.0,BigWig,0.5,0.5,0.0,3049
CNhs11842_M,fibrous histiocytoma cell line | CAGE,0.0,BigWig,0.5,0.5,0.0,3050
CNhs10733_M,gall bladder carcinoma cell line | CAGE,0.0,BigWig,0.5,0.5,0.0,3051
CNhs11256_M,gall bladder carcinoma cell line | CAGE,0.0,BigWig,0.5,0.5,0.0,3052
CNhs11737_M,gastric adenocarcinoma cell line | CAGE,0.0,BigWig,0.5,0.5,0.0,3053
CNhs11819_M,gastric adenocarcinoma cell line | CAGE,0.0,BigWig,0.5,0.5,0.0,3054
CNhs11286_M,gastric cancer cell line | CAGE,0.0,BigWig,0.5,0.5,0.0,3055
CNhs14241_P,gastric cancer cell line | CAGE,0.0,BigWig,0.5234375,0.5234375,0.0,3056
CNhs14241_M,gastric cancer cell line | CAGE,0.0,BigWig,0.5,0.5,0.0,3057
CNhs11738_M,gastrointestinal carcinoma cell line | CAGE,0.0,BigWig,0.5,0.5,0.0,3058
CNhs10751_M,giant cell carcinoma cell line | CAGE,0.0,BigWig,0.5,0.5,0.0,3059
CNhs11274_M,giant cell carcinoma cell line | CAGE,0.0,BigWig,0.5,0.5,0.0,3060
CNhs11824_M,glassy cell carcinoma cell line | CAGE,0.0,BigWig,0.5,0.5,0.0,3061
CNhs11185_M,glioblastoma cell line | CAGE,0.0,BigWig,0.5,0.5,0.0,3062
CNhs11272_M,glioblastoma cell line | CAGE,0.0,BigWig,0.5,0.5,0.0,3063
CNhs10731_M,glioma cell line | CAGE,0.0,BigWig,0.5,0.5,0.0,3064
CNhs11740_M,granulosa cell tumor cell line | CAGE,0.0,BigWig,0.5,0.5,0.0,3065
CNhs11843_M,hairy cell leukemia cell line | CAGE,0.0,BigWig,0.5,0.5,0.0,3066
CNhs11868_M,hepatic mesenchymal tumor cell line | CAGE,0.0,BigWig,0.5,0.5,0.0,3067
CNhs12328_M,hepatocellular carcinoma cell line | CAGE,0.0,BigWig,0.5,0.5,0.0,3068
CNhs11271_M,hepatoma cell line | CAGE,0.0,BigWig,0.5,0.5,0.0,3069
CNhs11891_M,hereditary spherocytic anemia cell line | CAGE,0.0,BigWig,0.5,0.5,0.0,3070
CNhs11880_M,keratoacanthoma cell line | CAGE,0.0,BigWig,0.5,0.5,0.0,3071
CNhs11277_M,large cell lung carcinoma cell line | CAGE,0.0,BigWig,0.5,0.5,0.0,3072
CNhs12806_M,large cell lung carcinoma cell line | CAGE,0.0,BigWig,0.5,0.5,0.0,3073
CNhs11825_M,large cell non-keratinizing squamous carcinoma cell lin,0.0,BigWig,0.5,0.5,0.0,3074
CNhs11848_M,leiomyoblastoma cell line | CAGE,0.0,BigWig,0.5,0.5,0.0,3075
CNhs11722_M,leiomyoma cell line | CAGE,0.0,BigWig,0.5,0.5,0.0,3076
CNhs11723_M,leiomyoma cell line | CAGE,0.0,BigWig,0.5,0.5,0.0,3077
CNhs11724_M,leiomyoma cell line | CAGE,0.0,BigWig,0.5,0.5,0.0,3078
CNhs12192_M,leiomyosarcoma cell line | CAGE,0.0,BigWig,0.5,0.5,0.0,3079
CNhs11750_M,lens epithelial cell line | CAGE,0.0,BigWig,0.5,0.5,0.0,3080
CNhs11859_M,"leukemia, chronic megakaryoblastic cell line | CAGE",0.0,BigWig,0.5,0.5,0.0,3081
CNhs11851_M,liposarcoma cell line | CAGE,0.0,BigWig,0.5,0.5,0.0,3082
CNhs11870_M,liposarcoma cell line | CAGE,0.0,BigWig,0.5,0.5,0.0,3083
CNhs10726_M,lung adenocarcinoma cell line | CAGE,0.0,BigWig,0.5,0.5,0.0,3084
CNhs11275_M,lung adenocarcinoma cell line | CAGE,0.0,BigWig,0.5,0.5,0.0,3085
CNhs14245_P,"lung adenocarcinoma, papillary cell line | CAGE",0.0,BigWig,0.6953125,0.6953125,0.0,3086
CNhs14245_M,"lung adenocarcinoma, papillary cell line | CAGE",0.0,BigWig,0.5,0.5,0.0,3087
CNhs11852_M,lymphangiectasia cell line | CAGE,0.0,BigWig,0.5,0.5,0.0,3088
CNhs11935_M,"lymphoma, malignant, hairy B-cell cell line | CAGE",0.0,BigWig,0.5,0.5,0.0,3089
CNhs10730_M,malignant trichilemmal cyst cell line | CAGE,0.0,BigWig,0.5,0.5,0.0,3090
CNhs10732_M,maxillary sinus tumor cell line | CAGE,0.0,BigWig,0.5,0.5,0.0,3091
CNhs11861_M,medulloblastoma cell line | CAGE,0.0,BigWig,0.5,0.5,0.0,3092
CNhs12805_M,medulloblastoma cell line | CAGE,0.0,BigWig,0.5,0.5,0.0,3093
CNhs11254_M,melanoma cell line | CAGE,0.0,BigWig,0.5,0.5,0.0,3094
CNhs11281_M,melanoma cell line | CAGE,0.0,BigWig,0.5,0.5,0.0,3095
CNhs11945_M,meningioma cell line | CAGE,0.0,BigWig,0.5,0.5,0.0,3096
CNhs12838_M,merkel cell carcinoma cell line | CAGE,0.0,BigWig,0.5,0.5,0.0,3097
CNhs12839_P,merkel cell carcinoma cell line | CAGE,0.0,BigWig,0.52734375,0.52734375,0.0,3098
CNhs12839_M,merkel cell carcinoma cell line | CAGE,0.0,BigWig,0.5,0.5,0.0,3099
CNhs11718_M,mesenchymal stem cell line | CAGE,0.0,BigWig,0.5,0.5,0.0,3100
CNhs12191_M,mesodermal tumor cell line | CAGE,0.0,BigWig,0.5,0.5,0.0,3101
CNhs11263_M,mesothelioma cell line | CAGE,0.0,BigWig,0.5,0.5,0.0,3102
CNhs11264_M,mesothelioma cell line | CAGE,0.0,BigWig,0.5,0.5,0.0,3103
CNhs13061_M,mesothelioma cell line | CAGE,0.0,BigWig,0.5,0.5,0.0,3104
CNhs13062_M,mesothelioma cell line | CAGE,0.0,BigWig,0.5,0.5,0.0,3105
CNhs13063_M,mesothelioma cell line | CAGE,0.0,BigWig,0.5,0.5,0.0,3106
CNhs13064_M,mesothelioma cell line | CAGE,0.0,BigWig,0.5,0.5,0.0,3107
CNhs13065_M,mesothelioma cell line | CAGE,0.0,BigWig,0.5,0.5,0.0,3108
CNhs13066_M,mesothelioma cell line | CAGE,0.0,BigWig,0.5,0.5,0.0,3109
CNhs13067_M,mesothelioma cell line | CAGE,0.0,BigWig,0.5,0.5,0.0,3110
CNhs13068_M,mesothelioma cell line | CAGE,0.0,BigWig,0.5,0.5,0.0,3111
CNhs13069_M,mesothelioma cell line | CAGE,0.0,BigWig,0.5,0.5,0.0,3112
CNhs13070_M,mesothelioma cell line | CAGE,0.0,BigWig,0.5,0.5,0.0,3113
CNhs13072_M,mesothelioma cell line | CAGE,0.0,BigWig,0.5,0.5,0.0,3114
CNhs13073_M,mesothelioma cell line | CAGE,0.0,BigWig,0.5,0.5,0.0,3115
CNhs13074_M,mesothelioma cell line | CAGE,0.0,BigWig,0.5,0.5,0.0,3116
CNhs13075_M,mesothelioma cell line | CAGE,0.0,BigWig,0.5,0.5,0.0,3117
CNhs11944_M,mixed mullerian tumor cell line | CAGE,0.0,BigWig,0.5,0.5,0.0,3118
CNhs11752_M,mucinous adenocarcinoma cell line | CAGE,0.0,BigWig,0.5,0.5,0.0,3119
CNhs11873_M,mucinous cystadenocarcinoma cell line | CAGE,0.0,BigWig,0.5,0.5,0.0,3120
CNhs11858_M,"mycosis fungoides, T cell lymphoma cell line | CAGE",0.0,BigWig,0.5,0.5,0.0,3121
CNhs11934_P,myelodysplastic syndrome cell line | CAGE,0.0,BigWig,0.51953125,0.51953125,0.0,3122
CNhs11934_M,myelodysplastic syndrome cell line | CAGE,0.0,BigWig,0.5,0.5,0.0,3123
CNhs11258_M,myeloma cell line | CAGE,0.0,BigWig,0.5,0.5,0.0,3124
CNhs11729_M,myxofibrosarcoma cell line | CAGE,0.0,BigWig,0.5,0.5,0.0,3125
CNhs11821_M,myxofibrosarcoma cell line | CAGE,0.0,BigWig,0.5,0.5,0.0,3126
CNhs11276_M,neuroblastoma cell line | CAGE,0.0,BigWig,0.5,0.5,0.0,3127
CNhs11284_M,neuroblastoma cell line | CAGE,0.0,BigWig,0.5,0.5,0.0,3128
CNhs11811_M,neuroblastoma cell line | CAGE,0.0,BigWig,0.5,0.5,0.0,3129
CNhs11818_M,neuroblastoma cell line | CAGE,0.0,BigWig,0.5,0.5,0.0,3130
CNhs11744_M,neuroectodermal tumor cell line | CAGE,0.0,BigWig,0.5,0.5,0.0,3131
CNhs11753_M,neuroectodermal tumor cell line | CAGE,0.0,BigWig,0.5,0.5,0.0,3132
CNhs11866_M,neuroectodermal tumor cell line | CAGE,0.0,BigWig,0.5,0.5,0.0,3133
CNhs11853_M,neuroepithelioma cell line | CAGE,0.0,BigWig,0.5,0.5,0.0,3134
CNhs11854_M,neurofibroma cell line | CAGE,0.0,BigWig,0.5,0.5,0.0,3135
CNhs10747_M,non T non B acute lymphoblastic leukemia (ALL) cell lin,0.0,BigWig,0.5,0.5,0.0,3136
CNhs12193_M,non-small cell lung cancer cell line | CAGE,0.0,BigWig,0.5,0.5,0.0,3137
CNhs10752_M,oral squamous cell carcinoma cell line | CAGE,0.0,BigWig,0.5,0.5,0.0,3138
CNhs11287_M,oral squamous cell carcinoma cell line | CAGE,0.0,BigWig,0.5,0.5,0.0,3139
CNhs11717_M,oral squamous cell carcinoma cell line | CAGE,0.0,BigWig,0.5,0.5,0.0,3140
CNhs11810_M,oral squamous cell carcinoma cell line | CAGE,0.0,BigWig,0.5,0.5,0.0,3141
CNhs11835_M,osteoclastoma cell line | CAGE,0.0,BigWig,0.5,0.5,0.0,3142
CNhs11279_P,osteosarcoma cell line | CAGE,0.0,BigWig,0.5390625,0.5390625,0.0,3143
CNhs11279_M,osteosarcoma cell line | CAGE,0.0,BigWig,0.5,0.5,0.0,3144
CNhs11290_M,osteosarcoma cell line | CAGE,0.0,BigWig,0.5,0.5,0.0,3145
CNhs11856_M,pagetoid sarcoma cell line | CAGE,0.0,BigWig,0.5,0.5,0.0,3146
CNhs11832_M,pancreatic carcinoma cell line | CAGE,0.0,BigWig,0.5,0.5,0.0,3147
CNhs11716_M,papillary adenocarcinoma cell line | CAGE,0.0,BigWig,0.5,0.5,0.0,3148
CNhs10734_M,papillotubular adenocarcinoma cell line | CAGE,0.0,BigWig,0.5,0.5,0.0,3149
CNhs11830_M,peripheral neuroectodermal tumor cell line | CAGE,0.0,BigWig,0.5,0.5,0.0,3150
CNhs11849_M,pharyngeal carcinoma cell line | CAGE,0.0,BigWig,0.5,0.5,0.0,3151
CNhs12807_M,plasma cell leukemia cell line | CAGE,0.0,BigWig,0.5,0.5,0.0,3152
CNhs11933_M,pleomorphic hepatocellular carcinoma cell line | CAGE,0.0,BigWig,0.5,0.5,0.0,3153
CNhs11243_M,prostate cancer cell line | CAGE,0.0,BigWig,0.5,0.5,0.0,3154
CNhs11260_M,prostate cancer cell line | CAGE,0.0,BigWig,0.5,0.5,0.0,3155
CNhs11255_M,rectal cancer cell line | CAGE,0.0,BigWig,0.5,0.5,0.0,3156
CNhs10729_M,renal cell carcinoma cell line | CAGE,0.0,BigWig,0.5,0.5,0.0,3157
CNhs11257_M,renal cell carcinoma cell line | CAGE,0.0,BigWig,0.5,0.5,0.0,3158
CNhs11267_P,retinoblastoma cell line | CAGE,0.0,BigWig,0.515625,0.515625,0.0,3159
CNhs11267_M,retinoblastoma cell line | CAGE,0.0,BigWig,0.5,0.5,0.0,3160
CNhs11269_M,rhabdomyosarcoma cell line | CAGE,0.0,BigWig,0.5,0.5,0.0,3161
CNhs11877_M,rhabdomyosarcoma cell line | CAGE,0.0,BigWig,0.5,0.5,0.0,3162
CNhs11829_M,sacrococcigeal teratoma cell line | CAGE,0.0,BigWig,0.5,0.5,0.0,3163
CNhs11183_M,schwannoma cell line | CAGE,0.0,BigWig,0.5,0.5,0.0,3164
CNhs11746_M,serous adenocarcinoma cell line | CAGE,0.0,BigWig,0.5,0.5,0.0,3165
CNhs13099_M,serous adenocarcinoma cell line | CAGE,0.0,BigWig,0.5,0.5,0.0,3166
CNhs13508_M,serous adenocarcinoma cell line | CAGE,0.0,BigWig,0.5,0.5,0.0,3167
CNhs11827_M,serous cystadenocarcinoma cell line | CAGE,0.0,BigWig,0.5,0.5,0.0,3168
CNhs10753_M,signet ring carcinoma cell line | CAGE,0.0,BigWig,0.5,0.5,0.0,3169
CNhs11270_M,signet ring carcinoma cell line | CAGE,0.0,BigWig,0.5,0.5,0.0,3170
CNhs11885_M,small cell cervical cancer cell line | CAGE,0.0,BigWig,0.5,0.5,0.0,3171
CNhs11736_M,small cell gastrointestinal carcinoma cell line | CAGE,0.0,BigWig,0.5,0.5,0.0,3172
CNhs11285_M,small cell lung carcinoma cell line | CAGE,0.0,BigWig,0.5,0.5,0.0,3173
CNhs11812_M,small cell lung carcinoma cell line | CAGE,0.0,BigWig,0.5,0.5,0.0,3174
CNhs12808_M,small cell lung carcinoma cell line | CAGE,0.0,BigWig,0.5,0.5,0.0,3175
CNhs12809_P,small cell lung carcinoma cell line | CAGE,0.0,BigWig,0.51171875,0.51171875,0.0,3176
CNhs12809_M,small cell lung carcinoma cell line | CAGE,0.0,BigWig,0.5,0.5,0.0,3177
CNhs11734_M,small-cell gastrointestinal carcinoma cell line | CAGE,0.0,BigWig,0.5,0.5,0.0,3178
CNhs11869_M,somatostatinoma cell line | CAGE,0.0,BigWig,0.5,0.5,0.0,3179
CNhs11857_M,spindle cell sarcoma cell line | CAGE,0.0,BigWig,0.5,0.5,0.0,3180
CNhs10741_M,splenic lymphoma with villous lymphocytes cell line | C,0.0,BigWig,0.5,0.5,0.0,3181
CNhs11252_P,squamous cell carcinoma cell line | CAGE,0.0,BigWig,0.51171875,0.51171875,0.0,3182
CNhs11252_M,squamous cell carcinoma cell line | CAGE,0.0,BigWig,0.5,0.5,0.0,3183
CNhs11739_M,squamous cell carcinoma cell line | CAGE,0.0,BigWig,0.5,0.5,0.0,3184
CNhs11749_M,squamous cell carcinoma cell line | CAGE,0.0,BigWig,0.5,0.5,0.0,3185
CNhs11273_M,squamous cell lung carcinoma cell line | CAGE,0.0,BigWig,0.5,0.5,0.0,3186
CNhs14238_M,squamous cell lung carcinoma cell line | CAGE,0.0,BigWig,0.5,0.5,0.0,3187
CNhs14240_M,squamous cell lung carcinoma cell line | CAGE,0.0,BigWig,0.5,0.5,0.0,3188
CNhs11244_M,synovial sarcoma cell line | CAGE,0.0,BigWig,0.5,0.5,0.0,3189
CNhs11878_M,teratocarcinoma cell line | CAGE,0.0,BigWig,0.5,0.5,0.0,3190
CNhs11884_M,teratocarcinoma cell line | CAGE,0.0,BigWig,0.5,0.5,0.0,3191
CNhs11890_M,teratocarcinoma cell line | CAGE,0.0,BigWig,0.5,0.5,0.0,3192
CNhs11726_M,testicular germ cell embryonal carcinoma cell line | CA,0.0,BigWig,0.5,0.5,0.0,3193
CNhs11876_M,testicular germ cell embryonal carcinoma cell line | CA,0.0,BigWig,0.5,0.5,0.0,3194
CNhs12351_M,testicular germ cell embryonal carcinoma cell line | CA,0.0,BigWig,0.5,0.5,0.0,3195
CNhs12362_M,testicular germ cell embryonal carcinoma cell line | CA,0.0,BigWig,0.5,0.5,0.0,3196
CNhs14139_P,thymic carcinoma cell line | CAGE,0.0,BigWig,0.5078125,0.5078125,0.0,3197
CNhs14139_M,thymic carcinoma cell line | CAGE,0.0,BigWig,0.5,0.5,0.0,3198
CNhs11872_M,thyroid carcinoma cell line | CAGE,0.0,BigWig,0.5,0.5,0.0,3199
CNhs14140_M,thyroid carcinoma cell line | CAGE,0.0,BigWig,0.5,0.5,0.0,3200
CNhs11837_M,transitional cell carcinoma cell line | CAGE,0.0,BigWig,0.5,0.5,0.0,3201
CNhs10735_M,transitional-cell carcinoma cell line | CAGE,0.0,BigWig,0.5,0.5,0.0,3202
CNhs11261_M,transitional-cell carcinoma cell line | CAGE,0.0,BigWig,0.5,0.5,0.0,3203
CNhs11828_M,tridermal teratoma cell line | CAGE,0.0,BigWig,0.5,0.5,0.0,3204
CNhs11883_M,tubular adenocarcinoma cell line | CAGE,0.0,BigWig,0.5,0.5,0.0,3205
CNhs11813_M,xeroderma pigentosum b cell line | CAGE,0.0,BigWig,0.5,0.5,0.0,3206
CNhs11051_M,Adipocyte - breast | CAGE,0.0,BigWig,0.5,0.5,0.0,3207
CNhs11054_M,Adipocyte - omental | CAGE,0.0,BigWig,0.5,0.5,0.0,3208
CNhs12069_M,Adipocyte - perirenal | CAGE,0.0,BigWig,0.5,0.5,0.0,3209
CNhs11325_M,Alveolar Epithelial Cells | CAGE,0.0,BigWig,0.5,0.5,0.0,3210
CNhs11341_M,Amniotic Epithelial Cells | CAGE,0.0,BigWig,0.5,0.5,0.0,3211
CNhs10876_M,Anulus Pulposus Cell | CAGE,0.0,BigWig,0.5,0.5,0.0,3212
CNhs11321_M,Astrocyte - cerebellum | CAGE,0.0,BigWig,0.5,0.5,0.0,3213
CNhs10864_M,Astrocyte - cerebral cortex | CAGE,0.0,BigWig,0.5,0.5,0.0,3214
CNhs12546_M,Basophils | CAGE,0.0,BigWig,0.5,0.5,0.0,3215
CNhs11327_M,Bronchial Epithelial Cell | CAGE,0.0,BigWig,0.5,0.5,0.0,3216
CNhs12552_M,"CD133+ stem cells - adult bone marrow derived, pool1 |",0.0,BigWig,0.5,0.5,0.0,3217
CNhs12545_M,"CD133+ stem cells - cord blood derived, pool1 | CAGE",0.0,BigWig,0.5,0.5,0.0,3218
CNhs10852_M,CD14+ Monocytes | CAGE,0.0,BigWig,0.5,0.5,0.0,3219
CNhs10858_M,CD14+ monocyte derived endothelial progenitor cells | C,0.0,BigWig,0.5,0.5,0.0,3220
CNhs13468_M,CD14+ monocytes - mock treated | CAGE,0.0,BigWig,0.5,0.5,0.0,3221
CNhs13474_M,CD14+ monocytes - treated with B-glucan | CAGE,0.0,BigWig,0.5,0.5,0.0,3222
CNhs13465_P,CD14+ monocytes - treated with BCG | CAGE,0.0,BigWig,0.53515625,0.53515625,0.0,3223
CNhs13465_M,CD14+ monocytes - treated with BCG | CAGE,0.0,BigWig,0.5,0.5,0.0,3224
CNhs13473_P,CD14+ monocytes - treated with Candida | CAGE,0.0,BigWig,0.5234375,0.5234375,0.0,3225
CNhs13473_M,CD14+ monocytes - treated with Candida | CAGE,0.0,BigWig,0.5,0.5,0.0,3226
CNhs13472_M,CD14+ monocytes - treated with Cryptococcus | CAGE,0.0,BigWig,0.5,0.5,0.0,3227
CNhs13469_M,CD14+ monocytes - treated with Group A streptococci | C,0.0,BigWig,0.5,0.5,0.0,3228
CNhs13466_M,CD14+ monocytes - treated with IFN + N-hexane | CAGE,0.0,BigWig,0.5,0.5,0.0,3229
CNhs13471_P,CD14+ monocytes - treated with Salmonella | CAGE,0.0,BigWig,0.54296875,0.54296875,0.0,3230
CNhs13471_M,CD14+ monocytes - treated with Salmonella | CAGE,0.0,BigWig,0.5,0.5,0.0,3231
CNhs13467_M,CD14+ monocytes - treated with Trehalose dimycolate (TD,0.0,BigWig,0.5,0.5,0.0,3232
CNhs13470_M,CD14+ monocytes - treated with lipopolysaccharide | CAG,0.0,BigWig,0.5,0.5,0.0,3233
CNhs13208_M,CD14+CD16+ Monocytes | CAGE,0.0,BigWig,0.5,0.5,0.0,3234
CNhs13216_M,CD14+CD16- Monocytes | CAGE,0.0,BigWig,0.5,0.5,0.0,3235
CNhs13207_M,CD14-CD16+ Monocytes | CAGE,0.0,BigWig,0.5,0.5,0.0,3236
CNhs12177_M,"CD19+ B Cells (pluriselect), donation1 | CAGE",0.0,BigWig,0.5,0.5,0.0,3237
CNhs12175_M,"CD19+ B Cells (pluriselect), donation2 | CAGE",0.0,BigWig,0.5,0.5,0.0,3238
CNhs12181_M,"CD19+ B Cells (pluriselect), donation3 | CAGE",0.0,BigWig,0.5,0.5,0.0,3239
CNhs12343_M,CD19+ B Cells | CAGE,0.0,BigWig,0.5,0.5,0.0,3240
CNhs13552_M,"CD34 cells differentiated to erythrocyte lineage, biol ",0.0,BigWig,0.5,0.5,0.0,3241
CNhs12205_M,CD34+ Progenitors | CAGE,0.0,BigWig,0.5,0.5,0.0,3242
CNhs12553_M,"CD34+ stem cells - adult bone marrow derived, tech  | C",0.0,BigWig,0.5,0.5,0.0,3243
CNhs10853_P,CD4+ T Cells | CAGE,0.0,BigWig,0.5,0.5,0.0,3244
CNhs10853_M,CD4+ T Cells | CAGE,0.0,BigWig,0.5,0.5,0.0,3245
CNhs13203_M,CD4+CD25+CD45RA+ naive regulatory T cells expanded | CA,0.0,BigWig,0.5,0.5,0.0,3246
CNhs13235_M,CD4+CD25+CD45RA+ naive regulatory T cells | CAGE,0.0,BigWig,0.5,0.5,0.0,3247
CNhs13204_M,CD4+CD25+CD45RA- memory regulatory T cells expanded | C,0.0,BigWig,0.5,0.5,0.0,3248
CNhs13195_M,CD4+CD25+CD45RA- memory regulatory T cells | CAGE,0.0,BigWig,0.5,0.5,0.0,3249
CNhs13202_M,CD4+CD25-CD45RA+ naive conventional T cells expanded |,0.0,BigWig,0.5,0.5,0.0,3250
CNhs13205_M,CD4+CD25-CD45RA+ naive conventional T cells | CAGE,0.0,BigWig,0.5,0.5,0.0,3251
CNhs13215_M,CD4+CD25-CD45RA- memory conventional T cells expanded |,0.0,BigWig,0.5,0.5,0.0,3252
CNhs13237_M,CD4+CD25-CD45RA- memory conventional T cells | CAGE,0.0,BigWig,0.5,0.5,0.0,3253
CNhs12176_M,"CD8+ T Cells (pluriselect), donation1 | CAGE",0.0,BigWig,0.5,0.5,0.0,3254
CNhs12178_M,"CD8+ T Cells (pluriselect), donation2 | CAGE",0.0,BigWig,0.5,0.5,0.0,3255
CNhs12180_M,"CD8+ T Cells (pluriselect), donation3 | CAGE",0.0,BigWig,0.5,0.5,0.0,3256
CNhs10854_P,CD8+ T Cells | CAGE,0.0,BigWig,0.5,0.5,0.0,3257
CNhs10854_M,CD8+ T Cells | CAGE,0.0,BigWig,0.5,0.5,0.0,3258
CNhs12341_M,Cardiac Myocyte | CAGE,0.0,BigWig,0.5,0.5,0.0,3259
CNhs11372_M,Chondrocyte - de diff | CAGE,0.0,BigWig,0.5,0.5,0.0,3260
CNhs11373_M,Chondrocyte - re diff | CAGE,0.0,BigWig,0.5,0.5,0.0,3261
CNhs10871_M,Ciliary Epithelial Cells | CAGE,0.0,BigWig,0.5,0.5,0.0,3262
CNhs11336_M,Corneal Epithelial Cells | CAGE,0.0,BigWig,0.5,0.5,0.0,3263
CNhs12000_M,Dendritic Cells - monocyte immature derived | CAGE,0.0,BigWig,0.5,0.5,0.0,3264
CNhs10855_M,"Dendritic Cells - monocyte immature derived, tech  | CA",0.0,BigWig,0.5,0.5,0.0,3265
CNhs10857_P,Dendritic Cells - plasmacytoid | CAGE,0.0,BigWig,0.5078125,0.5078125,0.0,3266
CNhs10857_M,Dendritic Cells - plasmacytoid | CAGE,0.0,BigWig,0.5,0.5,0.0,3267
CNhs10837_M,Endothelial Cells - Aortic | CAGE,0.0,BigWig,0.5,0.5,0.0,3268
CNhs11977_M,Endothelial Cells - Artery | CAGE,0.0,BigWig,0.5,0.5,0.0,3269
CNhs10865_M,Endothelial Cells - Lymphatic | CAGE,0.0,BigWig,0.5,0.5,0.0,3270
CNhs11376_M,Endothelial Cells - Microvascular | CAGE,0.0,BigWig,0.5,0.5,0.0,3271
CNhs11926_M,Endothelial Cells - Thoracic | CAGE,0.0,BigWig,0.5,0.5,0.0,3272
CNhs10872_M,Endothelial Cells - Umbilical vein | CAGE,0.0,BigWig,0.5,0.5,0.0,3273
CNhs11377_M,Endothelial Cells - Vein | CAGE,0.0,BigWig,0.5,0.5,0.0,3274
CNhs12547_M,Eosinophils | CAGE,0.0,BigWig,0.5,0.5,0.0,3275
CNhs11323_M,Esophageal Epithelial Cells | CAGE,0.0,BigWig,0.5,0.5,0.0,3276
CNhs10874_M,Fibroblast - Aortic Adventitial | CAGE,0.0,BigWig,0.5,0.5,0.0,3277
CNhs11378_M,Fibroblast - Cardiac | CAGE,0.0,BigWig,0.5,0.5,0.0,3278
CNhs11319_M,Fibroblast - Choroid Plexus | CAGE,0.0,BigWig,0.5,0.5,0.0,3279
CNhs11339_M,Fibroblast - Conjunctival | CAGE,0.0,BigWig,0.5,0.5,0.0,3280
CNhs11379_M,Fibroblast - Dermal | CAGE,0.0,BigWig,0.5,0.5,0.0,3281
CNhs10866_M,Fibroblast - Gingival | CAGE,0.0,BigWig,0.5,0.5,0.0,3282
CNhs10848_M,"Fibroblast - Gingival,  (GFH2) | CAGE",0.0,BigWig,0.5,0.5,0.0,3283
CNhs11952_M,"Fibroblast - Gingival,  (GFH3) | CAGE",0.0,BigWig,0.5,0.5,0.0,3284
CNhs14128_M,"Fibroblast - Gingival,  (aggressive periodontitis) | CA",0.0,BigWig,0.5,0.5,0.0,3285
CNhs14132_M,"Fibroblast - Gingival,  (chronic periodontitis) | CAGE",0.0,BigWig,0.5,0.5,0.0,3286
CNhs14129_M,"Fibroblast - Gingival,  (control) | CAGE",0.0,BigWig,0.5,0.5,0.0,3287
CNhs14135_M,"Fibroblast - Gingival,  (periodontitis) | CAGE",0.0,BigWig,0.5,0.5,0.0,3288
CNhs11322_M,Fibroblast - Lymphatic | CAGE,0.0,BigWig,0.5,0.5,0.0,3289
CNhs11348_M,Fibroblast - Mammary | CAGE,0.0,BigWig,0.5,0.5,0.0,3290
CNhs10867_M,Fibroblast - Periodontal Ligament | CAGE,0.0,BigWig,0.5,0.5,0.0,3291
CNhs12493_M,"Fibroblast - Periodontal Ligament,  (PL29) | CAGE",0.0,BigWig,0.5,0.5,0.0,3292
CNhs11953_M,"Fibroblast - Periodontal Ligament,  (PL30) | CAGE",0.0,BigWig,0.5,0.5,0.0,3293
CNhs11996_M,"Fibroblast - Periodontal Ligament,  (PLH3) | CAGE",0.0,BigWig,0.5,0.5,0.0,3294
CNhs10878_M,Fibroblast - Pulmonary Artery | CAGE,0.0,BigWig,0.5,0.5,0.0,3295
CNhs11343_M,Fibroblast - Villous Mesenchymal | CAGE,0.0,BigWig,0.5,0.5,0.0,3296
CNhs11353_M,Fibroblast - skin dystrophia myotonica | CAGE,0.0,BigWig,0.5,0.5,0.0,3297
CNhs11351_M,Fibroblast - skin normal | CAGE,0.0,BigWig,0.5,0.5,0.0,3298
CNhs11074_M,Fibroblast - skin spinal muscular atrophy | CAGE,0.0,BigWig,0.5,0.5,0.0,3299
CNhs11352_M,Fibroblast - skin walker warburg | CAGE,0.0,BigWig,0.5,0.5,0.0,3300
CNhs11061_M,"Gingival epithelial cells,  (GEA11) | CAGE",0.0,BigWig,0.5,0.5,0.0,3301
CNhs11896_M,"Gingival epithelial cells,  (GEA14) | CAGE",0.0,BigWig,0.5,0.5,0.0,3302
CNhs11903_M,"Gingival epithelial cells,  (GEA15) | CAGE",0.0,BigWig,0.5,0.5,0.0,3303
CNhs11979_M,Hair Follicle Dermal Papilla Cells | CAGE,0.0,BigWig,0.5,0.5,0.0,3304
CNhs12339_M,Hair Follicle Outer Root Sheath Cells | CAGE,0.0,BigWig,0.5,0.5,0.0,3305
CNhs12075_M,Hepatic Sinusoidal Endothelial Cells | CAGE,0.0,BigWig,0.5,0.5,0.0,3306
CNhs11335_M,Hepatic Stellate Cells (lipocyte) | CAGE,0.0,BigWig,0.5,0.5,0.0,3307
CNhs12340_M,Hepatocyte | CAGE,0.0,BigWig,0.5,0.5,0.0,3308
CNhs10875_M,Intestinal epithelial cells (polarized) | CAGE,0.0,BigWig,0.5,0.5,0.0,3309
CNhs12596_M,Iris Pigment Epithelial Cells | CAGE,0.0,BigWig,0.5,0.5,0.0,3310
CNhs11064_M,Keratinocyte - epidermal | CAGE,0.0,BigWig,0.5,0.5,0.0,3311
CNhs10879_M,Keratinocyte - oral | CAGE,0.0,BigWig,0.5,0.5,0.0,3312
CNhs11337_M,Keratocytes | CAGE,0.0,BigWig,0.5,0.5,0.0,3313
CNhs12342_M,Lens Epithelial Cells | CAGE,0.0,BigWig,0.5,0.5,0.0,3314
CNhs10861_M,Macrophage - monocyte derived | CAGE,0.0,BigWig,0.5,0.5,0.0,3315
CNhs13550_M,Mallassez-derived cells | CAGE,0.0,BigWig,0.5,0.5,0.0,3316
CNhs12538_M,"Mallassez-derived cells,  (MZH3) | CAGE",0.0,BigWig,0.5,0.5,0.0,3317
CNhs11077_M,Mammary Epithelial Cell | CAGE,0.0,BigWig,0.5,0.5,0.0,3318
CNhs11073_M,Mast cell - stimulated | CAGE,0.0,BigWig,0.5,0.5,0.0,3319
CNhs12566_M,Mast cell | CAGE,0.0,BigWig,0.5,0.5,0.0,3320
CNhs13925_M,"Mast cell, expanded and stimulated | CAGE",0.0,BigWig,0.5,0.5,0.0,3321
CNhs13924_M,"Mast cell, expanded | CAGE",0.0,BigWig,0.5,0.5,0.0,3322
CNhs12346_M,Melanocyte - dark | CAGE,0.0,BigWig,0.5,0.5,0.0,3323
CNhs11303_M,Melanocyte - light | CAGE,0.0,BigWig,0.5,0.5,0.0,3324
CNhs11320_M,Meningeal Cells | CAGE,0.0,BigWig,0.5,0.5,0.0,3325
CNhs10846_M,Mesenchymal Stem Cells - Vertebral | CAGE,0.0,BigWig,0.5,0.5,0.0,3326
CNhs11057_M,Mesenchymal Stem Cells - Wharton's Jelly | CAGE,0.0,BigWig,0.5,0.5,0.0,3327
CNhs11345_M,Mesenchymal Stem Cells - adipose | CAGE,0.0,BigWig,0.5,0.5,0.0,3328
CNhs11349_M,Mesenchymal Stem Cells - amniotic membrane | CAGE,0.0,BigWig,0.5,0.5,0.0,3329
CNhs11316_M,Mesenchymal Stem Cells - bone marrow | CAGE,0.0,BigWig,0.5,0.5,0.0,3330
CNhs11346_M,Mesenchymal Stem Cells - hepatic | CAGE,0.0,BigWig,0.5,0.5,0.0,3331
CNhs11347_M,Mesenchymal Stem Cells - umbilical | CAGE,0.0,BigWig,0.5,0.5,0.0,3332
CNhs10844_M,Mesenchymal stem cells - adipose | CAGE,0.0,BigWig,0.5,0.5,0.0,3333
CNhs10845_M,Mesenchymal stem cells - hepatic | CAGE,0.0,BigWig,0.5,0.5,0.0,3334
CNhs12492_M,Mesenchymal stem cells - umbilical | CAGE,0.0,BigWig,0.5,0.5,0.0,3335
CNhs10850_M,Mesothelial Cells | CAGE,0.0,BigWig,0.5,0.5,0.0,3336
CNhs11350_M,Multipotent Cord Blood Unrestricted Somatic Stem Cells,0.0,BigWig,0.5,0.5,0.0,3337
CNhs10870_M,Myoblast | CAGE,0.0,BigWig,0.5,0.5,0.0,3338
CNhs10859_M,Natural Killer Cells | CAGE,0.0,BigWig,0.5,0.5,0.0,3339
CNhs11063_M,Neural stem cells | CAGE,0.0,BigWig,0.5078125,0.5078125,0.0,3340
CNhs10862_M,Neutrophils | CAGE,0.0,BigWig,0.5,0.5,0.0,3341
CNhs10881_M,Nucleus Pulposus Cell | CAGE,0.0,BigWig,0.5,0.5,0.0,3342
CNhs13816_M,Olfactory epithelial cells | CAGE,0.0,BigWig,0.5,0.5,0.0,3343
CNhs12586_M,Oligodendrocyte - precursors | CAGE,0.0,BigWig,0.5,0.5,0.0,3344
CNhs11078_M,Osteoblast | CAGE,0.0,BigWig,0.5,0.5,0.0,3345
CNhs10877_M,Pancreatic stromal cells | CAGE,0.0,BigWig,0.5,0.5,0.0,3346
CNhs11317_M,Pericytes | CAGE,0.0,BigWig,0.5,0.5,0.0,3347
CNhs12587_M,Perineurial Cells | CAGE,0.0,BigWig,0.5,0.5,0.0,3348
CNhs10860_M,Peripheral Blood Mononuclear Cells | CAGE,0.0,BigWig,0.5,0.5,0.0,3349
CNhs11079_M,Placental Epithelial Cells | CAGE,0.0,BigWig,0.5,0.5,0.0,3350
CNhs11052_M,Preadipocyte - breast | CAGE,0.0,BigWig,0.5,0.5,0.0,3351
CNhs12065_M,Preadipocyte - perirenal | CAGE,0.0,BigWig,0.5,0.5,0.0,3352
CNhs11081_M,Preadipocyte - subcutaneous | CAGE,0.0,BigWig,0.5,0.5,0.0,3353
CNhs11082_M,Preadipocyte - visceral | CAGE,0.0,BigWig,0.5,0.5,0.0,3354
CNhs10882_M,Prostate Epithelial Cells (polarized) | CAGE,0.0,BigWig,0.5,0.5,0.0,3355
CNhs11972_M,Prostate Epithelial Cells | CAGE,0.0,BigWig,0.5,0.5,0.0,3356
CNhs10883_M,Prostate Stromal Cells | CAGE,0.0,BigWig,0.5,0.5,0.0,3357
CNhs11331_M,Renal Cortical Epithelial Cells | CAGE,0.0,BigWig,0.5,0.5,0.0,3358
CNhs11332_M,Renal Epithelial Cells | CAGE,0.0,BigWig,0.5,0.5,0.0,3359
CNhs12074_M,Renal Glomerular Endothelial Cells | CAGE,0.0,BigWig,0.5,0.5,0.0,3360
CNhs11333_M,Renal Mesangial Cells | CAGE,0.0,BigWig,0.5,0.5,0.0,3361
CNhs11330_M,Renal Proximal Tubular Epithelial Cell | CAGE,0.0,BigWig,0.5,0.5,0.0,3362
CNhs10842_M,Retinal Pigment Epithelial Cells | CAGE,0.0,BigWig,0.5,0.5,0.0,3363
CNhs10847_M,Sebocyte | CAGE,0.0,BigWig,0.5,0.5,0.0,3364
CNhs10851_M,Sertoli Cells | CAGE,0.0,BigWig,0.5,0.5,0.0,3365
CNhs11083_M,Skeletal Muscle Cells | CAGE,0.0,BigWig,0.5,0.5,0.0,3366
CNhs10869_M,Skeletal Muscle Satellite Cells | CAGE,0.0,BigWig,0.5,0.5,0.0,3367
CNhs11084_M,Skeletal muscle cells differentiated into Myotubes - mu,0.0,BigWig,0.5,0.5,0.0,3368
CNhs10884_M,Small Airway Epithelial Cells | CAGE,0.0,BigWig,0.5,0.5,0.0,3369
CNhs10838_M,Smooth Muscle Cells - Aortic | CAGE,0.0,BigWig,0.5,0.5,0.0,3370
CNhs12893_M,Smooth Muscle Cells - Bladder | CAGE,0.0,BigWig,0.5,0.5,0.0,3371
CNhs11086_M,Smooth Muscle Cells - Brachiocephalic | CAGE,0.0,BigWig,0.5,0.5,0.0,3372
CNhs10863_M,Smooth Muscle Cells - Brain Vascular | CAGE,0.0,BigWig,0.5,0.5,0.0,3373
CNhs11328_M,Smooth Muscle Cells - Bronchial | CAGE,0.0,BigWig,0.5,0.5,0.0,3374
CNhs11087_M,Smooth Muscle Cells - Carotid | CAGE,0.0,BigWig,0.5,0.5,0.0,3375
CNhs10868_M,Smooth Muscle Cells - Colonic | CAGE,0.0,BigWig,0.5,0.5,0.0,3376
CNhs11088_M,Smooth Muscle Cells - Coronary Artery | CAGE,0.0,BigWig,0.5,0.5,0.0,3377
CNhs11324_M,Smooth Muscle Cells - Esophageal | CAGE,0.0,BigWig,0.5,0.5,0.0,3378
CNhs11067_M,Smooth Muscle Cells - Internal Thoracic Artery | CAGE,0.0,BigWig,0.5,0.5,0.0,3379
CNhs12595_M,Smooth Muscle Cells - Intestinal | CAGE,0.0,BigWig,0.5,0.5,0.0,3380
CNhs11910_M,Smooth Muscle Cells - Prostate | CAGE,0.0,BigWig,0.5,0.5,0.0,3381
CNhs11089_M,Smooth Muscle Cells - Pulmonary Artery | CAGE,0.0,BigWig,0.5,0.5,0.0,3382
CNhs11090_M,Smooth Muscle Cells - Subclavian Artery | CAGE,0.0,BigWig,0.5,0.5,0.0,3383
CNhs11329_M,Smooth Muscle Cells - Tracheal | CAGE,0.0,BigWig,0.5,0.5,0.0,3384
CNhs11091_M,Smooth Muscle Cells - Umbilical Artery | CAGE,0.0,BigWig,0.5,0.5,0.0,3385
CNhs12569_M,Smooth Muscle Cells - Umbilical Vein | CAGE,0.0,BigWig,0.5,0.5,0.0,3386
CNhs10839_M,Smooth Muscle Cells - Umbilical artery | CAGE,0.0,BigWig,0.5,0.5,0.0,3387
CNhs11921_M,Smooth Muscle Cells - Uterine | CAGE,0.0,BigWig,0.5,0.5,0.0,3388
CNhs14183_M,"Smooth muscle cells - airway, asthmatic | CAGE",0.0,BigWig,0.5,0.5,0.0,3389
CNhs14190_M,"Smooth muscle cells - airway, control | CAGE",0.0,BigWig,0.5,0.5,0.0,3390
CNhs11340_M,Trabecular Meshwork Cells | CAGE,0.0,BigWig,0.5,0.5,0.0,3391
CNhs11092_M,Tracheal Epithelial Cells | CAGE,0.0,BigWig,0.5,0.5,0.0,3392
CNhs11334_M,Urothelial Cells | CAGE,0.0,BigWig,0.5,0.5,0.0,3393
CNhs10843_M,Urothelial cells | CAGE,0.0,BigWig,0.5,0.5,0.0,3394
CNhs11075_M,"Whole blood (ribopure), donation1 | CAGE",0.0,BigWig,0.5,0.5,0.0,3395
CNhs11076_M,"Whole blood (ribopure), donation2 | CAGE",0.0,BigWig,0.5,0.5,0.0,3396
CNhs11948_M,"Whole blood (ribopure), donation3 | CAGE",0.0,BigWig,0.5,0.5,0.0,3397
CNhs12379_M,amniotic membrane cells | CAGE,0.0,BigWig,0.5,0.5,0.0,3398
CNhs12380_M,chorionic membrane cells | CAGE,0.0,BigWig,0.5,0.5,0.0,3399
CNhs12518_M,common myeloid progenitor CMP | CAGE,0.0,BigWig,0.5,0.5,0.0,3400
CNhs13914_M,gamma delta positive T cells | CAGE,0.0,BigWig,0.5,0.5,0.0,3401
CNhs12519_M,granulocyte macrophage progenitor | CAGE,0.0,BigWig,0.5,0.5,0.0,3402
CNhs13480_M,immature langerhans cells | CAGE,0.0,BigWig,0.5,0.5,0.0,3403
CNhs12558_M,mature adipocyte | CAGE,0.0,BigWig,0.5,0.5,0.0,3404
CNhs12363_M,mesenchymal precursor cell - adipose | CAGE,0.0,BigWig,0.5,0.5,0.0,3405
CNhs12366_M,mesenchymal precursor cell - bone marrow | CAGE,0.0,BigWig,0.5,0.5,0.0,3406
CNhs12368_M,mesenchymal precursor cell - cardiac | CAGE,0.0,BigWig,0.5,0.5,0.0,3407
CNhs12372_M,mesenchymal precursor cell - ovarian cancer left ovary,0.0,BigWig,0.5,0.5,0.0,3408
CNhs12374_M,mesenchymal precursor cell - ovarian cancer metastasis,0.0,BigWig,0.5,0.5,0.0,3409
CNhs12373_M,mesenchymal precursor cell - ovarian cancer right ovary,0.0,BigWig,0.5,0.5,0.0,3410
CNhs12377_M,mesenchymal precursor cell - ovarian cancer right ovary,0.0,BigWig,0.5,0.5,0.0,3411
CNhs13507_M,mesenchymal precursor cell - ovarian cancer right ovary,0.0,BigWig,0.5,0.5,0.0,3412
CNhs13535_M,migratory langerhans cells | CAGE,0.0,BigWig,0.5,0.5,0.0,3413
CNhs12574_M,nasal epithelial cells | CAGE,0.0,BigWig,0.5,0.5,0.0,3414
CNhs12554_M,"nasal epithelial cells, tech  | CAGE",0.0,BigWig,0.5,0.5,0.0,3415
CNhs12522_M,neutrophil PMN | CAGE,0.0,BigWig,0.5,0.5,0.0,3416
CNhs12520_M,promyelocytes/myelocytes PMC | CAGE,0.0,BigWig,0.5,0.5,0.0,3417
CNhs12810_M,salivary acinar cells | CAGE,0.0,BigWig,0.5,0.5,0.0,3418
CNhs12639_M,tenocyte | CAGE,0.0,BigWig,0.5,0.5,0.0,3419
CNhs10608_M,"Clontech Human Universal Reference Total RNA, pool1 | C",0.0,BigWig,0.5,0.5,0.0,3420
CNhs13445_M,"Fingernail (including nail plate, eponychium and hypony",0.0,BigWig,0.50390625,0.50390625,0.0,3421
CNhs10610_M,"SABiosciences XpressRef Human Universal Total RNA, pool",0.0,BigWig,0.5,0.5,0.0,3422
CNhs10612_M,"Universal RNA - Human Normal Tissues Biochain, pool1 |",0.0,BigWig,0.5,0.5,0.0,3423
CNhs13435_M,achilles tendon | CAGE,0.0,BigWig,0.50390625,0.50390625,0.0,3424
CNhs10615_M,"adipose tissue, adult, pool1 | CAGE",0.0,BigWig,0.5,0.5,0.0,3425
CNhs13972_M,adipose | CAGE,0.0,BigWig,0.5,0.5,0.0,3426
CNhs11793_M,"adrenal gland, adult, pool1 | CAGE",0.0,BigWig,0.5,0.5,0.0,3427
CNhs13793_M,amygdala - adult | CAGE,0.0,BigWig,0.5,0.5,0.0,3428
CNhs12311_M,"amygdala, adult | CAGE",0.0,BigWig,0.5,0.5,0.0,3429
CNhs14078_M,"amygdala, newborn | CAGE",0.0,BigWig,0.5,0.5,0.0,3430
CNhs11760_M,"aorta, adult, pool1 | CAGE",0.0,BigWig,0.5,0.5,0.0,3431
CNhs12842_M,"appendix, adult | CAGE",0.0,BigWig,0.5,0.5,0.0,3432
CNhs12843_M,"artery, adult | CAGE",0.0,BigWig,0.5,0.5,0.0,3433
CNhs10616_M,"bladder, adult, pool1 | CAGE",0.0,BigWig,0.5,0.5,0.0,3434
CNhs11761_M,"blood, adult, pool1 | CAGE",0.0,BigWig,0.5,0.5,0.0,3435
CNhs12845_M,"bone marrow, adult | CAGE",0.0,BigWig,0.5,0.5,0.0,3436
CNhs11796_M,"brain, adult | CAGE",0.0,BigWig,0.5,0.5,0.0,3437
CNhs10617_M,"brain, adult, pool1 | CAGE",0.0,BigWig,0.5,0.5,0.0,3438
CNhs11797_M,"brain, fetal, pool1 | CAGE",0.0,BigWig,0.5,0.5,0.0,3439
CNhs11792_M,"breast, adult | CAGE",0.0,BigWig,0.5,0.5,0.0,3440
CNhs13802_M,caudate nucleus - adult | CAGE,0.0,BigWig,0.5,0.5,0.0,3441
CNhs12321_M,"caudate nucleus, adult | CAGE",0.0,BigWig,0.5,0.5,0.0,3442
CNhs14071_M,"caudate nucleus, newborn | CAGE",0.0,BigWig,0.5,0.5,0.0,3443
CNhs13799_M,cerebellum - adult | CAGE,0.0,BigWig,0.5,0.5,0.0,3444
CNhs12323_M,"cerebellum, adult | CAGE",0.0,BigWig,0.5,0.5,0.0,3445
CNhs11795_M,"cerebellum, adult, pool1 | CAGE",0.0,BigWig,0.5,0.5,0.0,3446
CNhs14075_M,"cerebellum, newborn | CAGE",0.0,BigWig,0.5,0.5,0.0,3447
CNhs12840_M,"cerebral meninges, adult | CAGE",0.0,BigWig,0.5,0.5,0.0,3448
CNhs13437_M,cerebrospinal fluid | CAGE,0.0,BigWig,0.5,0.5,0.0,3449
CNhs10618_M,"cervix, adult, pool1 | CAGE",0.0,BigWig,0.5,0.5,0.0,3450
CNhs11794_M,"colon, adult | CAGE",0.0,BigWig,0.5,0.5,0.0,3451
CNhs10619_M,"colon, adult, pool1 | CAGE",0.0,BigWig,0.5,0.5,0.0,3452
CNhs11780_M,"colon, fetal | CAGE",0.0,BigWig,0.5,0.5,0.0,3453
CNhs10649_M,"corpus callosum, adult, pool1 | CAGE",0.0,BigWig,0.5,0.5,0.0,3454
CNhs13439_M,cruciate ligament | CAGE,0.0,BigWig,0.50390625,0.50390625,0.0,3455
CNhs11779_M,"diaphragm, fetal | CAGE",0.0,BigWig,0.5,0.5,0.0,3456
CNhs12610_M,"diencephalon, adult | CAGE",0.0,BigWig,0.5,0.5,0.0,3457
CNhs12846_M,"ductus deferens, adult | CAGE",0.0,BigWig,0.5,0.5,0.0,3458
CNhs11781_M,"duodenum, fetal, tech  | CAGE",0.0,BigWig,0.5,0.5,0.0,3459
CNhs10648_M,"dura mater, adult | CAGE",0.0,BigWig,0.5,0.5,0.0,3460
CNhs12847_M,"epididymis, adult | CAGE",0.0,BigWig,0.5,0.5,0.0,3461
CNhs10620_M,"esophagus, adult, pool1 | CAGE",0.0,BigWig,0.5,0.5,0.0,3462
CNhs13442_M,eye - muscle lateral | CAGE,0.0,BigWig,0.5,0.5,0.0,3463
CNhs13443_M,eye - muscle medial | CAGE,0.0,BigWig,0.50390625,0.50390625,0.0,3464
CNhs13441_P,eye - muscle superior | CAGE,0.0,BigWig,0.67578125,0.67578125,0.0,3465
CNhs11762_M,"eye, fetal | CAGE",0.0,BigWig,0.5,0.5,0.0,3466
CNhs10647_M,"frontal lobe, adult, pool1 | CAGE",0.0,BigWig,0.5,0.5,0.0,3467
CNhs12848_M,"gall bladder, adult | CAGE",0.0,BigWig,0.5,0.5,0.0,3468
CNhs13801_M,globus pallidus - adult | CAGE,0.0,BigWig,0.5,0.5,0.0,3469
CNhs12319_M,"globus pallidus, adult | CAGE",0.0,BigWig,0.5078125,0.5078125,0.0,3470
CNhs14082_M,"globus pallidus, newborn | CAGE",0.0,BigWig,0.5,0.5,0.0,3471
CNhs12855_M,"heart - mitral valve, adult | CAGE",0.0,BigWig,0.5,0.5,0.0,3472
CNhs12856_M,"heart - pulmonic valve, adult | CAGE",0.0,BigWig,0.5,0.5,0.0,3473
CNhs12857_M,"heart - tricuspid valve, adult | CAGE",0.0,BigWig,0.5,0.5,0.0,3474
CNhs11757_M,"heart, adult, diseased post-infarction | CAGE",0.0,BigWig,0.5,0.5,0.0,3475
CNhs11758_M,"heart, adult, diseased | CAGE",0.0,BigWig,0.5,0.5,0.0,3476
CNhs10621_M,"heart, adult, pool1 | CAGE",0.0,BigWig,0.5,0.5,0.0,3477
CNhs10653_M,"heart, fetal, pool1 | CAGE",0.0,BigWig,0.5,0.5,0.0,3478
CNhs13795_M,hippocampus - adult | CAGE,0.0,BigWig,0.5,0.5,0.0,3479
CNhs12312_M,"hippocampus, adult | CAGE",0.0,BigWig,0.5,0.5,0.0,3480
CNhs14081_M,"hippocampus, newborn | CAGE",0.0,BigWig,0.5,0.5,0.0,3481
CNhs10646_M,"insula, adult, pool1 | CAGE",0.0,BigWig,0.5,0.5,0.0,3482
CNhs10622_M,"kidney, adult, pool1 | CAGE",0.0,BigWig,0.5,0.5,0.0,3483
CNhs10652_M,"kidney, fetal, pool1 | CAGE",0.0,BigWig,0.5,0.5,0.0,3484
CNhs11790_M,"left atrium, adult | CAGE",0.0,BigWig,0.5,0.5,0.0,3485
CNhs11789_M,"left ventricle, adult | CAGE",0.0,BigWig,0.5,0.5,0.0,3486
CNhs10624_M,"liver, adult, pool1 | CAGE",0.0,BigWig,0.5,0.5,0.0,3487
CNhs11798_M,"liver, fetal, pool1 | CAGE",0.0,BigWig,0.5,0.5,0.0,3488
CNhs13808_M,locus coeruleus - adult | CAGE,0.0,BigWig,0.5,0.5,0.0,3489
CNhs12322_M,"locus coeruleus, adult | CAGE",0.0,BigWig,0.5,0.5,0.0,3490
CNhs14080_M,"locus coeruleus, newborn | CAGE",0.0,BigWig,0.5,0.5,0.0,3491
CNhs10625_M,"lung, adult, pool1 | CAGE",0.0,BigWig,0.5,0.5,0.0,3492
CNhs11680_M,"lung, fetal | CAGE",0.0,BigWig,0.5,0.5,0.0,3493
CNhs11786_M,"lung, right lower lobe, adult | CAGE",0.0,BigWig,0.5,0.5,0.0,3494
CNhs11788_M,"lymph node, adult | CAGE",0.0,BigWig,0.5,0.5,0.0,3495
CNhs13796_P,medial frontal gyrus - adult | CAGE,0.0,BigWig,0.515625,0.515625,0.0,3496
CNhs13796_M,medial frontal gyrus - adult | CAGE,0.0,BigWig,0.5,0.5,0.0,3497
CNhs12310_M,"medial frontal gyrus, adult | CAGE",0.0,BigWig,0.5,0.5,0.0,3498
CNhs14069_M,"medial frontal gyrus, newborn | CAGE",0.0,BigWig,0.5,0.5,0.0,3499
CNhs13809_M,medial temporal gyrus - adult | CAGE,0.0,BigWig,0.5,0.5,0.0,3500
CNhs12316_M,"medial temporal gyrus, adult | CAGE",0.0,BigWig,0.5,0.5,0.0,3501
CNhs14229_M,"medial temporal gyrus, adult, tech  | CAGE",0.0,BigWig,0.5,0.5,0.0,3502
CNhs14070_M,"medial temporal gyrus, newborn | CAGE",0.0,BigWig,0.5,0.5,0.0,3503
CNhs13800_P,medulla oblongata - adult | CAGE,0.0,BigWig,0.62109375,0.62109375,0.0,3504
CNhs13800_M,medulla oblongata - adult | CAGE,0.0,BigWig,0.5,0.5,0.0,3505
CNhs12315_M,"medulla oblongata, adult | CAGE",0.0,BigWig,0.5,0.5,0.0,3506
CNhs10645_M,"medulla oblongata, adult, pool1 | CAGE",0.0,BigWig,0.5,0.5,0.0,3507
CNhs14079_M,"medulla oblongata, newborn | CAGE",0.0,BigWig,0.5,0.5,0.0,3508
CNhs10644_M,"nucleus accumbens, adult, pool1 | CAGE",0.0,BigWig,0.5,0.5,0.0,3509
CNhs13798_M,occipital cortex - adult | CAGE,0.0,BigWig,0.5,0.5,0.0,3510
CNhs12320_M,"occipital cortex, adult | CAGE",0.0,BigWig,0.5,0.5,0.0,3511
CNhs14073_M,"occipital cortex, newborn | CAGE",0.0,BigWig,0.5,0.5,0.0,3512
CNhs11787_M,"occipital lobe, adult | CAGE",0.0,BigWig,0.5,0.5,0.0,3513
CNhs11784_M,"occipital lobe, fetal | CAGE",0.0,BigWig,0.5,0.5,0.0,3514
CNhs10643_M,"occipital pole, adult, pool1 | CAGE",0.0,BigWig,0.5,0.5,0.0,3515
CNhs12611_M,"olfactory region, adult | CAGE",0.0,BigWig,0.5,0.5,0.0,3516
CNhs13449_M,optic nerve | CAGE,0.0,BigWig,0.5,0.5,0.0,3517
CNhs10626_M,"ovary, adult, pool1 | CAGE",0.0,BigWig,0.5,0.5,0.0,3518
CNhs11756_M,"pancreas, adult | CAGE",0.0,BigWig,0.5,0.5,0.0,3519
CNhs10642_P,"paracentral gyrus, adult, pool1 | CAGE",0.0,BigWig,0.58984375,0.58984375,0.0,3520
CNhs10642_M,"paracentral gyrus, adult, pool1 | CAGE",0.0,BigWig,0.5,0.5,0.0,3521
CNhs14226_M,"parietal cortex, adult | CAGE",0.0,BigWig,0.5,0.5,0.0,3522
CNhs13797_M,parietal lobe - adult | CAGE,0.0,BigWig,0.5,0.5,0.0,3523
CNhs12317_M,"parietal lobe, adult | CAGE",0.0,BigWig,0.5,0.5,0.0,3524
CNhs10641_M,"parietal lobe, adult, pool1 | CAGE",0.0,BigWig,0.5,0.5,0.0,3525
CNhs11782_P,"parietal lobe, fetal | CAGE",0.0,BigWig,0.51171875,0.51171875,0.0,3526
CNhs11782_M,"parietal lobe, fetal | CAGE",0.0,BigWig,0.5,0.5,0.0,3527
CNhs14074_M,"parietal lobe, newborn | CAGE",0.0,BigWig,0.5,0.5,0.0,3528
CNhs12849_M,"parotid gland, adult | CAGE",0.0,BigWig,0.5,0.5,0.0,3529
CNhs12850_M,"penis, adult | CAGE",0.0,BigWig,0.5,0.5,0.0,3530
CNhs13804_M,pineal gland - adult | CAGE,0.0,BigWig,0.5,0.5,0.0,3531
CNhs12228_M,"pineal gland, adult | CAGE",0.0,BigWig,0.5,0.5,0.0,3532
CNhs13805_M,pituitary gland - adult | CAGE,0.0,BigWig,0.5,0.5,0.0,3533
CNhs12229_M,"pituitary gland, adult | CAGE",0.0,BigWig,0.5,0.5,0.0,3534
CNhs10627_M,"placenta, adult, pool1 | CAGE",0.0,BigWig,0.5,0.5,0.0,3535
CNhs10640_M,"pons, adult, pool1 | CAGE",0.0,BigWig,0.5,0.5,0.0,3536
CNhs10638_M,"postcentral gyrus, adult, pool1 | CAGE",0.0,BigWig,0.5,0.5,0.0,3537
CNhs10628_M,"prostate, adult, pool1 | CAGE",0.0,BigWig,0.5,0.5,0.0,3538
CNhs12324_M,"putamen, adult | CAGE",0.0,BigWig,0.5,0.5,0.0,3539
CNhs14225_P,"putamen, adult, tech  | CAGE",0.0,BigWig,0.515625,0.515625,0.0,3540
CNhs14225_M,"putamen, adult, tech  | CAGE",0.0,BigWig,0.5,0.5,0.0,3541
CNhs14083_M,"putamen, newborn | CAGE",0.0,BigWig,0.5,0.5,0.0,3542
CNhs11777_M,"rectum, fetal | CAGE",0.0,BigWig,0.5,0.5,0.0,3543
CNhs10636_M,"retina, adult, pool1 | CAGE",0.0,BigWig,0.5,0.5,0.0,3544
CNhs11677_M,"salivary gland, adult, pool1 | CAGE",0.0,BigWig,0.5,0.5,0.0,3545
CNhs12851_M,"seminal vesicle, adult | CAGE",0.0,BigWig,0.5,0.5,0.0,3546
CNhs13454_P,skeletal muscle - soleus muscle | CAGE,0.0,BigWig,0.76171875,0.76171875,0.0,3547
CNhs13454_M,skeletal muscle - soleus muscle | CAGE,0.0,BigWig,0.5,0.5,0.0,3548
CNhs10629_M,"skeletal muscle, adult, pool1 | CAGE",0.0,BigWig,0.5,0.5,0.0,3549
CNhs11776_M,"skeletal muscle, fetal | CAGE",0.0,BigWig,0.5,0.5,0.0,3550
CNhs11785_M,"skin, adult | CAGE",0.0,BigWig,0.5,0.5,0.0,3551
CNhs11774_M,"skin, fetal | CAGE",0.0,BigWig,0.5,0.5,0.0,3552
CNhs10630_M,"small intestine, adult, pool1 | CAGE",0.0,BigWig,0.5,0.5,0.0,3553
CNhs11773_M,"small intestine, fetal | CAGE",0.0,BigWig,0.5,0.5,0.0,3554
CNhs11755_M,"smooth muscle, adult, pool1 | CAGE",0.0,BigWig,0.5,0.5,0.0,3555
CNhs13807_M,spinal cord - adult | CAGE,0.0,BigWig,0.5,0.5,0.0,3556
CNhs12227_M,"spinal cord, adult | CAGE",0.0,BigWig,0.5,0.5,0.0,3557
CNhs11764_M,"spinal cord, fetal | CAGE",0.0,BigWig,0.5,0.5,0.0,3558
CNhs14077_P,"spinal cord, newborn | CAGE",0.0,BigWig,0.6171875,0.6171875,0.0,3559
CNhs14077_M,"spinal cord, newborn | CAGE",0.0,BigWig,0.5,0.5,0.0,3560
CNhs10631_M,"spleen, adult, pool1 | CAGE",0.0,BigWig,0.5,0.5,0.0,3561
CNhs10651_M,"spleen, fetal, pool1 | CAGE",0.0,BigWig,0.5,0.5,0.0,3562
CNhs11771_M,"stomach, fetal | CAGE",0.0,BigWig,0.5,0.5,0.0,3563
CNhs12852_M,"submaxillary gland, adult | CAGE",0.0,BigWig,0.5,0.5,0.0,3564
CNhs13803_M,substantia nigra - adult | CAGE,0.0,BigWig,0.5,0.5,0.0,3565
CNhs12318_M,"substantia nigra, adult | CAGE",0.0,BigWig,0.5,0.5,0.0,3566
CNhs14076_M,"substantia nigra, newborn | CAGE",0.0,BigWig,0.5,0.5,0.0,3567
CNhs10637_M,"temporal lobe, adult, pool1 | CAGE",0.0,BigWig,0.5,0.5,0.0,3568
CNhs11772_M,"temporal lobe, fetal, tech  | CAGE",0.0,BigWig,0.5,0.5,0.0,3569
CNhs10632_M,"testis, adult, pool1 | CAGE",0.0,BigWig,0.5,0.5,0.0,3570
CNhs12998_M,"testis, adult, pool2 | CAGE",0.0,BigWig,0.5,0.5,0.0,3571
CNhs13794_M,thalamus - adult | CAGE,0.0,BigWig,0.5,0.5,0.0,3572
CNhs12314_M,"thalamus, adult | CAGE",0.0,BigWig,0.5,0.5,0.0,3573
CNhs14223_M,"thalamus, adult, tech  | CAGE",0.0,BigWig,0.5,0.5,0.0,3574
CNhs14084_P,"thalamus, newborn | CAGE",0.0,BigWig,0.53515625,0.53515625,0.0,3575
CNhs14084_M,"thalamus, newborn | CAGE",0.0,BigWig,0.5,0.5,0.0,3576
CNhs12858_M,"throat, adult | CAGE",0.0,BigWig,0.5,0.5,0.0,3577
CNhs11770_M,"throat, fetal | CAGE",0.0,BigWig,0.5,0.5,0.0,3578
CNhs10633_M,"thymus, adult, pool1 | CAGE",0.0,BigWig,0.5,0.5,0.0,3579
CNhs10650_M,"thymus, fetal, pool1 | CAGE",0.0,BigWig,0.5,0.5,0.0,3580
CNhs10634_M,"thyroid, adult, pool1 | CAGE",0.0,BigWig,0.5,0.5,0.0,3581
CNhs11769_M,"thyroid, fetal | CAGE",0.0,BigWig,0.5,0.5,0.0,3582
CNhs12853_M,"tongue, adult | CAGE",0.0,BigWig,0.5,0.5,0.0,3583
CNhs11768_M,"tongue, fetal | CAGE",0.0,BigWig,0.5,0.5,0.0,3584
CNhs10654_M,"tonsil, adult, pool1 | CAGE",0.0,BigWig,0.5,0.5,0.0,3585
CNhs10635_M,"trachea, adult, pool1 | CAGE",0.0,BigWig,0.5,0.5,0.0,3586
CNhs11766_M,"trachea, fetal | CAGE",0.0,BigWig,0.5,0.5,0.0,3587
CNhs11765_M,"umbilical cord, fetal | CAGE",0.0,BigWig,0.5,0.5,0.0,3588
CNhs11676_M,"uterus, adult, pool1 | CAGE",0.0,BigWig,0.5,0.5,0.0,3589
CNhs11763_M,"uterus, fetal | CAGE",0.0,BigWig,0.5,0.5,0.0,3590
CNhs12854_M,"vagina, adult | CAGE",0.0,BigWig,0.5,0.5,0.0,3591
CNhs12844_M,"vein, adult | CAGE",0.0,BigWig,0.5,0.5,0.0,3592
GTEX-132QS-2526-SM-62LFJ.1,adipose tissue | RNA-seq,0.0,BigWig,1.0,1.0,0.0,3593
GTEX-1GMR3-0826-SM-9WYT4.1,adipose tissue | RNA-seq,0.0,BigWig,1.0,1.0,0.0,3594
GTEX-1HSEH-0226-SM-ACKVV.1,adipose tissue | RNA-seq,0.0,BigWig,1.0,1.0,0.0,3595
GTEX-T6MN-2226-SM-EVYAM.1,bladder | RNA-seq,0.0,BigWig,1.0,1.0,0.0,3596
GTEX-U4B1-1226-SM-4DXT7.1,bladder | RNA-seq,0.0,BigWig,1.0,1.0,0.0,3597
GTEX-14DAR-2126-SM-5RQID.1,blood vessel | RNA-seq,0.0,BigWig,1.0,1.0,0.0,3598
GTEX-1JK1U-0426-SM-CYPSP.1,blood vessel | RNA-seq,0.0,BigWig,1.0,1.0,0.0,3599
GTEX-Y3IK-2826-SM-4WWDW.1,blood vessel | RNA-seq,0.0,BigWig,1.0,1.0,0.0,3600
GTEX-13W3W-1226-SM-5LU4H.1,breast | RNA-seq,0.0,BigWig,1.0,1.0,0.0,3601
GTEX-1GN1W-1926-SM-7P8TH.1,breast | RNA-seq,0.0,BigWig,1.0,1.0,0.0,3602
GTEX-ZYT6-0126-SM-5E45J.1,breast | RNA-seq,0.0,BigWig,1.0,1.0,0.0,3603
GTEX-PLZ4-2226-SM-EZ6KS.1,cervix uteri | RNA-seq,0.0,BigWig,1.0,1.0,0.0,3604
GTEX-T6MO-1426-SM-4DM73.1,cervix uteri | RNA-seq,0.0,BigWig,1.0,1.0,0.0,3605
GTEX-11P81-1426-SM-5P9JN.1,colon | RNA-seq,0.0,BigWig,1.0,1.0,0.0,3606
GTEX-ZAB4-2226-SM-5HL97.1,colon | RNA-seq,0.0,BigWig,1.0,1.0,0.0,3607
GTEX-14DAR-0726-SM-5RQIA.1,esophagus | RNA-seq,0.0,BigWig,1.0,1.0,0.0,3608
GTEX-1RAZR-1426-SM-EVR4M.1,esophagus | RNA-seq,0.0,BigWig,1.0,1.0,0.0,3609
GTEX-PLZ4-2326-SM-EYYV5.1,fallopian tube | RNA-seq,0.0,BigWig,1.0,1.0,0.0,3610
GTEX-T6MO-1026-SM-4DM72.1,fallopian tube | RNA-seq,0.0,BigWig,1.0,1.0,0.0,3611
GTEX-14JG1-0926-SM-5YY8W.1,lung | RNA-seq,0.0,BigWig,1.0,1.0,0.0,3612
GTEX-14PJ6-2426-SM-6ETZS.1,nerve | RNA-seq,0.0,BigWig,1.0,1.0,0.0,3613
GTEX-1HKZK-0626-SM-ADEHP.1,nerve | RNA-seq,0.0,BigWig,1.0,1.0,0.0,3614
GTEX-11VI4-1026-SM-5EQM1.1,ovary | RNA-seq,0.0,BigWig,1.0,1.0,0.0,3615
GTEX-1399S-2126-SM-5J2MH.1,ovary | RNA-seq,0.0,BigWig,1.0,1.0,0.0,3616
GTEX-1KXAM-1126-SM-E9TJU.1,prostate | RNA-seq,0.0,BigWig,1.0,1.0,0.0,3617
GTEX-139TS-0008-SM-62LDG.1,skin | RNA-seq,0.0,BigWig,1.0,1.0,0.0,3618
GTEX-ZF2S-1726-SM-57WFT.1,small intestine | RNA-seq,0.0,BigWig,1.0,1.0,0.0,3619
GTEX-1399U-1626-SM-5P9J3.1,stomach | RNA-seq,0.0,BigWig,1.0,1.0,0.0,3620
GTEX-13FTX-1026-SM-5J2O5.1,uterus | RNA-seq,0.0,BigWig,1.0,1.0,0.0,3621
GTEX-1MA7W-1526-SM-DHXKS.1,uterus | RNA-seq,0.0,BigWig,1.0,1.0,0.0,3622
GTEX-W5WG-1026-SM-4LMIF.1,vagina | RNA-seq,0.0,BigWig,1.0,1.0,0.0,3623
