,Unnamed: 0,#VariationID,concordance,primary_mechanism,signal_category,pos,ref,alt,GeneSymbol,label,explanation,key_signals,FullRationale,BED_Top_Abs,BW_Top_Abs,primary_signal_canon,NT_Mechanism
1,1,1284257,CONCORDANT,Missense (low conservation),WEAK,1050449,G,A,AGRN,VUS,Weak signals across BED/BW and a moderate LLR (-1.05) match the ClinVar classification as a VUS with conflicting in silico evidence and no clear pathogenic mechanism.,"LLR=-1.055, MLM_Delta=-0.302","DESC: This sequence change replaces valine, which is neutral and non-polar, with methionine, which is neutral and non-polar, at codon 1667 of the AGRN protein (p.Val1667Met). This variant is present in population databases (rs770750909, gnomAD 0.006%). This missense change has been observed in individual(s) with clinical features of AGRN-related conditions (PMID: 35670010). ClinVar contains an entry for this variant (Variation ID: 1284257). An algorithm developed to predict the effect of missense changes on protein structure and function (PolyPhen-2) suggests that this variant is likely to be disruptive. In summary, the available evidence is currently insufficient to determine the role of this variant in disease. Therefore, it has been classified as a Variant of Uncertain Significance. | AGRN: PM2 | Reported in the published literature in a patient with congenital myasthenia who also harbors and additional missense variant in the AGRN gene (PMID: 35670010); Not observed at significant frequency in large population cohorts (gnomAD); In silico analysis supports that this missense variant does not alter protein structure/function; This variant is associated with the following publications: (PMID: 35670010)",start_codon=0.042(ref=0.035),"Prostate Epithelial Cells,|primary cell|CAGE|none=-0.289(ref=0.819); Mammary Epithelial Cell,|primary cell|CAGE|none=-0.286(ref=0.832); Keratinocyte - epidermal,|primary cell|CAGE|none=-0.281(ref=0.837); Bronchial Epithelial Cell,|primary cell|CAGE|none=-0.272(ref=0.829); Renal Proximal Tubular Epithelial Cell,|primary cell|CAGE|none=-0.218(ref=0.751)",MLM / Sequence-constraint signal,SEQUENCE_CONSTRAINED
10,10,161194,CONCORDANT,Protein functional disruption,MODERATE,1535616,G,A,TMEM240,VUS,"MLM LLR (-1.71) indicates moderate sequence constraint, supporting protein dysfunction. Neutral regulatory signals (BW) match ClinVar's observation of no change in expression patterns.","LLR=-1.710, occipital lobe|CAGE=-0.140","DESC: Published functional studies suggest this variant impairs dendritic development and exhibits progressive motor impairment; however, this variant does not appear to have an effect on expression pattern, morphology, or subcellular location (PMID: 30184469, 34157318); In silico analysis supports that this missense variant has a deleterious effect on protein structure/function; This variant is associated with the following publications: (PMID: 34401960, 34157318, 30184469, 25070513)",enhancer_Tissue_specific=-0.053(ref=0.298); stop_codon=0.029(ref=0.147); always_on_exon=-0.029(ref=0.304); 3UTR-=0.017(ref=0.216); promoter_Tissue_invariant=0.011(ref=0.072),"occipital lobe, adult,|tissue|CAGE|none=-0.140(ref=0.712); temporal lobe, fetal, , tech_|tissue|CAGE|none=-0.101(ref=0.741); occipital lobe, fetal,|tissue|CAGE|none=-0.089(ref=0.650); medial temporal gyrus - adult,|tissue|CAGE|none=-0.077(ref=0.743); medial temporal gyrus, adult, , tech_|tissue|CAGE|none=-0.070(ref=0.661)",MLM / Sequence-constraint signal,UNCERTAIN_SIGNIFICANCE
284,284,440705,CONCORDANT,Sequence conservation / Protein-level constraint,MODERATE,55039913,G,A,PCSK9,VUS,"MLM shows moderate sequence constraint (LLR -1.9), while BED and BW signals are negligible, aligning with a missense variant described as a VUS in ClinVar.","LLR=-1.903, MLM_Delta=-0.563","DESC: The c.76G>A (p.A26T) alteration is located in exon 1 (coding exon 1) of the PCSK9 gene. This alteration results from a G to A substitution at nucleotide position 76, causing the alanine (A) at amino acid position 26 to be replaced by a threonine (T). This variant was not reported in population-based cohorts in the Genome Aggregation Database (gnomAD). Based on insufficient or conflicting evidence, the clinical significance of this alteration remains unclear.",start_codon=0.049(ref=0.168); polyA_signal=0.049(ref=0.074); stop_codon=0.035(ref=0.052),"malignant trichilemmal cyst cell line|cell line|CAGE|none=0.195(ref=0.734); thalamus, newborn,|tissue|CAGE|none=0.164(ref=0.642); putamen, newborn,|tissue|CAGE|none=0.154(ref=0.726); lung adenocarcinoma, papillary cell line|cell line|CAGE|none=0.137(ref=0.732); ductal cell carcinoma cell line|cell line|CAGE|none=0.132(ref=0.695)",MLM / Sequence-constraint signal,SEQUENCE_CONSTRAINED
431,431,1686983,DISCORDANT,Sequence-level neutral/gain,WEAK,99993627,C,T,SLC35A3,VUS,"NT signals are weak, and the MLM LLR (+1.096) suggests the model favors the variant allele, contradicting the clinical interpretation of a damaging missense mutation.","LLR=1.096, LogProb_Delta=2.0, occipital lobe CAGE=-0.315","DESC: Variant summary: SLC35A3 c.73C>T (p.Arg25Cys) results in a non-conservative amino acid change in the encoded protein sequence. Four of five in-silico tools predict a damaging effect of the variant on protein function. The variant allele was found at a frequency of 2e-05 in 251266 control chromosomes (gnomAD). The available data on variant occurrences in the general population are insufficient to allow any conclusion about variant significance. c.73C>T has been reported in the literature in individuals affected with early onset epileptic encephalopathy and arthrogryposis (example: Marini_2017). This report does not provide unequivocal conclusions about association of the variant with Arthrogryposis, Mental Retardation, And Seizures. To our knowledge, no experimental evidence demonstrating an impact on protein function has been reported. The following publication has been ascertained in the context of this evaluation (PMID: 28328131). OMIM classified the variant as pathogenic. Based on the evidence outlined above, the variant was classified as uncertain significance.",enhancer_Tissue_specific=0.055(ref=0.304); skipped_exon=-0.029(ref=0.675); splice_donor=-0.026(ref=0.133); promoter_Tissue_specific=-0.014(ref=0.451); 3UTR+=0.013(ref=0.100),"occipital lobe, fetal,|tissue|CAGE|none=-0.315(ref=0.921); neuroectodermal tumor cell line|cell line|CAGE|none=-0.296(ref=0.868); occipital lobe, adult,|tissue|CAGE|none=-0.295(ref=0.950); parietal lobe, fetal,|tissue|CAGE|none=-0.290(ref=0.877); temporal lobe, fetal, , tech_|tissue|CAGE|none=-0.277(ref=0.876)",Benign / Neutral / None,UNCERTAIN_SIGNIFICANCE
528,528,4316,CONCORDANT,Protein Coding (Sequence Constraint),MODERATE,155236426,G,A,GBA1,VUS,MLM shows moderate sequence constraint (LLR -1.48) supporting the potential damaging effect of the Ala348Val missense variant described in the ClinVar rationale.,"LLR=-1.477, MLM_Delta=-0.120","DESC: Variant summary: GBA1 c.1043C>T (p.Ala348Val) results in a non-conservative amino acid change located in the Glycosyl hydrolase family 30 TIM-barrel domain (IPR033453) of the encoded protein sequence. Five of five in-silico tools predict a damaging effect of the variant on protein function. The variant was absent in 282872 control chromosomes. The available data on variant occurrences in the general population are insufficient to allow any conclusion about variant significance. c.1043C>T has been reported in the literature in individuals affected with Gaucher Disease and Parkinsons Disease (Latham_1991, Blauwendraat_2018). These data do not allow any conclusion about variant significance. To our knowledge, no experimental evidence demonstrating an impact on protein function has been reported. The following publications have been ascertained in the context of this evaluation (PMID: 30302829, 1899336). ClinVar contains an entry for this variant (Variation ID: 4316). Based on the evidence outlined above, the variant was classified as uncertain significance.",,"globus pallidus, adult,|tissue|CAGE|none=-0.219(ref=0.862); occipital lobe, adult,|tissue|CAGE|none=-0.203(ref=0.861); Hair Follicle Outer Root Sheath Cells,|primary cell|CAGE|none=-0.185(ref=0.796); Mast cell - stimulated,|primary cell|CAGE|none=-0.180(ref=0.753); uterus, fetal,|tissue|CAGE|none=-0.178(ref=0.823)",MLM / Sequence-constraint signal,UNCERTAIN_SIGNIFICANCE
672,672,5964,CONCORDANT,Protein sequence/conservation disruption,STRONG,169485615,G,A,SLC19A2,VUS,MLM LLR (-2.72) strongly aligns with ClinVar's rationale regarding amino acid conservation and predicted protein functional disruption for this p.Pro51Leu missense variant.,"LLR=-2.723, LogProb_Delta=-1.4","DESC: This sequence change replaces proline, which is neutral and non-polar, with leucine, which is neutral and non-polar, at codon 51 of the SLC19A2 protein (p.Pro51Leu). In summary, the available evidence is currently insufficient to determine the role of this variant in disease. Therefore, it has been classified as a Variant of Uncertain Significance. Experimental studies have shown that this missense change affects SLC19A2 function (PMID: 17331069). Advanced modeling of protein sequence and biophysical properties (such as structural, functional, and spatial information, amino acid conservation, physicochemical variation, residue mobility, and thermodynamic stability) performed at Invitae indicates that this missense variant is expected to disrupt SLC19A2 protein function. ClinVar contains an entry for this variant (Variation ID: 5964). This missense change has been observed in individual(s) with thiamine-responsive megaloblastic anemia (PMID: 14994241). The frequency data for this variant in the population databases is considered unreliable, as metrics indicate poor data quality at this position in the gnomAD database.",start_codon=-0.039(ref=0.288); 5UTR-=-0.022(ref=0.314); 5UTR+=-0.021(ref=0.218); promoter_Tissue_specific=0.017(ref=0.382),"heart, adult, diseased,|tissue|CAGE|none=-0.453(ref=0.985); small intestine, fetal,|tissue|CAGE|none=-0.453(ref=0.971); tenocyte,|primary cell|CAGE|none=-0.452(ref=0.979); Smooth muscle cells - airway, asthmatic,|primary cell|CAGE|none=-0.449(ref=0.993); skin, fetal,|tissue|CAGE|none=-0.449(ref=0.995)",MLM / Sequence-constraint signal,SEQUENCE_CONSTRAINED
692,692,242274,CONCORDANT,Protein-level sequence constraint (Missense),MODERATE,171636329,A,G,MYOC,VUS,"MLM LLR of -1.602 captures moderate sequence constraint, aligning with the high REVEL score (0.875) and predicted damaging effect of the p.Tyr371His missense variant described in ClinVar.","LLR=-1.602, MLM_Delta=-0.485","DESC: The c.1111T>C variant in MYOC is a missense variant predicted to cause substitution of Tyrosine by Histidine at amino acid 371 (p.Tyr371His). This variant was not found in any genetic ancestry group of gnomAD (v4.1.0), meeting the ≤ 0.0001 threshold set for PM2_Supporting in a genetic ancestry group of at least 10,000 alleles. The REVEL score = 0.875, which was within the 0.773-0.931 range for PP3_Moderate, predicting a damaging effect on MYOC function. There was no functional evidence predicting a damaging or benign impact of this variant on MYOC function. Only 2 segregations had been reported for juvenile open angle glaucoma (JOAG, Teruya et al, 2008), not meeting the ≥ 3 segregations required for PP1. Only 1 proband with JOAG had been reported (Teruya et al, 2008), not meeting the ≥ 2 probands threshold required to meet PS4_Supporting. In summary, this variant met the criteria to receive a score of 3 and to be classified as a variant of uncertain significance (uncertain significance classification range -1 to 5, adapted from PMID: 32720330) for juvenile open angle glaucoma based on the ACMG/AMP criteria met, as specified by the ClinGen Glaucoma VCEP (v2.0.0, 5 Dec 2024): PP3_Moderate, PM2_Supporting",always_on_exon=0.037(ref=0.596); enhancer_Tissue_specific=0.036(ref=0.127); polyA_signal=-0.035(ref=0.102); promoter_Tissue_specific=0.029(ref=0.125); enhancer_Tissue_invariant=0.026(ref=0.092),"tongue epidermis (fungiform papillae),|tissue|CAGE|none=0.187(ref=0.586); EH|cell line|DNase-seq|none=0.178(ref=0.786); foreskin fibroblast|primary cell|DNase-seq|none=0.163(ref=0.761); eye|tissue|DNase-seq|none=0.158(ref=0.775); testis, adult, pool1|tissue|CAGE|none=0.154(ref=0.556)",MLM / Sequence-constraint signal,SEQUENCE_CONSTRAINED
695,695,7953,CONCORDANT,Protein functional disruption,MODERATE,171636430,T,C,MYOC,VUS,"MLM LLR (-2.229) reflects strong sequence constraint at this position, supporting the ClinVar rationale and high REVEL score (0.743) indicating a damaging missense effect.","LLR=-2.229, MLM_Delta=-0.459","DESC: The c.1010A>G variant in MYOC is a missense variant predicted to cause substitution of Glutamine by Arginine at amino acid 337 (p.Gln337Arg). The highest minor allele frequency of this variant was in the European (non-Finnish)) genetic ancestry group of gnomAD (v4.1.0) = 0.0000008474 (1 allele out of 1,180,018), which met the ≤ 0.0001 threshold set for PM2_Supporting in a genetic ancestry group of at least 10,000 alleles. The REVEL score = 0.743, which was within the 0.644-0.772 range for PP3, predicting a damaging effect on MYOC function. There was no functional evidence predicting a damaging or benign impact of this variant on MYOC function. 6 segregations in 2 families, with juvenile or primary open angle glaucoma (JOAG or POAG), have been reported (PMIDs: 34923728, 9361308), which fulfilled PP1_Moderate (≥5 meioses). 5 probands with JOAG or POAG have been reported carrying this variant (PMIDs: 34923728, 32300215, 9361308, 32476818), which met PS4_Supporting (≥ 2 probands). In summary, this variant met the criteria to receive a score of 5 and to be classified as a variant of uncertain significance (uncertain significance classification range -1 to 5, adapted from PMID: 32720330) for primary open angle glaucoma based on the ACMG/AMP criteria met, as specified by the ClinGen Glaucoma VCEP (v2.0.0, 5 Dec 2024): PP1_Moderate, PP3, PS4_Supporting, PM2_Supporting.",intron=-0.063(ref=0.600); always_on_exon=0.034(ref=0.644); stop_codon=-0.033(ref=0.131); promoter_Tissue_specific=0.029(ref=0.151); lncRNA=0.026(ref=0.179),"tongue epidermis (fungiform papillae),|tissue|CAGE|none=-0.070(ref=0.754); KBM-7|cell line|DNase-seq|none=0.058(ref=0.721); stomach smooth muscle|tissue|Histone ChIP-seq|H3K9me3=-0.057(ref=0.729); heart|tissue|Histone ChIP-seq|H3K36me3=-0.056(ref=0.777); BE2C|cell line|DNase-seq|none=-0.054(ref=0.635)",MLM / Sequence-constraint signal,SEQUENCE_CONSTRAINED
704,704,18033,CONCORDANT,Sequence conservation disruption (Missense impact),STRONG,173904013,C,T,SERPINC1,VUS,"The strong MLM LLR (-2.043) demonstrates significant sequence constraint, directly supporting the ClinVar rationale's reliance on REVEL (PP3) and the predicted functional impact of the Gly424Asp missense substitution.","MLM_LLR=-2.043, LogProb_Ref=0.9, Hepatocyte|CAGE=-0.169","DESC: The c.1271G>A variant in SERPINC1 is a missense variant predicted to cause substitution of glycine by aspartic acid at amino acid 424 (p.Gly424Asp). This variant has been reported in one family meeting an antithrombin activity level of < 0.8 IU/mL and a family history of reported abnormal antithrombin levels (PS4_Supporting; PMID:1547341). The computational predictor REVEL gives a score of 0.635, which is above the threshold of 0.6, evidence that correlates with impact to SERPINC1 function (PP3). This variant is absent from gnomAD v4.1.0 (PM2_Supporting). In summary, this variant meets the criteria to be classified as uncertain significance due to insufficient evidence for autosomal dominant hereditary antithrombin deficiency based on the ACMG/AMP criteria applied, as specified by the ClinGen Thrombosis VCEP: PP3, PM2_Supporting, PS4_Supporting.",stop_codon=0.092(ref=0.088); promoter_Tissue_specific=-0.018(ref=0.210),"Hepatocyte,|primary cell|CAGE|none=-0.169(ref=0.877); liver, adult, pool1|tissue|CAGE|none=-0.118(ref=0.683); muscle of trunk|tissue|Histone ChIP-seq|H3K4me1=-0.115(ref=0.886); spleen|tissue|DNase-seq|none=-0.105(ref=0.897); subcutaneous abdominal adipose tissue|tissue|Histone ChIP-seq|H3K36me3=0.101(ref=0.745)",MLM / Sequence-constraint signal,SEQUENCE_CONSTRAINED
707,707,18032,CONCORDANT,Protein-coding sequence disruption,MODERATE,173909564,A,G,SERPINC1,VUS,MLM LLR (-1.909) indicates moderate sequence disruption consistent with the pathogenic missense effect (p.Ser381Pro) and functional impact described in ClinVar.,"MLM LLR=-1.909, LogProb_Delta=-0.5","DESC: The c.1141T>C variant in SERPINC1 is a missense variant predicted to cause substitution of serine by proline at amino acid 381 (p.Ser381Pro). This variant has been reported in 2 probands meeting an antithrombin activity level of < 0.8 IU/mL. Only one had a family history of disease supported with reported antithrombin activity levels (PS4_Supporting; PMIDs: 1551681, 30975910). The variant has been reported to segregate with hereditary antithrombin deficiency in two affected meioses from one family (PP1; PMID:1551681). This variant is absent from gnomAD v4.1.0 (PM2_Supporting). The computational predictor REVEL gives a score of 0.616, which is above the threshold of 0.6, evidence that correlates with impact to SERPINC1 function (PP3). In summary, this variant meets the criteria to be classified as uncertain significance due to insufficient evidence for autosomal dominant hereditary antithrombin deficiency based on the ACMG/AMP criteria applied, as specified by the ClinGen Thrombosis VCEP: PP1, PP3, PM2_Supporting, PS4_Supporting. (ClinGen Thrombosis Expert Panel Specifications to the ACMG/AMP Variant Interpretation Guidelines for SERPINC1 Version 1.0.0; date of approval) | This sequence change replaces serine, which is neutral and polar, with proline, which is neutral and non-polar, at codon 381 of the SERPINC1 protein (p.Ser381Pro). This variant is not present in population databases (gnomAD no frequency). This missense change has been observed in individual(s) with autosomal dominant antithrombin deficiency (PMID: 1551681, 30975910). It has also been observed to segregate with disease in related individuals. This variant is also known as Ser349Pro. ClinVar contains an entry for this variant (Variation ID: 18032). Advanced modeling of protein sequence and biophysical properties (such as structural, functional, and spatial information, amino acid conservation, physicochemical variation, residue mobility, and thermodynamic stability) performed at Invitae indicates that this missense variant is not expected to disrupt SERPINC1 protein function with a negative predictive value of 80%. This variant disrupts the p.Ser381 amino acid residue in SERPINC1. Other variant(s) that disrupt this residue have been observed in individuals with SERPINC1-related conditions (PMID: 29153735), which suggests that this may be a clinically significant amino acid residue. In summary, the currently available evidence indicates that the variant is pathogenic, but additional data are needed to prove that conclusively. Therefore, this variant has been classified as Likely Pathogenic.",lncRNA=0.012(ref=0.199),"Hepatocyte,|primary cell|CAGE|none=0.172(ref=0.729); testis, adult, pool1|tissue|CAGE|none=0.082(ref=0.677); Clontech Human Universal Reference Total RNA, pool1|tissue|CAGE|none=0.071(ref=0.684); liver, adult, pool1|tissue|CAGE|none=0.068(ref=0.531); CD4-positive, alpha-beta T cell|primary cell|Histone ChIP-seq|H3K9me3=0.046(ref=0.816)",MLM / Sequence-constraint signal,UNCERTAIN_SIGNIFICANCE
826,826,942974,CONCORDANT,Missense (Sequence Conservation),STRONG,216089075,T,C,USH2A,VUS,"Strong MLM LLR (-2.85) captures significant evolutionary constraint at this position, supporting the ClinVar assessment of a disruptive missense variant in the USH2A Laminin G domain.","LLR=-2.85, MLM_Delta=-0.812","DESC: Variant summary: USH2A c.4823A>G (p.His1608Arg) results in a non-conservative amino acid change located in the Laminin G domain (IPR001791) of the encoded protein sequence. Algorithms developed to predict the effect of missense changes on protein structure and function all suggest that this variant is likely to be disruptive. The variant was absent in 251030 control chromosomes. c.4823A>G has been reported in the literature in individuals affected with Usher Syndrome and/or retinitis pigmentosa (e.g. Glockle_2014, Weisschuh_2020, Labcorp(formerly Invitae)). These data indicate that the variant may be associated with disease. To our knowledge, no experimental evidence demonstrating an impact on protein function has been reported. The following publications have been ascertained in the context of this evaluation (PMID: 23591405, 32531858). ClinVar contains an entry for this variant (Variation ID: 942974). Based on the evidence outlined above, the variant was classified as VUS-possibly pathogenic. | This sequence change replaces histidine, which is basic and polar, with arginine, which is basic and polar, at codon 1608 of the USH2A protein (p.His1608Arg). This variant is not present in population databases (gnomAD no frequency). This missense change has been observed in individual(s) with clinical features of retinitis pigmentosa and/or Usher syndrome (PMID: 23591405; Invitae). In at least one individual the data is consistent with being in trans (on the opposite chromosome) from a pathogenic variant. ClinVar contains an entry for this variant (Variation ID: 942974). Algorithms developed to predict the effect of missense changes on protein structure and function (SIFT, PolyPhen-2, Align-GVGD) all suggest that this variant is likely to be disruptive. This variant disrupts the p.His1608 amino acid residue in USH2A. Other variant(s) that disrupt this residue have been observed in individuals with USH2A-related conditions (PMID: 32675063; Invitae), which suggests that this may be a clinically significant amino acid residue. For these reasons, this variant has been classified as Pathogenic. | The c.4823A>G variant is a missense variant predicted to cause substitution of histidine by arginine at amino acid 1608. This variant is absent from gnomAD v4.1 (PM2_Supporting). The computational predictor REVEL gives a score of 0.962, which is evidence that correlates with impact to USH2A function (PP3). This missense change has been observed in individuals with clinical features of retinitis pigmentosa and/or Usher syndrome (PP4; PMID: 23591405, SCV001384682.6). One reported individual with Usher syndrome was compound heterozygous, and also harbored the pathogenic c.2299delG (p.E767SfsX21) variant in USH2A (PMID: 23591405). In at least one individual, the data is consistent with being in trans with a pathogenic variant (PM3; SCV001384682.6). In summary, this variant has been classified as a variant of uncertain significancefor autosomal recessive Usher syndrome based on the ACMG/AMP criteria applied, as specified by the ClinGen Hearing Loss VCEP: PM2_Supporting, PP3, PP4, PM3 (ClinGen Hearing Loss VCEP specifications version 2; 6/18/2025).",start_codon=-0.035(ref=0.156); 5UTR-=0.029(ref=0.330),aorta|tissue|Histone ChIP-seq|H3K27me3=0.105(ref=0.726); pancreas|tissue|Histone ChIP-seq|H3K27me3=0.097(ref=0.716); heart left ventricle|tissue|Histone ChIP-seq|H3K27me3=0.097(ref=0.705); aorta|tissue|Histone ChIP-seq|H3K36me3=0.094(ref=0.639); stomach|tissue|Histone ChIP-seq|H3K27me3=0.094(ref=0.671),MLM / Sequence-constraint signal,SEQUENCE_CONSTRAINED
1089,1089,18119,CONCORDANT,Protein-coding sequence constraint,MODERATE,44320536,C,G,SLC3A1,VUS,"Strong MLM LLR (-2.891) indicates significant sequence/evolutionary disruption, aligning with ClinVar's cited in silico predictions that this p.Thr652Arg missense change is likely disruptive to protein function.","LLR=-2.891, MLM_Delta=-0.535, LogProb_Delta=-1.4","DESC: Variant summary: SLC3A1 c.1955C>G (p.Thr652Arg) results in a non-conservative amino acid change in the encoded protein sequence. Algorithms developed to predict the effect of missense changes on protein structure and function all suggest that this variant is likely to be disruptive. The variant was absent in 248582 control chromosomes (gnomAD). The available data on variant occurrences in the general population are insufficient to allow any conclusion about variant significance. c.1955C>G has been observed in individuals affected with Cystinuria (Calonge_1994, Bisceglia_2001). These data do not allow any conclusion about variant significance. To our knowledge, no experimental evidence demonstrating an impact on protein function has been reported. The following publications have been ascertained in the context of this evaluation (PMID: 11260385, 8054986, 7573036). ClinVar contains an entry for this variant (Variation ID: 18119). Based on the evidence outlined above, the variant was classified as uncertain significance.",3UTR+=-0.059(ref=0.283); ORF=0.046(ref=0.651); intron=0.037(ref=0.134); enhancer_Tissue_invariant=0.032(ref=0.042); CTCF-bound=0.014(ref=0.030),"Neurons,|primary cell|CAGE|none=-0.220(ref=0.822); Fibroblast - Lung,|primary cell|CAGE|none=-0.149(ref=0.705); locus coeruleus, adult,|tissue|CAGE|none=-0.145(ref=0.768); Neural stem cells,|primary cell|CAGE|none=-0.135(ref=0.692); Synoviocyte,|primary cell|CAGE|none=-0.129(ref=0.673)",MLM / Sequence-constraint signal,SEQUENCE_CONSTRAINED
1171,1171,29739,CONCORDANT,Protein-level functional disruption,MODERATE,69374078,T,C,GFPT1,VUS,"MLM LLR signal (-1.944) captures moderate evolutionary constraint at the Thr15 residue, supporting the protein-level functional disruption described in the rationale despite weak BED/BW signals.","LLR=-1.944, MLM_Delta=-0.568","DESC: This sequence change replaces threonine, which is neutral and polar, with alanine, which is neutral and non-polar, at codon 15 of the GFPT1 protein (p.Thr15Ala). This variant is not present in population databases (gnomAD no frequency). This missense change has been observed in individual(s) with congenital myasthenic syndrome (PMID: 21310273). ClinVar contains an entry for this variant (Variation ID: 29739). An algorithm developed to predict the effect of missense changes on protein structure and function (PolyPhen-2) suggests that this variant¬†is likely to be tolerated. Experimental studies have shown that this missense change affects GFPT1 function (PMID: 21310273). This variant disrupts the p.Thr15 amino acid residue in GFPT1. Other variant(s) that disrupt this residue have been determined to be pathogenic (PMID: 21310273, 23569079, 23794683, 28712002; Invitae). This suggests that this residue is clinically significant, and that variants that disrupt this residue are likely to be disease-causing. In summary, the available evidence is currently insufficient to determine the role of this variant in disease. Therefore, it has been classified as a Variant of Uncertain Significance. | Variant summary: GFPT1 c.43A>G (p.Thr15Ala) results in a non-conservative amino acid change located in the Glutamine amidotransferase type 2 domain (IPR017932) of the encoded protein sequence. Three of five in-silico tools predict a benign effect of the variant on protein function. The variant was absent in 251206 control chromosomes. c.43A>G has been reported in the literature in at least one compound heterozygous individual affected with Congenital Myasthenic Syndrome (Senderek_2011, Guergueltcheva_2012). These data do not allow any conclusion about variant significance. A different variant affecting the same codon has been classified as pathogenic by our lab (c.44C>T, p.Thr15Met), supporting the critical relevance of codon 15 to GFPT1 protein function. At least one publication reports experimental evidence evaluating an impact on protein function. The most pronounced variant effect results in >60% of normal glutamine-fructose-6-phosphate transaminase 1 activity in transfected cells (Senderek_2011). The following publications have been ascertained in the context of this evaluation (PMID: 21975507, 21310273). ClinVar contains an entry for this variant (Variation ID: 29739). Based on the evidence outlined above, the variant was classified as VUS-possibly pathogenic.",skipped_exon=0.046(ref=0.492); 5UTR-=0.045(ref=0.429); always_on_exon=-0.042(ref=0.383),"globus pallidus, adult,|tissue|CAGE|none=0.128(ref=0.534); stomach|tissue|Histone ChIP-seq|H3K36me3=0.100(ref=0.640); Fibroblast - Dermal,|primary cell|CAGE|none=0.084(ref=0.602); right cardiac atrium|tissue|Histone ChIP-seq|H3K4me1=0.084(ref=0.597); pancreas|tissue|Histone ChIP-seq|H3K36me3=0.084(ref=0.780)",MLM / Sequence-constraint signal,SEQUENCE_CONSTRAINED
1265,1265,929861,CONCORDANT,Sequence conservation disruption,MODERATE,108907952,C,T,EDAR,VUS,"NT detects moderate sequence constraint (LLR -1.946) for this missense variant, providing evidence of pathogenicity that aligns with the clinical report, even where other tools failed.","LLR=-1.946, MLM_Delta=-0.629","DESC: Reported in a patient with nonsyndromic oligodontia in the published literature (PMID: 32906216); In silico analysis indicates that this missense variant does not alter protein structure/function; Missense variants in this gene are a common cause of disease and they are underrepresented in the general population; This variant is associated with the following publications: (PMID: 33943035, 35152651, 32906216)",enhancer_Tissue_specific=-0.105(ref=0.405); CTCF-bound=-0.024(ref=0.113),kidney|tissue|DNase-seq|none=-0.110(ref=0.799); left kidney|tissue|DNase-seq|none=-0.107(ref=0.823); renal cortex interstitium|tissue|DNase-seq|none=-0.105(ref=0.829); renal cortex interstitium|tissue|DNase-seq|none=-0.099(ref=0.778); kidney|tissue|DNase-seq|none=-0.097(ref=0.769),MLM / Sequence-constraint signal,REGULATORY_CHANGE
1325,1325,1342669,CONCORDANT,Missense/Sequence Constraint,STRONG,165313693,T,C,SCN2A,VUS,"Strong negative LLR (-3.4) indicates significant sequence constraint at this position, supporting the pathogenic missense mechanism and high REVEL score (0.977) described in ClinVar.","LLR=-3.402, MLM_Delta=-0.845, LogProb_Delta=-1.1","DESC: The c.1108C>T variant in SCN2A is a missense variant predicted to cause substitution of phenylalanine by leucine at amino acid 370 (p.Phe370Leu). The variant has been identified as a de novo occurrence with unconfirmed parental relationships in one individual with a consistent phenotype (early infantile developmental and epileptic encephalopathy) in the published literature (PMID:35431799) (PM6_Supporting). It is absent from the population database gnomAD v2.1.1 and v4.0 (PM2_Supporting). The computational predictor REVEL gives a score of 0.977, which is above the threshold of 0.773, evidence that correlates with a maximum strength of PP3_Moderate. In summary, this variant meets the criteria to be classified as a variant of uncertain significance for autosomal dominant complex neurodevelopmental disorder based on the ACMG/AMP criteria applied, as specified by the ClinGen Epilepsy Sodium Channel VCEP: PM6_Supporting, PM2_Supporting, PP3_Moderate. (version 1.0; March 26, 2024).",enhancer_Tissue_invariant=-0.026(ref=0.151),"occipital lobe, fetal,|tissue|CAGE|none=0.415(ref=0.535); thalamus, adult,|tissue|CAGE|none=0.411(ref=0.543); cerebellum, adult, pool1|tissue|CAGE|none=0.400(ref=0.547); hippocampus, adult,|tissue|CAGE|none=0.394(ref=0.550); olfactory region, adult|tissue|CAGE|none=0.388(ref=0.563)",MLM / Sequence-constraint signal,SEQUENCE_CONSTRAINED
1571,1571,425706,CONCORDANT,Protein coding sequence disruption,MODERATE,202464857,A,G,BMPR2,VUS,"Strong negative MLM LLR (-2.25) reflects high sequence constraint, aligning with ClinVar's description of a conserved domain and the high REVEL pathogenicity score.","LLR=-2.252, MLM_Delta=-0.630","DESC: The NM_001204.7(BMPR2):c.140G>A (p.Gly47Asp) variant is a missense variant located within exon 2 of BMPR2, predicted to cause substitution of glycine to an aspartic acid. This variant is located within the conserved extracellular domain of the protein but does not affect a known critical residue (PM1_moderate met). The variant is absent from gnomAD v2.1.1 (controls) and v4.1 (PM2_supporting met). The REVEL prediction algorithm score is 0.78, which is above the threshold of 0.75 for pathogenicity (PP3_supporting met). The variant has been reported in an individual with PAH associated with congenital heart disease (PMID: 15358693) but not in patients with hereditary or idiopathic PAH (PS4 not met). Alternative alleles at the same nucleotide or amino acid have not been reported (PS1 and PM5 not met). Functional studies have not been reported (PS3 not assessed). Neither segregation or maternity/paternity data are available (PS2, PP1, BS4 not evaluated). In summary, this variant meets the criteria to be classified as a variant of unknown significance for pulmonary arterial hypertension based on the ACMG/AMP criteria applied, as specified by the ClinGen Pulmonary Hypertension VCEP: PM1_moderate, PM2_supporting, PP3_supporting (VCEP specification version 1.1.0, 1/18/2024).",always_on_exon=-0.039(ref=0.638); skipped_exon=0.036(ref=0.200); enhancer_Tissue_specific=-0.034(ref=0.407); 5UTR+=0.025(ref=0.315),"Neurons,|primary cell|CAGE|none=0.240(ref=0.580); Fibroblast - Dermal,|primary cell|CAGE|none=0.232(ref=0.672); Mast cell,|primary cell|CAGE|none=0.229(ref=0.563); Synoviocyte,|primary cell|CAGE|none=0.228(ref=0.632); Chondrocyte - de diff,|primary cell|CAGE|none=0.226(ref=0.600)",MLM / Sequence-constraint signal,SEQUENCE_CONSTRAINED
1572,1572,425707,CONCORDANT,Missense,ABSENT,202464872,G,A,BMPR2,VUS,"NT signals are weak or absent across all categories, which aligns with the ClinVar VUS classification and the moderate REVEL score (0.55) described in the rationale.","LLR=-0.685, enhancer_Tissue_specific=-0.075, LogProb_Delta=0.4","DESC: The NM_001204.7(BMPR2):c.140G>A (p.Gly47Asp) variant is a missense variant located within exon 2 of BMPR2, predicted to cause substitution of glycine to an aspartic acid. This variant is located within the conserved extracellular domain of the protein but does not affect a known critical residue (PM1_moderate). The variant is absent from gnomAD v2.1.1 (controls) and v4.1 (PM2_supporting). The REVEL prediction algorithm score is 0.55, which is below our threshold of >=0.75 for pathogenicity (PP3_not met) and above our threshold for benignity (BP4 not met). The variant has been reported in an individual with PAH associated with congenital heart disease (PMID: 15358693) but not in patients with hereditary or idiopathic PAH (PS4 not met). Alternative alleles at the same nucleotide or amino acid have not been reported (PS1 and PM5 not met). Functional studies have not been reported (PS3, not evaluated). Neither segregation or maternity/paternity studies have not been reported (PS2, PP1, BS4 not evaluated). In summary, this variant meets the criteria to be classified as a variant of unknown significance for pulmonary arterial hypertension based on the ACMG/AMP criteria applied, as specified by the ClinGen Pulmonary Hypertension VCEP: PM1_moderate, PM2_supporting (VCEP specification version 1.1.0, 1/18/2024).",enhancer_Tissue_specific=-0.075(ref=0.377); start_codon=0.065(ref=0.083); CTCF-bound=-0.047(ref=0.182); splice_donor=-0.039(ref=0.154); splice_acceptor=-0.025(ref=0.199),"Skeletal Muscle Cells,|primary cell|CAGE|none=-0.226(ref=0.862); Olfactory epithelial cells,|primary cell|CAGE|none=-0.206(ref=0.878); Fibroblast - Dermal,|primary cell|CAGE|none=-0.204(ref=0.768); Fibroblast - Cardiac,|primary cell|CAGE|none=-0.200(ref=0.774); Small Airway Epithelial Cells,|primary cell|CAGE|none=-0.198(ref=0.780)",MLM / Sequence-constraint signal,UNCERTAIN_SIGNIFICANCE
1577,1577,425863,PARTIAL,Protein Coding Disruption,MODERATE,202530842,T,A,BMPR2,VUS,"MLM signals show moderate sequence constraint (LLR -1.46), providing some evidence for the protein-level disruption described in ClinVar, though signals are weaker than specialized missense predictors.","LLR=-1.465, MLM_Delta=-0.352","DESC: The NM_001204.7(BMPR2) c.1016T>A (p.Val339Asp) variant is harboured in exon 8 of the gene, encoding the functionally relevant catalytic kinase domain (PM1_met). The variant has been twice reported in the Japanese population in one IPAH and one HPAH subject (PMID: 23579436 and PMID: 23675998), (PS4_supporting). This variant is absent from gnomAD v2.1.1 (controls) and v4.1.0 (PM2_supporting). The REVEL prediction algorithm score is 0.967, AlphaMissense is 0.9992 indicating pathogenicity (PP3_met). PP1 and PS2 were not assessed due to absence of co-segregation data and parental data respectively. No other amino acid change at the same position has been reported for PAH (PS1 and PM5 not assessed). Functional studies have not been conducted for this variant (PS3 not assessed). In summary, this variant meets the criteria to be classified as VUS for pulmonary arterial hypertension based on the ACMG/AMP criteria applied, as specified by the ClinGen Pulmonary Hypertension VCEP: PM1, PM2_supporting, PP3, PS4_supporting (VCEP specification version 1.1.0, 1/18/2024).",enhancer_Tissue_specific=-0.162(ref=0.430); CTCF-bound=-0.081(ref=0.200); stop_codon=0.034(ref=0.115); enhancer_Tissue_invariant=-0.033(ref=0.151); intron=0.031(ref=0.212),"locus coeruleus - adult,|tissue|CAGE|none=0.241(ref=0.613); medial temporal gyrus - adult,|tissue|CAGE|none=0.239(ref=0.575); occipital lobe, adult,|tissue|CAGE|none=0.238(ref=0.553); thalamus, adult,|tissue|CAGE|none=0.230(ref=0.616); putamen, adult,|tissue|CAGE|none=0.214(ref=0.647)",MLM / Sequence-constraint signal,REGULATORY_CHANGE
1578,1578,425864,CONCORDANT,Protein-level sequence disruption,STRONG,202530845,T,C,BMPR2,VUS,"The strong negative LLR (-2.268) indicates significant sequence constraint, supporting the rationale's description of a pathogenic missense mutation in a conserved protein kinase domain.","LLR=-2.268, MLM_Delta=-0.418","DESC: The BMPR2 c.1019T>C (p.Leu340Pro) variant is an exonic variant which is located in exon 8. This variant is absent from gnomAD v2.1.1 controls and v4.1 (PM2_supporting met). The variant is located in a well-established protein kinase domain (PM1_met) and has been identified in 3 apparently unrelated individuals with PAH to date (PMIDs 18356561, 19555857, 32581362; PS4_supporting met). In silico prediction is consistent with a pathogenic effect ((REVEL score 0.980 (>0.75; PP3 met)). PP1 was not assessed due to absence of co-segregation data. No other missense variants at the same amino acid have been reported for pulmonary arterial hypertension (PS1, PM5 not assessed). In summary, this variant meets the criteria to be classified as a variant of uncertain significance for pulmonary arterial hypertension based on the ACMG/AMP criteria applied, as specified by the ClinGen Pulmonary Hypertension VCEP: PM1, PM2_supporting, PP3, PS4_supporting (VCEP specification version 1.1.0, 1/18/2024).",stop_codon=-0.048(ref=0.146); enhancer_Tissue_specific=-0.043(ref=0.349); CTCF-bound=-0.017(ref=0.142),"globus pallidus, adult,|tissue|CAGE|none=0.102(ref=0.552); optic nerve,|tissue|CAGE|none=-0.056(ref=0.590); HepG2|cell line|Histone ChIP-seq|H3K4me1=-0.050(ref=0.793); liver|tissue|RNA-seq|nan=0.040(ref=0.801); adrenal gland|tissue|Histone ChIP-seq|H3K27ac=0.037(ref=0.653)",MLM / Sequence-constraint signal,SEQUENCE_CONSTRAINED
1580,1580,425882,PARTIAL,Protein coding disruption (missense),MODERATE,202532607,C,T,BMPR2,VUS,"NT captures moderate sequence constraint (LLR -1.219) consistent with a pathogenic missense variant in a conserved kinase domain, though magnitudes are lower than specialized protein predictors.","LLR=-1.219, MLM_Delta=-0.130","DESC: The c.1151C>T (p.Ala384Val) variant is a missense variant located in exon 9 of the BMPR2 gene, predicted to cause substitution of alanine to valine encoding the functionally relevant catalytic kinase domain but without functional evidence indicating critical or non-critical (PM1_moderate). This variant is absent from gnomAD v2.1.1 (controls) and v4.1 (PM2_supporting). The REVEL prediction algorithm score is 0.917, AlphaMissense is 0.9915 indicating pathogenicity (PP3_met). The variant has been reported in one Japanese individual (PMID: 23675998) and one Chinese individual (PMID: 30578397, PMID: 32634488) with idiopathic PAH (PS4_supporting). PS2 was not assessed due to lack of paternity data. Functional studies have not been conducted for this variant (PS3 not assessed). In summary, this variant meets the criteria to be classified as a variant of uncertain significance for pulmonary arterial hypertension based on the ACMG/AMP criteria applied, as specified by the ClinGen Pulmonary Hypertension VCEP: PM1_moderate, PM2_supporting, PP3_supporting (VCEP specification version 1.1.0, 1/18/2024).",stop_codon=0.030(ref=0.065); 5UTR+=0.026(ref=0.263); CTCF-bound=-0.013(ref=0.235),"stomach|tissue|Histone ChIP-seq|H3K36me3=-0.163(ref=0.883); aorta|tissue|Histone ChIP-seq|H3K27ac=-0.145(ref=0.764); occipital lobe, adult,|tissue|CAGE|none=-0.143(ref=0.755); CD19+ B Cells,|primary cell|CAGE|none=-0.136(ref=0.722); Olfactory epithelial cells,|primary cell|CAGE|none=-0.129(ref=0.807)",MLM / Sequence-constraint signal,UNCERTAIN_SIGNIFICANCE
1587,1587,425889,CONCORDANT,Sequence conservation/Protein-coding constraint,MODERATE,202532631,T,C,BMPR2,VUS,"MLM shows strong sequence constraint (LLR -1.946), supporting ClinVar's rationale of a pathogenic missense variant in a conserved kinase domain (REVEL 0.954, AlphaMissense 0.9795).","LLR=-1.946, lung|CAGE=0.194","DESC: The NM_001204.7(BMPR2) c.1175T>C (p.Val392Ala) variant is located in exon 9 of the BMPR2 gene and is absent from gnomAD v2.1.1 (controls) and v4.1.0 (PM2_supporting). The variant is located in the functionally relevant catalytic kinase domain (PM1_met) but is not a critical or non-critical residue. The variant has been reported in only one individual with IPAH (PMID: 21737554 and 20002458) (PS4 not met). The REVEL score for the variant is 0.954, which is greater than the PH VCEP threshold of >= 0.75, and the AlphaMissense score is 0.9795, indicating pathogenicity (PP3_met). No segregation or parental data were found (PP1 and PS2 not evaluated). No other amino acid change at the same position has been reported for PAH (PS1 and PM5 not evaluated). No functional evidence was found (PS3 not evaluated). In summary, this variant meets the criteria to be classified as a variant of uncertain significance for pulmonary arterial hypertension based on the ACMG/AMP criteria applied, as specified by the ClinGen Pulmonary Hypertension VCEP: PM2_supporting, PM1, PP3 (VCEP specification version 1.1.0, 1/18/2024).",enhancer_Tissue_specific=0.037(ref=0.257); always_on_exon=0.032(ref=0.534); enhancer_Tissue_invariant=-0.026(ref=0.262); intron=-0.025(ref=0.364); 5UTR+=-0.022(ref=0.218),"occipital lobe, adult,|tissue|CAGE|none=0.223(ref=0.630); lung, right lower lobe, adult,|tissue|CAGE|none=0.194(ref=0.621); occipital lobe, fetal,|tissue|CAGE|none=0.194(ref=0.604); squamous cell carcinoma cell line|cell line|CAGE|none=0.178(ref=0.672); globus pallidus, adult,|tissue|CAGE|none=0.177(ref=0.650)",MLM / Sequence-constraint signal,UNCERTAIN_SIGNIFICANCE
1588,1588,425895,CONCORDANT,Sequence conservation disruption,MODERATE,202532676,A,C,BMPR2,VUS,"MLM LLR (-1.384) captures moderate sequence constraint at the conserved kinase domain residue described in the rationale, despite minimal BED/BW signals.","LLR=-1.384, MLM_Delta=-0.136","DESC: The c.1220A>C (p. Tyr407Ser) variant is a missense variant located in exon 9 of the BMPR2 gene, predicted to cause substitution of tyrosine to serine at amino acid position 407. The variant is present in the conserved catalytic kinase domain but without functional evidence indicating a critical or non-critical amino acid residue (PM1_moderate). The variant is absent from gnomAD v2.1.1 controls and v4.1 (PM2_supporting). The REVEL prediction algorithm score is 0.981 and AlphaMissense is 0.9904 indicating pathogenicity (PP3_met). The variant has been reported in only one individual with PAH (PMID: 26387786) (PS4 not met). PS2 was not assessed due to lack of paternity data. No functional studies have been conducted for this variant (PS3 not assessed). In summary, this variant meets the criteria to be classified as a variant of uncertain significance for pulmonary arterial hypertension based on the ACMG/AMP criteria applied, as specified by the ClinGen Pulmonary Hypertension VCEP: PM1_moderate, PM2_supporting, PP3_supporting (VCEP specification version 1.1.0, 1/18/2024).",enhancer_Tissue_specific=0.060(ref=0.219); always_on_exon=0.055(ref=0.547); skipped_exon=-0.041(ref=0.325); intron=-0.035(ref=0.328); 5UTR+=0.015(ref=0.288),"breast carcinoma cell line|cell line|CAGE|none=-0.143(ref=0.868); glassy cell carcinoma cell line|cell line|CAGE|none=-0.114(ref=0.862); carcinoid cell line|cell line|CAGE|none=-0.112(ref=0.863); epidermoid carcinoma cell line|cell line|CAGE|none=-0.109(ref=0.721); lung adenocarcinoma, papillary cell line|cell line|CAGE|none=-0.108(ref=0.906)",MLM / Sequence-constraint signal,UNCERTAIN_SIGNIFICANCE
1591,1591,425905,CONCORDANT,Neutral Missense,ABSENT,202532713,A,T,BMPR2,VUS,"ClinVar classifies the variant as a VUS with limited evidence; NT signals across all categories are near-zero, matching the lack of strong functional or evolutionary evidence for pathogenicity.","LLR=-0.345, enhancer_Tissue_specific=0.038, LogProb_Delta=0.7","DESC: BMPR2 c.1257A>T is a missense variant predicted to cause substitution of arginine to serine at amino acid position 419 (p.Arg419Ser). The variant is absent from gnomAD v2.1.1 controls and found at a maximum allele frequency of 0.000022 in gnomAD v4.1.0 in the East Asian ancestry group, meeting PM2_supporting criterion of <0.01% (BA1 and BS1 not met). The REVEL score of 0.59 does not meet BP4 (<=0.25) or PP3 (>=0.75) criteria. This variant resides within the critical kinase domain (PM1_moderate met). Co-segregation/case, experimental criteria, and alternative missense variants at the same location were not evaluated due to lack of reported evidence. In summary, this variant meets the criteria to be classified as a variant of uncertain significance for pulmonary arterial hypertension based on the ACMG/AMP criteria applied, as specified by the ClinGen Pulmonary Hypertension VCEP: PM2_supporting, PM1_moderate (VCEP specification version 1.1.0, 1/18/2024).",enhancer_Tissue_specific=0.038(ref=0.211); intron=0.029(ref=0.345); enhancer_Tissue_invariant=0.027(ref=0.246); 5UTR+=0.022(ref=0.284); CTCF-bound=0.020(ref=0.216),"occipital lobe, adult,|tissue|CAGE|none=-0.082(ref=0.630); CD19+ B Cells,|primary cell|CAGE|none=-0.079(ref=0.627); Mast cell,|primary cell|CAGE|none=-0.070(ref=0.651); temporal lobe, fetal, , tech_|tissue|CAGE|none=-0.064(ref=0.620); seminal vesicle, adult|tissue|CAGE|none=-0.064(ref=0.638)",MLM / Sequence-constraint signal,UNCERTAIN_SIGNIFICANCE
1839,1839,1299471,CONCORDANT,Protein-level functional disruption,STRONG,11844091,A,G,TAMM41,VUS,"The strong negative LLR (-2.368) indicates significant sequence constraint, supporting the ClinVar rationale that this missense variant (p.Ser86Pro) disrupts an essential functional protein domain.","LLR=-2.368, LogProb_Delta=-0.7","DESC: The heterozygous p.Ser86Pro variant in TAMM41 was identified by our study, in the compound heterozygous state with a variant of uncertain significance, in one individual with combined oxidative phosphorylation deficiency 56 (PMID: 35321494). Trio genome analysis revealed that this variant was in trans with the VUS (ClinVar Variation ID: 1299472). The p.Ser86Pro variant in TAMM41 has not been previously reported in the literature in individuals with combined oxidative phosphorylation deficiency 56, but has been identified in 0.1% (33/29606) of Ashkenazi Jewish chromosomes by the Genome Aggregation Database (gnomAD, http://gnomad.broadinstitute.org; dbSNP ID: rs199871047). Although this variant has been seen in the general population in a heterozygous state, its frequency is not high enough to rule out a pathogenic role. This variant has also been reported in ClinVar (Variation ID: 1299471) and has been interpreted as pathogenic by Institut IMAGINE (Institut National de la Sante et de la Recherche Medicale) and OMIM. In vitro functional studies provide some evidence that the p.Ser86Pro variant may slightly impact protein function (PMID: 35321494). However, these types of assays may not accurately represent biological function. The p.Ser86Pro variant is located in a region of TAMM41 that is essential to protein folding and stability, suggesting that this variant is in a functional domain and slightly supports pathogenicity (PMID: 35321494). Furthermore, although this gene has been reported in association with combined oxidative phosphorylation deficiency 56, it currently has limited evidence for these associations. In summary, while there is some suspicion for a pathogenic role, the clinical significance of this variant is uncertain. | Functional validation in a Saccharomyces cerevisiae strain deleted of TAM4: the mutant cDNA failed to reverse the growth defect of the yeast with the tam41 gene deleted | The TAMM41 c.256T>C (p.Ser86Pro) variant has been reported in trans with a canonical splice variant in one individual affected with combined oxidative phosphorylation deficiency (Thompson K et al., PMID: 35321494). The highest population minor allele frequency in the population database genome aggregation database (v.2.1.1) is 0.116% in the Ashkenazi Jewish population. Functional studies were performed with TAM41 deleted in Saccharomyces cerevisiae that resulted in a growth defect. The analogous variant to p.Ser86Pro in yeast, p.Lys186Pro, failed to reverse the growth defect, indicating an impact on TAMM41 function. Conversely, computational predictors suggest that the variant does not impact TAMM41 function. This variant has been reported in the ClinVar database as a pathogenic variant by one submitter (ClinVar Variation ID: 1299471). Due to conflicting information, and based on ACMG/AMP guidelines for variant interpretation (Richards S et al., PMID: 25741868), the clinical significance of this variant is uncertain at this time.",splice_acceptor=0.033(ref=0.144); intron=0.032(ref=0.366); skipped_exon=-0.026(ref=0.646); exon=-0.026(ref=0.846); always_on_exon=0.024(ref=0.281),"Mast cell,|primary cell|CAGE|none=0.216(ref=0.581); testis, adult, pool1|tissue|CAGE|none=0.215(ref=0.650); seminal vesicle, adult|tissue|CAGE|none=0.202(ref=0.630); adipose,|tissue|CAGE|none=0.191(ref=0.609); globus pallidus, adult,|tissue|CAGE|none=0.184(ref=0.554)",MLM / Sequence-constraint signal,UNCERTAIN_SIGNIFICANCE
2500,2500,13550,CONCORDANT,Protein-level sequence constraint,MODERATE,54278380,C,T,PDGFRA,VUS,"NT MLM LLR (-2.798) strongly captures the high evolutionary conservation described in the ClinVar rationale for this missense variant, despite weak transcript-level (BED) signals.","LLR=-2.798, MLM_Delta=-0.525","DESC: This sequence change replaces threonine, which is neutral and polar, with isoleucine, which is neutral and non-polar, at codon 674 of the PDGFRA protein (p.Thr674Ile). This variant is not present in population databases (gnomAD no frequency). This variant has not been reported in the literature in individuals affected with PDGFRA-related conditions. ClinVar contains an entry for this variant (Variation ID: 13550). Advanced modeling of protein sequence and biophysical properties (such as structural, functional, and spatial information, amino acid conservation, physicochemical variation, residue mobility, and thermodynamic stability) has been performed at Invitae for this missense variant, however the output from this modeling did not meet the statistical confidence thresholds required to predict the impact of this variant on PDGFRA protein function. In summary, the available evidence is currently insufficient to determine the role of this variant in disease. Therefore, it has been classified as a Variant of Uncertain Significance. | The p.T674I variant (also known as c.2021C>T), located in coding exon 14 of the PDGFRA gene, results from a C to T substitution at nucleotide position 2021. The threonine at codon 674 is replaced by isoleucine, an amino acid with similar properties. This amino acid position is highly conserved in available vertebrate species. In addition, this alteration is predicted to be deleterious by in silico analysis. Based on the available evidence, the clinical significance of this variant remains unclear.",stop_codon=0.040(ref=0.068); intron=0.034(ref=0.347); 3UTR+=0.013(ref=0.172),"diaphragm, fetal,|tissue|CAGE|none=-0.253(ref=0.919); lung, right lower lobe, adult,|tissue|CAGE|none=-0.251(ref=0.877); rectum, fetal,|tissue|CAGE|none=-0.243(ref=0.897); lung, fetal,|tissue|CAGE|none=-0.239(ref=0.900); globus pallidus, adult,|tissue|CAGE|none=-0.223(ref=0.909)",MLM / Sequence-constraint signal,SEQUENCE_CONSTRAINED
2935,2935,9019,DISCORDANT,Protein functional disruption (missense),WEAK,173233062,C,G,NKX2-5,VUS,"ClinVar confirms a deleterious missense effect on DNA binding, but NT signals (LLR -0.8, BED/BW deltas < 0.1) are weak and fail to capture this disruption.","LLR=-0.796, MLM_Delta=-0.286","DESC: Not observed at significant frequency in large population cohorts (gnomAD); In silico analysis supports that this missense variant has a deleterious effect on protein structure/function; Reported in a patient with thyroid dysgenesis in published literature (Dentice et al., 2006); Functional studies showed that p.(R161P) results in reduced activity of reporter genes and impaired DNA binding of NKX2-5 compared to wild-type (Dentice et al., 2006); This variant is associated with the following publications: (PMID: 27013732, 27152669, 35328834, 16418214) | This sequence change replaces arginine, which is basic and polar, with proline, which is neutral and non-polar, at codon 161 of the NKX2-5 protein (p.Arg161Pro). This variant is present in population databases (rs137852685, gnomAD 0.003%). This missense change has been observed in individual(s) with clinical features of NKX2-5-related conditions (PMID: 16418214). ClinVar contains an entry for this variant (Variation ID: 9019). Advanced modeling of protein sequence and biophysical properties (such as structural, functional, and spatial information, amino acid conservation, physicochemical variation, residue mobility, and thermodynamic stability) has been performed at Invitae for this missense variant, however the output from this modeling did not meet the statistical confidence thresholds required to predict the impact of this variant on NKX2-5 protein function. Experimental studies have shown that this missense change affects NKX2-5 function (PMID: 16418214). In summary, the available evidence is currently insufficient to determine the role of this variant in disease. Therefore, it has been classified as a Variant of Uncertain Significance.",3UTR+=-0.015(ref=0.150),"adipose,|tissue|CAGE|none=0.107(ref=0.727); embryonic kidney cell line|cell line|CAGE|none=0.102(ref=0.669); Mast cell,|primary cell|CAGE|none=0.101(ref=0.636); Prostate Epithelial Cells (polarized),|primary cell|CAGE|none=0.097(ref=0.599); Hepatic Sinusoidal Endothelial Cells,|primary cell|CAGE|none=0.085(ref=0.577)",MLM / Sequence-constraint signal,UNCERTAIN_SIGNIFICANCE
2959,2959,16269,CONCORDANT,Protein functional disruption (Missense),STRONG,180619749,C,T,FLT4,VUS,"MLM LLR (-2.807) indicates strong evolutionary/sequence constraint, supporting ClinVar's description of a potentially damaging missense variant in the protein kinase domain.","LLR=-2.807, MLM_Delta=-0.756","DESC: Variant summary: FLT4 c.2563G>A (p.Ala855Thr) results in a non-conservative amino acid change located in the protein kinase domain (IPR000719) of the encoded protein sequence. Five of five in-silico tools predict a damaging effect of the variant on protein function. The variant allele was found at a frequency of 8.2e-06 in 243830 control chromosomes (gnomAD). The available data on variant occurrences in the general population are insufficient to allow any conclusion about variant significance. c.2563G>A has been reported in the literature in a homozygous proband affected with lymphoedema from a consanguineous family. However, parents who were heterozygous for this variant had no clinical signs of lymphoedema indicating variant did not segregate with disease in this family (example: Ghalamkarpour_2009). This report does not provide unequivocal conclusions about association of the variant with FLT4-Related Disorders. One publication reports experimental evidence that phosphorylation of the A855T mutant FLT4/VEGFR3 is weak upon VEGF-C induction. However, this report does not allow convincing conclusions about the variant effect (example: Ghalamkarpour_2009). The following publication has been ascertained in the context of this evaluation (PMID: 19289394). No submitters have cited clinical-significance assessments for this variant to ClinVar after 2014. Based on the evidence outlined above, the variant was classified as uncertain significance. | Observed in the homozygous state in a patient in published literature with congenital lymphedema whose heterozygous parents were unaffected, and not observed in the homozygous state in controls (Ghalamkarpour et al., 2009); Published functional studies suggest a damaging effect: impaired ligand induced internalization, impaired ERK1/2 activity, and reduced receptor phosphorylation (Ghalamkarpour et al., 2009); In silico analysis supports that this missense variant has a deleterious effect on protein structure/function; This variant is associated with the following publications: (PMID: 10835628, 11114740, 23074044, 19289394)",3UTR-=-0.015(ref=0.689),"Hepatic Sinusoidal Endothelial Cells,|primary cell|CAGE|none=0.117(ref=0.636); globus pallidus, adult,|tissue|CAGE|none=-0.086(ref=0.641); Renal Glomerular Endothelial Cells,|primary cell|CAGE|none=0.048(ref=0.710); HeLa-S3|cell line|Histone ChIP-seq|H3K4me1=0.048(ref=0.777); H7|cell line|Histone ChIP-seq|H3K4me3=-0.040(ref=0.909)",MLM / Sequence-constraint signal,SEQUENCE_CONSTRAINED
3178,3178,143111,DISCORDANT,MISSENSE,ABSENT,63778111,C,T,EYS,VUS,"NT signals are negligible across all modalities (BED, BW, MLM) despite ClinVar's description of a non-conservative missense variant in a functional domain associated with disease.","LLR=-0.551, LogProb_Delta=0.4, skipped_exon=0.025","DESC: Variant summary: EYS c.7793G>A (p.Gly2598Asp) results in a non-conservative amino acid change located in the Laminin G domain (IPR001791) of the encoded protein sequence. Three of five in-silico tools predict a benign effect of the variant on protein function. The variant was absent in 157172 control chromosomes. c.7793G>A has been reported in the literature in individuals affected with Retinitis Pigmentosa (Hosono_2012, Hirashima_2017). These data indicate that the variant may be associated with disease. To our knowledge, no experimental evidence demonstrating an impact on protein function has been reported. The following publications have been ascertained in the context of this evaluation (PMID: 31054281, 28763560, 22363543, 23421333). No submitters have cited clinical-significance assessments for this variant to ClinVar after 2014. Based on the evidence outlined above, the variant was classified as VUS-possibly pathogenic.",skipped_exon=0.025(ref=0.668); protein_coding_gene=0.023(ref=0.803); always_on_exon=-0.022(ref=0.233); lncRNA=-0.020(ref=0.242),"CD4-positive, alpha-beta T cell|primary cell|Histone ChIP-seq|H3K9me3=-0.058(ref=0.693); trophoblast|tissue|Histone ChIP-seq|H3K4me1=-0.054(ref=0.802); stomach smooth muscle|tissue|Histone ChIP-seq|H3K9me3=0.048(ref=0.739); muscle of trunk|tissue|Histone ChIP-seq|H3K4me1=-0.046(ref=0.765); spinal cord|tissue|Histone ChIP-seq|H3K4me1=-0.039(ref=0.766)",MLM / Sequence-constraint signal,UNCERTAIN_SIGNIFICANCE
3233,3233,6379,CONCORDANT,Sequence conservation (missense),MODERATE,112064842,G,A,CCN6,VUS,"NT MLM provides a moderate negative LLR (-1.18), supporting the damaging in-silico predictions mentioned in the rationale for this missense variant, with no detected regulatory or splice effects.","LLR=-1.179, MLM_Delta=-0.243","DESC: Variant summary: CCN6 c.434G>A (p.Cys145Tyr) results in a non-conservative amino acid change located in the IGFBP-related protein, CNN type (IPR012395) of the encoded protein sequence. Five of five in-silico tools predict a damaging effect of the variant on protein function. The frequency data for this variant in gnomAD is considered unreliable, as metrics indicate poor data quality at this position. c.434G>A has been observed in one individual affected with Progressive Pseudorheumatoid Dysplasia (Hurvitz_1999). These data do not allow any conclusion about variant significance. To our knowledge, no experimental evidence demonstrating an impact on protein function has been reported. The following publication has been ascertained in the context of this evaluation (PMID: 10471507). ClinVar contains an entry for this variant (Variation ID: 6379). Based on the evidence outlined above, the variant was classified as uncertain significance.",enhancer_Tissue_specific=-0.074(ref=0.363); stop_codon=0.044(ref=0.090); splice_donor=-0.026(ref=0.137); splice_acceptor=-0.024(ref=0.153); 3UTR+=0.019(ref=0.099),"H1|cell line|Histone ChIP-seq|H3K4me1=-0.090(ref=0.878); muscle of trunk|tissue|Histone ChIP-seq|H3K4me1=-0.080(ref=0.865); foreskin keratinocyte|primary cell|Histone ChIP-seq|H3K9ac=-0.065(ref=0.761); ectodermal cell|in vitro differentiated cells|Histone ChIP-seq|H3K4me1=-0.062(ref=0.801); lung adenocarcinoma, papillary cell line|cell line|CAGE|none=0.062(ref=0.551)",MLM / Sequence-constraint signal,SEQUENCE_CONSTRAINED
3338,3338,812690,CONCORDANT,Neutral Missense,ABSENT,21786711,C,T,DNAH11,VUS,"NT signals are nearly absent across all categories, which aligns with the ClinVar rationale describing the variant as poorly conserved and predicted to be tolerated by in silico tools.","LLR=-0.696, LogProb_Delta=0.3, enhancer_Tissue_specific=-0.020","DESC: The p.Arg3229Trp variant in DNAH11 has not been previously reported in the literature in individuals with primary ciliary dyskinesia, but has been identified in 0.003% (2/74892) of African/African American chromosomes by the Genome Aggregation Database (gnomAD, http://gnomad.broadinstitute.org; dbSNP ID: rs886536075). Although this variant has been seen in the general population in a heterozygous state, its frequency is low enough to be consistent with a recessive carrier frequency. This variant has also been reported in ClinVar (Variation ID: 812690) and has been interpreted as likely pathogenic by Department Of Translational Genomics (developmental Genetics Section, King Faisal Specialist Hospital & Research Centre). Computational prediction tools and conservation analyses do not provide strong support for or against an impact to the protein. In summary, the clinical significance of the p.Arg3229Trp variant is uncertain. ACMG/AMP Criteria applied: PM2_supporting. | The p.R3229W variant (also known as c.9685C>T), located in coding exon 59 of the DNAH11 gene, results from a C to T substitution at nucleotide position 9685. The arginine at codon 3229 is replaced by tryptophan, an amino acid with dissimilar properties. This amino acid position is not well conserved in available vertebrate species. In addition, this alteration is predicted to be tolerated by in silico analysis. Based on the available evidence, the clinical significance of this variant remains unclear.",CTCF-bound=0.011(ref=0.134),"CD4-positive, alpha-beta T cell|primary cell|Histone ChIP-seq|H3K9me3=-0.064(ref=0.759); stomach smooth muscle|tissue|Histone ChIP-seq|H3K9me3=0.054(ref=0.796); foreskin keratinocyte|primary cell|Histone ChIP-seq|H3K9ac=-0.053(ref=0.703); foreskin keratinocyte|primary cell|Histone ChIP-seq|H3K4me1=-0.052(ref=0.816); muscle of trunk|tissue|Histone ChIP-seq|H3K4me1=-0.048(ref=0.807)",MLM / Sequence-constraint signal,UNCERTAIN_SIGNIFICANCE
3451,3451,39841,CONCORDANT,None detected,ABSENT,87439765,G,C,ABCB4,VUS,"ClinVar classifies the variant as a VUS with insufficient evidence; NT signals are uniformly weak or neutral, consistent with the lack of established clinical impact.","LLR=0.688, LogProb_Delta=1.3","DESC: ClinVar contains an entry for this variant (Variation ID: 39841). This missense change has been observed in individual(s) with autosomal dominant low phospholipid-associated cholelithiasis (PMID: 18482588). This variant is not present in population databases (gnomAD no frequency). This sequence change replaces arginine, which is basic and polar, with glycine, which is neutral and non-polar, at codon 545 of the ABCB4 protein (p.Arg545Gly). Advanced modeling of protein sequence and biophysical properties (such as structural, functional, and spatial information, amino acid conservation, physicochemical variation, residue mobility, and thermodynamic stability) has been performed at Invitae for this missense variant, however the output from this modeling did not meet the statistical confidence thresholds required to predict the impact of this variant on ABCB4 protein function. In summary, the available evidence is currently insufficient to determine the role of this variant in disease. Therefore, it has been classified as a Variant of Uncertain Significance. | Variant summary: ABCB4 c.1633C>G (p.Arg545Gly) results in a non-conservative amino acid change located in the ABC transporter-like, ATP-binding domain (IPR003439) of the encoded protein sequence. Five of five in-silico tools predict a damaging effect of the variant on protein function. The variant was absent in 251288 control chromosomes (gnomAD). The available data on variant occurrences in the general population are insufficient to allow any conclusion about variant significance. c.1633C>G has been reported in the literature in a heterozygous individual affected with Unexplained Anicteric Cholestasis (Ziol_2008). This report does not provide unequivocal conclusions about association of the variant with Familial Intrahepatic Cholestasis. To our knowledge, no experimental evidence demonstrating an impact on protein function has been reported. The following publication has been ascertained in the context of this evaluation (PMID: 18482588). ClinVar contains an entry for this variant (Variation ID: 39841). Based on the evidence outlined above, the variant was classified as uncertain significance.",splice_donor=0.035(ref=0.092),H9|cell line|Histone ChIP-seq|H3K36me3=-0.062(ref=0.831); K562|cell line|Histone ChIP-seq|H3K4me1=-0.051(ref=0.865); AG04450|cell line|Histone ChIP-seq|H3K9me3=-0.050(ref=0.893); adrenal gland|tissue|Histone ChIP-seq|H3K9me3=-0.048(ref=0.727); H1|cell line|Histone ChIP-seq|H3K9me3=-0.048(ref=0.811),Benign / Neutral / None,UNCERTAIN_SIGNIFICANCE
3689,3689,13793,DISCORDANT,Sequence Plausibility,WEAK,127613804,G,A,PAX4,VUS,"NT fails to detect the potential splice disruption mentioned in the rationale (BED delta ~0) and provides weak, contradictory sequence signals (LLR vs positive LogProb_Delta).","LLR=1.765, LogProb_Delta=2.2, splice_donor=0.010","DESC: PAX4: PM2:Supporting, PP1, PS3:Supporting | In summary, the available evidence is currently insufficient to determine the role of this variant in disease. Therefore, it has been classified as a Variant of Uncertain Significance. This sequence change replaces arginine, which is basic and polar, with tryptophan, which is neutral and slightly polar, at codon 164 of the PAX4 protein (p.Arg164Trp). This variant is present in population databases (rs121917718, gnomAD 0.01%). This missense change has been observed in individual(s) with clinical features of maturity-onset diabetes of the young (PMID: 17426099). ClinVar contains an entry for this variant (Variation ID: 13793). An algorithm developed to predict the effect of missense changes on protein structure and function (PolyPhen-2) suggests that this variant is likely to be disruptive. Experimental studies have shown that this missense change affects PAX4 function (PMID: 17426099, 25951767). Algorithms developed to predict the effect of sequence changes on RNA splicing suggest that this variant may disrupt the consensus splice site. | Based on the classification scheme VCGS_Germline_v1.3.4, this variant is classified as VUS-3B. Following criteria are met: 0105 - The mechanism of disease for this gene is not clearly established. Loss of function has been suggested as the mechanism of disease, but dominant negative has not been excluded (PMID: 17426099). (I) 0107 - This gene is associated with autosomal dominant disease. (I) 0200 - Variant is predicted to result in a missense amino acid change from arginine to tryptophan. (I) 0251 - This variant is heterozygous. (I) 0302 - Variant is present in gnomAD (v2) <0.001 for a dominant condition (14 heterozygotes, 0 homozygotes). (SP) 0309 - An alternative amino acid change at the same position has been observed in gnomAD (v2) (12 heterozygotes, 0 homozygotes). (I) 0501 - Missense variant consistently predicted to be damaging by multiple in silico tools or highly conserved with a major amino acid change. (SP) 0600 - Variant is located in the annotated homeodomain (PMID: 17426099). (I) 0704 - Another missense variant comparable to the one identified in this case has limited previous evidence for pathogenicity. p.(Arg164Gln) has been observed as heterozygous in several members of a large family with type 2 diabetes mellitus or impaired glucose tolerance (PMID: 32801813). This variant has also been classified as a VUS by two clinical laboratoies in ClinVar and in the literature (PMID: 34135026). (SP) 0803 - This variant has limited previous evidence of pathogenicity in an unrelated individual. This variant has been observed in three members of one family with type 2 diabetes mellitus and one member with impaired glucose tolerance, but was not observed in two other members of this family who also had impaired glucose tolerance (PMID: 17426099) (SP) 0906 - Segregation evidence for this variant is inconclusive. This variant has been observed in three members of one family with type 2 diabetes mellitus and 1 member with impaired glucose tolerance, but was not observed in another two family members with impaired glucose tolerance (PMID: 32801813). (I) 1002 - This variant has moderate functional evidence supporting abnormal protein function. This variant has been shown to reduce the repression of insulin activity compared to WT cells (PMID: 17426099). (SP) 1208 - Inheritance information for this variant is not currently available in this individual. (I) Legend: (SP) - Supporting pathogenic, (I) - Information, (SB) - Supporting benign",intron=0.074(ref=0.292); always_on_exon=-0.053(ref=0.650); exon=-0.037(ref=0.810); polyA_signal=0.035(ref=0.057); ORF=-0.034(ref=0.789),"Neural stem cells,|primary cell|CAGE|none=-0.051(ref=0.592); K562|cell line|Histone ChIP-seq|H3K4me1=-0.034(ref=0.911); heart|tissue|Histone ChIP-seq|H3K27me3=0.029(ref=0.729); adrenal gland|tissue|Histone ChIP-seq|H3K9me3=-0.029(ref=0.922); subcutaneous abdominal adipose tissue|tissue|Histone ChIP-seq|H3K4me3=0.029(ref=0.619)",MLM / Sequence-constraint signal,UNCERTAIN_SIGNIFICANCE
3949,3949,393589,CONCORDANT,Protein coding (missense),ABSENT,98148852,G,A,POP1,VUS,"NT signals are weak or neutral (LLR -0.08), matching the rationale's description of 'uninformative conservation' and 'inconclusive in silico prediction' for this missense VUS.","LLR=-0.081, enhancer_Tissue_specific=0.329, LogProb_Delta=1.2","DESC: In silico analysis supports that this missense variant has a deleterious effect on protein structure/function; This variant is associated with the following publications: (PMID: 21455487, 28067412, 27380734) | This variant is classified as VUS-3A. Evidence in support of pathogenic classification: Variant is present in gnomAD <0.01 for a recessive condition (v4: 72 heterozygote(s), 0 homozygote(s)); This variant has limited previous evidence of pathogenicity in unrelated individuals. This variant has been classified as a VUS by a clinical laboratory in ClinVar and has been reported in the literature in a compound heterozygous state in two siblings with anauxetic dysplasia (PMID: 21455487). Additional information: Variant is predicted to result in a missense amino acid change from Gly to Glu; This variant is heterozygous; This gene is associated with autosomal recessive disease; Alternative amino acid change(s) at the same position are present in gnomAD (Highest allele count: v4: 2 heterozygote(s), 0 homozygote(s)); No comparable missense variants have previous evidence for pathogenicity; Variant is not located in an established domain, motif, hotspot or informative constraint region; Missense variant with inconclusive in silico prediction and uninformative conservation; Loss of function is a known mechanism of disease in this gene and is associated with anauxetic dysplasia 2 (MIM#617396); This variant has been shown to be maternally inherited by trio analysis.",enhancer_Tissue_specific=0.329(ref=0.502); skipped_exon=-0.077(ref=0.236); always_on_exon=0.077(ref=0.602); enhancer_Tissue_invariant=-0.076(ref=0.158); splice_donor=-0.066(ref=0.123),EH|cell line|DNase-seq|none=0.451(ref=0.549); GM23248|cell line|DNase-seq|none=0.431(ref=0.569); foreskin fibroblast|primary cell|DNase-seq|none=0.429(ref=0.571); stromal cell of bone marrow|primary cell|DNase-seq|none=0.415(ref=0.585); fibroblast of the aortic adventitia|primary cell|DNase-seq|none=0.408(ref=0.587),MLM / Sequence-constraint signal,REGULATORY_GAIN
4370,4370,4677,CONCORDANT,Start codon disruption,MODERATE,14954009,A,G,DCLRE1C,VUS,"NT correctly identifies the disruption of the start codon and ORF. BW signals show relevant logit decreases in immune cell CAGE tracks, supporting the SCID/Omenn syndrome phenotype.","start_codon=-0.291(ref=0.515), ORF=-0.133(ref=0.454), CD4+ T Cells|CAGE=-0.215","DESC: The c.2T>C (p.Met1Thr) (NM_001033855.3) is a missense variant predicted to cause the substitution of Methionine by Threonine at amino acid 1 (p.Met1Thr). The next possible initiation codon is at codon 8. This region does not contain known pathogenic/likely pathogenic variants, PVS1_Supporting. The highest population minor allele frequency in gnomAD v4 is 0.00001470 (1/68040 alleles) in European (non-Finnish) population, which is lower than the ClinGen SCID VCEP threshold (<0.00003266) for PM2_Supporting, meeting this criterion (PM2_Supporting). At least one patient was observed in the literature (PMID: 15731174) presenting: * Diagnostic criteria for Omenn syndrome (0.5pt) + * Increased cellular radiosensitivity (0.5pt) = total 1 point, PP4_Supporting. The variant has been reported to segregate with OS in - at least - 02 affected family members (proband + one brother) from one family (PP1_Supporting). The patient also had another affected brother without genomic information (PMID: 15731174). This patient is compound heterozygous with c.103C>G (H35D). Phase is confirmed; Pathogenic according to the SCID VCEP specifications; Not counted here to avoid circularity. Two functional assays were found: PMID: 15731174 shows that the ARTEMIS variant (M1T) resulted in a V(D)J recombination efficiency of 2.1% to 2.7%. This corresponds to a recombination efficiency of between 37% and 48% when compared with the assay with WT-ARTEMIS (Which is higher than our threshold, 25%. In the second reference, the activity levels (in % of WT activity) are Recombination (Mean, SD): 80.41, 4.77 and DNA repair (Mean, SD): 76.04, 6.43. Both exceed the established threshold for PS3 (<25% of wild-type activity). With this, PS3 is not applied at any level of evidence. In summary, this variant meets the criteria to be classified as a variant of uncertain significance for autosomal recessive severe combined immunodeficiency due to DCLRE1C deficiency based on the ACMG/AMP criteria applied, as specified by the ClinGen SCID VCEP: (specification version 1.0): PVS1_Supporting, PM2_Supporting, PP1_Supporting, and PP4_Supporting.",start_codon=-0.291(ref=0.515); ORF=-0.133(ref=0.454); 5UTR-=0.098(ref=0.665); stop_codon=-0.095(ref=0.186); enhancer_Tissue_invariant=-0.047(ref=0.370),"lung, right lower lobe, adult,|tissue|CAGE|none=0.360(ref=0.622); uterus, adult, pool1|tissue|CAGE|none=0.340(ref=0.640); squamous cell carcinoma cell line|cell line|CAGE|none=0.340(ref=0.643); lung, fetal,|tissue|CAGE|none=0.336(ref=0.647); occipital lobe, fetal,|tissue|CAGE|none=0.335(ref=0.577)",Start codon / Initiation / ORF,START_LOSS
4544,4544,4730,CONCORDANT,Protein-coding sequence constraint,STRONG,86706669,C,G,LDB3,VUS,"Strong negative LLR (-2.979) indicates significant evolutionary constraint at this amino acid position, supporting a potential functional impact despite the ClinVar VUS classification.","LLR=-2.979, MLM_Delta=-0.832","DESC: The LDB3 gene has multiple clinically relevant transcripts. This variant occurs in alternate transcript NM_007078.3, and corresponds to NM_001080116.1:c.*7295C>G in the primary transcript. This sequence change replaces isoleucine, which is neutral and non-polar, with methionine, which is neutral and non-polar, at codon 345 of the LDB3 protein (p.Ile345Met). This variant is present in population databases (rs121908336, gnomAD 0.0009%). This variant has not been reported in the literature in individuals affected with LDB3-related conditions. Experimental studies and prediction algorithms are not available or were not evaluated, and the functional significance of this variant is currently unknown. In summary, the available evidence is currently insufficient to determine the role of this variant in disease. Therefore, it has been classified as a Variant of Uncertain Significance. | LDB3: PM2, PS4:Supporting, BP4",start_codon=0.127(ref=0.174); ORF=0.033(ref=0.784); intron=-0.028(ref=0.701); splice_acceptor=0.025(ref=0.129); splice_donor=0.023(ref=0.161),"Clontech Human Universal Reference Total RNA, pool1|tissue|CAGE|none=-0.164(ref=0.815); testis, adult, pool1|tissue|CAGE|none=-0.162(ref=0.798); cervical cancer cell line|cell line|CAGE|none=-0.159(ref=0.839); occipital lobe, adult,|tissue|CAGE|none=-0.157(ref=0.814); cerebellum, adult, pool1|tissue|CAGE|none=-0.151(ref=0.804)",MLM / Sequence-constraint signal,SEQUENCE_CONSTRAINED
4664,4664,1800,DISCORDANT,Missense / Protein Dysfunction,ABSENT,102834850,A,T,CYP17A1,VUS,"ClinVar describes a pathogenic missense variant with experimental evidence of reduced enzyme activity, but NT signals are negligible across all categories, including a very weak LLR (-0.179).","LLR=-0.179, LogProb_Delta=0.6, skipped_exon=-0.046","DESC: Variant summary: CYP17A1 c.601T>A (p.Tyr201Asn) results in a non-conservative amino acid change in the encoded protein sequence. Four of five in-silico tools predict a damaging effect of the variant on protein function. The variant allele was found at a frequency of 1.2e-05 in 251490 control chromosomes (gnomAD). c.601T>A has been reported in the literature in an individual affected with 17-alpha-Hydroxylase/17,20-Lyase Deficiency (Taniyama_2005). These data indicate that the variant may be associated with disease. This publication reports experimental evidence evaluating an impact on protein function, finding that the variant results in 31-34% of normal activity. The following publication has been ascertained in the context of this evaluation (PMID: 15713706). ClinVar contains an entry for this variant (Variation ID: 1800). Based on the evidence outlined above, the variant was classified as VUS-possibly pathogenic.",skipped_exon=-0.046(ref=0.614); promoter_Tissue_specific=-0.027(ref=0.142); intron=0.026(ref=0.556); exon=-0.025(ref=0.742); splice_acceptor=0.024(ref=0.045),"SABiosciences XpressRef Human Universal Total RNA, pool1|tissue|CAGE|none=0.333(ref=0.573); Universal RNA - Human Normal Tissues Biochain, pool1|tissue|CAGE|none=0.330(ref=0.550); liver, adult, pool1|tissue|CAGE|none=0.325(ref=0.575); heart - pulmonic valve, adult|tissue|CAGE|none=0.261(ref=0.692); testis, adult, pool1|tissue|CAGE|none=0.253(ref=0.526)",MLM / Sequence-constraint signal,UNCERTAIN_SIGNIFICANCE
5130,5130,162393,CONCORDANT,None detected (Sequence neutrality),ABSENT,68448873,G,A,LRP5,VUS,"Both ClinVar and NT signals show no evidence of disruption. LLR and BED deltas are near zero, aligning with the VUS/likely benign assessment.","LLR=-0.588, ORF=0.007, LogProb_Delta=0.6","DESC: This sequence change replaces aspartic acid, which is acidic and polar, with asparagine, which is neutral and polar, at codon 1551 of the LRP5 protein (p.Asp1551Asn). This variant is present in population databases (rs724159827, gnomAD 0.005%). This missense change has been observed in individual(s) with polycystic liver disease (PMID: 24706814). ClinVar contains an entry for this variant (Variation ID: 162393). Invitae Evidence Modeling of protein sequence and biophysical properties (such as structural, functional, and spatial information, amino acid conservation, physicochemical variation, residue mobility, and thermodynamic stability) indicates that this missense variant is not expected to disrupt LRP5 protein function with a negative predictive value of 95%. Experimental studies are conflicting or provide insufficient evidence to determine the effect of this variant on LRP5 function (PMID: 24706814). In summary, the available evidence is currently insufficient to determine the role of this variant in disease. Therefore, it has been classified as a Variant of Uncertain Significance.",lncRNA=-0.019(ref=0.196); 3UTR+=0.014(ref=0.233),"malignant trichilemmal cyst cell line|cell line|CAGE|none=0.163(ref=0.614); Oligodendrocyte - precursors,|primary cell|CAGE|none=-0.155(ref=0.712); small intestine, fetal,|tissue|CAGE|none=-0.149(ref=0.826); Melanocyte - dark,|primary cell|CAGE|none=-0.145(ref=0.804); rhabdomyosarcoma cell line|cell line|CAGE|none=0.145(ref=0.660)",Benign / Neutral / None,UNCERTAIN_SIGNIFICANCE
5156,5156,869158,PARTIAL,Sequence constraint,WEAK,71464130,G,T,NADSYN1,VUS,"MLM indicates moderate sequence constraint (LLR ≈ -1), supporting a functional impact for the missense variant, although BED and BW signals are negligible.","LLR=-0.946, MLM_Delta=-0.155","DESC: Published functional studies demonstrate a damaging effect with reduced protein expression and activity (PMID: 31883644); Observed with a variant on the opposite allele (in trans) in a patient in published literature (PMID: 35491967); Observed with a variant on the opposite allele (in trans) in a fetus in published literature (PMID: 31883644); In silico analysis supports that this missense variant has a deleterious effect on protein structure/function; This variant is associated with the following publications: (PMID: 35491967, 31883644, 36951206, 37300479) | The NADSYN1 c.395G>T variant is predicted to result in the amino acid substitution p.Trp132Leu. This variant has been reported in the compound heterozygous state in an individual with NAD deficiency (Szot et al. 2020. PubMed ID: 31883644). Functional assays in this same report showed that the p.Trp132Leu substitution causes a decrease in enzymatic activity of the protein (Szot et al. 2020. PubMed ID: 31883644). This variant is reported in 0.32% of alleles in individuals of Latino descent in gnomAD (http://gnomad.broadinstitute.org/variant/11-71175176-G-T). Although we suspect that this variant may be pathogenic, at this time, the clinical significance of this variant is uncertain due to the absence of conclusive functional and genetic evidence. | This variant, c.395G>T, was found in compound heterozygosity with the pathogenic variant c.145T>C",,CD14-positive monocyte|primary cell|Histone ChIP-seq|H3K9me3=0.025(ref=0.818); KOPT-K1|cell line|Histone ChIP-seq|H3K27ac=-0.025(ref=0.711); heart|tissue|Histone ChIP-seq|H3K9me3=0.023(ref=0.751); placenta|tissue|Histone ChIP-seq|H3K4me1=0.020(ref=0.770); subcutaneous abdominal adipose tissue|tissue|Histone ChIP-seq|H3K4me3=0.020(ref=0.627),MLM / Sequence-constraint signal,UNCERTAIN_SIGNIFICANCE
5161,5161,7579,DISCORDANT,None detected,ABSENT,74006298,G,A,UCP3,VUS,"ClinVar and functional assays report abolished UCP3 activity and high conservation, but NT shows very weak MLM (LLR -0.62) and negligible genomic feature/epigenomic signals.","LLR=-0.62, skeletal muscle CAGE=-0.118","DESC: The UCP3 c.208C>T variant is predicted to result in the amino acid substitution p.Arg70Trp. This variant was observed in a 15 year-old-male with severe obesity and diabetes (Brown et al. 1999. PubMed ID: 10618503). Using yeast functional assays, this variant was found to abolish uncoupling activity of UCP3 (Brown et al. 1999. PubMed ID: 10618503). This variant is reported in 0.056% of alleles in individuals of East Asian descent in gnomAD. At this time, the clinical significance of this variant is uncertain due to the absence of conclusive functional and genetic evidence. | Advanced modeling of protein sequence and biophysical properties (such as structural, functional, and spatial information, amino acid conservation, physicochemical variation, residue mobility, and thermodynamic stability) performed at Invitae indicates that this missense variant is expected to disrupt UCP3 protein function. Experimental studies have shown that this missense change affects UCP3 function (PMID: 10618503). In summary, the available evidence is currently insufficient to determine the role of this variant in disease. Therefore, it has been classified as a Variant of Uncertain Significance. ClinVar contains an entry for this variant (Variation ID: 7579). This sequence change replaces arginine, which is basic and polar, with tryptophan, which is neutral and slightly polar, at codon 70 of the UCP3 protein (p.Arg70Trp). This variant is present in population databases (rs17848368, gnomAD 0.06%). This variant has not been reported in the literature in individuals affected with UCP3-related conditions.",enhancer_Tissue_specific=-0.061(ref=0.169); ORF=-0.040(ref=0.746); always_on_exon=-0.024(ref=0.832); 5UTR-=0.018(ref=0.300); enhancer_Tissue_invariant=-0.018(ref=0.059),"skeletal muscle, adult, pool1|tissue|CAGE|none=-0.118(ref=0.752); cerebrospinal fluid,|tissue|CAGE|none=-0.084(ref=0.684); skeletal muscle - soleus muscle,|tissue|CAGE|none=-0.084(ref=0.678); globus pallidus, adult,|tissue|CAGE|none=-0.082(ref=0.623); artery, adult|tissue|CAGE|none=-0.072(ref=0.675)",Benign / Neutral / None,UNCERTAIN_SIGNIFICANCE
5257,5257,3039,CONCORDANT,Missense,WEAK,108329199,A,G,ATM,VUS,"NT signals are weak across all categories, mirroring the inconclusive in silico predictions and VUS status described in the ClinVar rationale.","LLR=-0.715, LogProb_Delta=1.3","DESC: The p.E2423G variant (also known as c.7268A>G), located in coding exon 48 of the ATM gene, results from an A to G substitution at nucleotide position 7268. The glutamic acid at codon 2423 is replaced by glycine, an amino acid with similar properties. This amino acid position is highly conserved in available vertebrate species. In addition, the in silico prediction for this alteration is inconclusive. Based on the available evidence, the clinical significance of this variant remains unclear. | This sequence change replaces glutamic acid, which is acidic and polar, with glycine, which is neutral and non-polar, at codon 2423 of the ATM protein (p.Glu2423Gly). This variant is not present in population databases (gnomAD no frequency). This variant has not been reported in the literature in individuals affected with ATM-related conditions. ClinVar contains an entry for this variant (Variation ID: 3039). An algorithm developed to predict the effect of missense changes on protein structure and function (PolyPhen-2) suggests that this variant is likely to be disruptive. In summary, the available evidence is currently insufficient to determine the role of this variant in disease. Therefore, it has been classified as a Variant of Uncertain Significance.",enhancer_Tissue_specific=-0.087(ref=0.288); intron=-0.041(ref=0.669); lncRNA=-0.019(ref=0.116); promoter_Tissue_specific=-0.016(ref=0.046); 3UTR+=-0.012(ref=0.115),"Pericytes,|primary cell|CAGE|none=0.334(ref=0.641); Endothelial Cells - Thoracic,|primary cell|CAGE|none=0.311(ref=0.658); Astrocyte - cerebellum,|primary cell|CAGE|none=0.297(ref=0.689); Osteoblast - differentiated,|primary cell|CAGE|none=0.290(ref=0.615); Renal Mesangial Cells,|primary cell|CAGE|none=0.290(ref=0.650)",MLM / Sequence-constraint signal,REGULATORY_CHANGE
5372,5372,292,CONCORDANT,Protein-level disruption,STRONG,6018581,A,G,VWF,VUS,"Strong MLM LLR (-4.088) indicates severe sequence disruption, supporting the pathogenic missense effect (p.Ser1613Pro) and high REVEL score described in the ClinVar rationale.","LLR=-4.088, MLM_Delta=-0.803","DESC: The c.4837T>C variant in VWF is a missense variant predicted to cause substitution of Serine by Proline at amino acid 1613 (p.Ser1613Pro). At least 1 patient (Patient 14 from PMID: 38053262) with this variant displayed excessive mucocutaneous bleeding as well as laboratory phenotypes of very low VWF activity as indicated by a VWF activity-to-antigen ratio <0.7, and loss of high molecular weight multimers, which together are highly specific for VWD type 2A. Additional consistent phenotypes were also reported in the patient including a FVIII activity consistent with VWF antigen (ratio >0.7) (PP4_Moderate). This variant has been reported in one additional proband (Zimmerman program) with activity/antigen ratio <0.37, abnormal multimers, and normal platelet binding (PS4_Supporting). The computational predictor REVEL gives a score of 0.7, which is above the ClinGen VWD VCEP threshold of >0.644 and predicts a damaging effect on VWF function (PP3). This variant is absent from gnomAD v4.1 (PM2_Supporting). In summary, this variant meets the criteria to be classified as VUS for autosomal recessive von Willebrand disease type 2A based on the ACMG/AMP criteria applied, as specified by the ClinGen VWD VCEP: PS4_Supporting, PP4_Moderate, PP3 and PM2_Supporting (VCEP specifications version 1.0.0; date of approval).",,"seminal vesicle, adult|tissue|CAGE|none=0.108(ref=0.525); epididymis, adult|tissue|CAGE|none=0.064(ref=0.512); submaxillary gland, adult|tissue|CAGE|none=0.063(ref=0.517); esophagus, adult, pool1|tissue|CAGE|none=0.055(ref=0.509); tongue, adult|tissue|CAGE|none=0.054(ref=0.510)",MLM / Sequence-constraint signal,SEQUENCE_CONSTRAINED
5377,5377,100333,DISCORDANT,None detected,ABSENT,6019283,G,A,VWF,VUS,"NT signals are negligible and the MLM LLR is positive, failing to detect the evolutionary constraint or functional impact of this known pathogenic gain-of-function missense variant.","LLR=0.988, LogProb_Delta=1.5, enhancer_Tissue_specific=-0.019","DESC: This variant has been previously reported as a heterozygous and compound heterozygous change in patients with VWF-related disorders (PMID: 11325649, 27785872, 16985174, 19277422, 26986123, 31939074). Functional studies show the p.Arg1379Cys variant enhances binding capacity to the glycoprotein Ib-alpha (PMID: 27785872). This variant was shown to segregate with disease in an autosomal dominant manner in at least one family with VWF-related disorder and a phenotype of mild bleeding (PMID: 20305138). It is present in the heterozygous state in the gnomAD population database at a frequency of 0.002% (6/281706) and thus is presumed to be rare. In silico tools used to predict the effect of this variant on protein function yield discordant results. Based on the available evidence, the c.4135C>T (p.Arg1379Cys) variant is classified as Pathogenic. | Variant summary: VWF c.4135C>T (p.Arg1379Cys) results in a non-conservative amino acid change located in the first type A domain (IPR002035) of the encoded protein sequence. Three of four in-silico tools predict a damaging effect of the variant on protein function. The variant allele was found at a frequency of 2e-05 in 250330 control chromosomes (gnomAD). c.4135C>T has been reported in the literature in heterozygous state in multiple individuals affected with Von Willebrand Disease (VWD) type 1 and type 2B (e.g. Pagliari_2016, Casana_2001, Veyradier_2016, Casonato_2017), and in one of these reports the variant showed segregation with the phenotype in a large family (Casana_2001). The variant was also reported in cis (i.e. as a complex allele) with the variant c.4130C>T (p.Ala1377Val) in 4 unrelated patients with type 2M VWD (Pagliari_2016). This publication also reported experimental evidence evaluating an impact on protein function, and demonstrated that the variant Arg1379Cys resulted in an increased glycoprotein Ib-alpha (GP1BA) binding, however, when it was expressed in cis (as a complex allele) with Ala1377Val, it abolished GP1BA binding, resulting in type 2M VWD phenotype (Pagliari_2016). Five clinical diagnostic laboratories have submitted clinical-significance assessments for this variant to ClinVar after 2014, partly without evidence for independent evaluation, and all laboratories classified the variant as pathogenic (n=4) / likely pathogenic (n=1). Based on the evidence outlined above, the variant was classified as pathogenic. | PS3,PM3(strong),PM2,PP1 | VWF: PS3, PS4, PM2, PP1 | The VWD c.4135C>T (p.Arg1379Cys) missense variant has been reported in at least five studies in which is found in at least 19 individuals with von Willebrand disease (VWD) including in four in a compound heterozygous state, and in 15 in a heterozygous state (six of which are related) (Casana et al. 2001; Goodeve et al. 2007; Casonato et al. 2010; Johansson et al. 2011; Casonato et al. 2015). The p.Arg1379Cys variant was shown to segregate with disease in a clear autosomal dominant pattern in one family with unclassified VWD and a phenotype of mild bleeding by its presence in six affected individuals and absence from three unaffected individuals (Casana et al. 2001). At least seven of the unrelated heterozygotes had an atypical form of VWD type 2B (Casonato et al. 2010; Casonato et al. 2015). Three of the compound heterozygotes presented with VWD type 1 and all carried a different missense variant on the second allele (Johansson et al. 2011). The p.Arg1379Cys variant was absent from 187 controls (Johansson et al. 2011) and is reported at a frequency of 0.00006 in the European (non-Finnish) population of the Exome Aggregation Consortium. The Arg1379 residue is conserved. Based on the evidence, the p.Arg1379Cys variant is classified as pathogenic for von Willebrand disease. This variant was observed by ICSL as part of a predisposition screen in an ostensibly healthy population. | PP1_strong, PP3, PP5, PM2_supporting, PM3, PS3_moderate, PS4_moderate | Functional studies show R1379C enhances binding capacity to the glycoprotein Ib-alpha (PMID: 27785872); In silico analysis supports that this missense variant has a deleterious effect on protein structure/function; This variant is associated with the following publications: (PMID: 20305138, 19630772, 16783784, 26986123, 23775583, 19453940, 26456374, 27532107, 18230755, 16985174, 19277422, 27353798, 21534937, 19506353, 31589614, 31939074, 11325649, 27785872) | The NM_000552.5:c.4135C>T variant in VWF is a missense variant predicted to cause substitution of arginine by cysteine at amino acid 1379 (p.Arg1379Cys). Some patients harbor this variant as part of a gene conversion event, being found alongside: p.Ile1343Val, Val1360Ala, Phe1369Ile, Ser1378Phe, Arg1379Cys (PMID: 37732159). This variant has been observed in at least 6 patients with an alternate molecular basis for disease. The patients also harbor the p.Phe1369Ile variant which has been classified pathogenic for VWD type 2M by the VWD VCEP (BP5; PMID 35452508). The gnomAD v4.1 Grpmax filtering allele frequency in gnomAD v4.1 is 0.00002154 (based on 35/1179840 alleles in the European non-Finnish population), which is lower than the ClinGen VWD VCEP threshold of <0.0001 (PM2_Supporting). The computational predictor REVEL gives a score of 0.731, which is above the ClinGen VWD VCEP threshold of >0.644 and predicts a damaging effect on VWF function (PP3). There are assertions of this variant being associated with VWD types 1, 2M, and 2B. The majority of evidence indicates that when ristocetin induced aggregation is measured, this variant has a type 2B phenotype. It should be noted however that all of the scored cases in this curation had normal multimers, which is not typically associated with VWD type 2B. Further complicating interpretation, many cases were compound heterozygotes for additional variants in VWF or carried gene conversion related variants. Lastly, there are reports that patients carrying this variant do not experience thrombocytopenia after DDAVP treatment which would be typical of a VWD type 2B variant (PMID 27353798). In summary, this variant meets the criteria to be classified as a variant of uncertain significance for autosomal dominant hereditary von Willebrand disease based on the ACMG/AMP criteria applied, as specified by the ClinGen VWD VCEP: PM2_Supporting, PP3, BP5. (ClinGen von Willebrand Disease Expert Panel Specifications to the ACMG/AMP Variant Interpretation Guidelines for VWF Version 1.0.0)",,"eye, fetal,|tissue|CAGE|none=-0.148(ref=0.797); thyroid, adult, pool1|tissue|CAGE|none=-0.144(ref=0.783); esophagus, adult, pool1|tissue|CAGE|none=-0.142(ref=0.753); kidney, fetal, pool1|tissue|CAGE|none=-0.132(ref=0.754); cervix, adult, pool1|tissue|CAGE|none=-0.132(ref=0.767)",Benign / Neutral / None,UNCERTAIN_SIGNIFICANCE
5441,5441,161158,CONCORDANT,Neutral Missense,ABSENT,14641142,C,T,GUCY2C,VUS,"NT shows negligible signal across all categories (LLR -0.61, minimal BED deltas), consistent with ClinVar's VUS/Likely Benign assessment and benign in-silico predictions for this p.Ala670Thr variant.","LLR=-0.611, polyA_signal=0.028, small intestine CAGE=-0.147","DESC: This sequence change replaces alanine, which is neutral and non-polar, with threonine, which is neutral and polar, at codon 670 of the GUCY2C protein (p.Ala670Thr). This variant is present in population databases (rs587784572, gnomAD 0.01%). This missense change has been observed in individual(s) with autosomal recessive meconium ileus (PMID: 25370039). ClinVar contains an entry for this variant (Variation ID: 161158). Invitae Evidence Modeling of protein sequence and biophysical properties (such as structural, functional, and spatial information, amino acid conservation, physicochemical variation, residue mobility, and thermodynamic stability) indicates that this missense variant is not expected to disrupt GUCY2C protein function with a negative predictive value of 80%. In summary, the available evidence is currently insufficient to determine the role of this variant in disease. Therefore, it has been classified as a Variant of Uncertain Significance. | Variant summary: GUCY2C c.2008G>A (p.Ala670Thr) results in a non-conservative amino acid change in the encoded protein sequence. Three of five in-silico tools predict a benign effect of the variant on protein function. The variant allele was found at a frequency of 3.2e-05 in 251246 control chromosomes (gnomAD). The available data on variant occurrences in the general population are insufficient to allow any conclusion about variant significance. c.2008G>A has been reported in the literature in an individual affected with Meconium ileus (Smith_2015). This report does not provide unequivocal conclusions about association of the variant with GUCY2C-Related Disorders. To our knowledge, no experimental evidence demonstrating an impact on protein function has been reported. The following publication has been ascertained in the context of this evaluation (PMID: 25370039). ClinVar contains an entry for this variant (Variation ID: 161158). Based on the evidence outlined above, the variant was classified as uncertain significance.",lncRNA=-0.015(ref=0.300); 3UTR+=-0.012(ref=0.119),"small intestine, adult, pool1|tissue|CAGE|none=-0.147(ref=0.755); globus pallidus, adult,|tissue|CAGE|none=-0.115(ref=0.668); colon, adult, pool1|tissue|CAGE|none=-0.114(ref=0.688); small intestine, fetal,|tissue|CAGE|none=-0.112(ref=0.663); duodenum, fetal, , tech_|tissue|CAGE|none=-0.111(ref=0.674)",MLM / Sequence-constraint signal,UNCERTAIN_SIGNIFICANCE
6344,6344,259621,CONCORDANT,Neutral/Non-functional,ABSENT,74292774,C,T,ABCD4,VUS,"Minimal BED/BW deltas and a non-significant Z-scored LogProb_Delta (-0.7) align with the ClinVar assessment of a benign, conservative change at a poorly conserved position.","LogProb_Delta=-0.7 (Z-score), BED: splice_donor=-0.018, LLR=-2.597","DESC: This variant is considered likely benign or benign based on one or more of the following criteria: it is a conservative change, it occurs at a poorly conserved position in the protein, it is predicted to be benign by multiple in silico algorithms, and/or has population frequency not consistent with disease.",splice_acceptor=0.018(ref=0.131),"globus pallidus, adult,|tissue|CAGE|none=-0.083(ref=0.621); seminal vesicle, adult|tissue|CAGE|none=-0.063(ref=0.864); Prostate Stromal Cells,|primary cell|CAGE|none=-0.062(ref=0.630); Pericytes,|primary cell|CAGE|none=-0.054(ref=0.630); muscle of trunk|tissue|Histone ChIP-seq|H3K27me3=-0.051(ref=0.830)",Benign / Neutral / None,SEQUENCE_CONSTRAINED
6417,6417,380891,CONCORDANT,Neutral sequence variation,WEAK,102434864,A,G,TECPR2,VUS,"NT signals are weak to absent across all functional tracks, with a low magnitude LogProb_Delta Z-score, supporting ClinVar's assessment of a benign, poorly conserved variant.","LogProb_Delta=-0.8 (Z), LLR=-2.547, BED: enhancer_Tissue_specific=0.06","DESC: This variant is considered likely benign or benign based on one or more of the following criteria: it is a conservative change, it occurs at a poorly conserved position in the protein, it is predicted to be benign by multiple in silico algorithms, and/or has population frequency not consistent with disease.",enhancer_Tissue_specific=0.060(ref=0.467); 3UTR+=0.012(ref=0.096); CTCF-bound=0.011(ref=0.093),"globus pallidus, adult,|tissue|CAGE|none=0.195(ref=0.546); cerebellum, adult, pool1|tissue|CAGE|none=0.162(ref=0.548); Neurons,|primary cell|CAGE|none=0.158(ref=0.532); thalamus, adult,|tissue|CAGE|none=0.154(ref=0.562); temporal lobe, adult, pool1|tissue|CAGE|none=0.152(ref=0.606)",Benign / Neutral / None,SEQUENCE_CONSTRAINED
6691,6691,1327913,CONCORDANT,Protein functional disruption (missense),MODERATE,74338654,G,A,CYP11A1,VUS,"MLM LLR (-1.18) identifies evolutionary constraint at this codon, supporting the missense mechanism. Absence of BED/BW signals is consistent with the protein-level effect described.",LLR=-1.182,"DESC: In summary, the currently available evidence indicates that the variant is pathogenic, but additional data are needed to prove that conclusively. Therefore, this variant has been classified as Likely Pathogenic. Experimental studies have shown that this missense change affects CYP11A1 function (PMID: 21880796, 23337730). An algorithm developed to predict the effect of missense changes on protein structure and function (PolyPhen-2) suggests that this variant is likely to be disruptive. ClinVar contains an entry for this variant (Variation ID: 1327913). This missense change has been observed in individuals with primary adrenal insufficiency (PMID: 21880796, 23337730, 31289154). It has also been observed to segregate with disease in related individuals. This variant is present in population databases (rs775102947, gnomAD 0.004%). This sequence change replaces arginine, which is basic and polar, with tryptophan, which is neutral and slightly polar, at codon 451 of the CYP11A1 protein (p.Arg451Trp).",skipped_exon=0.045(ref=0.230); stop_codon=0.043(ref=0.079); always_on_exon=-0.029(ref=0.795); lncRNA=-0.020(ref=0.088); 3UTR-=0.013(ref=0.058),"Mast cell,|primary cell|CAGE|none=-0.275(ref=0.826); choriocarcinoma cell line|cell line|CAGE|none=-0.271(ref=0.889); choriocarcinoma cell line|cell line|CAGE|none=-0.260(ref=0.940); choriocarcinoma cell line|cell line|CAGE|none=-0.216(ref=0.841); cruciate ligament,|tissue|CAGE|none=-0.211(ref=0.794)",MLM / Sequence-constraint signal,UNCERTAIN_SIGNIFICANCE
6700,6700,14345,PARTIAL,Missense disruption (Sequence conservation),MODERATE,74893306,G,A,MPI,VUS,"NT captures moderate sequence constraint (LLR -1.11) supporting the pathogenic missense effect, though signal magnitudes are modest relative to the total loss of protein function described.","LLR, MLM_Delta","DESC: The MPI c.656G>A (p.Arg219Gln) missense variant has been reported in five studies in which it is found in a total of six individuals with MPI- congenital disorders of glycosylation (CDG-Ib), including one homozygote and five compound heterozygotes (Niehues et al. 1998; Schollen et al. 2000; Westphal et al. 2001; MartÃ­n HernÃ¡ndez et al. 2008; Helander et al. 2014). The variant was also identified in a homozygous state in an individual who showed elevated carbohydrate-deficient transferrin levels but no other clinical signs of MPI-CDG (CDG-Ib), and in a heterozygous state in three unaffected parents of patients. The variant was absent from 50 controls but is reported at a frequency of 0.00078 in the European (non-Finnish) population of the Exome Aggregation Consortium. Expression studies in COS-7 cells showed that the variant protein resulted in MPI activity indistinguishable from background, while expression of normal MPI increased specific activity approximately 10 fold when compared with controls (Niehues et al. 1998). Based on the collective evidence, the p.Arg219Gln variant is classified as pathogenic for congenital disorders of glycosylation. This variant was observed by ICSL as part of a predisposition screen in an ostensibly healthy population. | Published functional studies demonstrate a damaging effect, specifically, R219Q is associated with significantly reduced mannose-6-phosphate isomerase activity compared to wild-type (Niehues et al., 1998); In silico analysis, which includes protein predictors and evolutionary conservation, supports a deleterious effect; This variant is associated with the following publications: (PMID: 24508628, 10980531, 26206375, 9525984, 18928705, 28928705, 24421398, 30545931, 11350186, 33204592, 31589614, 33643843, 33413482) | The MPI c.656G>A variant is predicted to result in the amino acid substitution p.Arg219Gln. This variant has been reported, along with a second known or plausible causative variant, in individuals with autosomal recessive congenital disorder of glycosylation 1b (see, for example, Schollen et al. 2000. PubMed ID: 10980531; Niehues et al. 1998. PubMed ID: 9525984; Abdel Ghaffar et al. 2020. PubMed ID: 33204592; Westphal et al. 2001. PubMed ID: 11350186; Starosta et al. 2021. PubMed ID: 33413482; Lipinski et al. 2021. PubMed ID: 33643843; de la Morena-Barrio et al. 2019. PubMed ID: 30545931). This variant has also been reported in the homozygous state in two siblings with a highly elevated serum level of carbohydrate-deficient transferrin, a biomarker for MPI-related disease, but were otherwise clinically asymptomatic (Helander et al. 2014. PubMed ID: 24508628). This variant is reported in 0.050% of alleles in individuals of European (Non-Finnish) descent in gnomAD. Based on the available evidence, we classify this variant as likely pathogenic. | DNA sequence analysis of the MPI gene demonstrated two sequence changes. The first sequence change, c.656G>A, in exon 5, results in an amino acid change, p.Arg219Gln. This sequence change has been described in gnomAD with a low population frequency of 0.029% (dbSNP rs104894489). The p.Arg219Gln change affects a highly conserved amino acid residue located in a domain of the MPI protein that is known to be functional. In-silico pathogenicity prediction tools (SIFT, PolyPhen2, Align GVGD, REVEL) provide contradictory results for the p.Arg219Gln substitution. This sequence change has been reported in the homozygous and compound heterozygous states in multiple individuals with features of congenital disorder of glycosylation (PMIDs: 10980531, 18928705, 11350186, 9525984). Functional studies have also demonstrated that the p.Arg219Gln change affects MPI protein function (PMID: 9525984, 24421398). Based on the collective evidence, the p.Arg219Gln variant is classified as pathogenic for congenital disorders of glycosylation | This submission and the accompanying classification are no longer maintained by the submitter. For more information on current observations and classification, please contact variantquestions@myriad.com. | This sequence change replaces arginine, which is basic and polar, with glutamine, which is neutral and polar, at codon 219 of the MPI protein (p.Arg219Gln). This variant is present in population databases (rs104894489, gnomAD 0.05%). This missense change has been observed in individual(s) with CDG type Ib (PMID: 10980531, 11350186, 18928705). In at least one individual the data is consistent with being in trans (on the opposite chromosome) from a pathogenic variant. It has also been observed to segregate with disease in related individuals. ClinVar contains an entry for this variant (Variation ID: 14345). Advanced modeling of protein sequence and biophysical properties (such as structural, functional, and spatial information, amino acid conservation, physicochemical variation, residue mobility, and thermodynamic stability) performed at Invitae indicates that this missense variant is not expected to disrupt MPI protein function with a negative predictive value of 80%. Experimental studies have shown that this missense change affects MPI function (PMID: 9525984, 24421398). For these reasons, this variant has been classified as Pathogenic.",enhancer_Tissue_specific=0.058(ref=0.269); intron=0.024(ref=0.680); enhancer_Tissue_invariant=0.017(ref=0.140),"Skeletal Muscle Cells,|primary cell|CAGE|none=-0.166(ref=0.763); Fibroblast - Dermal,|primary cell|CAGE|none=-0.164(ref=0.743); Cardiac Myocyte,|primary cell|CAGE|none=-0.140(ref=0.751); CD4+CD25+CD45RA- memory regulatory T cells expanded,|primary cell|CAGE|none=-0.134(ref=0.688); Melanocyte - dark,|primary cell|CAGE|none=-0.129(ref=0.676)",MLM / Sequence-constraint signal,SEQUENCE_CONSTRAINED
6713,6713,1268691,CONCORDANT,Sequence/Evolutionary Constraint,MODERATE,84037709,C,T,ADAMTSL3,VUS,"Minimal ClinVar rationale provided; NT captures moderate sequence disruption (LLR -1.26), supporting the pathogenicity of this coding variant as described in literature.","LLR=-1.260, MLM_Delta=-0.402","DESC: This variant is associated with the following publications: (PMID: 19197363, 21239144)",3UTR+=0.063(ref=0.440); ORF=-0.060(ref=0.443); polyA_signal=0.035(ref=0.114),"globus pallidus, adult,|tissue|CAGE|none=-0.098(ref=0.650); Olfactory epithelial cells,|primary cell|CAGE|none=-0.067(ref=0.665); testis|tissue|RNA-seq|nan=-0.055(ref=0.810); testis|tissue|RNA-seq|nan=-0.043(ref=0.784); kidney|tissue|RNA-seq|nan=-0.036(ref=0.793)",MLM / Sequence-constraint signal,SEQUENCE_CONSTRAINED
6834,6834,440073,CONCORDANT,Splice Donor Disruption,MODERATE,2092954,C,T,PKD1,VUS,"NT correctly identifies the splice donor disruption (BED delta -0.415) described in ClinVar's cited minigene studies, along with significant sequence constraint (LLR -2.74).","splice_donor=-0.415(ref=0.559), LLR=-2.741","DESC: Based on the classification scheme VCGS_Germline_v1.3.4, this variant is classified as Pathogenic. Following criteria are met: 0102 - Loss of function is a known mechanism of disease in this gene and is associated with polycystic kidney disease 1 (MIM#173900). (I) 0107 - This gene is associated with autosomal dominant disease. Polycystic kidney disease 1 (MIM#173900) is predominantly caused by monoallelic variants, with rare reports of biallelic variants causing disease (OMIM). (I) 0200 - Variant is predicted to result in a missense amino acid change from arginine to glutamine. RT-PCR studies on a minigene have suggested that this variant abolishes the donor site of exon 38, leading to the activiation of a cryptic donor site, skipping of exon 39 and the retention of 117bps of intron 38 which contains a PTC (PMID: 24907393). However, further studies would be required to prove this splice outcome. (I) 0251 - This variant is heterozygous. (I) 0301 - Variant is absent from gnomAD (both v2 and v3). (SP) 0309 - An alternative amino acid change at the same position has been observed in gnomAD (v2) (1 heterozygote, 0 homozygotes). (I) 0502 - Missense variant with conflicting in silico predictions and uninformative conservation. In silico predictions for abnormal splicing are also conflicting. (I) 0600 - Variant is located in the annotated polycystin domain (DECIPHER). (I) 0704 - Another missense variant comparable to the one identified in this case has limited previous evidence for pathogenicity. p.(Arg3719Leu) has been reported in an individual with ADPKD and classified as likely pathogneic (PMID: 30333007). (SP) 0801 - This variant has strong previous evidence of pathogenicity in unrelated individuals. This variant has been classified as pathogenic by several clinical laboratories in ClinVar, and has been observed in several individuals with ADPKD (PMID: 11691639, 11058904, 31160911). (SP) 0901 - This variant has strong evidence for segregation with disease. This variant has been observed to segregate with disease across several members of two families with ADPKD (PMID: 11058904, 31160911). (SP) 1208 - Inheritance information for this variant is not currently available in this individual. (I) Legend: (SP) - Supporting pathogenic, (I) - Information, (SB) - Supporting benign | The PKD1 c.11156G>A;p.Arg3719Gln variant has been described in the literature in individuals and families with polycystic kidney disease (Aguiari 2000, Audrezet 2012, Gonzalez-Pardedes 2014). This variant is absent from general population databases (Exome Variant Server, Genome Aggregation Database), indicating it is not a common polymorphism. The nucleotide at this position is highly conserved and is the last nucleotide of the exon, and computational analyses (Alamut v.2.11) predict that this variant may impact splicing by weakening the nearby canonical donor splice site. Consistent with these predictions, in vitro minigene splicing assays indicate that this variant leads to usage of an alternative deep intronic splice donor site, which introduces a premature stop codon (Gonzalez-Pardedes 2014). Based on available information, this variant is considered to be pathogenic. References: Aguiari G et al. Novel splicing and missense mutations in autosomal dominant polycystic kidney disease 1 (PKD1) gene: expression of mutated genes. Hum Mutat. 2000 Nov;16(5):444-5. Audrezet MP et al. Autosomal dominant polycystic kidney disease: comprehensive mutation analysis of PKD1 and PKD2 in 700 unrelated patients. Hum Mutat. 2012 Aug;33(8):1239-50. Gonzalez-Paredes FJ et al. Defective pre-mRNA splicing in PKD1 due to presumed missense and synonymous mutations causing autosomal dominant polycystic disease. Gene. 2014 Aug 10;546(2):243-9. Tsuchiya K et al. Mutational analysis within the 3' region of the PKD1 gene in Japanese families. Mutat Res. 2001 Dec;458(3-4):77-84. | A PKD1 c.11156G>A (p.Arg3719Gln) variant was identified. This variant has been reported in numerous individuals affected with polycystic kidney disease (Gonzalez-Paredes FJ et al., PMID: 24907393; Tsuchiya K et al., PMID: 11691639; Xu D et al., PMID: 29529603) and is reported to segregate with disease in at least seven individuals in two separate families (Aguiari G et al., PMID: 11058904; Bitarafan F et al., PMID: 31160911). It has been reported in the ClinVar database as a pathogenic variant by four submitters (ClinVar ID: 440073). The PKD1 c.11156G>A (p.Arg3719Gln) variant is absent from the general population (gnomAD v.2.1.1), indicating it is not a common variant. This variant is predicted to cause a change in the length of the protein due to aberrant splicing and the skipping of exon 39. Functional studies show that this single nucleotide variant abolishes a donor splice site and generates an mRNA containing part of intron 38, indicating that this variant impacts protein function (Gonzalez-Paredes FJ et al., PMID: 24907393). Based on available information and the ACMG/AMP guidelines for variant interpretation (Richards S et al., PMID: 25741868), this variant is classified as pathogenic. | The variant is not observed in the gnomAD v2.1.1 dataset. Predicted Consequence/Location: Missense variant The same nucleotide change resulting in the same amino acid change has been previously reported as pathogenic/likely pathogenic with strong evidence (ClinVar ID: VCV000440073 /PMID: 11058904).The variant has been observed in multiple (>3) similarly affected unrelated individuals (PMID: 11058904, 11691639, 30333007, 36573973). The variant has been reported to co-segregate with the disease in at least 3 similarly affected relatives/individuals in the same family or similarly affected unrelated families (PMID: 36573973). Therefore, this variant is classified as Pathogenic according to the recommendation of ACMG/AMP guideline. | Published functional studies demonstrate this variant abolishes the splice donor site and generates an abnormal mRNA product that retains a portion of intron 38 (PMID: 24907393); Not observed at significant frequency in large population cohorts (gnomAD); This variant is associated with the following publications: (PMID: 11691639, 25757501, 25525159, 31160911, 11058904, 36573973, 38106161, 29529603, 24907393) | Well-established in vitro or in vivo functional studies supportive of a damaging effect on the gene or gene product.;The prevalence of the variant in affected individuals is significantly increased compared to the prevalence in controls.;Absent from controls (or at extremely low frequency if recessive) in Genome Aggregation Database, Exome Sequencing Project, 1000 Genomes Project, or Exome Aggregation Consortium.;Assumed de novo, but without confirmation of paternity and maternity.;Co-segregation with disease in multiple affected family members in a gene definitively known to cause the disease.;Patient's phenotype or family history is highly specific for a disease with a single genetic etiology.",splice_donor=-0.415(ref=0.559); ORF=0.177(ref=0.580); exon=0.069(ref=0.775); enhancer_Tissue_specific=-0.057(ref=0.410); always_on_exon=0.051(ref=0.775),"testis, adult, pool1|tissue|CAGE|none=-0.177(ref=0.803); seminal vesicle, adult|tissue|CAGE|none=0.155(ref=0.695); mixed mullerian tumor cell line|cell line|CAGE|none=0.128(ref=0.594); penis, adult|tissue|CAGE|none=0.125(ref=0.581); medial temporal gyrus - adult,|tissue|CAGE|none=0.119(ref=0.619)",Splicing,SPLICE_SITE_DESTROYED
6920,6920,678528,CONCORDANT,Neutral sequence variation,ABSENT,19073976,C,T,COQ7,VUS,"ClinVar describes a benign variant in a poorly conserved position. NT signals are negligible across all categories (LLR > -1, minimal BED/BW deltas), supporting a lack of functional disruption.","LLR=-0.932, LogProb_Delta=0.3, enhancer_Tissue_specific=0.053","DESC: This variant is considered likely benign or benign based on one or more of the following criteria: it is a conservative change, it occurs at a poorly conserved position in the protein, it is predicted to be benign by multiple in silico algorithms, and/or has population frequency not consistent with disease.",enhancer_Tissue_specific=0.053(ref=0.289); start_codon=0.049(ref=0.109); promoter_Tissue_specific=0.022(ref=0.114); enhancer_Tissue_invariant=0.013(ref=0.124),"occipital lobe, adult,|tissue|CAGE|none=-0.264(ref=0.830); medial temporal gyrus - adult,|tissue|CAGE|none=-0.246(ref=0.891); lung adenocarcinoma, papillary cell line|cell line|CAGE|none=-0.246(ref=0.813); diaphragm, fetal,|tissue|CAGE|none=-0.240(ref=0.801); temporal lobe, fetal, , tech_|tissue|CAGE|none=-0.225(ref=0.804)",Benign / Neutral / None,UNCERTAIN_SIGNIFICANCE
6932,6932,402723,CONCORDANT,Neutral sequence variation,ABSENT,21039887,G,C,DNAH3,VUS,"ClinVar notes a predicted null impact and lack of assessment; NT signals are uniformly negligible across BED, BW, and MLM, consistent with a neutral variant.","LLR=0.202, start_codon=0.035",DESC: Variant identified in a genome or exome case(s) and assessed due to predicted null impact of the variant or pathogenic assertions in the literature or databases. Disclaimer: This variant has not undergone full assessment. The following are preliminary notes: Frequency,start_codon=0.035(ref=0.105),neuronal stem cell|in vitro differentiated cells|Histone ChIP-seq|H3K9ac=0.035(ref=0.809); peripheral blood mononuclear cell|primary cell|Histone ChIP-seq|H3K4me3=0.021(ref=0.784); H9|cell line|Histone ChIP-seq|H3K36me3=0.021(ref=0.857); kidney|tissue|Histone ChIP-seq|H3K9me3=0.020(ref=0.735); sigmoid colon|tissue|Histone ChIP-seq|H3K27ac=0.019(ref=0.772),Benign / Neutral / None,UNCERTAIN_SIGNIFICANCE
6969,6969,4696,CONCORDANT,Protein Coding (Missense),MODERATE,50710911,C,T,NOD2,VUS,"MLM LLR (-1.915) captures moderate evolutionary constraint at the Arg307 residue. BW signals correctly pinpoint relevant immune cell types (CD14+ monocytes, neutrophils), though magnitudes are low.","LLR=-1.915, CD14+ monocytes (CAGE) delta=-0.118, Neutrophils (CAGE) delta=-0.108","DESC: The observed missense c.919C>Tp.Arg307Trp variant in NOD2 gene has been reported previously in heterozygous state in multiple individuals affected with Blau syndrome Rosé CD, et al., 2015; Ikeda K, et al., 2014; Xiang H, et al., 2012; Milman N, et al., 2006. This variant has also been observed to segregate with disease in related individuals. Experimental studies have shown that this missense change affects NOD2 function Tanabe T, et al., 2004. The p.Arg307Trp variant is absent in gnomAD Exomes. This variant has been submitted to the ClinVar database as Pathogenic multiple submissions. Multiple lines of computational evidences Polyphen - Probably damaging, SIFT - Damaging and MutationTaster - Disease causing predict a damaging effect on protein structure and function for this variant. The reference amino acid change at this posiiton on NOD2 gene is predicted as conserved by GERP++ and PhyloP across 100 vertebrates. The amino acid Arg at position 307 is changed to a Trp changing protein sequence and it might alter its composition and physico-chemical properties. For these reasons, this variant has been classified as Pathogenic. | PP1_strong, PM2_supporting, PM5, PM6_strong, PS3, PS4 | NOD2: PM2, PM5, PM6, PP1:Moderate, PP4, PS4:Supporting | Published functional studies demonstrate a gain of function effect resulting in hyperactivation of the receptor (Parkhouse et al., 2014); Not observed at significant frequency in large population cohorts (gnomAD); In silico analysis supports that this missense variant has a deleterious effect on protein structure/function; This variant is associated with the following publications: (PMID: 32597225, 32881073, 32647028, 14522785, 17069729, 20199415, 22509093, 17916199, 28721627, 32707200, 17157607, 32346654, 31543536, 33923123, 34093558, 22377804, 24713464, 25429073, 31120540, 17372104, 30574935, 25416713, 11528384, 25093298) | This sequence change replaces arginine, which is basic and polar, with tryptophan, which is neutral and slightly polar, at codon 334 of the NOD2 protein (p.Arg334Trp). This variant is not present in population databases (gnomAD no frequency). This missense change has been observed in individual(s) with Blau syndrome (PMID: 11528384, 14522785, 15459013, 17157607, 17207093, 20199415, 22509093, 24713464, 25416713). In at least one individual the variant was observed to be de novo. It has also been observed to segregate with disease in related individuals. ClinVar contains an entry for this variant (Variation ID: 4696). Invitae Evidence Modeling of protein sequence and biophysical properties (such as structural, functional, and spatial information, amino acid conservation, physicochemical variation, residue mobility, and thermodynamic stability) indicates that this missense variant is expected to disrupt NOD2 protein function with a positive predictive value of 95%. Experimental studies have shown that this missense change affects NOD2 function (PMID: 15044951, 15459013). For these reasons, this variant has been classified as Pathogenic. | A Heterozygous Missense variant c.1000C>T in Exon 4 of the NOD2 gene that results in the amino acid substitution p.Arg334Trp was identified. The observed variantis novel in gnomAD exomes and genomes. The severity of the impact of this variant on the protein is medium, based on the effect of the protein and REVEL score . Rare Exome Variant Ensemble Learner (REVEL) is an ensembl method for predicting the pathogenicity of missense variants based on a combination of scores from 13 individual tools: MutPred, FATHMM v2.3, VEST 3.0, PolyPhen-2, SIFT, PROVEAN, MutationAssessor, MutationTaster, LRT, GERP++, SiPhy, phyloP, and phastCons. The REVEL score for an individual missense variant can range from 0 to 1, with higher scores reflecting greater likelihood that the variant is disease-causing. ClinVar has also classified this variant as Pathogenic [Variant ID : 4696] The observed variation has previously been reported for Blau syndrome by Janarthanan, Mahesh, et al., 2019. Experimental studies have shown that this missense change affects NOD2 function by Tanabe, Tsuyoshi, et al., 2004. For these reasons this variant has been classified as Pathogenic.",always_on_exon=-0.037(ref=0.439); skipped_exon=0.037(ref=0.379); 5UTR+=0.024(ref=0.251); protein_coding_gene=0.013(ref=0.739); 3UTR+=0.012(ref=0.141),"CD14+ monocytes - treated with Trehalose dimycolate (TDM),|primary cell|CAGE|none=-0.118(ref=0.807); CD14+ monocytes - treated with Group A streptococci,|primary cell|CAGE|none=-0.115(ref=0.757); CD14+ monocytes - treated with Cryptococcus,|primary cell|CAGE|none=-0.115(ref=0.769); Neutrophils,|primary cell|CAGE|none=-0.108(ref=0.793); CD14+ monocytes - treated with Salmonella,|primary cell|CAGE|none=-0.108(ref=0.737)",MLM / Sequence-constraint signal,UNCERTAIN_SIGNIFICANCE
7145,7145,435134,CONCORDANT,Start-codon disruption,MODERATE,89816615,T,C,FANCA,VUS,"NT correctly identifies the loss of the start codon and ORF probability, matching the ClinVar rationale of a start-loss variant causing loss of function.","start_codon=-0.228(ref=0.396), ORF=-0.162(ref=0.618)","DESC: Curator: Arleen D. Auerbach. Submitters to LOVD: Arleen D. Auerbach, Sue Richards. | The variant is observed at an extremely low frequency in the gnomAD v2.1.1 dataset (total allele frequency: 0.002%). Predicted Consequence/Location: Start-lost: reinitiation of translation may occur at a downstream alternate start codon but still result in a loss or disruption of normal protein function as there have been pathogenic variants reported upstream of the alternate start codon. The variant has been reported at least twice as pathogenic with clinical assertions and evidence for the classification (ClinVar ID: VCV000435134 /PMID: 10090479). Therefore, this variant is classified as Likely pathogenic according to the recommendation of ACMG/AMP guideline. | This sequence change affects the initiator methionine of the FANCA mRNA. The next in-frame methionine is located at codon 116. The frequency data for this variant in the population databases is considered unreliable, as metrics indicate poor data quality at this position in the gnomAD database. Disruption of the initiator codon has been observed in individuals with Fanconi anemia (PMID: 10090479, 15643609, 16084127, 22778927, 23898106, 24584348). ClinVar contains an entry for this variant (Variation ID: 435134). For these reasons, this variant has been classified as Pathogenic. | Initiation codon variant in a gene for which loss of function is a known mechanism of disease; This variant is associated with the following publications: (PMID: 28104920, 10090479, 30031030, 15643609, 30792206) | This submission and the accompanying classification are no longer maintained by the submitter. For more information on current observations and classification, please contact variantquestions@myriad.com.",start_codon=-0.228(ref=0.396); ORF=-0.162(ref=0.618); polyA_signal=-0.136(ref=0.249); exon=-0.087(ref=0.593); 5UTR-=0.085(ref=0.300),"substantia nigra - adult,|tissue|CAGE|none=0.183(ref=0.801); trophoblast|tissue|Histone ChIP-seq|H3K4me1=-0.097(ref=0.775); lung|tissue|Histone ChIP-seq|H3K4me3=-0.095(ref=0.788); tongue epidermis (fungiform papillae),|tissue|CAGE|none=0.095(ref=0.518); CD8-positive, alpha-beta T cell|primary cell|Histone ChIP-seq|H3K4me1=-0.094(ref=0.705)",Other / Unclassified,START_LOSS
7152,7152,554309,CONCORDANT,Start codon loss,MODERATE,89816614,A,G,FANCA,VUS,"NT signals correctly identify the loss of the start codon and disruption of the ORF, matching the ClinVar rationale of an initiation codon variant (p.Met1?).","start_codon=-0.230(ref=0.440), ORF=-0.155(ref=0.551)","DESC: The start loss variant c.2T>C (p.Met1?) in FANCA gene has been reported previously in individuals affected with Fanconia anemia (Levran et al., 2005; Gille et al., 2012). In addition, other variants that also affect the initiator methionine of the FANCA mRNA (c.1A>T, c.1A>G, and c.2T>A) have been reported in individuals affected with Fanconi anemia (Chandra et al., 2005). The c.2T>C (p.Met1?) variant is reported with the allele frequency (0.004%) in the gnomAD Exomes and is novel (not in any individuals) in 1000 Genomes. This variant has been reported to the ClinVar database as Pathogenic. The variant is predicted to be damaging by both SIFT and PolyPhen2. The residue is conserved across species. The nucleotide change in FANCA is predicted as conserved by GERP++ and PhyloP across 100 vertebrates. For these reasons, this variant has been classified as Pathogenic. | Identified in patients with Fanconi anemia referred for genetic testing at GeneDx and in published literature (Levran et al., 2005; Li et al., 2018; Mori et al., 2019); Published functional studies demonstrate a damaging effect (Li et al., 2018); Initiation codon variant in a gene for which loss-of-function is a known mechanism of disease; This variant is associated with the following publications: (PMID: 24584348, 10090479, 28060124, 30792206, 23898106, 22778927, 19367192, 16084127, 15643609, 31589614, 30031030) | The FANCA c.2T>C; p.Met1? variant (rs769479800, ClinVar Variation ID 554309) is reported in the literature in individuals affected with Fanconi anemia (Altintas 2023, Levran 2005, Li 2018, Mori 2019). This variant is only observed on six alleles in the Genome Aggregation Database (v2.1.1), indicating it is not a common polymorphism. Additionally, other variants at this codon (c.2T>G, p.M1?; c.1A>C, p.Met1?; c.1A>T, p.Met1?; c.2T>A, p.Met1? and c.1A>G, p.Met1?) have been reported in individuals with Fanconi anemia (Altintas 2023, Levran 2005). Functional analyses by complementation assay show c.2T>C; p.Met1? variant is non-functional (Li 2018). This variant abolishes the canonical translation initiation site, which is likely to disrupt gene function. Based on available information, this variant is considered to be pathogenic. References: Altintas B et al. Genotype-phenotype and outcome associations in patients with Fanconi anemia: the National Cancer Institute cohort. Haematologica. 2023 Jan 1. PMID: 35417938. Levran O et al. Spectrum of sequence variations in the FANCA gene: an International Fanconi Anemia Registry (IFAR) study. Hum Mutat. 2005 Feb. PMID: 15643609. Li N et al. Functional analysis of Fanconi anemia mutations in China. Exp Hematol. 2018 Oct. PMID: 30031030. Mori M et al. Pathogenic mutations identified by a multimodality approach in 117 Japanese Fanconi anemia patients. Haematologica. 2019 Oct. PMID: 30792206. | This submission and the accompanying classification are no longer maintained by the submitter. For more information on current observations and classification, please contact variantquestions@myriad.com. | Variant summary: FANCA c.2T>C (p.Met1Thr) alters the initiation codon and is predicted to result either in absence of the protein or truncation of the encoded protein due to translation initiation at a downstream codon. The next in-frame methionine is located at codon 116. Three of three in-silico tools predict a damaging effect of the variant on protein function. The variant allele was found at a frequency of 4.1e-05 in 120628 control chromosomes (gnomAD). c.2T>C has been reported in the literature in multiple individuals affected with Fanconi Anemia (examples: Levran_2005, Pinto_2009, Moghrabi_2009, Gille_2012, Li_2018, and Mori_2019). These data indicate that the variant is very likely to be associated with disease. At least one publication reports experimental evidence evaluating an impact on protein function, in this study this variant was not able to fully rescue MMC sensitivity (Li_2018). The following publications have been ascertained in the context of this evaluation (PMID: 22778927, 15643609, 30031030, 19367192, 30792206, 19278965). Other start loss variants have been classified pathogenic in ClinVar (CV ID 934462, 556239, 554309). Eight submitters have cited clinical-significance assessments for this variant to ClinVar after 2014. All submitters classified the variant as pathogenic. Based on the evidence outlined above, the variant was classified as pathogenic. | The heterozygous p.Met1Thr variant in FANCA was identified by our study, in the compound heterozygous state with a likely pathogenic variant (ClinVar Variation ID: 582405) in one individual with Fanconi anemia. Trio exome sequencing analysis revealed that this variant was in trans with another likely pathogenic variant (ClinVar Variation ID: 582405). The p.Met1Thr variant in FANCA has been previously reported in at least six unrelated individuals with Fanconi anemia complementation group A (PMID: 28060124, PMID: 30792206, PMID: 19367192, PMID: 30031030, PMID: 23898106, PMID: 10090479, PMID: 22778927) and segregated with disease in 3 affected members in one family (PMID: 28060124), but has been identified in 0.01% (3/21056) of South Asian chromosomes by the Genome Aggregation Database (gnomAD, http://gnomad.broadinstitute.org; dbSNP ID: rs769479800). Although this variant has been seen in the general population in a heterozygous state, its frequency is not high enough to rule out a pathogenic role. This variant has also been reported in ClinVar (Variation ID: 554309) and has been interpreted as pathogenic by Counsyl, Mayo Clinic Laboratories, GeneDx, Invitae, the Leiden Open Variant Database, Natera, Inc, and PerkinElmer Genomics. Of these six unrelated individuals who were previously reported (PMID: 28060124, PMID: 30792206, PMID: 19367192, PMID: 30031030, PMID: 23898106, PMID: 10090479, PMID: 22778927), one was a homozygote (PMID: 10090479), and four were compound heterozygotes who carried a pathogenic or likely pathogenic variants in trans (PMID: 28060124, ClinVar Variation ID: 545114; PMID: 30792206; PMID: 19367192; PMID: 23898106, ClinVar Variation ID: 41003) and one was a compound heterozygote who carried a variant of uncertain significance in trans (PMID: 30031030), and, in addition, the variant was found in trans with a pathogenic variant in the individual identified by our study (ClinVar Variation ID: 582405), which increases the likelihood that the p.Met1Thr variant is pathogenic. Five additional pathogenic or likely pathogenic variants, resulting in a different amino acid change at the same position, c.1A>G (p.Met1Val), c.1A>C (p.Met1Leu), c.1A>T (p.Met1Leu), c.2T>A (p.Met1Lys), c.2T>G (p.Met1Arg), and c.3G>T (p.Met1Ile), have been reported in association with disease in ClinVar, supporting that a change at this position may not be tolerated (Variation ID: 435134, 553521, 553965, 556239, 934462, 555802). In vitro functional studies provide some evidence that the p.Met1Thr variant may slightly impact protein function (PMID: 30031030). However, these types of assays may not accurately represent biological function. This variant is an initiation codon variant with closest in-frame potential start codon at in exon 4 at Met116 and there are 53 variants classified as pathogenic or likely pathogenic in ClinVar (access date 10/10/2022) upstream of closest in-frame potential start codon (Met116). Loss of function is an established disease mechanism of autosomal recessive Fanconi anemia complementation group A. In summary, this variant meets criteria to be classified as pathogenic for autosomal recessive Fanconi anemia complementation group A. ACMG/AMP Criteria applied: PVS1_Moderate, PM3_VeryStrong, PS3_Supporting, PM5, PP1 (Richards 2015). | PVS1_Moderate, PS3, PM2, PM3 | Curator: Arleen D. Auerbach. Submitters to LOVD: Arleen D. Auerbach, Johan de Winter. | This sequence change affects the initiator methionine of the FANCA mRNA. The next in-frame methionine is located at codon 116. This variant is present in population databases (rs769479800, gnomAD 0.01%). Disruption of the initiator codon has been observed in individuals with Fanconi anemia (PMID: 10090479, 15643609, 16084127, 22778927, 23898106, 24584348). ClinVar contains an entry for this variant (Variation ID: 554309). For these reasons, this variant has been classified as Pathogenic.",start_codon=-0.230(ref=0.440); ORF=-0.155(ref=0.551); 5UTR-=0.124(ref=0.368); exon=-0.067(ref=0.586); enhancer_Tissue_invariant=-0.048(ref=0.187),"skin, adult,|tissue|CAGE|none=0.448(ref=0.552); tongue epidermis (fungiform papillae),|tissue|CAGE|none=0.389(ref=0.610); artery, adult|tissue|CAGE|none=0.383(ref=0.617); eye - muscle lateral,|tissue|CAGE|none=0.366(ref=0.634); achilles tendon,|tissue|CAGE|none=0.320(ref=0.680)",Start codon / Initiation / ORF,START_LOSS
7226,7226,812219,CONCORDANT,Protein functional disruption (missense),MODERATE,6433984,C,A,AIPL1,VUS,"MLM signal (LLR = -2.08) shows strong sequence constraint at this position, supporting the pathogenic missense impact and protein disruption described in the ClinVar rationale.","LLR=-2.084, MLM_Delta=-0.656, retina_adult_CAGE=-0.110","DESC: This sequence change replaces valine, which is neutral and non-polar, with phenylalanine, which is neutral and non-polar, at codon 71 of the AIPL1 protein (p.Val71Phe). This variant is present in population databases (rs775364986, gnomAD 0.0009%). This missense change has been observed in individuals with Leber congenital amaurosis (PMID: 15024725, 20079931, 20702822, 26306921). ClinVar contains an entry for this variant (Variation ID: 812219). Invitae Evidence Modeling of protein sequence and biophysical properties (such as structural, functional, and spatial information, amino acid conservation, physicochemical variation, residue mobility, and thermodynamic stability) indicates that this missense variant is expected to disrupt AIPL1 protein function with a positive predictive value of 95%. Experimental studies have shown that this missense change affects AIPL1 function (PMID: 27268253, 28739921, 28973376). For these reasons, this variant has been classified as Pathogenic. | NM_014336.5(AIPL1):c.211G>T (p.Val71Phe) is a missense variant resulting in replacement of valine by phenylalanine at amino acid p.71. This variant is present in gnomAD v.4.1.0 at a total allele frequency of 0.000001239, with 2 / 1,614,150 total alleles, which is lower than the ClinGen LCA/eoRD VCEP PM2_Supporting threshold of <0.0004 (PM2_Supporting). This variant has been reported in at least 2 probands with early-onset severe retinal dystrophy who were homozygous for the variant (1 point, PMID: 15024725, PMID: 20079931, PMID: 20702822, PMID: 26306921). This variant has also been reported in at least 1 proband with early-onset severe retinal dystrophy who was compound heterozygous with the NM_014336.5(AIPL1):c.216G>A (p.Trp72Ter) variant likely confirmed in trans due to their physical proximity (1 point, PMID: 20702822), which was previously classified pathogenic by the ClinGen LCA/eoRD VCEP (2 total points, PM3_Strong). The variant has been reported in an additional proband with early-onset severe retinal dystrophy who was compound heterozygous with the NM_014336.5(AIPL1):c.730GAG[1] (p.Glu245del) variant suspected in trans, which has not yet been classified by the ClinGen LCA/eoRD VCEP. At least one proband harboring this variant exhibits a phenotype including a diagnosis of Leber congenital amaurosis (0.5 pts) received before age 5 years (1 pt), severely reduced central visual acuity (1 pt), kinetic visual field extent (V-4e) undetectable (1 pt), nystagmus (1 pt), and nondetectable electroretinogram responses from both rods (0.5 pts) and cones (1 pt), which together are specific for AIPL1-related retinopathy (total 6 points, PMID: 20702822, PP4). The computational predictor REVEL gives a score of 0.780, which is above the ClinGen LCA/eoRD VCEP threshold of ≥0.774 and predicts a damaging effect on AIPL1 protein function (PP3_Moderate). The splicing impact predictor SpliceAI gives a score of 0.02 for acceptor gain, which is below the ClinGen LCA/eoRD VCEP recommended threshold of ≥0.2 and does not strongly predict an impact on splicing. Co-expression of the variant with PDE6C and Pγ resulted in less than 10% of cGMP hydrolysis activity relative to the wild-type AIPL1 control (PMID: 27268253), while X-ray crystal structures of the wild-type and variant AIPL1 identified an inability of the variant to bind prenyl groups, which are relevant to AIPL1 interaction with the isoprenylated C-terminus of PDE6 (PMID: 28973376)(PS3_supporting). In summary, this variant meets the criteria to be classified as Likely Pathogenic for AIPL1-related retinopathy based on the ACMG/AMP criteria applied, as specified by the ClinGen LCA/eoRD VCEP: PM2_Supporting, PM3_Strong, PP3_Moderate, PS3_supporting and PP4. (VCEP specifications version 1.0.0; date of approval 09/24/2025).",splice_acceptor=-0.037(ref=0.199); splice_donor=-0.024(ref=0.175); 5UTR-=-0.020(ref=0.278),"testis, adult, pool1|tissue|CAGE|none=-0.183(ref=0.844); testis, adult, pool2|tissue|CAGE|none=-0.171(ref=0.860); Clontech Human Universal Reference Total RNA, pool1|tissue|CAGE|none=-0.168(ref=0.826); eye, fetal,|tissue|CAGE|none=-0.120(ref=0.682); retina, adult, pool1|tissue|CAGE|none=-0.110(ref=0.665)",MLM / Sequence-constraint signal,SEQUENCE_CONSTRAINED
7330,7330,261001,CONCORDANT,NEUTRAL,ABSENT,7688850,C,G,TP53;WRAP53,VUS,"ClinVar classifies the variant as benign, and NT signals across all categories (BED, BW, MLM) are negligible, indicating no predicted functional or sequence disruption.","LLR=-0.491, splice_donor=0.030, LogProb_Delta=0.6","DESC: Variant identified in a genome or exome case(s) and assessed due to predicted null impact of the variant or pathogenic assertions in the literature or databases. Disclaimer: This variant has not undergone full assessment. The following are preliminary notes: Frequency, variant associated with breast cancer | This variant is associated with the following publications: (PMID: 25134915, 17683073) | This variant was observed in the ICSL laboratory as part of a predisposition screen in an ostensibly healthy population. It had not been previously curated by ICSL or reported in the Human Gene Mutation Database (HGMD: prior to June 1st, 2018), and was therefore a candidate for classification through an automated scoring system. Utilizing variant allele frequency, disease prevalence and penetrance estimates, and inheritance mode, an automated score was calculated to assess if this variant is too frequent to cause the disease. Based on the score and internal cut-off values, a variant classified as benign is not then subjected to further curation. The score for this variant resulted in a classification of benign for this disease. | This alteration is classified as benign based on a combination of the following: seen in unaffected individuals, population frequency, intact protein function, lack of segregation with disease, co-occurrence, RNA analysis, in silico models, amino acid conservation, lack of disease association in case-control studies, and/or the mechanism of disease or impacted region is inconsistent with a known cause of pathogenicity. | This variant is classified as Benign based on local population frequency. This variant was detected in 29% of patients studied by a panel of primary immunodeficiencies. Number of patients: 28. Only high quality variants are reported.",splice_donor=0.030(ref=0.132); promoter_Tissue_specific=-0.019(ref=0.190); 5UTR+=0.017(ref=0.467),"medial temporal gyrus, newborn,|tissue|CAGE|none=-0.105(ref=0.643); amygdala, newborn,|tissue|CAGE|none=-0.104(ref=0.651); parietal lobe, newborn,|tissue|CAGE|none=-0.089(ref=0.630); occipital cortex, newborn,|tissue|CAGE|none=-0.073(ref=0.603); medial frontal gyrus, newborn,|tissue|CAGE|none=-0.070(ref=0.595)",Benign / Neutral / None,UNCERTAIN_SIGNIFICANCE
7347,7347,995489,PARTIAL,Sequence conservation,WEAK,8076244,C,T,ALOX12B,VUS,"MLM captures mild sequence constraint (LLR=-0.95), but all other signals (BED/BW) are negligible, under-representing the high conservation and deleterious protein impact described in ClinVar.","LLR=-0.951, MLM_Delta=-0.338","DESC: Multiple lines of computational evidence support a deleterious effect on the gene or gene product (conservation, evolutionary, splicing impact, etc).;Absent from controls (or at extremely low frequency if recessive) in Genome Aggregation Database, Exome Sequencing Project, 1000 Genomes Project, or Exome Aggregation Consortium.;For recessive disorders, detected in trans with a pathogenic variant. | The ALOX12B c.1463G>A variant is predicted to result in the amino acid substitution p.Arg488His. This variant has been previously reported in the homozygous or compound heterozygous state in individuals with autosomal recessive congenital ichthyosis (Eckl et al. 2005. PubMed ID: 16116617; Ashoor et al. 2006. PubMed ID: 16792775; Figure 2A, Hotz et al. 2021. PubMed ID: 33435499; Saat et al. 2022. PubMed ID: 35734965; Israeli et al. 2013. PubMed ID: 23621129). This variant is reported in 0.0050% of alleles in individuals of East Asian descent in gnomAD (http://gnomad.broadinstitute.org/variant/17-7979562-C-T). This variant is interpreted as pathogenic. | Variant summary: ALOX12B c.1463G>A (p.Arg488His) results in a non-conservative amino acid change in the encoded protein sequence. Five of five in-silico tools predict a damaging effect of the variant on protein function. The variant allele was found at a frequency of 4e-06 in 251322 control chromosomes (gnomAD). c.1463G>A has been reported in the literature in multiple individuals affected with autosomal recessive congenital ichthyoses, including several homozygotes (Eckl_2005, Seidl-Philipp_2020) and at least one compound heterozygote (Israeli_2013). These data indicate that the variant is very likely to be associated with disease. Eckl et al (2005) also examined the variant protein's ability to convert arachidonic acid and determined that the variant protein had complete loss of enzymatic activity. One ClinVar submitter has assessed the variant since 2014: the variant was classified as pathogenic. Based on the evidence outlined above, the variant was classified as pathogenic. | Published functional studies demonstrate a damaging effect (PMID: 16116617); Not observed at significant frequency in large population cohorts (gnomAD); In silico analysis supports that this missense variant has a deleterious effect on protein structure/function; This variant is associated with the following publications: (PMID: 16116617, 16792775, 28236338, 23621129, 37848341, 38178268, 33786896, 34671977, 31642606, 35734965, 33435499)",start_codon=0.052(ref=0.100),"Prostate Epithelial Cells,|primary cell|CAGE|none=-0.105(ref=0.684); tongue, adult|tissue|CAGE|none=-0.091(ref=0.730); esophagus, adult, pool1|tissue|CAGE|none=-0.078(ref=0.660); amniotic membrane cells,|primary cell|CAGE|none=-0.057(ref=0.634); Bronchial Epithelial Cell,|primary cell|CAGE|none=-0.052(ref=0.601)",MLM / Sequence-constraint signal,UNCERTAIN_SIGNIFICANCE
7534,7534,379956,CONCORDANT,Neutral sequence context,ABSENT,42562786,C,A,COASY,VUS,"Weak signals across all modalities (BED, BW, MLM) support the ClinVar benign classification and the observation of poor sequence conservation.","LLR=-1.621, BED splice_donor=-0.013","DESC: This variant is classified as Benign based on local population frequency. This variant was detected in 75% of patients studied in a panel designed for Epileptic and Developmental Encephalopathy, Progressive Myoclonus Epilepsy and Abnormal Movements and Neurodegeneration with brain iron accumulation. Number of patients: 70. Only high quality variants are reported. | This variant is considered likely benign or benign based on one or more of the following criteria: it is a conservative change, it occurs at a poorly conserved position in the protein, it is predicted to be benign by multiple in silico algorithms, and/or has population frequency not consistent with disease.",5UTR+=0.018(ref=0.358),sacrococcigeal teratoma cell line|cell line|CAGE|none=0.231(ref=0.637); rhabdomyosarcoma cell line|cell line|CAGE|none=0.224(ref=0.676); acute myeloid leukemia (FAB M6) cell line|cell line|CAGE|none=0.219(ref=0.642); myxofibrosarcoma cell line|cell line|CAGE|none=0.218(ref=0.628); Wilms' tumor cell line|cell line|CAGE|none=0.212(ref=0.593),Benign / Neutral / None,UNCERTAIN_SIGNIFICANCE
7816,7816,5916,DISCORDANT,Protein disruption (missense),ABSENT,63959270,G,T,SCN4A,VUS,"NT fails to detect the known pathogenic missense effect; BED and BW signals are negligible, and the MLM LLR is positive, contradicting the reported evolutionary conservation.","LLR=0.708, LogProb_Delta=1.4","DESC: Functional studies assessing the impact of the analogous amino acid change in the rat isoform revealed altered channel dynamics, suggestive of an inwardly rectifying leaky pore at resting state (PMID: 18824591, 29769724); In silico analysis supports that this missense variant has a deleterious effect on protein structure/function; Not observed at significant frequency in large population cohorts (gnomAD); This variant is associated with the following publications: (PMID: 26252573, 15645704, 16890191, 14504341, 15557532, 11558801, 29769724, 11353725, 18824591, 10944223, 11591859) | This sequence change replaces arginine, which is basic and polar, with serine, which is neutral and polar, at codon 672 of the SCN4A protein (p.Arg672Ser). This variant is not present in population databases (gnomAD no frequency). This missense change has been observed in individuals with hypokalemic periodic paralysis (HOKPP) (PMID: 11558801, 11591859, 15557532, 15645704, 26252573). It has also been observed to segregate with disease in related individuals. ClinVar contains an entry for this variant (Variation ID: 5916). Advanced modeling of protein sequence and biophysical properties (such as structural, functional, and spatial information, amino acid conservation, physicochemical variation, residue mobility, and thermodynamic stability) performed at Invitae indicates that this missense variant is expected to disrupt SCN4A protein function with a positive predictive value of 95%. Experimental studies have shown that this missense change affects SCN4A function (PMID: 11558801, 18824591). This variant disrupts the p.Arg672 amino acid residue in SCN4A. Other variant(s) that disrupt this residue have been determined to be pathogenic (PMID: 10944223, 11912116, 15482957, 17330043, 18824591, 19225109, 20660662, 22253645, 23019082, 25024265, 26252573). This suggests that this residue is clinically significant, and that variants that disrupt this residue are likely to be disease-causing. For these reasons, this variant has been classified as Pathogenic.",stop_codon=0.034(ref=0.067); splice_donor=-0.029(ref=0.191); 5UTR-=-0.016(ref=0.274); lncRNA=-0.014(ref=0.222),"tongue, fetal,|tissue|CAGE|none=-0.099(ref=0.703); skeletal muscle, adult, pool1|tissue|CAGE|none=-0.085(ref=0.693); skeletal muscle, fetal,|tissue|CAGE|none=-0.080(ref=0.621); eye, fetal,|tissue|CAGE|none=-0.068(ref=0.612); diaphragm, fetal,|tissue|CAGE|none=-0.066(ref=0.597)",MLM / Sequence-constraint signal,UNCERTAIN_SIGNIFICANCE
7950,7950,259016,CONCORDANT,Sequence conservation/constraint,MODERATE,3457608,C,T,TGIF1,VUS,"MLM signals show moderate sequence disruption (LLR -1.47), providing a biologically plausible signal for a pathogenic missense variant where ClinVar only provides a literature reference.","LLR=-1.471, MLM_Delta=-0.539",DESC: This variant is associated with the following publications: (PMID: 24215395),stop_codon=0.055(ref=0.163); 5UTR+=-0.022(ref=0.320); 3UTR+=-0.022(ref=0.552); 3UTR-=-0.018(ref=0.106),"Prostate Epithelial Cells (polarized),|primary cell|CAGE|none=-0.397(ref=0.961); lung, right lower lobe, adult,|tissue|CAGE|none=-0.380(ref=0.940); testis, adult, pool1|tissue|CAGE|none=-0.365(ref=0.957); Prostate Stromal Cells,|primary cell|CAGE|none=-0.363(ref=0.939); Fibroblast - Aortic Adventitial,|primary cell|CAGE|none=-0.357(ref=0.941)",MLM / Sequence-constraint signal,SEQUENCE_CONSTRAINED
8038,8038,24832,DISCORDANT,Missense,ABSENT,51065549,G,A,SMAD4,VUS,NT fails to capture the pathogenic missense effect. MLM signals paradoxically favor the alternative allele (LLR 1.9) while scoring the reference context as highly improbable (Z=-6.3).,"LLR=1.900, LogProb_Ref=-6.3, LogProb_Delta=2.8","DESC: Variant summary: SMAD4 c.1082G>A (p.Arg361His) results in a non-conservative amino acid change in the encoded protein sequence. Five of five in-silico tools predict a damaging effect of the variant on protein function. The variant was absent in 251392 control chromosomes. c.1082G>A has been reported in the literature in individuals affected with Juvenile Polyposis Syndrome or hereditary hemorrhagic telangiectasia. These data indicate that the variant is associated with disease. Four clinical diagnostic laboratories have submitted clinical-significance assessments for this variant to ClinVar after 2014 without evidence for independent evaluation. All laboratories classified the variant as pathogenic/likely pathogenic. Based on the evidence outlined above, the variant was classified as pathogenic. | This sequence change replaces arginine, which is basic and polar, with histidine, which is basic and polar, at codon 361 of the SMAD4 protein (p.Arg361His). This variant is not present in population databases (gnomAD no frequency). This missense change has been observed in individuals with juvenile polyposis syndrome (JPS), hereditary hemorrhagic telangiectasia (HHT) and a combined syndrome including features of both diseases (JPHT) (PMID: 10797267, 17873119, 20101697, 22331366). ClinVar contains an entry for this variant (Variation ID: 24832). Advanced modeling performed at Invitae incorporating data from internal and/or published experimental studies (Invitae) indicates that this missense variant is expected to disrupt SMAD4 function with a positive predictive value of 80%. Experimental studies have shown that this missense change affects SMAD4 function (PMID: 15014009, 27595937). This variant disrupts the p.Arg361 amino acid residue in SMAD4. Other variant(s) that disrupt this residue have been determined to be pathogenic (PMID: 9811934, 10764709, 16613914, 17873119, 20101697). This suggests that this residue is clinically significant, and that variants that disrupt this residue are likely to be disease-causing. For these reasons, this variant has been classified as Pathogenic. | This variant is considered likely pathogenic. Functional studies indicate this variant impacts protein function [PMID: 33326750, 27595937, 17132729, 11274206]. This variant is expected to disrupt protein structure [Myriad internal data]. This variant has been reported in multiple individuals with clinical features of gene-specific disease [PMID: 10797267, 17873119, 22331366]. | Published functional studies demonstrate a damaging effect: inhibition of SMAD2 binding and defective down regulation of c-myc in a TGF-beta-dependent manner (Wu 2001, Lim 2006); Not observed in large population cohorts (Lek 2016); In silico analysis supports that this missense variant has a deleterious effect on protein structure/function; This variant is associated with the following publications: (PMID: 26046389, 10340381, 22331366, 10797267, 11274206, 27595937, 23139211, 24525918, 17873119, 20101697, 17132729, 28693246, 32300199) | The p.R361H pathogenic mutation (also known as c.1082G>A), located in coding exon 8 of the SMAD4 gene, results from a G to A substitution at nucleotide position 1082. The arginine at codon 361 is replaced by histidine, an amino acid with highly similar properties. This mutation has been reported in multiple individuals with a clinical diagnosis of juvenile polyposis syndrome (JPS) and several also with a diagnosis of hereditary hemorrhagic telangiectasia (HHT) (Kim IJ et al. Int. J. Cancer, 2000 May;86:529-32; Aretz S et al. J. Med. Genet., 2007 Nov;44:702-9). This mutation was shown through in vitro interaction assays to disrupt Smad2/Smad4 heterocomplex formation (Wu JW et al. J. Biol. Chem., 2001 Jun;276:20688-94). In addition, multiple other alterations at the same codon (p.R361C, p.R361G, p.R361L, p.R361S) have also been described in individuals with clinical JPS as well as combined JPS-HHT (Gallione C et al. Am. J. Med. Genet. A, 2010 Feb;152A:333-9; Houlston R et al. Hum. Mol. Genet., 1998 Nov;7:1907-12; Howe JR et al. J. Med. Genet., 2004 Jul;41:484-91). Based on the supporting evidence, this alteration is interpreted as a disease-causing mutation. | Variant has Tier I (strong) clinical significance as a diagnostic inclusion criterion in colorectal cancer, based on the following evidence: 1) Documented in one or more cancer databases (e.g., St. Jude Pecan, COSMIC, CIViC, OncoKB). 2) Appears in one or more well-established professional guidelines (e.g., World Health Organization [WHO]; National Comprehensive Cancer Network [NCCN]) as providing diagnostic, prognostic, or therapeutic information. 3) Information in the literature supports potential biologic effect of variant (PMIDs: 19909744, 29483830, 11779503, 11274206, 17132729). 4) Diagnostic for a specific tumor type/classification based on well-powered studies with expert-level consensus (Evidence Level B; PMIDs: 28267766, 29316426, 30032163, 31080553, 31400926, 31515570).",stop_codon=0.101(ref=0.166); intron=0.033(ref=0.485); splice_donor=-0.032(ref=0.159),,MLM / Sequence-constraint signal,UNCERTAIN_SIGNIFICANCE
8154,8154,158519,DISCORDANT,Protein disruption (missense),ABSENT,10823868,T,C,DNM2,VUS,"ClinVar describes a highly conserved pathogenic missense variant (REVEL 0.91), but NT signals are entirely neutral (LLR=0.128), failing to detect the evolutionary or sequence constraint.","LLR=0.128, LogProb_Delta=1.0, BED_splice_acceptor=-0.032","DESC: Advanced modeling of protein sequence and biophysical properties (such as structural, functional, and spatial information, amino acid conservation, physicochemical variation, residue mobility, and thermodynamic stability) performed at Invitae indicates that this missense variant is expected to disrupt DNM2 protein function. ClinVar contains an entry for this variant (Variation ID: 158519). This missense change has been observed in individuals with congenital or centronuclear myopathy (PMID: 19932620, 22396310; Invitae). This variant is not present in population databases (gnomAD no frequency). This sequence change replaces leucine, which is neutral and non-polar, with proline, which is neutral and non-polar, at codon 621 of the DNM2 protein (p.Leu621Pro). Algorithms developed to predict the effect of sequence changes on RNA splicing suggest that this variant is not likely to affect RNA splicing. For these reasons, this variant has been classified as Pathogenic. | The variant is not observed in the gnomAD v2.1.1 dataset. Predicted Consequence/Location: Missense changes are a common disease-causing mechanism. In silico tool predictions suggest damaging effect of the variant on gene or gene product [REVEL: 0.91 (>=0.6, sensitivity 0.68 and specificity 0.92); 3Cnet: 0.97 (>=0.6, sensitivity 0.72 and precision 0.9)]. Same nucleotide change resulting in same amino acid change has been previously reported as pathogenic/likely pathogenic with strong evidence (ClinVar ID: VCV000158519 /PMID: 19932620). Therefore, this variant is classified as Likely pathogenic according to the recommendation of ACMG/AMP guideline.",splice_acceptor=-0.032(ref=0.096); promoter_Tissue_invariant=0.015(ref=0.091),"testis, adult, pool1|tissue|CAGE|none=0.407(ref=0.557); Prostate Epithelial Cells (polarized),|primary cell|CAGE|none=0.391(ref=0.523); adipose,|tissue|CAGE|none=0.389(ref=0.591); Prostate Epithelial Cells,|primary cell|CAGE|none=0.385(ref=0.599); lung, right lower lobe, adult,|tissue|CAGE|none=0.377(ref=0.531)",MLM / Sequence-constraint signal,UNCERTAIN_SIGNIFICANCE
8168,8168,251213,CONCORDANT,Protein Coding (Missense/Conservation),MODERATE,11105324,G,A,LDLR,VUS,MLM LLR (-1.75) captures the evolutionary constraint of the conserved Glu140 residue described in ClinVar. BED/BW signals are correctly minimal for this protein-level missense variant.,"LLR=-1.75, MLM_Delta=-0.439","DESC: The NM_000527.5(LDLR):c.418G>A (p.Glu140Lys) variant is classified as Pathogenic for Familial Hypercholesterolemia by applying evidence codes (PP1_Strong, PM1, PM2, PP3, PP4 and PS4_Supporting) as defined by the ClinGen Familial Hypercholesterolemia Expert Panel LDLR-specific variant curation guidelines (https://doi.org/10.1016/j.gim.2021.09.012). The supporting evidence is as follows: PP1_strong - variant segregates with FH phenotype in 8 informative meioses from 4 families from Instituto Nacional de Saude Doutor Ricardo Jorge and Laboratory of Genetics and Molecular Cardiology, so PP1_Strong is met. PM1 - variant is missense in exon 4 and meets PM2 criteria, so PM1 is met. PM2 - This variant is absent from gnomAD (gnomAD v2.1.1), so PM2 is met. PP3 - REVEL = 0.965, it is above 0.75, so PP3 is met. PP4 - Variant meets PM2 and was identified in 2 unrelated index cases who fulfill SB criteria from Instituto Nacional de Saude Doutor Ricardo Jorge, so PP4 is met. PS4_supporting - variant meets PM2. Identified in 2 unrelated index cases who fulfill SB criteria from Instituto Nacional de Saude Doutor Ricardo Jorge, PS4_supporting is met. | This missense variant replaces glutamic acid with lysine at codon 140 of the LDLR protein. This variant is also known as p.Glu119Lys in the mature protein and as FH-Philippines and FH Durban-2 in the literature. This variant alters a conserved glutamic acid residue in the third LDLR type A repeat of the ligand binding domain of the LDLR protein (a.a. 107-145), where pathogenic missense variants are found enriched (ClinVar-LDLR). Computational prediction tool suggests that this variant may have a deleterious impact on protein structure and function (internally defined REVEL score threshold >=0.7, PMID: 27666373). Functional studies with compound heterozygous patient fibroblasts showed <10-30% LDLR activity compared to wild type and LDLR protein instability (PMID: 1301956, 8347689, 18718593). This variant has been reported in 10+ individuals diagnosed with familial hypercholesterolemia (PMID: 1301956, 8347689, 10532689, 11668627, 11668640, 15359125, 18718593, 19446849, 21722902, 23375686, 25962062, 34998859) and shown to segregate with disease in four families (PMID: 15359125, 34998859). This variant has not been identified in the general population by the Genome Aggregation Database (gnomAD). A different variant affecting the same codon, p.Glu140Asp, is considered to be disease-causing (ClinVar variation ID: 251216), suggesting that glutamic acid at this position is important for LDLR protein function. Based on available evidence, this variant is classified as Pathogenic. | 0/100 healthy control individuals; 0/60 healthy control individuals; 0/190 non-FH alleles | The p.E140K pathogenic mutation (also known as c.418G>A), located in coding exon 4 of the LDLR gene, results from a G to A substitution at nucleotide position 418. The glutamic acid at codon 140 is replaced by lysine, an amino acid with similar properties. This alteration (also referred to as p.E119K) has been reported in a number of individuals with familial hypercholesterolemia (FH) (Hobbs HH et al. Hum. Mutat., 1992;1:445-66; Rubinsztein DC et al. Biochim. Biophys. Acta, 1993 Aug;1182:75-82; Maruyama T et al. Arterioscler. Thromb. Vasc. Biol., 1995 Oct;15:1713-8; Jensen HK et al. Atherosclerosis, 1999 Oct;146:337-44; Garc&iacute;a-Garc&iacute;a AB et al. Hum. Mutat., 2001 Nov;18:458-9; Vaca G et al. Atherosclerosis, 2011 Oct;218:391-6; Bertolini S et al. Atherosclerosis, 2013 Apr;227:342-8; Shin DG et al. Atherosclerosis, 2015 Nov;243:53-8). Another variant at the same codon, p.E140D (c.420G>C), has also been reported in association with FH (Tich&yacute; L et al. Atherosclerosis, 2012 Aug;223:401-8) Internal structural analysis indicates that this variant, which impacts a residue in the conserved cluster of acidic amino acids at the C-terminal end of LDLR class A repeat 3, is expected to have a deleterious impact on protein function (Jeon H and Blacklow C. Annu. Rev. Biochem. 2005;74:535-62; Ambry internal data). This amino acid position is highly conserved in available vertebrate species. In addition, this alteration is predicted to be deleterious by in silico analysis. This variant is considered to be rare based on population cohorts in the Genome Aggregation Database (gnomAD). Based on the supporting evidence, this variant is interpreted as a disease-causing mutation. | The heterozygous c.418G>A (p.Glu140Lys) missense variant identified in the LDLR gene has been reported in multiple individuals affected with familial hypercholesterolemia [PMID:1301956, 8347689, 31491741, and more]. The variant is also known as p.Glu119Lys in the literature, and is reported in ClinVar as Pathogenic/Likely Pathogenic by multiple independent laboratories [VarID:251213]. The p.Glu140Lys variant has 0.00001314 allele frequency in the gnomAD database [2 out of 152,192 heterozygous alleles, no homozygotes] suggesting it is not a common benign variant in the populations represented in that database. The variant affects an evolutionarily conserved reside and is predicted deleterious by multiple in silico prediction tools. Functional studies demonstrate that the p.Glu140Lysvariant results in significantly reduced LDLR activity, and protein instability with reduced internalization and degradation [PMID:1301956, 8347689]. Based on the available evidence, the heterozygous p.Glu140Lys variant identified in the LDLR gene is reported as Pathogenic. | The LDLR c.418G>A p.(Glu140Lys) variant has been reported in >=10 FH patients meeting clinical criteria, including patients where alternative causes of high cholesterol were excluded (PS4_STRONG, PP4_SUPPORTING; PMIDs 7583548, 7981713, 8347689, 10532689, 11668627, 11668640, 15359125, 17539906, 18718593, 25962062, 26343872, 35340792, ClinGen FH VCEP data). This variant was found to segregate with FH in >=6 informative meiosis in >=1 family (PP1_STRONG; PMIDs 7583548, 7981713, 15359125, ClinGen FH VCEP data) and was observed in an individual with a homozygous FH phenotype who had 1 other pathogenic variant in LDLR in trans (PM3_MODERATE; PMID: 7583548). This missense variant is located in exon 4 (PM1_MODERATE), absent from gnomAD v2.1.1 (PM2_MODERATE) and has a REVEL score of 0.965 (PP3_SUPPORTING). Based on the evidence listed above, we have classified this variant as Pathogenic. | This sequence change replaces glutamic acid, which is acidic and polar, with lysine, which is basic and polar, at codon 140 of the LDLR protein (p.Glu140Lys). This variant is not present in population databases (gnomAD no frequency). This missense change has been observed in individuals with familial hypercholesterolemia (PMID: 1301956, 8347689, 10532689, 11668627, 11668640, 15359125, 17539906, 18718593, 19446849, 21310417, 21722902, 23375686, 25962062, 26343872). Invitae Evidence Modeling of clinical and family history, age, sex, and reported ancestry of multiple individuals with this LDLR variant has been performed. This variant is expected to be pathogenic with a positive predictive value of at least 99%. This is a validated machine learning model that incorporates the clinical features of 363,995 individuals referred to our laboratory for LDLR testing. This variant is also known as p.Glu119Lys. ClinVar contains an entry for this variant (Variation ID: 251213). Invitae Evidence Modeling of protein sequence and biophysical properties (such as structural, functional, and spatial information, amino acid conservation, physicochemical variation, residue mobility, and thermodynamic stability) indicates that this missense variant is expected to disrupt LDLR protein function with a positive predictive value of 95%. This variant disrupts the p.Glu140 amino acid residue in LDLR. Other variant(s) that disrupt this residue have been determined to be pathogenic (PMID: 11754108; internal datadatabase). This suggests that this residue is clinically significant, and that variants that disrupt this residue are likely to be disease-causing. For these reasons, this variant has been classified as Pathogenic. | ACMG categories: PS1,PM1,PM2,PP2,PP5",polyA_signal=0.032(ref=0.038); 5UTR+=-0.023(ref=0.292); splice_acceptor=0.016(ref=0.081),sacrococcigeal teratoma cell line|cell line|CAGE|none=0.300(ref=0.616); acute myeloid leukemia (FAB M6) cell line|cell line|CAGE|none=0.298(ref=0.604); tridermal teratoma cell line|cell line|CAGE|none=0.289(ref=0.569); myxofibrosarcoma cell line|cell line|CAGE|none=0.289(ref=0.610); embryonic pancreas cell line|cell line|CAGE|none=0.288(ref=0.584),MLM / Sequence-constraint signal,SEQUENCE_CONSTRAINED
8177,8177,3685,DISCORDANT,Missense,ABSENT,11102732,T,G,LDLR,VUS,"ClinVar identifies a well-characterized pathogenic missense mutation disrupting protein function, but NT shows negligible signals across all categories (LLR > -1, BED deltas < 0.1, BW deltas < 1.0).",LLR=-0.255; splice_donor=0.038,"DESC: This variant (rs121908025) is rare (<0.1%) in a large population database (gnomAD: 8/282882 total alleles, 0.003%, no homozygotes) and has an entry in ClinVar. It has been reported in multiple individuals with familial hypercholesterolemia-1, and is considered a founder mutation in the French-Canadian population. This variant is located in the second type A repeat of the ligand binding domain of the LDLR protein. Functional studies have demonstrated a deleterious effect of p.Trp87Gly on LDL binding and uptake. This variant was also identified in the patient's father, who has a personal history of elevated cholesterol. We consider c.259T>G to be pathogenic. | This missense variant replaces tryptophan with glycine at codon 87 in the second LDLR type A repeat of the ligand binding domain of the LDLR protein. This variant is also known as p.Trp66Gly in the mature protein. Computational prediction suggests that this variant may have deleterious impact on protein structure and function. Experimental functional studies have demonstrated that this variant causes reduced LDL binding, internalization and uptake (PMID: 8645371, 10735631, 31578082). This variant has been identified in over 500 individuals affected with familial hypercholesterolemia (PMID: 2318961, 8098448, 9104431, 9259195, 9272705, 9676383, 12553167, 15528480, 16542394, 23669246, 30512145, 31345425, 31578082, 33955087, 34037665, 37607748, 39407785). This variant is common in individuals of European descent and is considered a founder mutation in the French-Canadian population (PMID: 9272705) and Swedish population (PMID: 33955087). It has been shown that this variant segregates with disease in multiple affected individuals across multiple families (PMID: 37607748; ClinVar SCV001960956.1). Homozygous individuals have been shown to carry significantly higher LDL-C levels than heterozygous individuals (PMID: 8098448, 36727130). This variant has been identified in 8/282882 chromosomes in the general population by the Genome Aggregation Database (gnomAD). Based on available evidence, this variant is classified as Pathogenic. | Criteria applied: PS3,PS4,PP1_MOD,PM2_SUP,PP3,PP4 | Observed frequently in heterozygous and homozygous states in unrelated patients from different ethnic backgrounds with FH in published literature (PMID: 2318961, 1301956, 8645371, 9259195, 9104431, 9272705, 9767373, 15528480, 16542394, 23669246, 24281370); Described as a French Canadian founder mutation and is a commonly identified variant in the European FH population (PMID: 9767373, 9272705, 16542394); Not observed at significant frequency in large population cohorts (gnomAD); Published functional studies suggest a damanging effect as LDL receptor activity was significantly reduced in the fibroblasts from two of three unrelated individuals who were homozygous for the FH French Canadian-4 allele and this variant affects either LDLR turnover or the binding of the LDLR protein to LDL (PMID: 1301956, 2318961); In silico analysis supports that this missense variant has a deleterious effect on protein structure/function; Also known as FH French Canadian-4 and p.(W66G); This variant is associated with the following publications: (PMID: 28008010, 9104431, 2318961, 9259195, 8645371, 15528480, 23669246, 24281370, 9767373, 12381843, 30586733, 30512145, 29874871, 29261184, 31401775, 29407885, 31727422, 34040191, 32041611, 33303402, 32719484, 32770674, 33740630, 34037665, 33087929, 37589137, 37409534, 34363016, 33955087, 1301956, 9272705, 16542394) | The c.259T>G (p.Trp87Gly) variant in the LDLR gene has been reported in multiple individuals with familial hypercholesterolemia (PMID: 2318961, 8054972, 8645371, 9259195, 9104431). It is located in the functionally important second LDLR type A repeat. Functional studies have demonstrated a deleterious effect of the p.Trp87Gly variant on LDL binding (PMID: 2318961, 8645371, 10735631). The variant is observed in gnomAD at a low minor allele frequency (8/282882). Multiple algorithms predicted this change to be deleterious. Therefore, the c.259T>G (p.Trp87Gly) variant in the LDLR gene is classified as pathogenic. | The c.259T>G (p.Trp87Gly) variant, also known as p.Trp66Gly in LDLR gene that encodes for low density lipoprotein receptor, has been identified in numerous individuals (>100) affected with familial hypercholesterolemia (FH) (PMID:9104431, 2318961, 9259195, 9272705). This variant has also been reported in homozygous status in several individuals (>20) affected with severe FH (PMID: 8098448, 2318961, 9272705). This variant is considered as a founder mutation in the French-Canadian (PMID: 9272705) and Swedish population (PMID: 33955087). Experimental studies using patient derived lymphoblasts from true homozygotes revealed reduced LDLR binding and uptake (PMID: 31578082). Transfection of the mutant, p.Trp87Gly, protein in receptor deficient CHOldlA7 cells also showed significant reduction in LDL binding and uptake (PMID:31578082). Computational prediction tools suggest that the p.Trp87Gly variant may have deleterious effect on the protein function (REVEL score: 0.892). This variant is rare (24/1613912 chromosomes; 0.001487%) in the general population database, gnomAD v4.1.0 and interpreted as pathogenic by several submitters in the ClinVar database including the ClinGen variant curation expert panel (ClinVar ID: 3685). Therefore, the c.259T>G (p.Trp87Gly) variant in LDLR gene is classified as pathogenic. | The p.Trp87Gly variant in LDLR is a well-established pathogenic variant for familial hypercholesterolemia (Leitersdorf 1990, Jensen 1996, Vohl 1997, Tybjaerg-Hansen 2005, Futema 2013), and is a known founder mutation in the French Canadian population where it has been reported in >400 individuals with FH, including >15 homozygous individuals (Vohl 1997). It has also been identified in 5/66740 European chromosomes by the Exome Aggregation Consortium (ExAC, http://exac.broadinstitute.org; dbSNP rs121908025); however, this frequency is low enough to be consistent with the frequency of FH in the general population. Additionally, in vitro functional studies provide some evidence that the p.Trp87Gly variant may impact protein function (Leitersdorf 1990). In summary, this variant meets our criteria to be classified as pathogenic for FH in an autosomal dominant manner based upon its identification in a large number of affected individuals and low frequency in controls. | subjects mutated among 2600 FH index cases screened = 9 , family members = 7 with co-segregation / frequently associated with c.1975A>C, p.Thr659Pro (2 index cases), Subnormal LDLR activity / Software predictions: Damaging | LDLR: PS4, PM2, PP1:Moderate, PP4, PS3:Supporting | The p.W87G pathogenic mutation (also known as c.259T>G), located in coding exon 3 of the LDLR gene, results from a T to G substitution at nucleotide position 259. The tryptophan at codon 87 is replaced by glycine, an amino acid with highly dissimilar properties. This mutation, historically reported as W66G, has been identified in multiple individuals with familial hypercholesterolemia (FH) (Leitersdorf E et al. J. Clin. Invest., 1990 Apr;85:1014-23; Brusgaard K et al. Clin. Genet., 2006 Mar;69:277-83; Langsted A et al. Lancet Diabetes Endocrinol, 2016 Jul;4:577-87). This alteration has been reported in FH patients across ethnic groups and has been designated a founder mutation in the French Canadian and Danish populations (Vohl MC et al. Clin. Genet., 1997 Jul;52:1-6; Jensen HK et al. Atherosclerosis, 1999 Oct;146:337-44). In vitro functional studies have demonstrated that this mutation causes defects in cell surface binding of LDL (Leitersdorf E et al. J. Clin. Invest., 1990 Apr;85:1014-23; Raungaard B et al. Clin. Genet., 2000 Feb;57:110-5). This amino acid position is highly conserved in available vertebrate species. In addition, this alteration is predicted to be deleterious by in silico analysis. Based on the supporting evidence, this alteration is interpreted as a disease-causing mutation. | PS4, PM2_Supporting, PP3, PM1, PS3_Moderate | Variant summary: LDLR c.259T>G (p.Trp87Gly) results in a non-conservative amino acid change in the encoded protein sequence. Four of five in-silico tools predict a damaging effect of the variant on protein function. The variant allele was found at a frequency of 2.8e-05 in 251490 control chromosomes. c.259T>G has been reported in the literature in multiple individuals affected with Familial Hypercholesterolemia (e.g. Leitersdorf_1990, Moorjani_1993, Banerjee_2019). These data indicate that the variant is very likely to be associated with disease. At least one publication reports experimental evidence evaluating an impact on protein function, indicating the cells expressing the variant have reduced LDL-binding and uptake (e.g. Banerjee_2019). 11 clinical diagnostic laboratories have submitted clinical-significance assessments for this variant to ClinVar after 2014 without evidence for independent evaluation. All laboratories cited the variant as pathogenic/likely pathogenic. Based on the evidence outlined above, the variant was classified as pathogenic. | The LDLR c.259T>G (p.Trp87Gly) variant has been reported in the published literature in several individuals with familial hypercholesterolemia (PMID: 2318961 (1990), 8098448 (1993), 8645371 (1996), 8879444 (1996), 9272705 (1997), 16542394 (2006), 31345425 (2019), 33955087 (2021), 34037665 (2021), 36727130 (2023)). This variant is also considered a founder mutation in the French-Canadian population (PMID: 9272705 (1997)). Functional studies have shown that this variant results in reduced LDL binding (PMID: 1301956 (1992), 8645371 (1996), 10735631 (2000)). The frequency of this variant in the general population (Genome Aggregation Database, http://gnomad.broadinstitute.org) is uninformative in the assessment of its pathogenicity. Analysis of this variant using bioinformatics tools for the prediction of the effect of amino acid changes on protein structure and function yielded predictions that this variant is damaging. Based on the available information, this variant is classified as pathogenic. | This sequence change replaces tryptophan, which is neutral and slightly polar, with glycine, which is neutral and non-polar, at codon 87 of the LDLR protein (p.Trp87Gly). This variant is present in population databases (rs121908025, gnomAD 0.006%). This missense change has been observed in individual(s) with familial hypercholesterolemia (PMID: 2318961, 12553167, 16542394). In at least one individual the data is consistent with being in trans (on the opposite chromosome) from a pathogenic variant. It is commonly reported in individuals of European ancestry (PMID: 2318961, 12553167, 16542394). Invitae Evidence Modeling of clinical and family history, age, sex, and reported ancestry of multiple individuals with this LDLR variant has been performed. This variant is expected to be pathogenic with a positive predictive value of at least 99%. This is a validated machine learning model that incorporates the clinical features of 363,995 individuals referred to our laboratory for LDLR testing. This variant is also known as p.W66G. ClinVar contains an entry for this variant (Variation ID: 3685). Invitae Evidence Modeling of protein sequence and biophysical properties (such as structural, functional, and spatial information, amino acid conservation, physicochemical variation, residue mobility, and thermodynamic stability) indicates that this missense variant is expected to disrupt LDLR protein function with a positive predictive value of 95%. Experimental studies have shown that this missense change affects LDLR function (PMID: 8098448). For these reasons, this variant has been classified as Pathogenic. | PP3, PP4, PM2_supporting, PM3, PS3_supporting, PS4 | The NM_000527.5(LDLR):c.259T>G (p.Trp87Gly) variant is classified as Pathogenic for Familial Hypercholesterolemia by applying evidence codes (PS3, PS4, PP1_Moderate, PM2, PP3 and PP4) as defined by the ClinGen Familial Hypercholesterolemia Expert Panel LDLR-specific variant curation guidelines (https://doi.org/10.1101/2021.03.17.21252755). The supporting evidence is as follows: PS3 - Level 1/2 assays: PMID 31578082: Hmz patients' lymphocytes, FACS assays and Heterologous cells (CHO), WB, FACS and CLSM assays - results - lymphocytes: normal cell surface LDLR, 40% LDL-LDLR binding, 35% uptake; CHO: normal (100%) LDLR expression, 20% LDL-LDLR binding, 35% uptake ---- binding and uptake are below 70% of wild-type, so PS3 is Met. PS4 - Variant meets PM2. Variant identified in at least 13 unrelated index cases with Dutch Lipid Clinic score equal or above 6 from different labs. PP1_moderate - variant segregates with FH phenotype in 5 informative meiosis in 2 families from different labs. PM2 - PopMax MAF = 0.00005418 (0.0054%) in european non-finnish exomes (gnomAD v2.1.1). PP3 - REVEL = 0.892. PP4 - Variant meets PM2. Identified in 13 unrelated index cases with Dutch Lipid Clinic score equal or above 6 from different labs.",splice_donor=0.038(ref=0.092); 5UTR+=0.017(ref=0.281),"rectum, fetal,|tissue|CAGE|none=0.315(ref=0.581); colon, fetal,|tissue|CAGE|none=0.309(ref=0.557); embryonic pancreas cell line|cell line|CAGE|none=0.304(ref=0.585); thyroid, fetal,|tissue|CAGE|none=0.301(ref=0.622); embryonic pancreas cell line|cell line|CAGE|none=0.289(ref=0.649)",MLM / Sequence-constraint signal,UNCERTAIN_SIGNIFICANCE
8183,8183,251581,CONCORDANT,Protein functional disruption (missense),MODERATE,11110688,C,G,LDLR,VUS,"MLM LLR (-1.809) indicates moderate sequence constraint, supporting the pathogenic missense mechanism described in the rationale. The absence of BED/BW signals matches a purely protein-level defect.","LLR=-1.809, MLM_Delta=-0.532","DESC: PP1_strong: Variant segregates with FH phenotype in at least 28 informative meiosis (minimum 2) from 9 families from different labs (Laboratory of Genetics and Molecular Cardiology). PS3: PMID: 32015373. Level 1 assay. Heterologous cells (CHO), FACS assays. Normal cell surface LDLR (90%), 50% binding and 48% uptake. PS4_supporting: variant meets PM2 and is identified in 1 index case who fulfills SB criteria of definite FH from Molecular Genetics Laboratory (Centre for Cardiovascular Surgery and Transplantation) and 1 index case with DLCN >6 from PMID 30270055, Corral et al., 2018 (Argentina) so PS4_Supporting is met PM2: No population data was found for this variant in gnomAD (gnomAD version 2.1.1). PP3: REVEL = 0.927. PP4: Variant meets PM2 and is identified in 1 index case who fulfils SB for FH from different labs (Molecular Genetics Laboratory (Centre for Cardiovascular Surgery and Transplantation) and Laboratory of Genetics and Molecular Cardiology). | This sequence change replaces serine, which is neutral and polar, with cysteine, which is neutral and slightly polar, at codon 326 of the LDLR protein (p.Ser326Cys). This variant is not present in population databases (gnomAD no frequency). This missense change has been observed in individuals with familial hypercholesterolemia (PMID: 12820708, 23375686, 23815734, 25463123). This variant is also known as S305C. ClinVar contains an entry for this variant (Variation ID: 251581). Advanced modeling of protein sequence and biophysical properties (such as structural, functional, and spatial information, amino acid conservation, physicochemical variation, residue mobility, and thermodynamic stability) performed at Invitae indicates that this missense variant is expected to disrupt LDLR protein function with a positive predictive value of 95%. This variant disrupts the p.Ser326 amino acid residue in LDLR. Other variant(s) that disrupt this residue have been observed in individuals with LDLR-related conditions (PMID: 11668640), which suggests that this may be a clinically significant amino acid residue. For these reasons, this variant has been classified as Pathogenic. | The LDLR c.977C>G p.(Ser326Cys) missense variant has been reported in at least 4 unrelated FH probands meeting clinical criteria, including patients where alternative causes of high cholesterol were excluded (PS4_SUPPORTING, PP4_SUPPORTING; PMIDs 23375686, 22698793, 30270055, ClinGen FH VCEP data) and has been seen to segregate with FH phenotype in >=6 informative meiosis (PP1_STRONG; ClinGen FH VCEP data, PMID: 23815734). This variant is absent from gnomAD v2.1.1 (PM2_MODERATE). This variant meets level 1 pathogenic functional study criteria with <70% of wild-type activity in LDL binding and LDL internalisation in heterologous cells (CHO) (PS3_STRONG; PMID: 32015373). REVEL score is 0.927 (PP3_SUPPORTING). Based on the evidence listed above, we have classified this variant as Pathogenic. | PS4_moderate, PM2_moderate, PP3_supporting, PS3_strong, PM3_moderate",splice_acceptor=0.025(ref=0.084); always_on_exon=0.023(ref=0.216),"Osteoblast - differentiated,|primary cell|CAGE|none=-0.187(ref=0.816); liver, adult, pool1|tissue|CAGE|none=-0.157(ref=0.757); ovary, adult, pool1|tissue|CAGE|none=-0.153(ref=0.791); testis, adult, pool1|tissue|CAGE|none=-0.147(ref=0.824); Mast cell, expanded,|primary cell|CAGE|none=-0.145(ref=0.837)",MLM / Sequence-constraint signal,SEQUENCE_CONSTRAINED
8191,8191,161266,DISCORDANT,Protein-level disruption (missense),WEAK,11102774,G,A,LDLR,VUS,NT shows minimal sequence constraint (LLR -0.76) and negligible functional signals despite well-established pathogenicity for this LDLR p.Glu101Lys missense variant affecting protein activity and processing.,"LLR=-0.762, always_on_exon=0.053","DESC: PS4_strong, PM2_moderate, PP3_supporting, PS3_moderate, PP1_strong, PM3_moderate | Not observed at significant frequency in large population cohorts (gnomAD); Patient protein studies and in vitro analysis support decreased receptor activity, alteration to protein processing, and intracellular transport (PMID: 1301956, 1352322, 25647241); In silico analysis supports that this missense variant has a deleterious effect on protein structure/function; Also known as p.(E80K) and FH Lancashire; This variant is associated with the following publications: (PMID: 11668640, 32759540, 9676383, 34662886, 25637381, 25487149, 1301940, 25647241, 1352322, 16314194, 21418584, 15241806, 22883975, 20236128, 18718593, 15523646, 11668627, 23669246, 17142622, 24507775, 1301956, 31491741, 31447099, 31345425, 32041611, 33303402, 32331935, 9547893, 33740630, 34037665, 33087929, 37589137, 34456049, 36499307, 38003014, 38311417, 34297352, 37409534) | subjects mutated among 2600 FH index cases screened = 8 , family members = 12 with co-segregation / FH-Lancashire | The p.Glu101Lys variant in LDLR has been reported in the heterozygous state in >30 individuals with familial hypercholesterolemia (FH), in the compound heterozygous state in 1 individual with homozygous FH (Loux 1992, Webb 1992, GarcÃ­a-GarcÃ­a 2001, Mozas 2004, Humphries 2006, Miyakem2009, Taylor 2010, Futema 2013, Do 2015) and segregated with disease in four affected relatives from two families (Webb 1992, Loux 1992). This variant has also been reported by other clinical laboratories in ClinVar (Variation ID# 161266). In vitro functional studies provide some evidence that the p.Glu101Lys variant may impact protein function (Webb 1992). This variant has also been identified in 3/111700 European chromosomes by the genome Aggregation Database (gnomAD, http://gnomad.broadinstitute.org). This frequency is low enough to be consistent with the frequency of FH in the general population. Computational prediction tools and conservation analysis suggests that the p.Glu101Lys variant may impact the protein, though this information is not predictive enough to determine pathogenicity. In summary, this variant meets criteria to be classified as pathogenic for familial hypercholesterolemia in an autosomal dominant manner based upon presence in multiple affected individuals, segregation studies, low frequency in the general population and functional evidence. The ACMG/AMP Criteria applied: PS4, PM2, PS3_Moderate, PP1, PP3. | The p.E101K pathogenic mutation (also known as c.301G>A), located in coding exon 3 of the LDLR gene, results from a G to A substitution at nucleotide position 301. The glutamic acid at codon 101 is replaced by lysine, an amino acid with similar properties. This variant was reported in individual(s) with features consistent with familial hypercholesterolemia and segregated with disease in at least one family (Loux N et al. Hum. Mutat., 1992;1:325-32; Hobbs HH et al. Hum. Mutat., 1992;1:445-66; Webb JC et al. J. Lipid Res.,1992 May;33:689-98; Wang J et al. Hum. Mutat., 2001 Oct;18:359; Mozas P et al. Hum. Mutat., 2004 Aug;24:187; Robles-Osorio L et al. Arch. Med. Res., 2006 Jan;37:102-8; Miyake Y et al. Atherosclerosis, 2009 Mar;203:153-60; Al-Khateeb A et al. BMC Med. Genet., 2011 Mar;12:40). In assays testing LDLR function, this variant showed functionally abnormal results (Hobbs HH et al. Hum. Mutat., 1992;1:445-66; Webb JC et al. J. Lipid Res., 1992 May;33:689-98). Furthermore, internal structural analysis indicates that this variant, which impacts a residue in the conserved cluster of acidic amino acids at the C-terminal end of LDLR class A repeat 2, is expected to have a deleterious impact on protein function (Jeon H and Blacklow C. Annu. Rev. Biochem. 2005;74:535-62; Ambry internal data). This amino acid position is highly conserved in available vertebrate species. In addition, this alteration is predicted to be deleterious by in silico analysis. Based on the supporting evidence, this variant is interpreted as a disease-causing mutation. | The NM_000527.5(LDLR):c.301G>A (p.Glu101Lys) variant is classified as Pathogenic for Familial Hypercholesterolemia by applying evidence codes (PP1_Strong, PS4, PM2, PM3, PS3_Moderate, PP3 and PP4) as defined by the ClinGen Familial Hypercholesterolemia Expert Panel LDLR-specific variant curation guidelines (https://doi.org/10.1101/2021.03.17.21252755). The supporting evidence is as follows: PP1_strong - variant segregates with the FH phenotype in at least 19 relatives with the variant and LDL-C above the 75th percentile from several labs (Centre de Génétique Moléculaire et Chromosomique, Unité de génétique de l'Obésité et des Dyslipidémies, Ambry, Robarts Research Institute), so PP1_Strong is met. PS4 - variant meets PM2 and is identified in at least 16 index cases who fulfill validated clinical criteria for FH from several labs (SB criteria from Cardiovascular Research Group,Instituto Nacional de Saude Doutor Ricardo Jorge and DLCN >=6 from Color, Cardiovascular Genetics Laboratory (PathWest Laboratory Medicine WA) and Robarts Research Institute), so PS4 is met. PM2 - PopMax MAF = 0.00003266 (0.003%) in south asian exomes (gnomAD v2.1.1). It is below 0.02%, so PM2 is met. PM3 - variant meets PM2 and was identified in 1 index case with LDL 16.2 mmol/L and also LDLR exon 15 deletion from Cardiovascular Genetics Laboratory (PathWest Laboratory Medicine WA) - Likely pathogenic by these guidelines, so PM3 is met PS3_moderate - Level 2 FS: Hobbs et al., 1992 (PMID 1301956): Hmz patient fibroblast, 125I-LDL assays - results: 15-30% LDLR activity. Activity is below 70% of wild-type, so PS3_Moderate is met. PP3 - REVEL = 0.896. It is above 0.75, so PP3 is met. PP4 - variant meets PM2 and is identified in at least 1 index case who fulfills SB criteria from Cardiovascular Research Group,Instituto Nacional de Saude Doutor Ricardo Jorge. so, PP4 is met | 0/208 non-FH alleles; 0/100 healthy control individuals; 0/60 healthy control individuals | Variant summary: LDLR c.301G>A (p.Glu101Lys) results in a conservative amino acid change in the encoded protein sequence. Four of five in-silico tools predict a damaging effect of the variant on protein function. The variant allele was found at a frequency of 1.5e-05 in 268776 control chromosomes. c.301G>A has been reported in the literature in multiple individuals affected with Familial Hypercholesterolemia (e.g. Al-Khateeb_2011, Khera_2016, Futema_2013). These data indicate that the variant is very likely to be associated with disease. At least one publication reports experimental evidence evaluating an impact on protein function. The most pronounced variant effect results in significantly reduced LDL-uptake in vitro (e.g. Thormaehlen_2015). The following publications have been ascertained in the context of this evaluation (PMID: 23669246, 27050191, 25647241, 21418584). ClinVar contains an entry for this variant (Variation ID: 161266). Based on the evidence outlined above, the variant was classified as pathogenic. | This variant has been previously reported as a heterozygous change in patients with familial hypercholesterolemia (PMID: 9259195, 1301956, 1352322, 25248394). Different amino acid changes at the same residue (p.E101A, p.E101=, p.E101*, and p.E101V) have been previously reported in individuals with familial hypercholesterolemia (PMID: 33740630, 34297352, 7573037, 30400955). Functional studies showed that the c.301G>A (p.Glu101Lys) variant resulted in decreased receptor activity, alteration to protein processing, and intracellular transport (PMID: 1301956, 9026534, 25647241). The c.301G>A (p.Glu101Lys) variant is present in the heterozygous state in the gnomAD population database at a frequency of 0.002% (5/282858) and thus is presumed to be rare. The c.301G>A (p.Glu101Lys) variant affects a highly conserved amino acid and is predicted by multiple in silico tools to have a deleterious effect on protein function. Based on the available evidence, the c.301G>A (p.Glu101Lys) variant is classified as Pathogenic. | The LDLR c.301G>A; p.Glu101Lys variant (rs144172724, ClinVar Variation ID: 161266), also known as E80K in traditional nomenclature, is reported in the literature in numerous individuals and families affected with familial hypercholesterolemia (selected references: Hori 2019, Loux 1992, Webb 1998, Wenham 1998). In addition, this variant has been found in compound heterozygous individuals that were severely affected (Cuchel 2023, Webb 1992). This variant is only observed on five alleles in the Genome Aggregation Database (v2.1.1), indicating it is not a common polymorphism. Analysis of cultured patient fibroblasts show 15-30% of wild type LDL-receptor activity compared to wildtype (Hobbs 1992) and an in vitro assay using HeLa-cells demonstrate a decrease of LDL-uptake (Thormaehlen 2015). Computational analyses predict that this variant is deleterious (REVEL: 0.896). Based on available information, the p.Glu101Lys variant is considered to be pathogenic. References: Cuchel M et al. Contemporary Homozygous Familial Hypercholesterolemia in the United States: Insights From the CASCADE FH Registry. J Am Heart Assoc. 2023 May 2;12(9):e029175. PMID: 37119068. Hobbs HH et al. Molecular genetics of the LDL receptor gene in familial hypercholesterolemia. Hum Mutat. 1992;1(6):445-66. PMID: 1301956. Hori M et al. Impact of LDLR and PCSK9 pathogenic variants in Japanese heterozygous familial hypercholesterolemia patients. Atherosclerosis. 2019 Oct;289:101-108. PMID: 31491741. Loux N et al. Screening for new mutations in the LDL receptor gene in seven French familial hypercholesterolemia families by the single strand conformation polymorphism method. Hum Mutat. 1992;1(4):325-32. PMID: 1301940. Thormaehlen AS et al. Systematic cell-based phenotyping of missense alleles empowers rare variant association studies: a case for LDLR and myocardial infarction. PLoS Genet. 2015 Feb 3;11(2):e1004855. PMID: 25647241. Webb JC et al. Characterization of two new point mutations in the low density lipoprotein receptor genes of an English patient with homozygous familial hypercholesterolemia. J Lipid Res. 1992 May;33(5):689-98. PMID: 1352322. Wenham PR et al. Simplified detection of a mutation causing familial hypercholesterolaemia throughout Britain: evidence for an origin in a common distant ancestor. Ann Clin Biochem. 1998 Mar;35 (Pt 2):226-35. PMID: 9547893. | The frequency of this variant in the general population, 0.000031 (4/129168 chromosomes, http://gnomad.broadinstitute.org), is uninformative in assessment of its pathogenicity. In the published literature, the variant has been reported in affected individuals with familial hypercholesterolemia (PMIDs: 1301940 (1992), 7562961 (1995), 9676383 (1998), 15914792 (2005), 16314194 (2006), 17142622 (2006), 21310417 (2011), 21418584 (2011), 23669246 (2013), 32331935 (2020), 33740630 (2021), and 34037665 (2021). Functional studies found that this variant impacts protein function (PMIDs: 1352322 (1992) and 25647241 (2015)). Analysis of this variant using bioinformatics tools for the prediction of the effect of amino acid changes on protein structure and function yielded predictions that this variant is damaging. Based on the available information, this variant is classified as pathogenic. | This missense variant replaces glutamic acid with lysine at codon 101 in the LDLR type A repeat 2 of the ligand binding domain of the LDLR protein. This variant is also known as p.Glu80Lys in the mature protein. Computational prediction suggests that this variant may have a deleterious impact on protein structure and function (internally defined REVEL score threshold >= 0.7, PMID: 27666373). Experimental studies have shown that this variant significantly inhibits LDL uptake (PMID: 25647241). This LDLR variant has been reported in over 20 heterozygous individuals affected with familial hypercholesterolemia (PMID: 1301940, 1352322, 11668627, 11668640, 15241806, 16314194, 17142622, 18718593, 19843101, 20236128, 23669246, 31345425, 32331935, 33740630, 34037665, 36499307; Color internal data). This variant has also been observed in compound heterozygous state with a known pathogenic LDLR variant in two individuals affected with severe homozygous familial hypercholesterolemia, a phenotype expected of having two deleterious LDLR variants (PMID: 1352322, 37119068). It has been shown that this variant segregates with disease in multiple affected individuals across multiple families (PMID: 1301940, 1352322; ClinVar SCV002506353.1). This variant has been identified in 5/282858 chromosomes in the general population by the Genome Aggregation Database (gnomAD). Based on the available evidence, this variant is classified as Pathogenic. | This sequence change replaces glutamic acid, which is acidic and polar, with lysine, which is basic and polar, at codon 101 of the LDLR protein (p.Glu101Lys). This variant is present in population databases (rs144172724, gnomAD 0.003%). This missense change has been observed in individuals with hypercholesterolemia (PMID: 1301940, 1352322, 11668627, 11668640, 15241806, 16314194, 17142622, 18718593, 19843101, 20236128, 23669246). It has also been observed to segregate with disease in related individuals. Invitae Evidence Modeling of clinical and family history, age, sex, and reported ancestry of multiple individuals with this LDLR variant has been performed. This variant is expected to be pathogenic with a positive predictive value of at least 99%. This is a validated machine learning model that incorporates the clinical features of 363,995 individuals referred to our laboratory for LDLR testing. ClinVar contains an entry for this variant (Variation ID: 161266). Invitae Evidence Modeling of protein sequence and biophysical properties (such as structural, functional, and spatial information, amino acid conservation, physicochemical variation, residue mobility, and thermodynamic stability) indicates that this missense variant is expected to disrupt LDLR protein function with a positive predictive value of 95%. Experimental studies have shown that this missense change affects LDLR function (PMID: 25647241). For these reasons, this variant has been classified as Pathogenic. | Based on the classification scheme VCGS_Germline_v1.3.4, this variant is classified as Pathogenic. Following criteria are met: 0102 - Loss of function is a known mechanism of disease in this gene and is associated with both familial hypercholesterolemia (MIM#143890) and LDL cholesterol level QTL2 (MIM#143890). (I) 0108 - This gene is associated with both recessive and dominant disease. Individuals with biallelic pathogenic variants are reported to have an earlier and more severe onset of disease (GeneReviews). (I) 0112 - The condition associated with this gene has incomplete penetrance (GeneReviews). (I) 0200 - Variant is predicted to result in a missense amino acid change from glutamic acid to lysine. (I) 0251 - This variant is heterozygous. (I) 0304 - Variant is present in gnomAD <0.01 (5 heterozygotes, 0 homozygotes). (SP) 0501 - Missense variant consistently predicted to be damaging by multiple in silico tools or highly conserved with a major amino acid change. (SP) 0600 - Variant is located in the annotated lipoprotein receptor domain class A (DECIPHER). (I) 0704 - Another missense variant comparable to the one identified in this case has limited previous evidence for pathogenicity. p.(Glu101Gly) has been observed in at least one individual with an LDLR-related condition (ClinVar). (SP) 0801 - This variant has strong previous evidence of pathogenicity in unrelated individuals. This variant has been observed in both heterozygous and homozygous states in more than ten individuals with LDLR-related conditions (ClinVar, LOVD). (SP) 1208 - Inheritance information for this variant is not currently available in this individual. (I) Legend: (SP) - Supporting pathogenic, (I) - Information, (SB) - Supporting benign | PP3, PM2_supporting, PM3, PS3, PS4",intron=-0.053(ref=0.551); always_on_exon=0.053(ref=0.427); skipped_exon=-0.034(ref=0.575); promoter_Tissue_specific=0.014(ref=0.069),"lung adenocarcinoma, papillary cell line|cell line|CAGE|none=0.132(ref=0.563); Fibroblast - Dermal,|primary cell|CAGE|none=-0.130(ref=0.796); Skeletal Muscle Cells,|primary cell|CAGE|none=-0.113(ref=0.779); Mammary Epithelial Cell,|primary cell|CAGE|none=-0.110(ref=0.712); breast carcinoma cell line|cell line|CAGE|none=0.100(ref=0.536)",MLM / Sequence-constraint signal,UNCERTAIN_SIGNIFICANCE
8196,8196,992900,DISCORDANT,Protein functional disruption (missense),ABSENT,11113612,T,A,LDLR,VUS,"ClinVar classifies this missense variant as Likely Pathogenic based on domain location and in-silico tools, but NT shows negligible signals across MLM, BED, and BW tracks.","LLR=-0.27, always_on_exon=-0.014, LogProb_Delta=0.6","DESC: Variant summary: LDLR c.1436T>A (p.Leu479Gln) results in a non-conservative amino acid change located in the LDL-receptor class B (LDLRB) repeat profile domain (IPR000033) of the encoded protein sequence. Five of five in-silico tools predict a damaging effect of the variant on protein function. The variant was absent in 251198 control chromosomes. c.1436T>A has been reported in the literature in a family affected with Familial Hypercholesterolemia where the affected proband was homozygous for the variant and his affected parents were heterozygous for the variant. (e.g, Fairoozy_2017, Moradi_2021). To our knowledge, no experimental evidence demonstrating an impact on protein function has been reported. A different variant affecting the same codon has been classified pathogenic in ClinVar (c.1436T>C (p.Leu479Pro), suggesting it is critical for the protein function. The following publications have been ascertained in the context of this evaluation (PMID: 29213121, 33732287). ClinVar contains an entry for this variant (Variation ID: 992900). Based on the evidence outlined above, the variant was classified as as likely pathogenic. | The NM_000527.5(LDLR):c.1436T>A (p.Leu479Gln) variant is classified as Likely Pathogenic for Familial Hypercholesterolemia by applying ACMG/AMP evidence codes PM2, PM3, PP1_Moderate, PP3, PP4 and PS4_Supporting as defined by the ClinGen Familial Hypercholesterolemia Expert Panel LDLR-specific variant curation guidelines specification version 1.2) on 23 February 2024. The supporting evidence is as follows: PM2: This variant is absent from gnomAD v4.0.0. PP3: REVEL= 0.938. PS4_Supporting, PP4: Identified in two index cases who fulfil FH criteria, reported in PMID 33732287 (Moradi et al., 2021; LDLC 391 mg/dl at age of 24 years) and PMID 29213121 (Fairoozy et al., 2017; LDL-C 15 mmol/L at age of 15 years). Both index cases are homozygous for the variant. PP1_Moderate: Variant segregates with FH phenotype in five informative meiosis in two families, the affected relatives are positive for the variant, reported in PMID 33732287 and 29213121. PM3: Variant observed in a true homozygous case who had HoFH phenotype with LDLC of 15 mmol/L, reported in PMID 29213121.",,"neurofibroma cell line|cell line|CAGE|none=0.304(ref=0.609); mature adipocyte,|primary cell|CAGE|none=0.276(ref=0.601); Endothelial Cells - Vein,|primary cell|CAGE|none=0.272(ref=0.696); Mesenchymal stem cells - adipose,|primary cell|CAGE|none=0.270(ref=0.664); embryonic pancreas cell line|cell line|CAGE|none=0.269(ref=0.581)",MLM / Sequence-constraint signal,UNCERTAIN_SIGNIFICANCE
8199,8199,161277,DISCORDANT,Protein transport and recycling defect (missense),ABSENT,11113608,G,A,LDLR,VUS,"ClinVar identifies a pathogenic missense variant in a conserved domain, but NT signals (LLR -0.17, negligible BED deltas) fail to detect any sequence or functional disruption.",,"DESC: Absent from controls (or at extremely low frequency if recessive) in Genome Aggregation Database, Exome Sequencing Project, 1000 Genomes Project, or Exome Aggregation Consortium.;The prevalence of the variant in affected individuals is significantly increased compared to the prevalence in controls.;Patient's phenotype or family history is highly specific for a disease with a single genetic etiology.;Well-established in vitro or in vivo functional studies supportive of a damaging effect on the gene or gene product.;Co-segregation with disease in multiple affected family members in a gene definitively known to cause the disease. | This missense variant replaces glycine with arginine at codon 478 and alters a conserved glycine residue in the second LDLR type B repeat of the EGF precursor homology domain of the LDLR protein (a.a. 439-485) where pathogenic missense variants are found enriched (ClinVar-LDLR). This variant is also known as p.Gly457Arg in the mature protein sequence and as FH New York-2 and FH Fin-9 in the literature. Computational prediction suggests that this variant may have a deleterious impact on protein structure and function (internally defined REVEL score threshold >= 0.7, PMID: 27666373). Functional studies have shown that this variant causes a defect in protein transport and recycling, and a decreased LDLR activity (PMID: 1301956, 32695144). This variant has been reported in over ten individuals affected with familial hypercholesterolemia (PMID: 1301956, 7573037, 9763532, 11810272, 22883975, 25618577, 32143996, 32220565, 32331935; Color internal data). In addition, this variant has been shown to segregate with disease in six affected individuals from two families and was absent in four unaffected family members (PMID: 24627126), as well as in 10 informative meiosis from 4 unpublished families (ClinVar variation ID: 161277; accession ID: SCV002506334.1). This variant has been identified in 7/251112 chromosomes in the general population by the Genome Aggregation Database (gnomAD). Based on the available evidence, this variant is classified as Pathogenic. | This sequence change replaces glycine, which is neutral and non-polar, with arginine, which is basic and polar, at codon 478 of the LDLR protein (p.Gly478Arg). This variant is present in population databases (rs144614838, gnomAD 0.01%). This missense change has been observed in individuals with familial hypercholesterolemia (PMID: 17087781, 17765246, 21376320, 22353362, 23064986, 27206935, 30592178; internal data). It has also been observed to segregate with disease in related individuals. Invitae Evidence Modeling of clinical and family history, age, sex, and reported ancestry of multiple individuals with this LDLR variant has been performed. This variant is expected to be pathogenic with a positive predictive value of at least 99%. This is a validated machine learning model that incorporates the clinical features of 363,995 individuals referred to our laboratory for LDLR testing. This variant is also known as p.Gly457Arg. ClinVar contains an entry for this variant (Variation ID: 161277). Invitae Evidence Modeling of protein sequence and biophysical properties (such as structural, functional, and spatial information, amino acid conservation, physicochemical variation, residue mobility, and thermodynamic stability) indicates that this missense variant is expected to disrupt LDLR protein function with a positive predictive value of 95%. This variant disrupts the p.Gly478 amino acid residue in LDLR. Other variant(s) that disrupt this residue have been observed in individuals with LDLR-related conditions (PMID: 27824480), which suggests that this may be a clinically significant amino acid residue. For these reasons, this variant has been classified as Pathogenic. | The variant is observed at an extremely low frequency in the gnomAD v4.0.0 dataset (total allele frequency: <0.001%). Predicted Consequence/Location: Missense variant Functional studies provide moderate evidence of the variant having a damaging effect on the gene or gene product (PMID: 32695144). In silico tool predictions suggest damaging effect of the variant on gene or gene product [REVEL: 0.98 (>=0.6, sensitivity 0.68 and specificity 0.92); 3Cnet: 0.99 (>=0.6, sensitivity 0.72 and precision 0.9)]. The same nucleotide change resulting in the same amino acid change has been previously reported as pathogenic/likely pathogenic with strong evidence (ClinVar ID: VCV000161277 /PMID: 1301956). The variant has been reported to co-segregate with the disease in at least 5 similarly affected relatives/individuals in the same family or similarly affected unrelated family (PMID: 24627126). Different missense changes at the same codon (p.Gly478Glu, p.Gly478Trp, p.Gly478Val) have been reported as pathogenic/likely pathogenic with strong evidence (ClinVar ID: VCV000440642, VCV000548076, VCV002099294 /PMID: 27824480, 32041611). Therefore, this variant is classified as Pathogenic according to the recommendation of ACMG/AMP guideline. | subjects mutated among 2600 FH index cases screened = 2 / FH-New-York-2, 5 to 15% LDLR activity/Software predictions: Conflicting | Variant summary: LDLR c.1432G>A (p.Gly478Arg) results in a non-conservative amino acid change in the encoded protein sequence. Five of five in-silico tools predict a damaging effect of the variant on protein function. The variant allele was found at a frequency of 2.8e-05 in 251112 control chromosomes (gnomAD). c.1432G>A has been reported in the literature in multiple individuals affected with Familial Hypercholesterolemia (Koivisto_1995, Chiou_2010, Chiou_2017). These data indicate that the variant is very likely to be associated with disease. To our knowledge, no experimental evidence demonstrating an impact on protein function has been reported. The following publications have been ascertained in the context of this evaluation (PMID: 20538126, 28502495, 7573037). 19 ClinVar submitters (evaluation after 2014) cite this variant as uncertain significance (n=4), likely pathogenic (n=10) and pathogenic (n=5, including one expert panel, ClinGen Familial Hypercholesterolemia Variant Curation Expert Panel). Based on the evidence outlined above, the variant was classified as pathogenic. | This c.1432G>A (p.Gly478Arg) variant in the LDLR gene has been reported in multiple patients with familial hypercholesterolemia (PMID: 1301956, 7573037, 9763532, 11810272). Functional studies have indicated that the p.Gly478Arg variant LDLR protein has 2-5% receptor activity compared to wild-type LDLR protein (PMID: 1301956). The c.1432G>A variant is extremely rare in the general population and glycine at position 478 of the LDLR protein is highly evolutionarily conserved. The c.1432G>A (p.Gly478Arg) variant in the LDLR gene is classified as likely pathogenic. | The p.Gly478Arg (also called p.Gly457Arg) variant in LDLR has been reported in the heterozygous state in >15 individuals with hypercholesterolemia, and segregated with disease in at least 4 relatives from these families (Hobbs 1992, Koivisto 1995, Bourbon 2008, Alonso 2009, Ahmad 2012, Hooper 2012, Lange 2014, Safaro 2017, ClinVar: Variation ID 161277). The variant has also been reported in two individuals who were compound heterozygous for this variant and a second variant in LDLR (Mak 1998, Chiou 2010). Additionally, another nucleotide change (c.1432G>C) leading to the same amino acid change has been reported in 2 individuals with FH, one of whom was homozygous for the variant (Fouchier 2005, Widhalm 2017). In vitro functional studies provide some evidence that the p.Gly478Arg variant may impact protein function (Hobbs 1992). This variant has been also been identified in 2/17246 East Asian chromosomes and 2/16208 African chromosomes by the Genome Aggregation Database (gnomAD, http://gnomad.broadinstitute.org). Computational prediction tools and conservation analysis suggest that the p.Gly478Arg variant may impact the protein, though this information is not predictive enough to determine pathogenicity. In summary, although additional studies are required to fully establish its clinical significance, the p.Gly478Arg variant is likely pathogenic. The ACMG/AMP criteria applied: PS4, PP1, PP3, PS3_Supporting. | Published functional studies suggest impaired LDLR localization and LDL uptake (PMID: 32695144); In silico analysis supports that this missense variant has a deleterious effect on protein structure/function; Not observed at significant frequency in large population cohorts (gnomAD); Also known as FH New York-2, FH Finn-9, and G457R; This variant is associated with the following publications: (PMID: 23064986, 24055113, 25637381, 30592178, 15199436, 11810272, 18325082, 27680772, 17765246, 15556092, 28145427, 19118540, 9763532, 20538126, 29245966, 22883975, 29261184, 29874871, 1301956, 24507775, 27206935, 21376320, 19318025, 30526649, 17087781, 7573037, 37409534, 36226792, 35130036, 35913489, 35480308, 33955087, 32220565, 8535447, 29292049, 31447099, 32331935, 33994402, 32143996, LinJL2022, 33740630, 34037665, 28126585, 32695144) | The LDLR c.1432G>A p.(Gly478Arg) missense variant, also referred to as p.Gly457Arg, has been identified in a heterozygous state in individuals with familial hypercholesterolemia (FH). This variant has also been identified in a compound heterozygous state in at least two individuals with a phenotype consistent with FH, with one individual demonstrating reduced LDLR receptor activity in an in vitro assay (PMID: 1301956; 7573037; 20538126; 28502495; 30592178; 32220565; 36226792). The p.(Gly478Arg) variant is not observed at a significant frequency in version 2.1.1 or version 4.1.0 of the Genome Aggregation Database. Multiple lines of computational evidence suggest the variant may impact the gene or gene product. This variant has been classified as pathogenic by an expert panel (ClinVar). Based on the available evidence, the c.1432G>A p.(Gly478Arg) variant is classified as pathogenic for familial hypercholesterolemia. | The LDLR c.1432G>A (p.Gly478Arg) variant (also known as FH New York-2, FH Fin-9, and G457R) has been reported in the published literature in multiple individuals/families affected with hypercholesterolemia (PMIDs: 17087781 (2006), 17765246 (2008), 24507775 (2014), 28126585 (2017), 30293936 (2018), 30526649 (2018), 30592178 (2019), 33994402 (2021), 35913489 (2022), and 36226792 (2022)) and reported to co-segregate within families (PMIDs: 7573037 (1995), and 24627126 (2014)). Functional studies indicate that this variant is damaging to protein function (PMIDs: 1301956 (1992), 32695144 (2020), and 37719435 (2023)). The frequency of this variant in the general population (Genome Aggregation Database, http://gnomad.broadinstitute.org) is uninformative in the assessment of its pathogenicity. Based on the available information, this variant is classified as pathogenic. | This missense variant replaces glycine with arginine at codon 478 of the LDLR protein. This variant is also known as p.Gly457Arg in the mature protein. This variant alters a conserved glycine residue in the second LDLR type B repeat of the EGF precursor homology domain of the LDLR protein (a.a. 439-485), where pathogenic missense variants are found enriched (ClinVar-LDLR). Computational prediction tools indicate that this variant has a deleterious impact on protein structure and function. A high-throughput functional study using transfected heterologous CHO-ldlA7 cells has shown that this variant causes a significant reduction in LDLR expression and activity (PMID: 37719435). Additional functional studies have shown that this variant causes a defect in protein transport and recycling, and a decreased LDLR activity (PMID: 1301956, 32695144). This variant has been reported in over twenty individuals affected with familial hypercholesterolemia (PMID: 1301956, 7573037, 9763532, 11810272, 22883975, 24627126, 25618577, 28145427, 32143996, 32220565, 32331935, 36226792, 37719435; Color internal data). In addition, this variant has been shown to segregate with disease in six affected individuals from two families and was absent in four unaffected family members (PMID: 24627126), as well as in 10 informative meiosis from 4 unpublished families (ClinVar variation ID: 161277; accession ID: SCV002506334.1). This variant has been identified in 7/251112 chromosomes in the general population by the Genome Aggregation Database (gnomAD). Based on the available evidence, this variant is classified as Pathogenic. | The c.1432G>A (p.Gly478Arg) variant in the LDLR gene is located on the exon 10 and is predicted to replace the glycine with arginine at codon 478 (p.Gly478Arg). The variant has been reported in more than 10 unrelated individuals affected with familial hypercholesterolemia (PMIDs: 27206935, 27680772, 32331935). Another variant disrupting the same amino acid (p.Gly478Glu) has been interpreted as likely pathogenic (ClinVar ID: 440642). The p.Gly478Arg variant has been reported in ClinVar (ID: 161277) and reviewed as a pathogenic variant by the ClinGen Familial Hypercholesterolemia Variant Curation Expert Panel. This variant has been observed by different laboratories to segregate with disease in over 10 meioses of 4 families according to the ClinGen Expert Panel. This variant is rare in the general population according to gnomAD (7/251112). Computational prediction algorithms suggest a deleterious impact (REVEL score 0.985). Therefore, the c.1432G>A (p.Gly478Arg) variant of LDLR has been classified as pathogenic. | The NM_000527.5(LDLR):c.1432G>A (p.Gly478Arg) variant is classified as Pathogenic for Familial Hypercholesterolemia by applying evidence codes (PP1_strong, PS4, PM2, PP3 and PP4) as defined by the ClinGen Familial Hypercholesterolemia Expert Panel LDLR-specific variant curation guidelines (https://doi.org/10.1016/j.gim.2021.09.012). The supporting evidence is as follows: PP1_strong - variant segregates with FH phenotype in 10 informative meiosis from 4 families from 2 labs: - Laboratory of Genetics and Molecular Cardiology - Data from 1 family: 2 relatives positive for variant with LDL-C >75th percentile, 1 relative negative for variant with LDL-C <50th percentile; - Cardiovascular Research Group, Instituto Nacional de Saude Doutor Ricardo Jorge - Data from 3 families. F1: 3 relatives with the phenotype are positive for the variant plus 1 relative without the phenotype is negative for the variant. F2: 1 relative with the phenotype and positive for the variant plus 1 relative without the phenotype is negative for the variant. F3: 1 relative with the phenotype is positive for the variant. so PP1_Strong is met PS4 - variant meets PM2 and was identified in at least 11 unrelated index cases who fulfill clinical FH criteria from different labs: - 1 case with Simon-Broome criteria from Molecular Genetics Laboratory (Centre for Cardiovascular Surgery and Transplantation); - 1 case with DLCN score >= 6 from Color Health, Inc; - 4 unrelated cases with DLCN score >= 6 from Cardiovascular Genetics Laboratory (PathWest Laboratory Medicine WA); - 4 unrelated cases with Simon-Broome criteria from Cardiovascular Research Group, Instituto Nacional de Saude Doutor Ricardo Jorge; - 1 case with DLCN score >= 6 from Mayo Clinic Atherosclerosis and Lipid Genomics Laboratory), so PS4 is met PM2 - PopMax MAF = 0.0001234 (0.01234%) in African/African-American exomes (gnomAD v2.1.1). It is below 0.02%, so PM2 is met. PP3 - REVEL = 0.985. It is above 0.75, so PP3 is met. PP4 - variant meets PM2 and was identified in at least 11 unrelated index cases who fulfill clinical FH criteria from different labs (see details in PS4), so PP4 is met. | MAF =<0.3%, likely pathogenic based on the integrative in-silico score, DLCN criteria >=3; LDL-C >=160 mg/dL, previously reported as P/LP in the literature | The c.1432G>A (p.G478R) alteration is located in exon 10 (coding exon 10) of the LDLR gene. This alteration results from a G to A substitution at nucleotide position 1432, causing the glycine (G) at amino acid position 478 to be replaced by an arginine (R). Based on data from gnomAD, the A allele has an overall frequency of 0.003% (7/251112) total alleles studied. The highest observed frequency was 0.012% (2/16208) of African alleles. This variant (also described as legacy p.G457R) has been detected in conjunction with another alteration in the LDLR gene in an individual with familial hypercholesterolemia (FH) whose protein activity was 2-5% of normal (Hobbs, 1992). Subsequently, this variant has been described in several patients with FH (Koivisto, 1995; Mak, 1998; Bourbon, 2008; Chiou, 2016; Tada, 2018; Hartgers, 2018). This amino acid position is highly conserved in available vertebrate species. Based on internal structural analysis, this variant is anticipated to result in a significant decrease in structural stability (Lo Surdo, 2011). In an assay testing LDLR function, this variant showed a functionally abnormal result (Gra&ccedil;a, 2023). This alteration is predicted to be deleterious by in silico analysis. Based on the available evidence, this alteration is classified as likely pathogenic. | 0/208 non-FH alleles; 0/50 normolipidemic individuals; 0/100 healthy control individuals | PS4_strong, PM2_moderate, PP3_supporting, PP1_strong",lncRNA=0.019(ref=0.121),"medial temporal gyrus - adult,|tissue|CAGE|none=-0.464(ref=0.995); lung, right lower lobe, adult,|tissue|CAGE|none=-0.444(ref=0.984); Mast cell, expanded and stimulated,|primary cell|CAGE|none=-0.444(ref=0.994); skin, fetal,|tissue|CAGE|none=-0.435(ref=0.948); Chondrocyte - re diff,|primary cell|CAGE|none=-0.434(ref=0.994)",MLM / Sequence-constraint signal,UNCERTAIN_SIGNIFICANCE
8396,8396,93538,CONCORDANT,Likely Benign,ABSENT,36103757,A,T,WDR62,VUS,"ClinVar classifies the variant as benign based on population frequency. NT signals are uniformly near zero across all modalities, correctly predicting a lack of functional impact.","LLR=-0.109, splice_donor=-0.032","DESC: This variant was observed in the ICSL laboratory as part of a predisposition screen in an ostensibly healthy population. It had not been previously curated by ICSL or reported in the Human Gene Mutation Database (HGMD: prior to June 1st, 2018), and was therefore a candidate for classification through an automated scoring system. Utilizing variant allele frequency, disease prevalence and penetrance estimates, and inheritance mode, an automated score was calculated to assess if this variant is too frequent to cause the disease. Based on the score and internal cut-off values, a variant classified as benign is not then subjected to further curation. The score for this variant resulted in a classification of benign for this disease.",splice_donor=-0.032(ref=0.140); 5UTR+=-0.032(ref=0.424); enhancer_Tissue_invariant=0.026(ref=0.060); protein_coding_gene=0.018(ref=0.815); promoter_Tissue_specific=0.016(ref=0.077),"testis, adult, pool1|tissue|CAGE|none=0.187(ref=0.677); CD34 cells differentiated to erythrocyte lineage, biol_|primary cell|CAGE|none=0.141(ref=0.555); testis, adult, pool2|tissue|CAGE|none=0.132(ref=0.580); non T non B acute lymphoblastic leukemia (ALL) cell line|cell line|CAGE|none=0.129(ref=0.571); teratocarcinoma cell line|cell line|CAGE|none=0.129(ref=0.556)",Benign / Neutral / None,UNCERTAIN_SIGNIFICANCE
8609,8609,95382,CONCORDANT,No functional impact predicted,ABSENT,18542358,C,G,SEC23B,VUS,"ClinVar classifies this variant as benign based on high population frequency; NT signals are uniformly negligible across all categories, supporting a lack of functional impact.","LLR=-1.978, LogProb_Delta=-0.3, BED_deltas<0.03","DESC: This variant was observed in the ICSL laboratory as part of a predisposition screen in an ostensibly healthy population. It had not been previously curated by ICSL or reported in the Human Gene Mutation Database (HGMD: prior to June 1st, 2018), and was therefore a candidate for classification through an automated scoring system. Utilizing variant allele frequency, disease prevalence and penetrance estimates, and inheritance mode, an automated score was calculated to assess if this variant is too frequent to cause the disease. Based on the score and internal cut-off values, a variant classified as benign is not then subjected to further curation. The score for this variant resulted in a classification of benign for this disease. | This variant is associated with the following publications: (PMID: 29300242, 29031773) | BA1",splice_donor=0.028(ref=0.111),"CMK|cell line|DNase-seq|none=-0.045(ref=0.794); Nucleus Pulposus Cell,|primary cell|CAGE|none=-0.044(ref=0.661); cerebellum|tissue|Histone ChIP-seq|H3K4me3=0.034(ref=0.710); Hepatic Sinusoidal Endothelial Cells,|primary cell|CAGE|none=-0.033(ref=0.587); mesendoderm|in vitro differentiated cells|DNase-seq|none=-0.032(ref=0.680)",Other / Unclassified,SEQUENCE_CONSTRAINED
8781,8781,14464,CONCORDANT,Protein-level functional disruption (missense),MODERATE,34859485,C,T,RUNX1,VUS,"MLM LLR of -2.075 captures strong sequence disruption at a highly conserved DNA-binding hotspot residue, matching ClinVar's description of a deleterious missense effect (REVEL 0.94).","LLR=-2.075, MLM_Delta=-0.681, LogProb_Ref=0.9","DESC: PP1_moderate, PP3_strong, PP5, PM1, PM2_supporting, PS3, PS4 | In silico analysis supports that this missense variant has a deleterious effect on protein structure/function; Not observed at significant frequency in large population cohorts (gnomAD); Also known as p.(R174Q); This variant is associated with the following publications: (PMID: 22898599, 23692290, 22318203, 23817177, 23848403, 25840971, 21725049, 11830488, 17290219, 25490895, 28748566, 33692461, 21711396, 27112265, 10508512) | Transactivation assays demonstrate altered transactivation (<20% of wt) for the NM_001754.4:c.602G>A (p.Arg201Gln) variant and data from a secondary assays demonstrate altered DNA binding, CBF-beta binding and sub-cellular localization (PS3; PMID: 17290219, 11830488, 23817177, 22318203, 25840971, 23848403). This variant has been reported in four probands meeting at least one of the RUNX1-phenotypic criteria (PS4; PMID: 27112265, 28748566, 10508512). This variant affects one of the hotspot residues established by the MM-VCEP for RUNX1 (PM1). It is completely absent from all population databases with at least 20x coverage for RUNX1 (PM2). The variant has a REVEL score >0.75 (0.94) (PP3). It was found to co-segregate with disease in multiple affected family members, with four meioses observed in across 3 families (PP1; PMID: 27112265, 28748566, 10508512). In summary, this variant meets criteria to be classified as pathogenic. ACMG/AMP criteria applied, as specified by the Myeloid Malignancy Variant Curation Expert Panel for RUNX1: PS3, PS4, PM1, PM2, PP1, PP3. | This sequence change replaces arginine, which is basic and polar, with glutamine, which is neutral and polar, at codon 201 of the RUNX1 protein (p.Arg201Gln). This variant is not present in population databases (gnomAD no frequency). This missense change has been observed in individual(s) with personal and/or family history of platelet dysfunction, mild to moderate thrombocytopenia, and myeloid malignancies (PMID: 10508512, 21725049, 27112265). It has also been observed to segregate with disease in related individuals. This variant is also known as R174Q. ClinVar contains an entry for this variant (Variation ID: 14464). Advanced modeling of protein sequence and biophysical properties (such as structural, functional, and spatial information, amino acid conservation, physicochemical variation, residue mobility, and thermodynamic stability) performed at Invitae indicates that this missense variant is expected to disrupt RUNX1 protein function with a positive predictive value of 80%. Experimental studies have shown that this missense change affects RUNX1 function (PMID: 11830488, 21725049, 22898599, 25490895). For these reasons, this variant has been classified as Pathogenic. | Based on the classification scheme VCGS_Germline_v1.3.4, this variant is classified as Pathogenic. Following criteria are met: 0103 - Dominant negative and loss of function are known mechanisms of disease in this gene, and are associated with acute myeloid leukaemia (MIM#601626) and familial platelet disorder with associated myeloid malignancy (MIM#601399) (PMID: 28179279). (I) 0107 - This gene is associated with autosomal dominant disease. (I) 0200 - Variant is predicted to result in a missense amino acid change from arginine to glutamine. (I) 0251 - This variant is heterozygous. (I) 0301 - Variant is absent from gnomAD (both v2 and v3). (SP) 0502 - Missense variant with conflicting in silico predictions and high conservation. (I) 0600 - Variant is located in the annotated runt domain (DECIPHER). (I) 0801 - This variant has strong previous evidence of pathogenicity in unrelated individuals. It has been classified as pathogenic by the ClinGen Myeloid Malignancy Variant Curation Expert Panel (ClinVar). It has been reported in multiple individuals with myelodysplastic syndrome or thrombocytopenia (PMIDs: 27112265, 28748566). (SP) 1208 - Inheritance information for this variant is not currently available in this individual. (I) Legend: (SP) - Supporting pathogenic, (I) - Information, (SB) - Supporting benign",always_on_exon=-0.025(ref=0.767); splice_acceptor=0.022(ref=0.142); lncRNA=-0.019(ref=0.852),"lung, right lower lobe, adult,|tissue|CAGE|none=-0.401(ref=0.974); neuroectodermal tumor cell line|cell line|CAGE|none=-0.382(ref=0.915); adipose,|tissue|CAGE|none=-0.378(ref=0.957); throat, fetal,|tissue|CAGE|none=-0.377(ref=0.943); Prostate Epithelial Cells (polarized),|primary cell|CAGE|none=-0.369(ref=0.960)",MLM / Sequence-constraint signal,SEQUENCE_CONSTRAINED
8787,8787,561253,CONCORDANT,Protein functional disruption (missense),MODERATE,34859476,C,T,RUNX1,VUS,"MLM LLR of -2.164 indicates significant sequence constraint, supporting the pathogenic missense effect (reduced DNA binding) described in ClinVar, while structural transcript signals (BED) remain appropriately neutral.","LLR=-2.164, MLM_Delta=-0.688","DESC: This sequence change replaces arginine, which is basic and polar, with glutamine, which is neutral and polar, at codon 204 of the RUNX1 protein (p.Arg204Gln). This variant is not present in population databases (gnomAD no frequency). This missense change has been observed in individual(s) with thrombocytopenia or acute myeloid leukemia (PMID: 19357396, 27112265, 32208489, 32581362, 32935436). It has also been observed to segregate with disease in related individuals. This variant is also known as p.Arg177Gln. ClinVar contains an entry for this variant (Variation ID: 561253). An algorithm developed to predict the effect of missense changes on protein structure and function (PolyPhen-2) suggests that this variant is likely to be disruptive. Experimental studies have shown that this missense change affects RUNX1 function (PMID: 10068652, 11830488, 12002768, 22012064). For these reasons, this variant has been classified as Pathogenic. | Observed in the germline of individuals with thrombocytopenia, myelodysplastic syndrome, acute myeloid leukemia, and/or acute lymphocytic leukemia in published literature (PMID: 27112265, 31130284, 32935436, 35739278); Published functional studies demonstrate a damaging effect: reduced DNA binding and transactivation (PMID: 10068652, 12393679); Not observed at significant frequency in large population cohorts (gnomAD); Also known as p.R177Q; This variant is associated with the following publications: (PMID: 32782381, 31291480, 34166225, 32581362, 32935436, 31130284, 27112265, 19357396, 32208489, 26316320, 33778416, 34407276, 12393679, 27479822, 35739278, 36819173, 34958450, 37680325, Nitschke2023[article], 10068652) | The NM_001754.4:c.611G>A (p.Arg204Gln) variant affects one of the 13 hotspot residues established by the MM-VCEP for RUNX1 (PM1). This variant is completely absent from all population databases with at least 20x coverage for RUNX1 (PM2_supporting). This missense variant has a REVEL score >0.75 (0.958) (PP3). This variant has been reported in three probands meeting at least one of the RUNX1-phenotypic criteria (PS4_ moderate; PMID: 19357396, PMID: 27112265, PMID: 26316320, PMID: 27479822). This variant was found to co-segregate with disease in multiple affected family members, with seven meioses observed across 3 families (PP1_strong; PMID: 19357396, PMID: 27112265, PMID: 26316320, PMID: 27479822). This variant is a missense change at the same residue (p.R204) where a different missense change has been previously established as a likely pathogenic variant (ClinVar ID 2177591) based on MM-VCEP rules for RUNX1 and RNA data or agreement in splicing predictors (SSF and MES) show no splicing effects (PM5_Supporting). In summary, this variant meets criteria to be classified as pathogenic. ACMG/AMP criteria applied, as specified by the ClinGen Myeloid Malignancy Variant Curation Expert Panel for RUNX1: PP1_strong, PM1, PM2, PS4_moderate, PP3, PM5_supporting. | The p.R204Q variant (also known as c.611G>A), located in coding exon 5 of the RUNX1 gene, results from a G to A substitution at nucleotide position 611. The arginine at codon 204 is replaced by glutamine, an amino acid with highly similar properties. This variant (sometimes referred to as c.530G>A p.R177Q in published studies using an alternate transcript) was reported in individuals with features consistent with RUNX1 familial platelet disorder with associated myeloid malignancies (Preudhomme C et al. Blood, 2009 May;113:5583-7; Antony-Debr&eacute; I et al. Leukemia, 2016 Apr;30:999-1002; Latger-Cannard V et al. Orphanet J Rare Dis, 2016 Apr;11:49; Johnson B et al. Haematologica, 2016 Oct;101:1170-1179; Brown AL et al. Blood Adv, 2020 Mar;4:1131-1144; Fenwarth L et al. Hemasphere, 2021 Apr;5:e552; Douglas SPM et al. Sci Rep, 2022 Jun;12:10670; Liu C et al. EJHaem, 2023 Feb;4:145-152). This variant segregated with disease in at least two families (Latger-Cannard V et al. Orphanet J Rare Dis, 2016 Apr;11:49; Brown AL et al. Blood Adv, 2020 Mar;4:1131-1144; Fenwarth L et al. Hemasphere, 2021 Apr;5:e552). In addition, in one functional study, this variant demonstrated reduced transcriptional activity (Li Y et al. J Clin Invest, 2021 Jun;131:). This variant is considered to be rare based on population cohorts in the Genome Aggregation Database (gnomAD). This amino acid position is highly conserved in available vertebrate species. In addition, this alteration is predicted to be deleterious by in silico analysis. Based on the majority of available evidence to date, this variant is likely to be pathogenic.",splice_acceptor=-0.026(ref=0.186),"Mast cell,|primary cell|CAGE|none=-0.221(ref=0.840); Preadipocyte - visceral,|primary cell|CAGE|none=-0.219(ref=0.902); Synoviocyte,|primary cell|CAGE|none=-0.217(ref=0.923); Chondrocyte - de diff,|primary cell|CAGE|none=-0.211(ref=0.886); Fibroblast - Dermal,|primary cell|CAGE|none=-0.193(ref=0.911)",MLM / Sequence-constraint signal,SEQUENCE_CONSTRAINED
8909,8909,263343,DISCORDANT,Sequence conservation (predicted),MODERATE,19919576,C,A,TXNRD2,VUS,"ClinVar cites poor conservation for this benign variant, yet NT predicts significant sequence constraint with an LLR of -3.205, creating a direct contradiction in evolutionary interpretation.","LLR=-3.205, LogProb_Delta=-1.2, BED_deltas<0.04","DESC: This variant is considered likely benign or benign based on one or more of the following criteria: it is a conservative change, it occurs at a poorly conserved position in the protein, it is predicted to be benign by multiple in silico algorithms, and/or has population frequency not consistent with disease. | This alteration is classified as benign based on a combination of the following: seen in unaffected individuals, population frequency, intact protein function, lack of segregation with disease, co-occurrence, RNA analysis, in silico models, amino acid conservation, lack of disease association in case-control studies, and/or the mechanism of disease or impacted region is inconsistent with a known cause of pathogenicity.",,"Olfactory epithelial cells,|primary cell|CAGE|none=-0.146(ref=0.721); Fibroblast - Dermal,|primary cell|CAGE|none=-0.137(ref=0.731); Dendritic Cells - monocyte immature derived,|primary cell|CAGE|none=-0.137(ref=0.742); Mast cell,|primary cell|CAGE|none=-0.136(ref=0.755); Skeletal Muscle Cells,|primary cell|CAGE|none=-0.132(ref=0.718)",MLM / Sequence-constraint signal,SEQUENCE_CONSTRAINED
9063,9063,41103,CONCORDANT,Protein Disruption (Missense),STRONG,13736626,A,G,OFD1,VUS,Strong negative LLR (-2.40) directly supports the ClinVar rationale describing the p.Tyr87Cys variant as occurring at a highly conserved residue and being evolutionarily disfavored.,"LLR=-2.402, MLM_Delta=-0.075","DESC: Algorithms developed to predict the effect of missense changes on protein structure and function (SIFT, PolyPhen-2, Align-GVGD) all suggest that this variant is likely to be disruptive, but these predictions have not been confirmed by published functional studies and their clinical significance is uncertain. For these reasons, this variant has been classified as Pathogenic. This sequence change replaces tyrosine with cysteine at codon 87 of the OFD1 protein (p.Tyr87Cys). The tyrosine residue is highly conserved and there is a large physicochemical difference between tyrosine and cysteine. This variant is not present in population databases (ExAC no frequency). This variant has been observed in individuals affected with¬¨‚Ä†oral-facial-digital syndrome (PMID: 18546297,¬¨‚Ä†28289185, Invitae). This variant was observed to be de novo in at least one of those individuals (PMID: 28289185).¬¨‚Ä†ClinVar contains an entry for this variant (Variation ID: 41103).",5UTR+=0.046(ref=0.318); start_codon=-0.037(ref=0.209); splice_donor=0.032(ref=0.065); promoter_Tissue_specific=0.017(ref=0.218); protein_coding_gene=-0.014(ref=0.809),"CD14+ monocytes - treated with Cryptococcus,|primary cell|CAGE|none=0.228(ref=0.661); CD14+ monocytes - mock treated,|primary cell|CAGE|none=0.223(ref=0.673); CD14+ monocytes - treated with Trehalose dimycolate (TDM),|primary cell|CAGE|none=0.215(ref=0.677); CD14+ monocytes - treated with B-glucan,|primary cell|CAGE|none=0.199(ref=0.619); CD14+ monocytes - treated with IFN + N-hexane,|primary cell|CAGE|none=0.197(ref=0.626)",MLM / Sequence-constraint signal,UNCERTAIN_SIGNIFICANCE
9068,9068,143828,DISCORDANT,Missense (Protein Function),ABSENT,18507154,G,C,CDKL5,VUS,"ClinVar describes a well-established pathogenic missense variant, but NT shows negligible signals across all categories (LLR > -1, all BED/BW deltas < 0.1), failing to capture the functional impact.","LLR=-0.668, LogProb_Delta=0.7, splice_donor=-0.065","DESC: This sequence change replaces glycine, which is neutral and non-polar, with arginine, which is basic and polar, at codon 20 of the CDKL5 protein (p.Gly20Arg). This variant is not present in population databases (gnomAD no frequency). This missense change has been observed in individual(s) with CDKL5-related conditions (PMID: 20397747, 30776697). In at least one individual the variant was observed to be de novo. ClinVar contains an entry for this variant (Variation ID: 143828). Invitae Evidence Modeling of protein sequence and biophysical properties (such as structural, functional, and spatial information, amino acid conservation, physicochemical variation, residue mobility, and thermodynamic stability) indicates that this missense variant is expected to disrupt CDKL5 protein function with a positive predictive value of 95%. For these reasons, this variant has been classified as Pathogenic. | In silico prediction: SIFT = deleterious, MutationTaster = disease-causing, PolyPhen2 = probably damaging, AlignGVGD = benign (C0) | This variant has been collected from RettBASE and curated to current modified ACMG/AMP criteria. Based on the classification scheme defined by the ClinGen Rett/Angelman-like Expert Panel for Rett/AS-like Disorders Specifications to the ACMG/AMP Variant Interpretation Guidelines VCEP 3.0, this variant is classified as pathogenic. At least the following criteria are met: >=2 different missense variants in the same codon have been classified as pathogenic (PM5_Strong). Occurs in the well-characterized ATP binding region of CDKL5 (PM1). This variant has been identified as a de novo occurrence in an individual with CDKL5 disorder without confirmation of paternity and maternity (PM6). PMID 30776697 Has been observed in at least 2 individuals with phenotypes consistent with CDKL5 disorder (PS4_Supporting). (PMID: 20397747, 30776697, Variation ID: 143828) Computational prediction analysis tools suggests a deleterious impact (REVEL score>= 0.75) (PP3). At least one individual with this variant has been reported with a clinical phenotype consistent with CDKL5- related condition (PP4).PMID: 30776697 This variant is absent from gnomAD (PM2_Supporting).",splice_donor=-0.065(ref=0.274); splice_acceptor=-0.035(ref=0.203); always_on_exon=0.034(ref=0.529); skipped_exon=-0.028(ref=0.291); intron=-0.026(ref=0.346),brain|tissue|RNA-seq|nan=-0.061(ref=0.881); H1|cell line|Histone ChIP-seq|H3K4me1=0.035(ref=0.601); lung|tissue|RNA-seq|nan=0.034(ref=0.751); spinal cord|tissue|Histone ChIP-seq|H3K36me3=-0.032(ref=0.726); blood|tissue|RNA-seq|nan=0.032(ref=0.897),MLM / Sequence-constraint signal,UNCERTAIN_SIGNIFICANCE
9070,9070,143772,CONCORDANT,Sequence constraint disruption,STRONG,18564502,A,G,CDKL5,VUS,"Strong MLM signals (LLR -4.9, Z-score -3.2) capture the extreme sequence constraint and functional importance of the ATP-binding domain described in the ClinVar rationale.","LLR=-4.900, LogProb_Delta=-3.2","DESC: This variant has been collected from RettBASE and curated to current modified ACMG/AMP criteria. Based on the classification scheme defined by the ClinGen Rett/Angelman-like Expert Panel for Rett/AS-like Disorders Specifications to the ACMG/AMP Variant Interpretation Guidelines VCEP 3.0, this variant is classified as likely pathogenic. At least the following criteria are met: This variant is absent from gnomAD v4 (PM2_Supporting). Computational prediction analysis tools suggests a deleterious impact (REVEL score>= 0.75) (PP3). Occurs in the well-characterized ATP binding region of CDKL5 (PM1). Well-established in vitro or in vivo functional studies supportive of a damaging effect on the protein function (PS3). PMID: 29474534, PMID:20861382 , PMID:16935860",always_on_exon=-0.093(ref=0.580); intron=0.088(ref=0.410); ORF=-0.083(ref=0.621); exon=-0.051(ref=0.795); skipped_exon=0.051(ref=0.219),"Neurons,|primary cell|CAGE|none=0.235(ref=0.557); globus pallidus, adult,|tissue|CAGE|none=0.157(ref=0.516); locus coeruleus, adult,|tissue|CAGE|none=0.142(ref=0.532); cerebellum, adult, pool1|tissue|CAGE|none=0.132(ref=0.526); thalamus, adult,|tissue|CAGE|none=0.125(ref=0.519)",MLM / Sequence-constraint signal,EXON_CHANGE
9110,9110,9886,CONCORDANT,Sequence constraint/Missense disruption,STRONG,18647231,A,G,RS1,VUS,"MLM LLR (-2.635) indicates strong sequence constraint at codon 96, supporting the pathogenic missense mechanism (p.Trp96Arg) and high conservation noted in ClinVar.","LLR=-2.635, MLM_Delta=-0.446","DESC: The variant is observed at an extremely low frequency in the gnomAD v4.0.0 dataset (total allele frequency: <0.001%). Predicted Consequence/Location: Missense variant In silico tool predictions suggest damaging effect of the variant on gene or gene product [REVEL: 0.96 (>=0.6, sensitivity 0.68 and specificity 0.92)]. The same nucleotide change resulting in the same amino acid change has been previously reported as pathogenic/likely pathogenic with strong evidence (ClinVar ID: VCV000009886 /PMID: 9326935 /3billion dataset). A different missense change at the same codon (p.Trp96Cys) has been reported to be associated with RS1 related disorder (ClinVar ID: VCV000960641 /PMID: 20061330). Therefore, this variant is classified as Pathogenic according to the recommendation of ACMG/AMP guideline. | This sequence change replaces tryptophan, which is neutral and slightly polar, with arginine, which is basic and polar, at codon 96 of the RS1 protein (p.Trp96Arg). This variant is not present in population databases (gnomAD no frequency). This missense change has been observed in individuals with retinoschisis (PMID: 9326935, 29902095). It has also been observed to segregate with disease in related individuals. ClinVar contains an entry for this variant (Variation ID: 9886). Invitae Evidence Modeling of protein sequence and biophysical properties (such as structural, functional, and spatial information, amino acid conservation, physicochemical variation, residue mobility, and thermodynamic stability) indicates that this missense variant is expected to disrupt RS1 protein function with a positive predictive value of 95%. Experimental studies have shown that this missense change affects RS1 function (PMID: 16361673). This variant disrupts the p.Trp96 amino acid residue in RS1. Other variant(s) that disrupt this residue have been determined to be pathogenic (PMID: 20809529). This suggests that this residue is clinically significant, and that variants that disrupt this residue are likely to be disease-causing. For these reasons, this variant has been classified as Pathogenic. | Published functional studies demonstrate that the presence of the p.(W96R) variant resulted in no secretion of the retinoschisin protein (PMID: 16361673); Not observed at significant frequency in large population cohorts (gnomAD); In silico analysis supports that this missense variant has a deleterious effect on protein structure/function; This variant is associated with the following publications: (PMID: 29851975, 10533068, 11738458, 35456481, 32037395, 20061330, 30040949, 29902095, 28559085, 9326935, 16272055, 30551202, 30630865, 33090715, 16361673, 9618178)",always_on_exon=0.025(ref=0.656),trophoblast cell|primary cell|DNase-seq|none=0.159(ref=0.787); trophoblast cell|primary cell|DNase-seq|none=0.153(ref=0.802); trophoblast cell|primary cell|DNase-seq|none=0.149(ref=0.755); trophoblast cell|primary cell|DNase-seq|none=0.148(ref=0.748); placenta|tissue|DNase-seq|none=0.129(ref=0.856),MLM / Sequence-constraint signal,SEQUENCE_CONSTRAINED
9122,9122,337883,CONCORDANT,Neutral Missense,WEAK,23048087,G,A,THBD,VUS,Lack of significant BED or BW signals aligns with the Benign classification. MLM LLR (-2.75) shows sequence preference but LogProb_Delta (z=-1.0) remains within a normal range for missense variants.,"LLR=-2.748, LogProb_Delta=-1.0, CAGE_Mast_cell=-0.218","DESC: BA1, BP4 | This variant was observed in the ICSL laboratory as part of a predisposition screen in an ostensibly healthy population. It had not been previously curated by ICSL or reported in the Human Gene Mutation Database (HGMD: prior to June 1st, 2018), and was therefore a candidate for classification through an automated scoring system. Utilizing variant allele frequency, disease prevalence and penetrance estimates, and inheritance mode, an automated score was calculated to assess if this variant is too frequent to cause the disease. Based on the score and internal cut-off values, a variant classified as benign is not then subjected to further curation. The score for this variant resulted in a classification of benign for this disease. | This variant is associated with the following publications: (PMID: 23332921, 23520161, 9157575, 29592796, 33103541) | THBD p.Ala473Val (c.1418C>T) is a missense variant that changes the amino acid at residue 473 from Alanine to Valine. This variant is present at high allele frequency in population databases. In conclusion, we classify THBD p.Ala473Val (c.1418C>T) as a benign variant. | This variant is classified as benign based on ACMG/AMP sequence variant interpretation guidelines (Richards et al. 2015 PMID: 25741868, with internal and published modifications).",promoter_Tissue_specific=0.021(ref=0.099),"Mast cell,|primary cell|CAGE|none=-0.218(ref=0.815); lung, fetal,|tissue|CAGE|none=-0.211(ref=0.823); lung, right lower lobe, adult,|tissue|CAGE|none=-0.203(ref=0.868); Endothelial Cells - Microvascular,|primary cell|CAGE|none=-0.175(ref=0.905); colon, adult, pool1|tissue|CAGE|none=-0.169(ref=0.774)",MLM / Sequence-constraint signal,SEQUENCE_CONSTRAINED
9172,9172,9902,PARTIAL,Missense (Sequence Constraint),MODERATE,38322921,C,A,RPGR,VUS,"MLM shows moderate sequence constraint (LLR -1.46) supporting a deleterious missense effect, but NT fails to detect the potential splice site disruption suggested in the ClinVar rationale.","LLR=-1.457, MLM_Delta=-0.156","DESC: This sequence change replaces glycine, which is neutral and non-polar, with valine, which is neutral and non-polar, at codon 60 of the RPGR protein (p.Gly60Val). This variant is not present in population databases (gnomAD no frequency). This missense change has been observed in individuals with retinitis pigmentosa (PMID: 9399904, 9855162, 10937588). It has also been observed to segregate with disease in related individuals. ClinVar contains an entry for this variant (Variation ID: 9902). Invitae Evidence Modeling of protein sequence and biophysical properties (such as structural, functional, and spatial information, amino acid conservation, physicochemical variation, residue mobility, and thermodynamic stability) indicates that this missense variant is expected to disrupt RPGR protein function with a positive predictive value of 95%. Experimental studies have shown that this missense change does not substantially affect RPGR function (PMID: 19815619, 20631154). Algorithms developed to predict the effect of sequence changes on RNA splicing suggest that this variant may disrupt the consensus splice site. For these reasons, this variant has been classified as Pathogenic. | Not observed at significant frequency in large population cohorts (gnomAD); In silico analysis supports that this missense variant has a deleterious effect on protein structure/function; This variant is associated with the following publications: (PMID: 23536988, 10937588, 28559085, 10958647, 19815619, 20631154, 23213406, 38586605, 34985506, 9399904, 9855162) | The RPGR c.179G>T; p.Gly60Val variant (rs62638634) has been reported in several individuals with X-linked retinitis pigmentosa (Buraczynska 1997, Sharon 2000, Stone 2017) and has been reported to segregate with disease in at least one family (Fishman 1998). The variant is reported in the ClinVar database (Variation ID: 9902) but is absent from general population databases (Exome Variant Server, Genome Aggregation Database), indicating it is not a common polymorphism. The glycine at codon 60 is highly conserved, computational algorithms (PolyPhen-2, SIFT) predict this variant is deleterious, and structural analysis predicts this amino acid is critical in protein function and the variant causes reduced protein interaction (Patil 2012). Considering available information, this variant is classified as pathogenic. References: Buraczynska M et al. Spectrum of mutations in the RPGR gene that are identified in 20% of families with X-linked retinitis pigmentosa. Am J Hum Genet. 1997 Dec;61(6):1287-92. Fishman GA et al. X-linked retinitis pigmentosa in two families with a missense mutation in the RPGR gene and putative change of glycine to valine at codon 60. Ophthalmology. 1998 Dec;105(12):2286-96. Patil H et al. Structural and functional plasticity of subcellular tethering, targeting and processing of RPGRIP1 by RPGR isoforms. Biol Open. 2012 Feb 15;1(2):140-60. Sharon D et al. X-linked retinitis pigmentosa: mutation spectrum of the RPGR and RP2 genes and correlation with visual function. Invest Ophthalmol Vis Sci. 2000 Aug;41(9):2712-21. Stone EM et al. Clinically Focused Molecular Investigation of 1000 Consecutive Families with Inherited Retinal Disease. Ophthalmology. 2017 Sep;124(9):1314-1331. | The RPGR c.179G>T variant is predicted to result in the amino acid substitution p.Gly60Val. This variant has been reported in individuals with retinitis pigmentosa (Buraczynska et al. 1997. PubMedID: 9399904; Sharon et al. 2003. PubMed ID: 14564670; Table S3, Tuupanen et al. 2022. PubMed ID: 34985506). An in silico functional study suggests this variant causes misfolding of a particular domain of the protein (Patil et al. 2012. PubMed ID: 23213406). This variant has been classified as pathogenic by multiple independent submitters to the ClinVar database (https://www.ncbi.nlm.nih.gov/clinvar/variation/9902/). Given the evidence, we interpret this variant as pathogenic. | NM_001034853.2(RPGR):c.179G>T (p.Gly60Val) is a missense variant that replaces glycine with valine at amino acid 60. This variant is absent from hemizygous individuals in gnomAD v4.1.0 (PM2_supporting). At least one proband harboring this variant exhibits a phenotype including family history consistent with X-linked inheritance (2 pts) with delayed or milder phenotype in females (1 pt), visual field reduction (0.5 pts), central vision problem (0.5 pts) since 6 years of age (1 pt), poor night vision (0.5 pts), pigmentary retinopathy (0.5 pts), and nondetectable electroretinogram responses, which together are specific for RPGR-related retinopathy (6 points, PMID: 9855162, PP4). This variant has been reported in other publications, however, the ability to conclude that the probands described are unrelated was not successful (PMIDs: 28559085, 10937588, 34985506, 9399904, 9855162). The variant has been reported to segregate with retinal dystrophy through at least 4 meioses from at least 1 family (PP1_moderate; PMID: [9855162]). The computational predictor REVEL gives a score of 0.98, which is above the ClinGen X-linked IRD VCEP threshold of ≥ 0.932 and predicts a damaging effect on RPGR function (PP3_strong). The computational splicing predictor SpliceAI gives a delta score of 0.19 for acceptor loss, which is below the ClinGen X-linked IRD VCEP threshold of >0.2 and does not predict that the variant disrupts RPGR splicing. Exogenously expressed RPGR harboring the variant exhibits reduced interaction with RPGRIP1 in a yeast-2-hybrid experiment (PMID: 23213406, 23213406, PS3_supporting). In summary, this variant is classified as likely pathogenic for RPGR-related retinopathy based on the ClinGen X-linked Inherited Retinal Disease Expert Panel Specifications to the ACMG/AMP Variant Interpretation Guidelines for RPGR Version 1.0.0; PM2_supporting, PP1_moderate, PP3_strong, PS3_supporting, and PP4. (date of approval 05/16/2025).",enhancer_Tissue_specific=-0.140(ref=0.425); stop_codon=0.054(ref=0.147); ORF=-0.051(ref=0.847); 5UTR-=0.050(ref=0.310); always_on_exon=-0.046(ref=0.554),"diaphragm, fetal,|tissue|CAGE|none=-0.167(ref=0.819); lung, fetal,|tissue|CAGE|none=-0.162(ref=0.816); left ventricle, adult,|tissue|CAGE|none=-0.151(ref=0.831); CD34+ Progenitors,|primary cell|CAGE|none=-0.147(ref=0.821); rectum, fetal,|tissue|CAGE|none=-0.143(ref=0.786)",MLM / Sequence-constraint signal,REGULATORY_CHANGE
9176,9176,9916,CONCORDANT,Missense / Protein functional disruption,STRONG,38317418,C,G,RPGR,VUS,"Strong MLM signal (LLR -3.25) confirms sequence conservation/functional constraint, aligning with the high REVEL score and lack of splicing effects described in the rationale.","LLR=-3.250, MLM_Delta=-0.460","DESC: NM_001034853.2(RPGR):c.517G>C (p.Gly173Arg) is a missense variant encoding the substitution of glycine by arginine at amino acid 173. This variant is absent from gnomAD v4.1.0 (PM2_Supporting). At least one proband harboring this variant exhibits a phenotype including a family history consistent with X-linked inheritance (2 pts) showing a milder phenotype in female family members (1 pt), early-onset (1 pt), rod involvement greater than cone (1 pt), visual field constriction (0.5 pts), night blindness (0.5 pts), myopia (0.5 pts), and reduced visual acuity (0.5 pts), which together are specific for RPGR-related retinopathy (7 points, PMID: 14627685, PP4). The proband also showed systemic phenotypes including episodes of respiratory tract infections, recurrent ear infections, pan-sinusitis, and a mild high frequency hearing loss (PMID: 14627685). The variant has been reported to segregate with retinal dystrophy through at least 3 affected meioses from 1 family (PP1_Moderate; PMID: 14627685). The computational predictor REVEL gives a score of 0.972, which is above the ClinGen X-linked IRD VCEP threshold of >0.932 and predicts a damaging effect on RPGR function (PP3_Strong). The computational splicing predictor SpliceAI gives a delta score of 0.09 for donor gain, which is below the ClinGen X-linked IRD VCEP threshold of >0.2 and does not predict that the variant disrupts RPGR splicing. Exogenously expressed RPGR harboring the variant exhibits reduced interaction with RPGRIP1 and RAB8A in yeast-2-hybrid and pulldown experiments (PMID: 20631154, PMID: 23213406, PS3_Supporting). In summary, this variant is classified as likely pathogenic for RPGR-related retinopathy based on the ClinGen X-linked Inherited Retinal Disease Expert Panel Specifications to the ACMG/AMP Variant Interpretation Guidelines for RPGR Version 1.0.0; PM2_supporting, PP3_Strong, PS3_Supporting, PP1_Moderate, and PP4.",always_on_exon=0.091(ref=0.546); skipped_exon=-0.089(ref=0.368); intron=-0.033(ref=0.257); promoter_Tissue_specific=0.015(ref=0.165); enhancer_Tissue_invariant=0.014(ref=0.074),"Synoviocyte,|primary cell|CAGE|none=0.148(ref=0.646); Neurons,|primary cell|CAGE|none=0.135(ref=0.706); Neural stem cells,|primary cell|CAGE|none=0.128(ref=0.566); bone marrow, adult|tissue|CAGE|none=0.106(ref=0.564); Fibroblast - Lung,|primary cell|CAGE|none=0.096(ref=0.567)",MLM / Sequence-constraint signal,EXON_CHANGE
9228,9228,418541,PARTIAL,Splice donor disruption,MODERATE,48689434,G,A,WAS,VUS,"NT moderately captures the splice donor disruption and exon identity loss mentioned in ClinVar, though it fails to detect the protein-level conservation (LLR is positive).",always_on_exon=-0.314(ref=0.615); splice_donor=-0.261(ref=0.720); ORF=-0.251(ref=0.857),"DESC: The D485N variant has been published previously in association with Wiskott-Aldrich syndrome, including an apparently de novo occurrence (Lemahieu et al., 1999; Fillat et al., 2001). The variant is not observed in large population cohorts (Lek et al., 2016; 1000 Genomes Consortium et al., 2015; Exome Variant Server). D485N is a semi-conservative amino acid substitution, which may impact secondary protein structure as these residues differ in some properties. This substitution occurs at a position that is conserved across species, and in silico analysis predicts this variant is probably damaging to the protein structure/function. Functional studies have shown D485N impairs the normal function of the WAS protein (Rajmohan et al., 2009). Additionally, several in silico splice prediction models, as well as Lemahieu et al., predict that D485N abolishes the natural splice donor site for intron 11 (Lemahieu et al., 1999). Missense variants in the same codon (D485G) and in a nearby residue (I481N) have been reported in the Human Gene Mutation Database in association with Wiskott-Aldrich syndrome (Stenson et al., 2014), supporting the functional importance of this region of the protein. In summary, we consider this variant to be pathogenic. | Variant summary: The WAS c.1453G>A (p.Asp485Asn) variant involves the alteration of a conserved nucleotide and 3/4 in silico tools predict a damaging outcome for this variant (SNPsandGO not captured due to low reliability index). However, the variant is located at the exon-intron boundary of exon 11 and 5/5 splice prediction tools predict a significant impact on normal splicing. ESE finder predicts that this variant may eliminate ESE binding sites. Multiple functional studies have found the variant to affect splicing and cause exon splicing. This variant is absent in 174864 control chromosomes (gnomAD). Multiple publications have cited the variant in affected WAS and XLT patients including an indicated de novo event (Lemahieu_1999). In addition, a clinical diagnostic laboratory classified this variant as pathogenic. Taken together, this variant is classified as pathogenic. | This sequence change replaces aspartic acid, which is acidic and polar, with asparagine, which is neutral and polar, at codon 485 of the WAS protein (p.Asp485Asn). RNA analysis indicates that this missense change induces altered splicing and likely disrupts the C-terminus of the protein. This variant is not present in population databases (gnomAD no frequency). This missense change has been observed in individuals with Wiskott-Aldrich syndrome (PMID: 10447259, 10691337, 11298372). This variant is also known as 1487G>A. ClinVar contains an entry for this variant (Variation ID: 418541). Algorithms developed to predict the effect of variants on gene product structure and function are not available or were not evaluated for this variant. Experimental studies have shown that this missense change affects WAS function (PMID: 19817875). Variants that disrupt the consensus splice site are a relatively common cause of aberrant splicing (PMID: 17576681, 9536098). Studies have shown that this missense change results in exon skipping and introduces a new termination codon (PMID: 10447259). However the mRNA is not expected to undergo nonsense-mediated decay. For these reasons, this variant has been classified as Pathogenic. | Based on the classification scheme VCGS_Germline_v1.3.4, this variant is classified as Pathogenic. Following criteria are met: 0102 - Loss of function is a known mechanism of disease in this gene and is associated with severe congenital neutropenia (MIM#300299), X-linked thrombocytopenia (XLT; MIM#313900), and Wiskott-Aldrich syndrome (WAS; MIM#301000). (I) 0109 - This gene is associated with X-linked recessive disease. (I) 0115 - Variants in this gene are known to have variable expressivity. Although rare, affected female carriers have been reported with skewed X-inactivation in families where carriers are otherwise unaffected (GeneReviews, PMID: 23689198). (I) 0209 - Splice region variant proven to affect splicing of the transcript with uncertain effect on protein sequence. RNA studies have shown that this variant results in abnormal splicing and exon skipping, although evidence at the protein level is lacking (PMID: 10447259). (SP) 0251 - This variant is heterozygous. (I) 0301 - Variant is absent from gnomAD (both v2 and v3). (SP) 0604 - Variant is not located in an established domain, motif, hotspot or informative constraint region. (I) 0801 - This variant has strong previous evidence of pathogenicity in unrelated individuals. Multiple individuals with WAS or XLT have been reported with this variant (ClinVar, PMID: 10447259, 11298372, 20546529, 21185603). (SP) 1208 - Inheritance information for this variant is not currently available in this individual. (I) Legend: (SP) - Supporting pathogenic, (I) - Information, (SB) - Supporting benign",always_on_exon=-0.314(ref=0.615); splice_donor=-0.261(ref=0.720); ORF=-0.251(ref=0.857); skipped_exon=0.210(ref=0.298); intron=0.205(ref=0.453),"CD14+ monocytes - treated with Group A streptococci,|primary cell|CAGE|none=-0.483(ref=0.996); CD14+ monocytes - treated with Candida,|primary cell|CAGE|none=-0.481(ref=0.990); CD14+ monocytes - treated with Salmonella,|primary cell|CAGE|none=-0.478(ref=0.990); CD14+ monocytes - treated with Trehalose dimycolate (TDM),|primary cell|CAGE|none=-0.477(ref=0.997); CD14+ monocytes - treated with BCG,|primary cell|CAGE|none=-0.476(ref=0.998)",Splicing,SPLICE_SITE_DESTROYED
9297,9297,10485,DISCORDANT,Missense (Protein Function),WEAK,55014830,G,A,ALAS2,VUS,"ClinVar describes a well-validated pathogenic missense variant impacting enzymatic function, but NT signals are weak (LLR -0.778) and fail to capture significant evolutionary or functional constraint.","LLR=-0.778, LogProb_Delta=0.4, CTCF-bound=-0.101","DESC: The ALAS2 c.1354C>T variant is predicted to result in the amino acid substitution p.Arg452Cys. This variant was reported in individuals with sideroblastic anemia (see, for example, Bottomley et al. 1995. PubMed ID: 7592563; Cotter et al. 1999. PubMed ID: 10029606; Liu et al. 2013. PubMed ID: 24323989; Ravindra et al. 2020. PubMed ID: 32605921). In vitro functional studies indicate that the p.Arg452Cys variant protein results in loss of positive cooperativity for succinyl-CoA binding and has reduced vitamin B6 affinity (Bishop et al. 2012. PubMed ID: 22740690). This variant has not been reported in a large population database, indicating this variant is rare. This variant is interpreted as pathogenic. | This sequence change replaces arginine, which is basic and polar, with cysteine, which is neutral and slightly polar, at codon 452 of the ALAS2 protein (p.Arg452Cys). This variant is not present in population databases (gnomAD no frequency). This missense change has been observed in individuals with X-linked congenital sideroblastic anemia (PMID: 7592563, 21309041, 32297424). ClinVar contains an entry for this variant (Variation ID: 10485). Invitae Evidence Modeling of protein sequence and biophysical properties (such as structural, functional, and spatial information, amino acid conservation, physicochemical variation, residue mobility, and thermodynamic stability) has been performed for this missense variant. However, the output from this modeling did not meet the statistical confidence thresholds required to predict the impact of this variant on ALAS2 protein function. Experimental studies have shown that this missense change affects ALAS2 function (PMID: 22740690). This variant disrupts the p.Arg452 amino acid residue in ALAS2. Other variant(s) that disrupt this residue have been observed in individuals with ALAS2-related conditions (PMID: 7592563, 21309041, 32297424), which suggests that this may be a clinically significant amino acid residue. For these reasons, this variant has been classified as Pathogenic. | Published functional studies demonstrate R452C interferes with the cofactor and succinyl-CoA binding ability of the ALAS2 protein (PMID: 22740690); Not observed in large population cohorts (gnomAD); In silico analysis supports that this missense variant has a deleterious effect on protein structure/function; This variant is associated with the following publications: (PMID: 7592563, 21800356, 10029606, 24323989, 21309041, 16343269, 21252495, 16540354, 22983749, 32605921, 22740690)",CTCF-bound=-0.101(ref=0.534); enhancer_Tissue_specific=-0.054(ref=0.281); polyA_signal=0.044(ref=0.088); enhancer_Tissue_invariant=-0.031(ref=0.183); promoter_Tissue_specific=0.018(ref=0.212),"skeletal muscle, fetal,|tissue|CAGE|none=-0.244(ref=0.897); lung, fetal,|tissue|CAGE|none=-0.228(ref=0.933); Mast cell - stimulated,|primary cell|CAGE|none=-0.209(ref=0.761); Mast cell, expanded and stimulated,|primary cell|CAGE|none=-0.198(ref=0.841); skin, fetal,|tissue|CAGE|none=-0.194(ref=0.757)",MLM / Sequence-constraint signal,UNCERTAIN_SIGNIFICANCE
9513,9513,968858,DISCORDANT,Missense (Protein Stability),ABSENT,108620382,G,A,COL4A5,VUS,"ClinVar describes an invariant, highly conserved glycine residue critical for collagen stability, but NT signals (LLR -0.51, minimal BED/BW deltas) fail to capture this evolutionary constraint.","LLR=-0.509, splice_donor=-0.015","DESC: Glycine residues within the Gly-Xaa-Yaa repeats of the triple helix domain are required for the structure and stability of fibrillar collagens (PMID: 7695699, 8218237, 19344236). In COL4A5, missense variants at these glycine residues are significantly enriched in individuals with disease (PMID: 23720012, 27627812) compared to the general population (ExAC). For these reasons, this variant has been classified as Pathogenic. This variant has been observed in several individuals affected with Alport syndrome (PMID: 28542346, Invitae). This variant is not present in population databases (ExAC no frequency). This sequence change replaces glycine with glutamic acid at codon 878 of the COL4A5 protein (p.Gly878Glu). The glycine residue is highly conserved and there is a moderate physicochemical difference between glycine and glutamic acid. | This individual is hemizygous for the variant, c.2633G>A p.(Gly878Glu), in the COL4A5 gene. The c.2633G>A variant has not been reported in any population databases (i.e. ExAC, ESP or dbSNP). This variant results in substitution of one of the invariant glycine residues within the triple helical domain of the alpha 5 chain of type IV collagen. This variant has been previously reported in the hemizygote state in a male patient with X-linked Alport syndrome (Liu et al 2017 PLoS One 12(5):e0177685. PMID:28542346). This variant is considered to likely pathogenic according to the ACMG guidelines.",,foreskin keratinocyte|primary cell|Histone ChIP-seq|H3K9ac=-0.049(ref=0.729); foreskin keratinocyte|primary cell|Histone ChIP-seq|H3K4me1=-0.045(ref=0.705); bone_marrow|tissue|RNA-seq|nan=0.044(ref=0.674); bone_marrow|tissue|RNA-seq|nan=0.042(ref=0.754); muscle of trunk|tissue|Histone ChIP-seq|H3K4me1=-0.040(ref=0.846),MLM / Sequence-constraint signal,UNCERTAIN_SIGNIFICANCE
9567,9567,10602,DISCORDANT,None detected,ABSENT,139561566,G,A,F9,VUS,NT fails to capture the pathogenic impact of this missense variant; sequence constraint (LLR) and genomic feature signals are all negligible despite the established clinical significance.,"LLR=-0.362, polyA_signal=0.041, LogProb_Delta=0.8","DESC: The missense variant p.R294Q in F9 (NM_000133.4 has been reported previously in affected patients with hemophilia B (Chavali et al, 2009; Yu et al, 2012). The p.R294Q variant is novel (not in any individuals) in gnomAD Exomes and is novel (not in any individuals) in 1000 Genomes. Experimental studies have shown that this missense change impairs intracellular trafficking of factor IX (Pignani et al, 2018). It has been submitted to ClinVar as Pathogenic. For these reasons, this variant has been classified as Pathogenic | Variant summary: F9 c.881G>A (p.Arg294Gln) results in a conservative amino acid change located in the Serine proteases, trypsin domain (IPR001254) of the encoded protein sequence. Three of five in-silico tools predict a damaging effect of the variant on protein function. The variant was absent in 179083 control chromosomes (gnomAD). c.881G>A has been reported in the literature in multiple individuals affected with Factor IX Deficiency (Hemophilia B) (Chen_1989, Chavali_2009, Onay_2003), including de novo occurrences. These data indicate that the variant is very likely to be associated with disease. To our knowledge, no experimental evidence demonstrating an impact on protein function has been reported. Four ClinVar submitters (evaluation after 2014) cite this variant as pathogenic. Based on the evidence outlined above, the variant was classified as pathogenic. | This sequence change replaces arginine, which is basic and polar, with glutamine, which is neutral and polar, at codon 294 of the F9 protein (p.Arg294Gln). This variant is not present in population databases (gnomAD no frequency). This missense change has been observed in individuals with hemophilia B (PMID: 2472424, 19699296, 22544209, 32155688; internal data). This variant is also known as p.Arg248Gln. ClinVar contains an entry for this variant (Variation ID: 10602). Invitae Evidence Modeling of protein sequence and biophysical properties (such as structural, functional, and spatial information, amino acid conservation, physicochemical variation, residue mobility, and thermodynamic stability) has been performed for this missense variant. However, the output from this modeling did not meet the statistical confidence thresholds required to predict the impact of this variant on F9 protein function. Experimental studies have shown that this missense change affects F9 function (PMID: 29993188). For these reasons, this variant has been classified as Pathogenic. | The variant is not observed in the gnomAD v2.1.1 dataset. The variant is located in a mutational hot spot and/or well-established functional domain in which established pathogenic variants have been reported. Missense changes are a common disease-causing mechanism. In silico tool predictions suggest damaging effect of the variant on gene or gene product (REVEL: 0.58; 3Cnet: 0.73). Same nucleotide change resulting in same amino acid change has been previously reported as pathogenic/likely pathogenic with strong evidence (ClinVar ID: VCV000010602 / PMID: 2472424). A different missense change at the same codon (p.Arg294Gly) has been reported to be associated with F9 related disorder (PMID: 7937052). Therefore, this variant is classified as Pathogenic according to the recommendation of ACMG/AMP guideline. | Published functional studies demonstrate a damaging effect (PMID: 29993188); Not observed at significant frequency in large population cohorts (gnomAD); In silico analysis supports that this missense variant does not alter protein structure/function; This variant is associated with the following publications: (PMID: 31064749, 22639855, 1346975, 32155688, 32224444, 22544209, 19699296, 2472424, 12588353, 29993188) | The c.881G>A, p.Arg294Gln variant affects one of the functional domains (aa 227-459; Peptidase S1 domain) in the F9 protein meeting PM1. The variant is absent from male population databases (gnomAD v4.1) meeting PM2_Supporting. At least 30 patients with mild, moderate or severe hemophilia B have been reported in the literature reviewed meeting PS4_Very Strong and PP4_Moderate (PMID: 29296726, 15921378, 8091381). In-vitro functional studies show that the variant causes ER retention of the F9 protein, leading to reduced antigen levels meeting PS3_Supporting. REVEL score for this variant does not fall within the thresholds for pathogenic or benign predictions, and no splicing impact is noted by SpliceAI. In summary, this variant meets criteria to be classified as pathogenic. ACMG/AMP criteria applied as specified by the Coagulation Factor Deficiency Variant Curation Expert Panel for F9: PS4_Very Strong, PM1, PP4_Moderate, PS3_Supporting, PM2_Supporting. | PM1_supporting, PM2_supporting, PS3, PS4_very_strong",polyA_signal=0.041(ref=0.101); 5UTR+=-0.018(ref=0.232),"epitheloid carcinoma cell line|cell line|CAGE|none=0.103(ref=0.591); pancreas, adult,|tissue|CAGE|none=0.100(ref=0.630); nasal epithelial cells,|primary cell|CAGE|none=0.096(ref=0.632); Prostate Epithelial Cells (polarized),|primary cell|CAGE|none=0.095(ref=0.714); hepatocellular carcinoma cell line|cell line|CAGE|none=0.089(ref=0.838)",Benign / Neutral / None,UNCERTAIN_SIGNIFICANCE
9652,9652,236258,DISCORDANT,Protein Functional Defect,ABSENT,153932073,A,T,NAA10,VUS,"NT signals are neutral or slightly positive (LLR 0.646), failing to capture the severe loss of catalytic activity (>90%) and functional constraint described in the rationale.","LLR=0.646, LogProb_Delta=1.4, ORF=-0.027","DESC: Published functional studies demonstrate that this variant results in over 90% reduction in catalytic activity (Saunier et al., 2016); Not observed in large population cohorts (Lek et al., 2016); This variant is associated with the following publications: (PMID: 28135719, 27094817)",5UTR-=0.030(ref=0.188); skipped_exon=-0.030(ref=0.390); intron=0.025(ref=0.486); enhancer_Tissue_invariant=-0.018(ref=0.138); splice_acceptor=0.017(ref=0.176),"occipital lobe, fetal,|tissue|CAGE|none=-0.245(ref=0.880); pagetoid sarcoma cell line|cell line|CAGE|none=0.243(ref=0.534); Neural stem cells,|primary cell|CAGE|none=-0.241(ref=0.879); occipital lobe, adult,|tissue|CAGE|none=-0.240(ref=0.832); breast carcinoma cell line|cell line|CAGE|none=0.209(ref=0.522)",MLM / Sequence-constraint signal,UNCERTAIN_SIGNIFICANCE
9749,9749,10294,CONCORDANT,Sequence conservation disruption (Missense),MODERATE,154904082,T,C,F8,VUS,"The strong negative LLR (-2.667) indicates the variant is evolutionarily disfavored, aligning with the rationale's description of a conserved residue where mutations disrupt protein processing.","LLR=-2.667, MLM_Delta=-0.501","DESC: The F8 c.5822A>G, p.Asn1941Ser variant (rs28933682), also known as Asn1922Ser, has been reported in individuals with moderate to severe hemophilia A (Astermark 2005, Diamond 2005, Higuchi 1991, Summers 2011, Factor VIII Variant Database and references therein). Functional testing in patients with this variant suggest below 5% of normal activity (Factor VIII Variant Database), and characterization of the variant protein in heterologous cells indicates defective processing, accumulation in the endoplasmic reticulum, decreased F8 secretion (Summers 2011). This variant is absent from the Genome Aggregation Database, indicating it is not a common polymorphism. Additionally, other amino acid substitutions at this codon (Asp, Ile, Lys, Thr) have been reported in individuals with hemophilia A and are considered disease-causing (Factor VIII Variant Database and references therein). Based on available information, the p.Asn1941Ser variant is considered to be pathogenic. References: Factor VIII Variant Database: http://f8-db.eahad.org/ Astermark J et al. The Malmo International Brother Study (MIBS). Genetic defects and inhibitor development in siblings with severe hemophilia A. Haematologica. 2005; 90(7):924-31. PMID: 15996930. Diamond C et al. Amino acid substitutions in conserved domains of factor VIII and related proteins: study of patients with mild and moderately severe hemophilia A. Hum Mutat. 1992; 1(3):248-57. PMID: 1301932. Higuchi M et al. Molecular characterization of severe hemophilia A suggests that about half the mutations are not within the coding regions and splice junctions of the factor VIII gene. Proc Natl Acad Sci U S A. 1991; 88(16):7405-9. PMID: 1908096. Summers R et al. Factor VIII A3 domain substitution N1922S results in hemophilia A due to domain-specific misfolding and hyposecretion of functional protein. Blood. 2011; 117(11):3190-8. PMID: 21217077. | PP3, PM1, PM2_moderate, PS3, PS4_moderate | The c.5822A>G (p.Asn1941Ser) variant is completely absent from gnomAD v2.1.1 and v3.1.1, which meets PM2_Supporting. This missense variant has a REVEL score of 0.943 (>0.6) and meets criteria for PP3. At least 80 probands have been reported in the literature and from internal laboratory data who meet the F8 phenotype criteria meeting thresholds for PS4_Very strong (>8 probands) and PP4_Moderate. Two brothers have been reported with severe hemophilia A, which meets the PP1 criteria (PMID: 15996930). Functional evidence from PMID: 21217077 shows that the variant results in a secretory defect based on barely detectable levels of antigen and activity when expressed in BHK cells, which meets PS3 criteria. In summary, this variant meets criteria to be classified as pathogenic. ACMG/AMP criteria applied, as specified by the Coagulation Factor Deficiency Variant Curation Expert Panel for F8: PS4_Very strong, PS3, PM2_Supporting, PP1, PP3. | Variant summary: F8 c.5822A>G (p.Asn1941Ser) results in a conservative amino acid change located in the Multicopper oxidase, C-terminal domain (IPR011706) of the encoded protein sequence. Four of five in-silico tools predict a damaging effect of the variant on protein function. The variant was absent in 183127 control chromosomes (gnomAD). c.5822A>G has been reported in the literature in multiple individuals affected with Factor VIII Deficiency (Hemophilia A) (examples: Miller_2012 and Chen_2021). These data indicate that the variant is very likely to be associated with disease. The following publications have been ascertained in the context of this evaluation (PMID: 22103590, 33706050). Two submitters have cited clinical-significance assessments for this variant to ClinVar after 2014. All submitters classified the variant as pathogenic. Based on the evidence outlined above, the variant was classified as pathogenic.",start_codon=-0.045(ref=0.223); ORF=-0.041(ref=0.718); 5UTR-=0.029(ref=0.305); splice_acceptor=0.021(ref=0.169); lncRNA=0.019(ref=0.183),lung|tissue|Histone ChIP-seq|H3K9me3=0.046(ref=0.582); adrenal gland|tissue|Histone ChIP-seq|H3K36me3=0.036(ref=0.654); right lobe of liver|tissue|DNase-seq|none=0.035(ref=0.660); psoas muscle|tissue|Histone ChIP-seq|H3K27me3=0.034(ref=0.721); tibial nerve|tissue|DNase-seq|none=0.032(ref=0.622),MLM / Sequence-constraint signal,SEQUENCE_CONSTRAINED
