track_id,display_name,delta,track_type,ref_val,alt_val,abs_delta,rank
exon,exon,-0.564453125,BED,0.8671875,0.302734375,0.564453125,1
ORF,ORF,-0.537109375,BED,0.828125,0.291015625,0.537109375,2
intron,intron,0.45703125,BED,0.18359375,0.640625,0.45703125,3
always_on_exon,Always-on exon,-0.4375,BED,0.68359375,0.24609375,0.4375,4
CNhs11943_M,breast carcinoma cell line | CAGE,0.171875,BigWig,0.625,0.796875,0.171875,5
CNhs12838_M,merkel cell carcinoma cell line | CAGE,0.16796875,BigWig,0.61328125,0.78125,0.16796875,6
CNhs10884_M,Small Airway Epithelial Cells | CAGE,0.1640625,BigWig,0.6484375,0.8125,0.1640625,7
CNhs14245_M,"lung adenocarcinoma, papillary cell line | CAGE",0.1484375,BigWig,0.68359375,0.83203125,0.1484375,9
CNhs10632_M,"testis, adult, pool1 | CAGE",0.1484375,BigWig,0.671875,0.8203125,0.1484375,10
protein_coding_gene,Protein-coding gene,-0.15625,BED,0.828125,0.671875,0.15625,8
CNhs14244_M,carcinoid cell line | CAGE,0.14453125,BigWig,0.55078125,0.6953125,0.14453125,11
CNhs11944_M,mixed mullerian tumor cell line | CAGE,0.14453125,BigWig,0.5625,0.70703125,0.14453125,12
GTEX-1I4MK-0002-SM-EZ6M9.1,blood | RNA-seq,-0.14453125,BigWig,0.98046875,0.8359375,0.14453125,13
CNhs11824_M,glassy cell carcinoma cell line | CAGE,0.1328125,BigWig,0.65234375,0.78515625,0.1328125,14
CNhs10616_M,"bladder, adult, pool1 | CAGE",0.1328125,BigWig,0.60546875,0.73828125,0.1328125,15
CNhs13809_M,medial temporal gyrus - adult | CAGE,0.1328125,BigWig,0.6015625,0.734375,0.1328125,16
CNhs12851_M,"seminal vesicle, adult | CAGE",0.1328125,BigWig,0.69921875,0.83203125,0.1328125,17
splice_acceptor,splice acceptor,0.1298828125,BED,0.111328125,0.2412109375,0.1298828125,18
CNhs10866_M,Fibroblast - Gingival | CAGE,0.12890625,BigWig,0.5234375,0.65234375,0.12890625,19
CNhs10627_M,"placenta, adult, pool1 | CAGE",0.12890625,BigWig,0.625,0.75390625,0.12890625,20
CNhs13477_M,"Hep-2 cells treated with Streptococci strain 5448, biol",0.125,BigWig,0.58984375,0.71484375,0.125,21
CNhs12362_M,testicular germ cell embryonal carcinoma cell line | CA,0.125,BigWig,0.58984375,0.71484375,0.125,22
CNhs11762_P,"eye, fetal | CAGE",-0.125,BigWig,0.62890625,0.50390625,0.125,23
ENCSR221ZRM,trophoblast | Histone ChIP-seq | H3K27me3,0.12109375,BigWig,0.66796875,0.7890625,0.12109375,24
CNhs11892_M,Wilms' tumor cell line | CAGE,0.12109375,BigWig,0.58203125,0.703125,0.12109375,25
CNhs11869_M,somatostatinoma cell line | CAGE,0.12109375,BigWig,0.58203125,0.703125,0.12109375,26
CNhs11878_M,teratocarcinoma cell line | CAGE,0.12109375,BigWig,0.55078125,0.671875,0.12109375,27
CNhs11876_M,testicular germ cell embryonal carcinoma cell line | CA,0.12109375,BigWig,0.58203125,0.703125,0.12109375,28
CNhs13816_M,Olfactory epithelial cells | CAGE,0.12109375,BigWig,0.52734375,0.6484375,0.12109375,29
CNhs10617_M,"brain, adult, pool1 | CAGE",0.12109375,BigWig,0.69140625,0.8125,0.12109375,30
CNhs12847_M,"epididymis, adult | CAGE",0.12109375,BigWig,0.65234375,0.7734375,0.12109375,31
CNhs10743_M,epidermoid carcinoma cell line | CAGE,0.1171875,BigWig,0.58984375,0.70703125,0.1171875,32
CNhs10855_M,"Dendritic Cells - monocyte immature derived, tech  | CA",0.1171875,BigWig,0.6484375,0.765625,0.1171875,33
CNhs10621_M,"heart, adult, pool1 | CAGE",0.1171875,BigWig,0.5703125,0.6875,0.1171875,34
GTEX-139TS-0008-SM-62LDG.1,skin | RNA-seq,-0.1171875,BigWig,0.9921875,0.875,0.1171875,35
CNhs11047_M,embryonic kidney cell line | CAGE,0.11328125,BigWig,0.546875,0.66015625,0.11328125,36
CNhs12855_M,"heart - mitral valve, adult | CAGE",0.11328125,BigWig,0.578125,0.69140625,0.11328125,37
GTEX-1OKEX-0006-SM-DKPQ2.1,blood | RNA-seq,-0.11328125,BigWig,1.0,0.88671875,0.11328125,38
CNhs11252_M,squamous cell carcinoma cell line | CAGE,0.109375,BigWig,0.61328125,0.72265625,0.109375,39
CNhs12324_M,"putamen, adult | CAGE",0.109375,BigWig,0.6875,0.796875,0.109375,40
CNhs13479_M,"Hep-2 cells mock treated, biol  | CAGE",0.10546875,BigWig,0.58984375,0.6953125,0.10546875,41
CNhs11256_M,gall bladder carcinoma cell line | CAGE,0.10546875,BigWig,0.56640625,0.671875,0.10546875,42
CNhs11856_M,pagetoid sarcoma cell line | CAGE,0.10546875,BigWig,0.58203125,0.6875,0.10546875,43
CNhs11972_M,Prostate Epithelial Cells | CAGE,0.10546875,BigWig,0.59375,0.69921875,0.10546875,44
CNhs10640_M,"pons, adult, pool1 | CAGE",0.10546875,BigWig,0.62890625,0.734375,0.10546875,45
CNhs13478_M,"Hep-2 cells treated with Streptococci strain JRS4, biol",0.1015625,BigWig,0.59375,0.6953125,0.1015625,46
CNhs11840_M,bronchioalveolar carcinoma cell line | CAGE,0.1015625,BigWig,0.56640625,0.66796875,0.1015625,47
CNhs11875_M,choriocarcinoma cell line | CAGE,0.1015625,BigWig,0.62890625,0.73046875,0.1015625,48
CNhs11051_M,Adipocyte - breast | CAGE,0.1015625,BigWig,0.53515625,0.63671875,0.1015625,49
CNhs12379_M,amniotic membrane cells | CAGE,0.1015625,BigWig,0.69921875,0.80078125,0.1015625,50
CNhs12810_M,salivary acinar cells | CAGE,0.1015625,BigWig,0.65234375,0.75390625,0.1015625,51
CNhs10649_M,"corpus callosum, adult, pool1 | CAGE",0.1015625,BigWig,0.61328125,0.71484375,0.1015625,52
CNhs12322_P,"locus coeruleus, adult | CAGE",-0.1015625,BigWig,0.609375,0.5078125,0.1015625,53
CNhs10643_M,"occipital pole, adult, pool1 | CAGE",0.1015625,BigWig,0.59765625,0.69921875,0.1015625,54
CNhs12611_M,"olfactory region, adult | CAGE",0.1015625,BigWig,0.65625,0.7578125,0.1015625,55
CNhs10635_M,"trachea, adult, pool1 | CAGE",0.1015625,BigWig,0.64453125,0.74609375,0.1015625,56
ENCSR385SZQ,MCF 10A | DNase-seq,-0.09765625,BigWig,0.75390625,0.65625,0.09765625,57
CNhs11737_M,gastric adenocarcinoma cell line | CAGE,0.09765625,BigWig,0.56640625,0.6640625,0.09765625,58
CNhs11255_M,rectal cancer cell line | CAGE,0.09765625,BigWig,0.5859375,0.68359375,0.09765625,59
CNhs11884_M,teratocarcinoma cell line | CAGE,0.09765625,BigWig,0.56640625,0.6640625,0.09765625,60
CNhs10871_M,Ciliary Epithelial Cells | CAGE,0.09765625,BigWig,0.53125,0.62890625,0.09765625,61
CNhs11084_M,Skeletal muscle cells differentiated into Myotubes - mu,0.09765625,BigWig,0.51953125,0.6171875,0.09765625,62
CNhs12846_M,"ductus deferens, adult | CAGE",0.09765625,BigWig,0.59765625,0.6953125,0.09765625,63
CNhs10647_M,"frontal lobe, adult, pool1 | CAGE",0.09765625,BigWig,0.57421875,0.671875,0.09765625,64
CNhs10625_M,"lung, adult, pool1 | CAGE",0.09765625,BigWig,0.63671875,0.734375,0.09765625,65
CNhs10634_M,"thyroid, adult, pool1 | CAGE",0.09765625,BigWig,0.64453125,0.7421875,0.09765625,66
CNhs10736_M,breast carcinoma cell line | CAGE,0.09375,BigWig,0.5703125,0.6640625,0.09375,67
CNhs11247_M,epithelioid sarcoma cell line | CAGE,0.09375,BigWig,0.54296875,0.63671875,0.09375,68
CNhs10730_M,malignant trichilemmal cyst cell line | CAGE,0.09375,BigWig,0.53125,0.625,0.09375,69
CNhs11243_M,prostate cancer cell line | CAGE,0.09375,BigWig,0.56640625,0.66015625,0.09375,70
CNhs11378_M,Fibroblast - Cardiac | CAGE,0.09375,BigWig,0.53125,0.625,0.09375,71
CNhs13808_M,locus coeruleus - adult | CAGE,0.09375,BigWig,0.6484375,0.7421875,0.09375,72
CNhs12310_M,"medial frontal gyrus, adult | CAGE",0.09375,BigWig,0.625,0.71875,0.09375,73
CNhs12320_M,"occipital cortex, adult | CAGE",0.09375,BigWig,0.609375,0.703125,0.09375,74
CNhs10628_M,"prostate, adult, pool1 | CAGE",0.09375,BigWig,0.57421875,0.66796875,0.09375,75
CNhs11049_M,cord blood derived cell line | CAGE,0.08984375,BigWig,0.51953125,0.609375,0.08984375,76
CNhs12839_M,merkel cell carcinoma cell line | CAGE,0.08984375,BigWig,0.55859375,0.6484375,0.08984375,77
CNhs12000_M,Dendritic Cells - monocyte immature derived | CAGE,0.08984375,BigWig,0.62890625,0.71875,0.08984375,78
CNhs11903_M,"Gingival epithelial cells,  (GEA15) | CAGE",0.08984375,BigWig,0.56640625,0.65625,0.08984375,79
CNhs12346_P,Melanocyte - dark | CAGE,-0.08984375,BigWig,0.59765625,0.5078125,0.08984375,80
CNhs12380_M,chorionic membrane cells | CAGE,0.08984375,BigWig,0.72265625,0.8125,0.08984375,81
CNhs10618_M,"cervix, adult, pool1 | CAGE",0.08984375,BigWig,0.58984375,0.6796875,0.08984375,82
CNhs10645_M,"medulla oblongata, adult, pool1 | CAGE",0.08984375,BigWig,0.6171875,0.70703125,0.08984375,83
CNhs12850_M,"penis, adult | CAGE",0.08984375,BigWig,0.6640625,0.75390625,0.08984375,84
CNhs10637_M,"temporal lobe, adult, pool1 | CAGE",0.08984375,BigWig,0.609375,0.69921875,0.08984375,85
CNhs10634_P,"thyroid, adult, pool1 | CAGE",-0.08984375,BigWig,0.59375,0.50390625,0.08984375,86
GTEX-1LB8K-0005-SM-DIPED.1,blood | RNA-seq,-0.08984375,BigWig,0.99609375,0.90625,0.08984375,87
ENCSR000ELO,psoas muscle | DNase-seq,0.0859375,BigWig,0.7890625,0.875,0.0859375,88
CNhs11930_M,clear cell carcinoma cell line | CAGE,0.0859375,BigWig,0.57421875,0.66015625,0.0859375,89
CNhs11050_M,cord blood derived cell line | CAGE,0.0859375,BigWig,0.5234375,0.609375,0.0859375,90
CNhs12325_M,epitheloid carcinoma cell line | CAGE,0.0859375,BigWig,0.546875,0.6328125,0.0859375,91
CNhs11061_M,"Gingival epithelial cells,  (GEA11) | CAGE",0.0859375,BigWig,0.59765625,0.68359375,0.0859375,92
CNhs10850_M,Mesothelial Cells | CAGE,0.0859375,BigWig,0.5546875,0.640625,0.0859375,93
CNhs11079_P,Placental Epithelial Cells | CAGE,-0.0859375,BigWig,0.59765625,0.51171875,0.0859375,94
CNhs10838_M,Smooth Muscle Cells - Aortic | CAGE,0.0859375,BigWig,0.53515625,0.62109375,0.0859375,95
CNhs12840_M,"cerebral meninges, adult | CAGE",0.0859375,BigWig,0.6484375,0.734375,0.0859375,96
CNhs11757_M,"heart, adult, diseased post-infarction | CAGE",0.0859375,BigWig,0.58984375,0.67578125,0.0859375,97
CNhs12312_M,"hippocampus, adult | CAGE",0.0859375,BigWig,0.61328125,0.69921875,0.0859375,98
CNhs10646_M,"insula, adult, pool1 | CAGE",0.0859375,BigWig,0.57421875,0.66015625,0.0859375,99
CNhs10626_M,"ovary, adult, pool1 | CAGE",0.0859375,BigWig,0.546875,0.6328125,0.0859375,100
CNhs10638_M,"postcentral gyrus, adult, pool1 | CAGE",0.0859375,BigWig,0.60546875,0.69140625,0.0859375,101
CNhs12998_M,"testis, adult, pool2 | CAGE",0.0859375,BigWig,0.62109375,0.70703125,0.0859375,102
ENCSR752EPH,MCF 10A | DNase-seq,-0.08203125,BigWig,0.671875,0.58984375,0.08203125,103
CNhs10738_M,adult T-cell leukemia cell line | CAGE,0.08203125,BigWig,0.5546875,0.63671875,0.08203125,104
CNhs10740_M,choriocarcinoma cell line | CAGE,0.08203125,BigWig,0.59765625,0.6796875,0.08203125,105
CNhs11100_M,ductal cell carcinoma cell line | CAGE,0.08203125,BigWig,0.54296875,0.625,0.08203125,106
CNhs11851_M,liposarcoma cell line | CAGE,0.08203125,BigWig,0.55078125,0.6328125,0.08203125,107
CNhs11849_M,pharyngeal carcinoma cell line | CAGE,0.08203125,BigWig,0.625,0.70703125,0.08203125,108
CNhs11726_M,testicular germ cell embryonal carcinoma cell line | CA,0.08203125,BigWig,0.55078125,0.6328125,0.08203125,109
CNhs11341_M,Amniotic Epithelial Cells | CAGE,0.08203125,BigWig,0.5546875,0.63671875,0.08203125,110
CNhs10864_M,Astrocyte - cerebral cortex | CAGE,0.08203125,BigWig,0.52734375,0.609375,0.08203125,111
CNhs11065_M,Preadipocyte - omental | CAGE,0.08203125,BigWig,0.53125,0.61328125,0.08203125,112
CNhs13972_M,adipose | CAGE,0.08203125,BigWig,0.5546875,0.63671875,0.08203125,113
CNhs12323_M,"cerebellum, adult | CAGE",0.08203125,BigWig,0.58984375,0.671875,0.08203125,114
CNhs12610_M,"diencephalon, adult | CAGE",0.08203125,BigWig,0.71875,0.80078125,0.08203125,115
CNhs11758_M,"heart, adult, diseased | CAGE",0.08203125,BigWig,0.546875,0.62890625,0.08203125,116
ENCSR458LIB,MM.1S | DNase-seq,-0.078125,BigWig,0.8046875,0.7265625,0.078125,117
ENCSR301AEA,bipolar neuron | Histone ChIP-seq | H3K4me1,0.078125,BigWig,0.63671875,0.71484375,0.078125,118
CNhs11875_P,choriocarcinoma cell line | CAGE,-0.078125,BigWig,0.58203125,0.50390625,0.078125,119
CNhs11848_M,leiomyoblastoma cell line | CAGE,0.078125,BigWig,0.55078125,0.62890625,0.078125,120
CNhs11877_M,rhabdomyosarcoma cell line | CAGE,0.078125,BigWig,0.546875,0.625,0.078125,121
CNhs11890_M,teratocarcinoma cell line | CAGE,0.078125,BigWig,0.53125,0.609375,0.078125,122
CNhs11064_M,Keratinocyte - epidermal | CAGE,0.078125,BigWig,0.62890625,0.70703125,0.078125,123
CNhs11079_M,Placental Epithelial Cells | CAGE,0.078125,BigWig,0.5859375,0.6640625,0.078125,124
CNhs10869_M,Skeletal Muscle Satellite Cells | CAGE,0.078125,BigWig,0.515625,0.59375,0.078125,125
CNhs11089_M,Smooth Muscle Cells - Pulmonary Artery | CAGE,0.078125,BigWig,0.55859375,0.63671875,0.078125,126
CNhs12639_M,tenocyte | CAGE,0.078125,BigWig,0.53515625,0.61328125,0.078125,127
CNhs12311_M,"amygdala, adult | CAGE",0.078125,BigWig,0.5859375,0.6640625,0.078125,128
CNhs12321_M,"caudate nucleus, adult | CAGE",0.078125,BigWig,0.6328125,0.7109375,0.078125,129
CNhs10644_M,"nucleus accumbens, adult, pool1 | CAGE",0.078125,BigWig,0.58203125,0.66015625,0.078125,130
CNhs13454_M,skeletal muscle - soleus muscle | CAGE,0.078125,BigWig,0.5390625,0.6171875,0.078125,131
CNhs11768_P,"tongue, fetal | CAGE",-0.078125,BigWig,0.58203125,0.50390625,0.078125,132
ENCSR000ELW,A549 | DNase-seq,-0.07421875,BigWig,0.796875,0.72265625,0.07421875,133
ENCSR000EJN,H1 | DNase-seq,0.07421875,BigWig,0.734375,0.80859375,0.07421875,134
ENCSR719FEJ,KOPT-K1 | Histone ChIP-seq | H3K27ac,-0.07421875,BigWig,0.69921875,0.625,0.07421875,135
ENCSR789VGQ,MCF 10A | DNase-seq,-0.07421875,BigWig,0.69921875,0.625,0.07421875,136
ENCSR236JVK,CD14-positive monocyte | Histone ChIP-seq | H3K9me3,-0.07421875,BigWig,0.78515625,0.7109375,0.07421875,137
CNhs11893_M,adrenal cortex adenocarcinoma cell line | CAGE,0.07421875,BigWig,0.53515625,0.609375,0.07421875,138
CNhs11289_M,cervical cancer cell line | CAGE,0.07421875,BigWig,0.5859375,0.66015625,0.07421875,139
CNhs11865_M,chronic myelogenous leukemia (CML) cell line | CAGE,0.07421875,BigWig,0.54296875,0.6171875,0.07421875,140
CNhs11045_M,cord blood derived cell line | CAGE,0.07421875,BigWig,0.52734375,0.6015625,0.07421875,141
CNhs10728_M,extraskeletal myxoid chondrosarcoma cell line | CAGE,0.07421875,BigWig,0.5390625,0.61328125,0.07421875,142
CNhs10733_M,gall bladder carcinoma cell line | CAGE,0.07421875,BigWig,0.578125,0.65234375,0.07421875,143
CNhs11880_P,keratoacanthoma cell line | CAGE,-0.07421875,BigWig,0.58203125,0.5078125,0.07421875,144
CNhs11263_M,mesothelioma cell line | CAGE,0.07421875,BigWig,0.5625,0.63671875,0.07421875,145
CNhs11264_M,mesothelioma cell line | CAGE,0.07421875,BigWig,0.609375,0.68359375,0.07421875,146
CNhs11873_M,mucinous cystadenocarcinoma cell line | CAGE,0.07421875,BigWig,0.546875,0.62109375,0.07421875,147
CNhs12807_M,plasma cell leukemia cell line | CAGE,0.07421875,BigWig,0.53515625,0.609375,0.07421875,148
CNhs11303_M,Melanocyte - light | CAGE,0.07421875,BigWig,0.61328125,0.6875,0.07421875,149
CNhs10870_M,Myoblast | CAGE,0.07421875,BigWig,0.515625,0.58984375,0.07421875,150
CNhs12338_M,Neurons | CAGE,0.07421875,BigWig,0.578125,0.65234375,0.07421875,151
CNhs11311_M,Osteoblast - differentiated | CAGE,0.07421875,BigWig,0.5703125,0.64453125,0.07421875,152
CNhs12379_P,amniotic membrane cells | CAGE,-0.07421875,BigWig,0.58203125,0.5078125,0.07421875,153
CNhs13437_M,cerebrospinal fluid | CAGE,0.07421875,BigWig,0.62109375,0.6953125,0.07421875,154
CNhs10648_M,"dura mater, adult | CAGE",0.07421875,BigWig,0.546875,0.62109375,0.07421875,155
CNhs10620_M,"esophagus, adult, pool1 | CAGE",0.07421875,BigWig,0.71484375,0.7890625,0.07421875,156
CNhs14081_M,"hippocampus, newborn | CAGE",0.07421875,BigWig,0.54296875,0.6171875,0.07421875,157
CNhs10622_P,"kidney, adult, pool1 | CAGE",-0.07421875,BigWig,0.578125,0.50390625,0.07421875,158
CNhs10636_M,"retina, adult, pool1 | CAGE",0.07421875,BigWig,0.6484375,0.72265625,0.07421875,159
CNhs10629_M,"skeletal muscle, adult, pool1 | CAGE",0.07421875,BigWig,0.54296875,0.6171875,0.07421875,160
CNhs10631_M,"spleen, adult, pool1 | CAGE",0.07421875,BigWig,0.5546875,0.62890625,0.07421875,161
CNhs11772_M,"temporal lobe, fetal, tech  | CAGE",0.07421875,BigWig,0.54296875,0.6171875,0.07421875,162
CNhs13460_M,tongue epidermis (fungiform papillae) | CAGE,0.07421875,BigWig,0.578125,0.65234375,0.07421875,163
GTEX-14PJ6-0926-SM-686ZA.1,pancreas | RNA-seq,-0.07421875,BigWig,1.0,0.92578125,0.07421875,164
ENCSR630IBN,KOPT-K1 | Histone ChIP-seq | H3K4me1,-0.0703125,BigWig,0.65625,0.5859375,0.0703125,165
ENCSR000EJU,hepatocyte | DNase-seq,0.0703125,BigWig,0.8359375,0.90625,0.0703125,166
ENCSR642HHF,adrenal gland | Histone ChIP-seq | H3K27ac,-0.0703125,BigWig,0.80859375,0.73828125,0.0703125,167
CNhs11841_M,bronchogenic carcinoma cell line | CAGE,0.0703125,BigWig,0.59765625,0.66796875,0.0703125,168
CNhs11289_P,cervical cancer cell line | CAGE,-0.0703125,BigWig,0.578125,0.5078125,0.0703125,169
CNhs11266_M,endometrial carcinoma cell line | CAGE,0.0703125,BigWig,0.61328125,0.68359375,0.0703125,170
CNhs11843_M,hairy cell leukemia cell line | CAGE,0.0703125,BigWig,0.546875,0.6171875,0.0703125,171
CNhs11861_M,medulloblastoma cell line | CAGE,0.0703125,BigWig,0.53515625,0.60546875,0.0703125,172
CNhs10752_M,oral squamous cell carcinoma cell line | CAGE,0.0703125,BigWig,0.56640625,0.63671875,0.0703125,173
CNhs11717_M,oral squamous cell carcinoma cell line | CAGE,0.0703125,BigWig,0.55859375,0.62890625,0.0703125,174
CNhs11832_M,pancreatic carcinoma cell line | CAGE,0.0703125,BigWig,0.60546875,0.67578125,0.0703125,175
CNhs12808_M,small cell lung carcinoma cell line | CAGE,0.0703125,BigWig,0.5390625,0.609375,0.0703125,176
CNhs12809_M,small cell lung carcinoma cell line | CAGE,0.0703125,BigWig,0.53515625,0.60546875,0.0703125,177
CNhs11749_M,squamous cell carcinoma cell line | CAGE,0.0703125,BigWig,0.578125,0.6484375,0.0703125,178
CNhs11273_M,squamous cell lung carcinoma cell line | CAGE,0.0703125,BigWig,0.53515625,0.60546875,0.0703125,179
CNhs11872_M,thyroid carcinoma cell line | CAGE,0.0703125,BigWig,0.53515625,0.60546875,0.0703125,180
CNhs10872_M,Endothelial Cells - Umbilical vein | CAGE,0.0703125,BigWig,0.5234375,0.59375,0.0703125,181
CNhs11377_M,Endothelial Cells - Vein | CAGE,0.0703125,BigWig,0.53125,0.6015625,0.0703125,182
CNhs12346_M,Melanocyte - dark | CAGE,0.0703125,BigWig,0.5625,0.6328125,0.0703125,183
CNhs11334_M,Urothelial Cells | CAGE,0.0703125,BigWig,0.5703125,0.640625,0.0703125,184
CNhs12380_P,chorionic membrane cells | CAGE,-0.0703125,BigWig,0.578125,0.5078125,0.0703125,185
CNhs12574_M,nasal epithelial cells | CAGE,0.0703125,BigWig,0.6015625,0.671875,0.0703125,186
CNhs10608_M,"Clontech Human Universal Reference Total RNA, pool1 | C",0.0703125,BigWig,0.640625,0.7109375,0.0703125,187
CNhs10612_P,"Universal RNA - Human Normal Tissues Biochain, pool1 |",-0.0703125,BigWig,0.57421875,0.50390625,0.0703125,188
CNhs12856_M,"heart - pulmonic valve, adult | CAGE",0.0703125,BigWig,0.578125,0.6484375,0.0703125,189
CNhs14069_M,"medial frontal gyrus, newborn | CAGE",0.0703125,BigWig,0.55859375,0.62890625,0.0703125,190
CNhs14070_M,"medial temporal gyrus, newborn | CAGE",0.0703125,BigWig,0.54296875,0.61328125,0.0703125,191
CNhs14073_M,"occipital cortex, newborn | CAGE",0.0703125,BigWig,0.5390625,0.609375,0.0703125,192
CNhs10642_M,"paracentral gyrus, adult, pool1 | CAGE",0.0703125,BigWig,0.58203125,0.65234375,0.0703125,193
CNhs10641_M,"parietal lobe, adult, pool1 | CAGE",0.0703125,BigWig,0.578125,0.6484375,0.0703125,194
CNhs14074_M,"parietal lobe, newborn | CAGE",0.0703125,BigWig,0.5546875,0.625,0.0703125,195
CNhs10636_P,"retina, adult, pool1 | CAGE",-0.0703125,BigWig,0.578125,0.5078125,0.0703125,196
CNhs10635_P,"trachea, adult, pool1 | CAGE",-0.0703125,BigWig,0.57421875,0.50390625,0.0703125,197
ENCSR814TSD,neuron | Histone ChIP-seq | H3K4me1,0.06640625,BigWig,0.69140625,0.7578125,0.06640625,198
ENCSR452DCM,CD14-positive monocyte | DNase-seq,-0.06640625,BigWig,0.84765625,0.78125,0.06640625,199
ENCSR479YCJ,thymus | Histone ChIP-seq | H3K4me1,-0.06640625,BigWig,0.828125,0.76171875,0.06640625,200
CNhs10742_M,astrocytoma cell line | CAGE,0.06640625,BigWig,0.56640625,0.6328125,0.06640625,201
CNhs11834_M,carcinoid cell line | CAGE,0.06640625,BigWig,0.54296875,0.609375,0.06640625,202
CNhs11748_M,endometrioid adenocarcinoma cell line | CAGE,0.06640625,BigWig,0.56640625,0.6328125,0.06640625,203
CNhs11819_M,gastric adenocarcinoma cell line | CAGE,0.06640625,BigWig,0.55078125,0.6171875,0.06640625,204
CNhs11185_M,glioblastoma cell line | CAGE,0.06640625,BigWig,0.53125,0.59765625,0.06640625,205
CNhs12806_M,large cell lung carcinoma cell line | CAGE,0.06640625,BigWig,0.58984375,0.65625,0.06640625,206
CNhs10732_M,maxillary sinus tumor cell line | CAGE,0.06640625,BigWig,0.54296875,0.609375,0.06640625,207
CNhs13069_M,mesothelioma cell line | CAGE,0.06640625,BigWig,0.53125,0.59765625,0.06640625,208
CNhs11858_M,"mycosis fungoides, T cell lymphoma cell line | CAGE",0.06640625,BigWig,0.53125,0.59765625,0.06640625,209
CNhs11753_M,neuroectodermal tumor cell line | CAGE,0.06640625,BigWig,0.52734375,0.59375,0.06640625,210
CNhs11746_M,serous adenocarcinoma cell line | CAGE,0.06640625,BigWig,0.578125,0.64453125,0.06640625,211
CNhs12351_M,testicular germ cell embryonal carcinoma cell line | CA,0.06640625,BigWig,0.53515625,0.6015625,0.06640625,212
CNhs10735_M,transitional-cell carcinoma cell line | CAGE,0.06640625,BigWig,0.53515625,0.6015625,0.06640625,213
CNhs10837_M,Endothelial Cells - Aortic | CAGE,0.06640625,BigWig,0.54296875,0.609375,0.06640625,214
CNhs11064_P,Keratinocyte - epidermal | CAGE,-0.06640625,BigWig,0.578125,0.51171875,0.06640625,215
CNhs10879_M,Keratinocyte - oral | CAGE,0.06640625,BigWig,0.5546875,0.62109375,0.06640625,216
CNhs12074_M,Renal Glomerular Endothelial Cells | CAGE,0.06640625,BigWig,0.5390625,0.60546875,0.06640625,217
CNhs11329_M,Smooth Muscle Cells - Tracheal | CAGE,0.06640625,BigWig,0.53515625,0.6015625,0.06640625,218
CNhs11068_P,Synoviocyte | CAGE,-0.06640625,BigWig,0.5859375,0.51953125,0.06640625,219
CNhs10608_P,"Clontech Human Universal Reference Total RNA, pool1 | C",-0.06640625,BigWig,0.58203125,0.515625,0.06640625,220
CNhs10619_M,"colon, adult, pool1 | CAGE",0.06640625,BigWig,0.57421875,0.640625,0.06640625,221
CNhs11757_P,"heart, adult, diseased post-infarction | CAGE",-0.06640625,BigWig,0.5703125,0.50390625,0.06640625,222
CNhs10622_M,"kidney, adult, pool1 | CAGE",0.06640625,BigWig,0.6953125,0.76171875,0.06640625,223
CNhs12316_M,"medial temporal gyrus, adult | CAGE",0.06640625,BigWig,0.56640625,0.6328125,0.06640625,224
CNhs12317_M,"parietal lobe, adult | CAGE",0.06640625,BigWig,0.578125,0.64453125,0.06640625,225
CNhs12858_M,"throat, adult | CAGE",0.06640625,BigWig,0.6171875,0.68359375,0.06640625,226
ENCSR000EMR,GM12864 | DNase-seq,-0.0625,BigWig,0.8359375,0.7734375,0.0625,227
ENCSR489NAM,OCI-LY7 | DNase-seq,-0.0625,BigWig,0.75390625,0.69140625,0.0625,228
ENCSR674JIL,CD14-positive monocyte | DNase-seq,-0.0625,BigWig,0.82421875,0.76171875,0.0625,229
ENCSR268JEO,"common myeloid progenitor, CD34-positive | Histone ChIP",-0.0625,BigWig,0.87890625,0.81640625,0.0625,230
ENCSR551QXE,substantia nigra | Histone ChIP-seq | H3K4me3,-0.0625,BigWig,0.92578125,0.86328125,0.0625,231
CNhs13051_M,acute myeloid leukemia (FAB M5) cell line | CAGE,0.0625,BigWig,0.5390625,0.6015625,0.0625,232
CNhs13059_M,acute myeloid leukemia (FAB M6) cell line | CAGE,0.0625,BigWig,0.53125,0.59375,0.0625,233
CNhs11862_M,bronchial squamous cell carcinoma cell line | CAGE,0.0625,BigWig,0.58203125,0.64453125,0.0625,234
CNhs11260_M,prostate cancer cell line | CAGE,0.0625,BigWig,0.5390625,0.6015625,0.0625,235
CNhs11327_P,Bronchial Epithelial Cell | CAGE,-0.0625,BigWig,0.5703125,0.5078125,0.0625,236
CNhs13470_M,CD14+ monocytes - treated with lipopolysaccharide | CAG,0.0625,BigWig,0.56640625,0.62890625,0.0625,237
CNhs10861_M,Macrophage - monocyte derived | CAGE,0.0625,BigWig,0.6015625,0.6640625,0.0625,238
CNhs11331_M,Renal Cortical Epithelial Cells | CAGE,0.0625,BigWig,0.55859375,0.62109375,0.0625,239
CNhs11083_M,Skeletal Muscle Cells | CAGE,0.0625,BigWig,0.5234375,0.5859375,0.0625,240
CNhs12595_M,Smooth Muscle Cells - Intestinal | CAGE,0.0625,BigWig,0.5625,0.625,0.0625,241
CNhs12554_M,"nasal epithelial cells, tech  | CAGE",0.0625,BigWig,0.578125,0.640625,0.0625,242
CNhs10615_M,"adipose tissue, adult, pool1 | CAGE",0.0625,BigWig,0.55859375,0.62109375,0.0625,243
CNhs12842_M,"appendix, adult | CAGE",0.0625,BigWig,0.5390625,0.6015625,0.0625,244
CNhs13442_M,eye - muscle lateral | CAGE,0.0625,BigWig,0.5625,0.625,0.0625,245
CNhs14079_M,"medulla oblongata, newborn | CAGE",0.0625,BigWig,0.58203125,0.64453125,0.0625,246
CNhs11769_M,"thyroid, fetal | CAGE",0.0625,BigWig,0.63671875,0.69921875,0.0625,247
ENCSR000EJA,H54 | DNase-seq,0.05859375,BigWig,0.73828125,0.796875,0.05859375,248
ENCSR000APV,HepG2 | Histone ChIP-seq | H3K4me1,0.05859375,BigWig,0.59375,0.65234375,0.05859375,249
ENCSR000EPK,CD14-positive monocyte | DNase-seq,-0.05859375,BigWig,0.828125,0.76953125,0.05859375,250
ENCSR164ROX,"common myeloid progenitor, CD34-positive | Histone ChIP",-0.05859375,BigWig,0.83203125,0.7734375,0.05859375,251
ENCSR146JFX,skeletal muscle tissue | Histone ChIP-seq | H3K4me1,-0.05859375,BigWig,0.7578125,0.69921875,0.05859375,252
ENCSR668NXG,skeletal muscle tissue | Histone ChIP-seq | H3K4me1,-0.05859375,BigWig,0.84375,0.78515625,0.05859375,253
CNhs11882_M,adenocarcinoma cell line | CAGE,0.05859375,BigWig,0.58203125,0.640625,0.05859375,254
CNhs11838_M,alveolar cell carcinoma cell line | CAGE,0.05859375,BigWig,0.546875,0.60546875,0.05859375,255
CNhs11881_M,anaplastic large cell lymphoma cell line | CAGE,0.05859375,BigWig,0.5703125,0.62890625,0.05859375,256
CNhs10748_M,epidermoid carcinoma cell line | CAGE,0.05859375,BigWig,0.52734375,0.5859375,0.05859375,257
CNhs11842_M,fibrous histiocytoma cell line | CAGE,0.05859375,BigWig,0.52734375,0.5859375,0.05859375,258
CNhs11825_M,large cell non-keratinizing squamous carcinoma cell lin,0.05859375,BigWig,0.5546875,0.61328125,0.05859375,259
CNhs13066_M,mesothelioma cell line | CAGE,0.05859375,BigWig,0.53125,0.58984375,0.05859375,260
CNhs13067_M,mesothelioma cell line | CAGE,0.05859375,BigWig,0.53125,0.58984375,0.05859375,261
CNhs11284_M,neuroblastoma cell line | CAGE,0.05859375,BigWig,0.53125,0.58984375,0.05859375,262
CNhs11849_P,pharyngeal carcinoma cell line | CAGE,-0.05859375,BigWig,0.5625,0.50390625,0.05859375,263
CNhs10753_M,signet ring carcinoma cell line | CAGE,0.05859375,BigWig,0.5625,0.62109375,0.05859375,264
CNhs11885_M,small cell cervical cancer cell line | CAGE,0.05859375,BigWig,0.55859375,0.6171875,0.05859375,265
CNhs11734_M,small-cell gastrointestinal carcinoma cell line | CAGE,0.05859375,BigWig,0.60546875,0.6640625,0.05859375,266
CNhs13472_M,CD14+ monocytes - treated with Cryptococcus | CAGE,0.05859375,BigWig,0.53515625,0.59375,0.05859375,267
CNhs11896_M,"Gingival epithelial cells,  (GEA14) | CAGE",0.05859375,BigWig,0.59765625,0.65625,0.05859375,268
CNhs11077_P,Mammary Epithelial Cell | CAGE,-0.05859375,BigWig,0.5703125,0.51171875,0.05859375,269
CNhs10842_M,Retinal Pigment Epithelial Cells | CAGE,0.05859375,BigWig,0.57421875,0.6328125,0.05859375,270
CNhs11088_M,Smooth Muscle Cells - Coronary Artery | CAGE,0.05859375,BigWig,0.53515625,0.59375,0.05859375,271
CNhs10610_P,"SABiosciences XpressRef Human Universal Total RNA, pool",-0.05859375,BigWig,0.5625,0.50390625,0.05859375,272
CNhs13464_M,Urethra | CAGE,0.05859375,BigWig,0.5625,0.62109375,0.05859375,273
CNhs11760_M,"aorta, adult, pool1 | CAGE",0.05859375,BigWig,0.5703125,0.62890625,0.05859375,274
CNhs11795_P,"cerebellum, adult, pool1 | CAGE",-0.05859375,BigWig,0.5625,0.50390625,0.05859375,275
CNhs10620_P,"esophagus, adult, pool1 | CAGE",-0.05859375,BigWig,0.5625,0.50390625,0.05859375,276
CNhs11762_M,"eye, fetal | CAGE",0.05859375,BigWig,0.66015625,0.71875,0.05859375,277
CNhs12848_M,"gall bladder, adult | CAGE",0.05859375,BigWig,0.5625,0.62109375,0.05859375,278
CNhs12315_M,"medulla oblongata, adult | CAGE",0.05859375,BigWig,0.64453125,0.703125,0.05859375,279
CNhs13804_M,pineal gland - adult | CAGE,0.05859375,BigWig,0.6015625,0.66015625,0.05859375,280
CNhs10630_M,"small intestine, adult, pool1 | CAGE",0.05859375,BigWig,0.5625,0.62109375,0.05859375,281
CNhs11764_M,"spinal cord, fetal | CAGE",0.05859375,BigWig,0.62890625,0.6875,0.05859375,282
CNhs14084_M,"thalamus, newborn | CAGE",0.05859375,BigWig,0.57421875,0.6328125,0.05859375,283
CNhs11766_P,"trachea, fetal | CAGE",-0.05859375,BigWig,0.55859375,0.5,0.05859375,284
splice_donor,splice donor,0.056640625,BED,0.1318359375,0.1884765625,0.056640625,285
ENCSR257BGZ,ACHN | DNase-seq,-0.0546875,BigWig,0.6953125,0.640625,0.0546875,286
ENCSR000EMN,CMK | DNase-seq,0.0546875,BigWig,0.59765625,0.65234375,0.0546875,287
ENCSR496DCY,H1 | Histone ChIP-seq | H3K36me3,0.0546875,BigWig,0.67578125,0.73046875,0.0546875,288
ENCSR959ZXU,HeLa-S3 | DNase-seq,-0.0546875,BigWig,0.69921875,0.64453125,0.0546875,289
ENCSR477RTP,IMR-90 | DNase-seq,-0.0546875,BigWig,0.7265625,0.671875,0.0546875,290
ENCSR265TEK,NCI-H226 | DNase-seq,-0.0546875,BigWig,0.6953125,0.640625,0.0546875,291
ENCSR835MMN,SK-N-MC | Histone ChIP-seq | H3K27ac,0.0546875,BigWig,0.57421875,0.62890625,0.0546875,292
ENCSR440QMR,iPS DF 19.7 | DNase-seq,-0.0546875,BigWig,0.83203125,0.77734375,0.0546875,293
ENCSR014FPY,iPS DF 4.7 | DNase-seq,-0.0546875,BigWig,0.7734375,0.71875,0.0546875,294
ENCSR162VXO,adipocyte | Histone ChIP-seq | H3K9ac,0.0546875,BigWig,0.6328125,0.6875,0.0546875,295
ENCSR000ASK,CD14-positive monocyte | Histone ChIP-seq | H3K27me3,0.0546875,BigWig,0.6640625,0.71875,0.0546875,296
ENCSR060YIB,"common myeloid progenitor, CD34-positive | Histone ChIP",-0.0546875,BigWig,0.83203125,0.77734375,0.0546875,297
ENCSR920YBY,"common myeloid progenitor, CD34-positive | Histone ChIP",-0.0546875,BigWig,0.796875,0.7421875,0.0546875,298
ENCSR649KBB,brain | DNase-seq,0.0546875,BigWig,0.64453125,0.69921875,0.0546875,299
ENCSR791ISZ,psoas muscle | Histone ChIP-seq | H3K27ac,-0.0546875,BigWig,0.71875,0.6640625,0.0546875,300
ENCSR329FXI,skeletal muscle tissue | Histone ChIP-seq | H3K27ac,-0.0546875,BigWig,0.6953125,0.640625,0.0546875,301
CNhs13477_P,"Hep-2 cells treated with Streptococci strain 5448, biol",-0.0546875,BigWig,0.55859375,0.50390625,0.0546875,302
CNhs11822_M,Krukenberg tumor cell line | CAGE,0.0546875,BigWig,0.53515625,0.58984375,0.0546875,303
CNhs10746_M,acute lymphoblastic leukemia (T-ALL) cell line | CAGE,0.0546875,BigWig,0.51953125,0.57421875,0.0546875,304
CNhs13049_M,acute myeloid leukemia (FAB M7) cell line | CAGE,0.0546875,BigWig,0.5234375,0.578125,0.0546875,305
CNhs11250_M,chronic myelogenous leukemia cell line | CAGE,0.0546875,BigWig,0.5234375,0.578125,0.0546875,306
CNhs11859_M,"leukemia, chronic megakaryoblastic cell line | CAGE",0.0546875,BigWig,0.52734375,0.58203125,0.0546875,307
CNhs11852_M,lymphangiectasia cell line | CAGE,0.0546875,BigWig,0.56640625,0.62109375,0.0546875,308
CNhs11945_M,meningioma cell line | CAGE,0.0546875,BigWig,0.5390625,0.59375,0.0546875,309
CNhs13075_M,mesothelioma cell line | CAGE,0.0546875,BigWig,0.546875,0.6015625,0.0546875,310
CNhs10734_M,papillotubular adenocarcinoma cell line | CAGE,0.0546875,BigWig,0.55078125,0.60546875,0.0546875,311
CNhs11829_M,sacrococcigeal teratoma cell line | CAGE,0.0546875,BigWig,0.5234375,0.578125,0.0546875,312
CNhs11857_M,spindle cell sarcoma cell line | CAGE,0.0546875,BigWig,0.51953125,0.57421875,0.0546875,313
CNhs11739_M,squamous cell carcinoma cell line | CAGE,0.0546875,BigWig,0.546875,0.6015625,0.0546875,314
CNhs13466_M,CD14+ monocytes - treated with IFN + N-hexane | CAGE,0.0546875,BigWig,0.54296875,0.59765625,0.0546875,315
CNhs13467_M,CD14+ monocytes - treated with Trehalose dimycolate (TD,0.0546875,BigWig,0.54296875,0.59765625,0.0546875,316
CNhs11319_M,Fibroblast - Choroid Plexus | CAGE,0.0546875,BigWig,0.53125,0.5859375,0.0546875,317
CNhs14129_M,"Fibroblast - Gingival,  (control) | CAGE",0.0546875,BigWig,0.515625,0.5703125,0.0546875,318
CNhs11061_P,"Gingival epithelial cells,  (GEA11) | CAGE",-0.0546875,BigWig,0.5625,0.5078125,0.0546875,319
CNhs11078_M,Osteoblast | CAGE,0.0546875,BigWig,0.55078125,0.60546875,0.0546875,320
CNhs11052_M,Preadipocyte - breast | CAGE,0.0546875,BigWig,0.51953125,0.57421875,0.0546875,321
CNhs11082_M,Preadipocyte - visceral | CAGE,0.0546875,BigWig,0.53125,0.5859375,0.0546875,322
CNhs11330_M,Renal Proximal Tubular Epithelial Cell | CAGE,0.0546875,BigWig,0.54296875,0.59765625,0.0546875,323
CNhs13535_M,migratory langerhans cells | CAGE,0.0546875,BigWig,0.6015625,0.65625,0.0546875,324
CNhs14078_M,"amygdala, newborn | CAGE",0.0546875,BigWig,0.5390625,0.59375,0.0546875,325
CNhs12610_P,"diencephalon, adult | CAGE",-0.0546875,BigWig,0.5546875,0.5,0.0546875,326
CNhs10653_M,"heart, fetal, pool1 | CAGE",0.0546875,BigWig,0.51953125,0.57421875,0.0546875,327
CNhs12322_M,"locus coeruleus, adult | CAGE",0.0546875,BigWig,0.734375,0.7890625,0.0546875,328
CNhs14080_M,"locus coeruleus, newborn | CAGE",0.0546875,BigWig,0.56640625,0.62109375,0.0546875,329
CNhs11784_M,"occipital lobe, fetal | CAGE",0.0546875,BigWig,0.5234375,0.578125,0.0546875,330
CNhs11755_M,"smooth muscle, adult, pool1 | CAGE",0.0546875,BigWig,0.52734375,0.58203125,0.0546875,331
CNhs14077_M,"spinal cord, newborn | CAGE",0.0546875,BigWig,0.60546875,0.66015625,0.0546875,332
CNhs10637_P,"temporal lobe, adult, pool1 | CAGE",-0.0546875,BigWig,0.55859375,0.50390625,0.0546875,333
CNhs12314_M,"thalamus, adult | CAGE",0.0546875,BigWig,0.6953125,0.75,0.0546875,334
CNhs12844_M,"vein, adult | CAGE",0.0546875,BigWig,0.5703125,0.625,0.0546875,335
GTEX-11I78-0626-SM-5A5LZ.1,pancreas | RNA-seq,-0.0546875,BigWig,1.0,0.9453125,0.0546875,336
lncRNA,lncRNA,0.0517578125,BED,0.1513671875,0.203125,0.0517578125,337
enhancer_Tissue_invariant,enhancer Tissue invariant,0.05126953125,BED,0.09814453125,0.1494140625,0.05126953125,338
ENCSR714TJD,A673 | Histone ChIP-seq | H3K27ac,0.05078125,BigWig,0.65234375,0.703125,0.05078125,339
ENCSR000EME,BJ | DNase-seq,-0.05078125,BigWig,0.65234375,0.6015625,0.05078125,340
ENCSR000AQW,DND-41 | Histone ChIP-seq | H3K27ac,-0.05078125,BigWig,0.796875,0.74609375,0.05078125,341
ENCSR000AQY,DND-41 | Histone ChIP-seq | H3K4me1,-0.05078125,BigWig,0.6015625,0.55078125,0.05078125,342
ENCSR240TPI,ELR | DNase-seq,-0.05078125,BigWig,0.62109375,0.5703125,0.05078125,343
ENCSR000DQT,GM06990 | Histone ChIP-seq | H3K36me3,-0.05078125,BigWig,0.87109375,0.8203125,0.05078125,344
ENCSR879WTY,KOPT-K1 | Histone ChIP-seq | H3K36me3,-0.05078125,BigWig,0.62890625,0.578125,0.05078125,345
ENCSR581YZL,iPS-15b | Histone ChIP-seq | H3K27me3,-0.05078125,BigWig,0.796875,0.74609375,0.05078125,346
ENCSR401CJA,"common myeloid progenitor, CD34-positive | Histone ChIP",0.05078125,BigWig,0.6875,0.73828125,0.05078125,347
ENCSR000EKF,endothelial cell of umbilical vein | DNase-seq,0.05078125,BigWig,0.7890625,0.83984375,0.05078125,348
ENCSR309FOO,brain | DNase-seq,0.05078125,BigWig,0.62890625,0.6796875,0.05078125,349
ENCSR085FXN,heart | Histone ChIP-seq | H3K9ac,0.05078125,BigWig,0.75,0.80078125,0.05078125,350
ENCSR512CWR,umbilical cord | DNase-seq,-0.05078125,BigWig,0.73828125,0.6875,0.05078125,351
CNhs13060_M,acute myeloid leukemia (FAB M6) cell line | CAGE,0.05078125,BigWig,0.515625,0.56640625,0.05078125,352
CNhs11862_P,bronchial squamous cell carcinoma cell line | CAGE,-0.05078125,BigWig,0.55859375,0.5078125,0.05078125,353
CNhs11283_M,cholangiocellular carcinoma cell line | CAGE,0.05078125,BigWig,0.53515625,0.5859375,0.05078125,354
CNhs11046_M,embryonic kidney cell line | CAGE,0.05078125,BigWig,0.5234375,0.57421875,0.05078125,355
CNhs11738_M,gastrointestinal carcinoma cell line | CAGE,0.05078125,BigWig,0.546875,0.59765625,0.05078125,356
CNhs11870_M,liposarcoma cell line | CAGE,0.05078125,BigWig,0.51953125,0.5703125,0.05078125,357
CNhs12805_M,medulloblastoma cell line | CAGE,0.05078125,BigWig,0.5390625,0.58984375,0.05078125,358
CNhs13068_M,mesothelioma cell line | CAGE,0.05078125,BigWig,0.52734375,0.578125,0.05078125,359
CNhs11818_M,neuroblastoma cell line | CAGE,0.05078125,BigWig,0.53515625,0.5859375,0.05078125,360
CNhs11810_M,oral squamous cell carcinoma cell line | CAGE,0.05078125,BigWig,0.5390625,0.58984375,0.05078125,361
CNhs11716_M,papillary adenocarcinoma cell line | CAGE,0.05078125,BigWig,0.52734375,0.578125,0.05078125,362
CNhs11933_M,pleomorphic hepatocellular carcinoma cell line | CAGE,0.05078125,BigWig,0.55859375,0.609375,0.05078125,363
CNhs11267_M,retinoblastoma cell line | CAGE,0.05078125,BigWig,0.53515625,0.5859375,0.05078125,364
CNhs11269_M,rhabdomyosarcoma cell line | CAGE,0.05078125,BigWig,0.52734375,0.578125,0.05078125,365
CNhs10858_M,CD14+ monocyte derived endothelial progenitor cells | C,0.05078125,BigWig,0.6171875,0.66796875,0.05078125,366
CNhs13468_M,CD14+ monocytes - mock treated | CAGE,0.05078125,BigWig,0.53125,0.58203125,0.05078125,367
CNhs13474_M,CD14+ monocytes - treated with B-glucan | CAGE,0.05078125,BigWig,0.53125,0.58203125,0.05078125,368
CNhs10874_M,Fibroblast - Aortic Adventitial | CAGE,0.05078125,BigWig,0.51953125,0.5703125,0.05078125,369
CNhs11379_M,Fibroblast - Dermal | CAGE,0.05078125,BigWig,0.54296875,0.59375,0.05078125,370
CNhs10867_M,Fibroblast - Periodontal Ligament | CAGE,0.05078125,BigWig,0.515625,0.56640625,0.05078125,371
CNhs13550_M,Mallassez-derived cells | CAGE,0.05078125,BigWig,0.58203125,0.6328125,0.05078125,372
CNhs10881_M,Nucleus Pulposus Cell | CAGE,0.05078125,BigWig,0.515625,0.56640625,0.05078125,373
CNhs11067_M,Smooth Muscle Cells - Internal Thoracic Artery | CAGE,0.05078125,BigWig,0.54296875,0.59375,0.05078125,374
CNhs11068_M,Synoviocyte | CAGE,0.05078125,BigWig,0.5703125,0.62109375,0.05078125,375
CNhs11092_M,Tracheal Epithelial Cells | CAGE,0.05078125,BigWig,0.58984375,0.640625,0.05078125,376
CNhs10843_M,Urothelial cells | CAGE,0.05078125,BigWig,0.53125,0.58203125,0.05078125,377
CNhs12558_M,mature adipocyte | CAGE,0.05078125,BigWig,0.546875,0.59765625,0.05078125,378
CNhs12372_M,mesenchymal precursor cell - ovarian cancer left ovary,0.05078125,BigWig,0.51953125,0.5703125,0.05078125,379
CNhs13439_P,cruciate ligament | CAGE,-0.05078125,BigWig,0.5703125,0.51953125,0.05078125,380
CNhs13439_M,cruciate ligament | CAGE,0.05078125,BigWig,0.5859375,0.63671875,0.05078125,381
CNhs13444_M,eye - muscle inferior rectus | CAGE,0.05078125,BigWig,0.546875,0.59765625,0.05078125,382
CNhs12857_M,"heart - tricuspid valve, adult | CAGE",0.05078125,BigWig,0.5625,0.61328125,0.05078125,383
CNhs11787_M,"occipital lobe, adult | CAGE",0.05078125,BigWig,0.68359375,0.734375,0.05078125,384
CNhs12849_M,"parotid gland, adult | CAGE",0.05078125,BigWig,0.58203125,0.6328125,0.05078125,385
CNhs12228_M,"pineal gland, adult | CAGE",0.05078125,BigWig,0.640625,0.69140625,0.05078125,386
CNhs10627_P,"placenta, adult, pool1 | CAGE",-0.05078125,BigWig,0.5546875,0.50390625,0.05078125,387
CNhs10638_P,"postcentral gyrus, adult, pool1 | CAGE",-0.05078125,BigWig,0.5546875,0.50390625,0.05078125,388
CNhs10651_M,"spleen, fetal, pool1 | CAGE",0.05078125,BigWig,0.5546875,0.60546875,0.05078125,389
CNhs12853_M,"tongue, adult | CAGE",0.05078125,BigWig,0.6484375,0.69921875,0.05078125,390
CNhs10654_P,"tonsil, adult, pool1 | CAGE",-0.05078125,BigWig,0.55078125,0.5,0.05078125,391
CNhs10654_M,"tonsil, adult, pool1 | CAGE",0.05078125,BigWig,0.578125,0.62890625,0.05078125,392
CNhs11763_M,"uterus, fetal | CAGE",0.05078125,BigWig,0.58984375,0.640625,0.05078125,393
GTEX-1H1CY-2726-SM-9MQLR.1,muscle | RNA-seq,-0.05078125,BigWig,1.0,0.94921875,0.05078125,394
ENCSR000AQX,DND-41 | Histone ChIP-seq | H3K36me3,-0.046875,BigWig,0.6796875,0.6328125,0.046875,395
ENCSR000DRW,GM12878 | Histone ChIP-seq | H3K36me3,-0.046875,BigWig,0.88671875,0.83984375,0.046875,396
ENCSR809CEA,H4 | DNase-seq,-0.046875,BigWig,0.8359375,0.7890625,0.046875,397
ENCSR337IRF,RCC | DNase-seq,-0.046875,BigWig,0.65625,0.609375,0.046875,398
ENCSR594NOE,RPMI8226 | DNase-seq,-0.046875,BigWig,0.8046875,0.7578125,0.046875,399
ENCSR695AUY,CD14-positive monocyte | DNase-seq,-0.046875,BigWig,0.87109375,0.82421875,0.046875,400
ENCSR851DHU,"CD8-positive, alpha-beta T cell | Histone ChIP-seq | H3",0.046875,BigWig,0.73828125,0.78515625,0.046875,401
ENCSR000EIL,chorion | DNase-seq,0.046875,BigWig,0.90625,0.953125,0.046875,402
CNhs13479_P,"Hep-2 cells mock treated, biol  | CAGE",-0.046875,BigWig,0.55078125,0.50390625,0.046875,403
CNhs11728_M,Wilms' tumor cell line | CAGE,0.046875,BigWig,0.53125,0.578125,0.046875,404
CNhs13057_M,acute myeloid leukemia (FAB M4eo) cell line | CAGE,0.046875,BigWig,0.5234375,0.5703125,0.046875,405
CNhs13505_M,acute myeloid leukemia (FAB M6) cell line | CAGE,0.046875,BigWig,0.5390625,0.5859375,0.046875,406
CNhs11932_M,basal cell carcinoma cell line | CAGE,0.046875,BigWig,0.5234375,0.5703125,0.046875,407
CNhs14138_M,bronchioalveolar carcinoma cell line | CAGE,0.046875,BigWig,0.5234375,0.5703125,0.046875,408
CNhs11732_M,embryonic pancreas cell line | CAGE,0.046875,BigWig,0.55078125,0.59765625,0.046875,409
CNhs14239_M,epithelioid sarcoma cell line | CAGE,0.046875,BigWig,0.515625,0.5625,0.046875,410
CNhs11860_M,fibrosarcoma cell line | CAGE,0.046875,BigWig,0.53515625,0.58203125,0.046875,411
CNhs11752_P,mucinous adenocarcinoma cell line | CAGE,-0.046875,BigWig,0.55078125,0.50390625,0.046875,412
CNhs11894_M,normal embryonic palatal mesenchymal cell line | CAGE,0.046875,BigWig,0.515625,0.5625,0.046875,413
CNhs10729_M,renal cell carcinoma cell line | CAGE,0.046875,BigWig,0.5546875,0.6015625,0.046875,414
CNhs11827_M,serous cystadenocarcinoma cell line | CAGE,0.046875,BigWig,0.55859375,0.60546875,0.046875,415
CNhs11270_M,signet ring carcinoma cell line | CAGE,0.046875,BigWig,0.53515625,0.58203125,0.046875,416
CNhs11812_M,small cell lung carcinoma cell line | CAGE,0.046875,BigWig,0.578125,0.625,0.046875,417
CNhs11261_M,transitional-cell carcinoma cell line | CAGE,0.046875,BigWig,0.546875,0.59375,0.046875,418
CNhs11883_M,tubular adenocarcinoma cell line | CAGE,0.046875,BigWig,0.5390625,0.5859375,0.046875,419
CNhs11054_M,Adipocyte - omental | CAGE,0.046875,BigWig,0.53125,0.578125,0.046875,420
CNhs10876_M,Anulus Pulposus Cell | CAGE,0.046875,BigWig,0.51953125,0.56640625,0.046875,421
CNhs13465_M,CD14+ monocytes - treated with BCG | CAGE,0.046875,BigWig,0.53125,0.578125,0.046875,422
CNhs13215_M,CD4+CD25-CD45RA- memory conventional T cells expanded |,0.046875,BigWig,0.51171875,0.55859375,0.046875,423
CNhs11977_M,Endothelial Cells - Artery | CAGE,0.046875,BigWig,0.51953125,0.56640625,0.046875,424
CNhs11952_M,"Fibroblast - Gingival,  (GFH3) | CAGE",0.046875,BigWig,0.51953125,0.56640625,0.046875,425
CNhs12340_P,Hepatocyte | CAGE,-0.046875,BigWig,0.5546875,0.5078125,0.046875,426
CNhs11077_M,Mammary Epithelial Cell | CAGE,0.046875,BigWig,0.58203125,0.62890625,0.046875,427
CNhs13924_M,"Mast cell, expanded | CAGE",0.046875,BigWig,0.578125,0.625,0.046875,428
CNhs11320_M,Meningeal Cells | CAGE,0.046875,BigWig,0.51953125,0.56640625,0.046875,429
CNhs11316_M,Mesenchymal Stem Cells - bone marrow | CAGE,0.046875,BigWig,0.52734375,0.57421875,0.046875,430
CNhs12073_M,Schwann Cells | CAGE,0.046875,BigWig,0.52734375,0.57421875,0.046875,431
CNhs10863_M,Smooth Muscle Cells - Brain Vascular | CAGE,0.046875,BigWig,0.5234375,0.5703125,0.046875,432
CNhs10868_M,Smooth Muscle Cells - Colonic | CAGE,0.046875,BigWig,0.51953125,0.56640625,0.046875,433
CNhs13480_M,immature langerhans cells | CAGE,0.046875,BigWig,0.5859375,0.6328125,0.046875,434
CNhs12574_P,nasal epithelial cells | CAGE,-0.046875,BigWig,0.5546875,0.5078125,0.046875,435
CNhs12639_P,tenocyte | CAGE,-0.046875,BigWig,0.55078125,0.50390625,0.046875,436
CNhs11796_P,"brain, adult | CAGE",-0.046875,BigWig,0.55078125,0.50390625,0.046875,437
CNhs14075_M,"cerebellum, newborn | CAGE",0.046875,BigWig,0.5703125,0.6171875,0.046875,438
CNhs11781_M,"duodenum, fetal, tech  | CAGE",0.046875,BigWig,0.546875,0.59375,0.046875,439
CNhs13443_M,eye - muscle medial | CAGE,0.046875,BigWig,0.546875,0.59375,0.046875,440
CNhs12849_P,"parotid gland, adult | CAGE",-0.046875,BigWig,0.55078125,0.50390625,0.046875,441
CNhs12850_P,"penis, adult | CAGE",-0.046875,BigWig,0.5546875,0.5078125,0.046875,442
CNhs14225_M,"putamen, adult, tech  | CAGE",0.046875,BigWig,0.53125,0.578125,0.046875,443
CNhs13807_M,spinal cord - adult | CAGE,0.046875,BigWig,0.68359375,0.73046875,0.046875,444
CNhs11771_M,"stomach, fetal | CAGE",0.046875,BigWig,0.54296875,0.58984375,0.046875,445
CNhs10632_P,"testis, adult, pool1 | CAGE",-0.046875,BigWig,0.5859375,0.5390625,0.046875,446
CNhs12314_P,"thalamus, adult | CAGE",-0.046875,BigWig,0.55078125,0.50390625,0.046875,447
CNhs12853_P,"tongue, adult | CAGE",-0.046875,BigWig,0.55078125,0.50390625,0.046875,448
CNhs11766_M,"trachea, fetal | CAGE",0.046875,BigWig,0.59765625,0.64453125,0.046875,449
ENCSR691MQJ,EL | DNase-seq,-0.04296875,BigWig,0.71484375,0.671875,0.04296875,450
ENCSR678ILN,ELF-1 | DNase-seq,0.04296875,BigWig,0.68359375,0.7265625,0.04296875,451
ENCSR883AQJ,H1 | Histone ChIP-seq | H3K9me3,0.04296875,BigWig,0.8359375,0.87890625,0.04296875,452
ENCSR000EUT,HCT116 | Histone ChIP-seq | H3K27ac,0.04296875,BigWig,0.76953125,0.8125,0.04296875,453
ENCSR000AMP,HepG2 | Histone ChIP-seq | H3K4me3,-0.04296875,BigWig,0.6484375,0.60546875,0.04296875,454
ENCSR000DWB,K562 | Histone ChIP-seq | H3K36me3,-0.04296875,BigWig,0.90625,0.86328125,0.04296875,455
ENCSR404LJZ,MM.1S | Histone ChIP-seq | H3K27me3,0.04296875,BigWig,0.76953125,0.8125,0.04296875,456
ENCSR000EXK,Panc1 | Histone ChIP-seq | H3K27ac,0.04296875,BigWig,0.6328125,0.67578125,0.04296875,457
ENCSR383SNM,iPS DF 19.11 | DNase-seq,-0.04296875,BigWig,0.84375,0.80078125,0.04296875,458
ENCSR000DSJ,cardiac myoblast | Histone ChIP-seq | H3K27me3,-0.04296875,BigWig,0.765625,0.72265625,0.04296875,459
ENCSR000DSL,mesodermal cell | Histone ChIP-seq | H3K27me3,-0.04296875,BigWig,0.8046875,0.76171875,0.04296875,460
ENCSR169BGF,neuronal stem cell | Histone ChIP-seq | H3K4me1,0.04296875,BigWig,0.75390625,0.796875,0.04296875,461
ENCSR080XUB,CD14-positive monocyte | Histone ChIP-seq | H3K27me3,0.04296875,BigWig,0.671875,0.71484375,0.04296875,462
ENCSR292ZMG,"CD4-positive, CD25-positive, alpha-beta regulatory T ce",-0.04296875,BigWig,0.73828125,0.6953125,0.04296875,463
ENCSR000ENF,brain pericyte | DNase-seq,-0.04296875,BigWig,0.859375,0.81640625,0.04296875,464
ENCSR228VNQ,mammary epithelial cell | DNase-seq,-0.04296875,BigWig,0.71484375,0.671875,0.04296875,465
ENCSR479BPF,brain | Histone ChIP-seq | H3K27me3,0.04296875,BigWig,0.71484375,0.7578125,0.04296875,466
ENCSR801IPH,gastrocnemius medialis | Histone ChIP-seq | H3K27ac,-0.04296875,BigWig,0.6640625,0.62109375,0.04296875,467
ENCSR034RQV,parathyroid adenoma | Histone ChIP-seq | H3K27ac,-0.04296875,BigWig,0.7890625,0.74609375,0.04296875,468
ENCSR773TWR,small intestine | Histone ChIP-seq | H3K9me3,-0.04296875,BigWig,0.83203125,0.7890625,0.04296875,469
ENCSR863GVT,spinal cord | Histone ChIP-seq | H3K4me1,-0.04296875,BigWig,0.87109375,0.828125,0.04296875,470
ENCSR782SSS,stomach | DNase-seq,-0.04296875,BigWig,0.78515625,0.7421875,0.04296875,471
ENCSR664RRY,subcutaneous abdominal adipose tissue | Histone ChIP-se,-0.04296875,BigWig,0.8671875,0.82421875,0.04296875,472
ENCSR612MZB,trophoblast | Histone ChIP-seq | H3K9me3,0.04296875,BigWig,0.57421875,0.6171875,0.04296875,473
CNhs11867_M,NK T cell leukemia cell line | CAGE,0.04296875,BigWig,0.515625,0.55859375,0.04296875,474
CNhs11844_P,acantholytic squamous carcinoma cell line | CAGE,-0.04296875,BigWig,0.546875,0.50390625,0.04296875,475
CNhs11844_M,acantholytic squamous carcinoma cell line | CAGE,0.04296875,BigWig,0.578125,0.62109375,0.04296875,476
CNhs11846_M,carcinoid cell line | CAGE,0.04296875,BigWig,0.53125,0.57421875,0.04296875,477
CNhs11280_M,colon carcinoma cell line | CAGE,0.04296875,BigWig,0.5390625,0.58203125,0.04296875,478
CNhs12328_M,hepatocellular carcinoma cell line | CAGE,0.04296875,BigWig,0.53125,0.57421875,0.04296875,479
CNhs11724_M,leiomyoma cell line | CAGE,0.04296875,BigWig,0.515625,0.55859375,0.04296875,480
CNhs13064_M,mesothelioma cell line | CAGE,0.04296875,BigWig,0.53515625,0.578125,0.04296875,481
CNhs13072_M,mesothelioma cell line | CAGE,0.04296875,BigWig,0.58203125,0.625,0.04296875,482
CNhs11752_M,mucinous adenocarcinoma cell line | CAGE,0.04296875,BigWig,0.5703125,0.61328125,0.04296875,483
CNhs11934_M,myelodysplastic syndrome cell line | CAGE,0.04296875,BigWig,0.53125,0.57421875,0.04296875,484
CNhs11258_M,myeloma cell line | CAGE,0.04296875,BigWig,0.54296875,0.5859375,0.04296875,485
CNhs11866_M,neuroectodermal tumor cell line | CAGE,0.04296875,BigWig,0.52734375,0.5703125,0.04296875,486
CNhs11950_M,normal intestinal epithelial cell line | CAGE,0.04296875,BigWig,0.53125,0.57421875,0.04296875,487
CNhs14240_M,squamous cell lung carcinoma cell line | CAGE,0.04296875,BigWig,0.51171875,0.5546875,0.04296875,488
CNhs11244_M,synovial sarcoma cell line | CAGE,0.04296875,BigWig,0.52734375,0.5703125,0.04296875,489
CNhs11371_P,Adipocyte - subcutaneous | CAGE,-0.04296875,BigWig,0.55078125,0.5078125,0.04296875,490
CNhs11321_M,Astrocyte - cerebellum | CAGE,0.04296875,BigWig,0.5234375,0.56640625,0.04296875,491
CNhs13471_M,CD14+ monocytes - treated with Salmonella | CAGE,0.04296875,BigWig,0.52734375,0.5703125,0.04296875,492
CNhs13204_M,CD4+CD25+CD45RA- memory regulatory T cells expanded | C,0.04296875,BigWig,0.515625,0.55859375,0.04296875,493
CNhs12341_M,Cardiac Myocyte | CAGE,0.04296875,BigWig,0.5234375,0.56640625,0.04296875,494
CNhs12000_P,Dendritic Cells - monocyte immature derived | CAGE,-0.04296875,BigWig,0.546875,0.50390625,0.04296875,495
CNhs10875_M,Intestinal epithelial cells (polarized) | CAGE,0.04296875,BigWig,0.546875,0.58984375,0.04296875,496
CNhs12342_M,Lens Epithelial Cells | CAGE,0.04296875,BigWig,0.5390625,0.58203125,0.04296875,497
CNhs12566_M,Mast cell | CAGE,0.04296875,BigWig,0.61328125,0.65625,0.04296875,498
CNhs11057_M,Mesenchymal Stem Cells - Wharton's Jelly | CAGE,0.04296875,BigWig,0.51953125,0.5625,0.04296875,499
CNhs10883_M,Prostate Stromal Cells | CAGE,0.04296875,BigWig,0.515625,0.55859375,0.04296875,500
CNhs10847_M,Sebocyte | CAGE,0.04296875,BigWig,0.58984375,0.6328125,0.04296875,501
CNhs10884_P,Small Airway Epithelial Cells | CAGE,-0.04296875,BigWig,0.546875,0.50390625,0.04296875,502
CNhs11091_M,Smooth Muscle Cells - Umbilical Artery | CAGE,0.04296875,BigWig,0.53125,0.57421875,0.04296875,503
CNhs12569_M,Smooth Muscle Cells - Umbilical Vein | CAGE,0.04296875,BigWig,0.5234375,0.56640625,0.04296875,504
CNhs12373_M,mesenchymal precursor cell - ovarian cancer right ovary,0.04296875,BigWig,0.51953125,0.5625,0.04296875,505
CNhs11760_P,"aorta, adult, pool1 | CAGE",-0.04296875,BigWig,0.546875,0.50390625,0.04296875,506
CNhs14071_M,"caudate nucleus, newborn | CAGE",0.04296875,BigWig,0.5546875,0.59765625,0.04296875,507
CNhs10649_P,"corpus callosum, adult, pool1 | CAGE",-0.04296875,BigWig,0.546875,0.50390625,0.04296875,508
CNhs12846_P,"ductus deferens, adult | CAGE",-0.04296875,BigWig,0.546875,0.50390625,0.04296875,509
CNhs13440_M,eye - vitreous humor | CAGE,0.04296875,BigWig,0.55078125,0.59375,0.04296875,510
CNhs12319_P,"globus pallidus, adult | CAGE",-0.04296875,BigWig,0.55078125,0.5078125,0.04296875,511
CNhs10652_M,"kidney, fetal, pool1 | CAGE",0.04296875,BigWig,0.55859375,0.6015625,0.04296875,512
CNhs14083_M,"putamen, newborn | CAGE",0.04296875,BigWig,0.5390625,0.58203125,0.04296875,513
CNhs12318_P,"substantia nigra, adult | CAGE",-0.04296875,BigWig,0.546875,0.50390625,0.04296875,514
CNhs10633_M,"thymus, adult, pool1 | CAGE",0.04296875,BigWig,0.52734375,0.5703125,0.04296875,515
CNhs11769_P,"thyroid, fetal | CAGE",-0.04296875,BigWig,0.546875,0.50390625,0.04296875,516
GTEX-11VI4-1026-SM-5EQM1.1,ovary | RNA-seq,-0.04296875,BigWig,1.0,0.95703125,0.04296875,517
GTEX-ZF2S-1726-SM-57WFT.1,small intestine | RNA-seq,-0.04296875,BigWig,1.0,0.95703125,0.04296875,518
ENCSR000ELY,AG04450 | DNase-seq,-0.0390625,BigWig,0.78125,0.7421875,0.0390625,519
ENCSR186OBR,H1 | Histone ChIP-seq | H3K27me3,-0.0390625,BigWig,0.87109375,0.83203125,0.0390625,520
ENCSR271TFS,H1 | Histone ChIP-seq | H3K4me1,-0.0390625,BigWig,0.8359375,0.796875,0.0390625,521
ENCSR324UNL,H9 | Histone ChIP-seq | H3K36me3,0.0390625,BigWig,0.890625,0.9296875,0.0390625,522
ENCSR972SMV,H9 | Histone ChIP-seq | H3K9me3,0.0390625,BigWig,0.7265625,0.765625,0.0390625,523
ENCSR661KMA,HCT116 | Histone ChIP-seq | H3K27ac,0.0390625,BigWig,0.640625,0.6796875,0.0390625,524
ENCSR000DUD,HepG2 | Histone ChIP-seq | H3K36me3,-0.0390625,BigWig,0.8671875,0.828125,0.0390625,525
ENCSR493NBY,MCF-7 | Histone ChIP-seq | H3K4me1,0.0390625,BigWig,0.671875,0.7109375,0.0390625,526
ENCSR000ANV,myotube | Histone ChIP-seq | H3K27ac,-0.0390625,BigWig,0.65234375,0.61328125,0.0390625,527
ENCSR179CDH,trophoblast cell | DNase-seq,0.0390625,BigWig,0.82421875,0.86328125,0.0390625,528
ENCSR012PII,CD14-positive monocyte | Histone ChIP-seq | H3K27ac,-0.0390625,BigWig,0.8828125,0.84375,0.0390625,529
ENCSR000ASM,CD14-positive monocyte | Histone ChIP-seq | H3K4me1,0.0390625,BigWig,0.57421875,0.61328125,0.0390625,530
ENCSR400VWA,CD14-positive monocyte | Histone ChIP-seq | H3K4me1,0.0390625,BigWig,0.57421875,0.61328125,0.0390625,531
ENCSR007HLH,"CD8-positive, alpha-beta T cell | Histone ChIP-seq | H3",0.0390625,BigWig,0.64453125,0.68359375,0.0390625,532
ENCSR810EPZ,"CD8-positive, alpha-beta memory T cell | Histone ChIP-s",0.0390625,BigWig,0.703125,0.7421875,0.0390625,533
ENCSR207TUX,amniotic stem cell | DNase-seq,-0.0390625,BigWig,0.765625,0.7265625,0.0390625,534
ENCSR731OMG,"common myeloid progenitor, CD34-positive | Histone ChIP",-0.0390625,BigWig,0.81640625,0.77734375,0.0390625,535
ENCSR042ITN,cerebellum | Histone ChIP-seq | H3K4me3,0.0390625,BigWig,0.8203125,0.859375,0.0390625,536
ENCSR673XMI,chorionic villus | Histone ChIP-seq | H3K27me3,0.0390625,BigWig,0.8125,0.8515625,0.0390625,537
ENCSR203BQB,duodenal mucosa | Histone ChIP-seq | H3K9me3,0.0390625,BigWig,0.68359375,0.72265625,0.0390625,538
ENCSR000EIY,frontal cortex | DNase-seq,0.0390625,BigWig,0.84765625,0.88671875,0.0390625,539
ENCSR642HII,liver | Histone ChIP-seq | H3K4me1,-0.0390625,BigWig,0.734375,0.6953125,0.0390625,540
ENCSR627NIF,lung | DNase-seq,-0.0390625,BigWig,0.77734375,0.73828125,0.0390625,541
ENCSR622CAH,muscle of leg | DNase-seq,0.0390625,BigWig,0.69921875,0.73828125,0.0390625,542
ENCSR775FTU,muscle of trunk | Histone ChIP-seq | H3K27ac,-0.0390625,BigWig,0.72265625,0.68359375,0.0390625,543
ENCSR768OLL,right kidney | DNase-seq,0.0390625,BigWig,0.72265625,0.76171875,0.0390625,544
ENCSR237QFJ,small intestine | Histone ChIP-seq | H3K4me3,0.0390625,BigWig,0.66796875,0.70703125,0.0390625,545
CNhs11836_M,Ewing's sarcoma cell line | CAGE,0.0390625,BigWig,0.52734375,0.56640625,0.0390625,546
CNhs11253_M,acute lymphoblastic leukemia (T-ALL) cell line | CAGE,0.0390625,BigWig,0.51171875,0.55078125,0.0390625,547
CNhs13053_M,acute myeloid leukemia (FAB M0) cell line | CAGE,0.0390625,BigWig,0.51171875,0.55078125,0.0390625,548
CNhs13504_M,acute myeloid leukemia (FAB M4) cell line | CAGE,0.0390625,BigWig,0.53125,0.5703125,0.0390625,549
CNhs13050_M,acute myeloid leukemia (FAB M5) cell line | CAGE,0.0390625,BigWig,0.51953125,0.55859375,0.0390625,550
CNhs11886_M,chronic myeloblastic leukemia (CML) cell line | CAGE,0.0390625,BigWig,0.53515625,0.57421875,0.0390625,551
CNhs10727_M,chronic myelogenous leukemia cell line | CAGE,0.0390625,BigWig,0.515625,0.5546875,0.0390625,552
CNhs11745_M,clear cell carcinoma cell line | CAGE,0.0390625,BigWig,0.55078125,0.58984375,0.0390625,553
CNhs11274_M,giant cell carcinoma cell line | CAGE,0.0390625,BigWig,0.53125,0.5703125,0.0390625,554
CNhs11272_M,glioblastoma cell line | CAGE,0.0390625,BigWig,0.515625,0.5546875,0.0390625,555
CNhs11935_M,"lymphoma, malignant, hairy B-cell cell line | CAGE",0.0390625,BigWig,0.53125,0.5703125,0.0390625,556
CNhs13063_M,mesothelioma cell line | CAGE,0.0390625,BigWig,0.5234375,0.5625,0.0390625,557
CNhs11729_M,myxofibrosarcoma cell line | CAGE,0.0390625,BigWig,0.51953125,0.55859375,0.0390625,558
CNhs11853_M,neuroepithelioma cell line | CAGE,0.0390625,BigWig,0.515625,0.5546875,0.0390625,559
CNhs11812_P,small cell lung carcinoma cell line | CAGE,-0.0390625,BigWig,0.54296875,0.50390625,0.0390625,560
CNhs11252_P,squamous cell carcinoma cell line | CAGE,-0.0390625,BigWig,0.54296875,0.50390625,0.0390625,561
CNhs14140_M,thyroid carcinoma cell line | CAGE,0.0390625,BigWig,0.5234375,0.5625,0.0390625,562
CNhs13203_M,CD4+CD25+CD45RA+ naive regulatory T cells expanded | CA,0.0390625,BigWig,0.515625,0.5546875,0.0390625,563
CNhs11373_M,Chondrocyte - re diff | CAGE,0.0390625,BigWig,0.58984375,0.62890625,0.0390625,564
CNhs10865_M,Endothelial Cells - Lymphatic | CAGE,0.0390625,BigWig,0.53125,0.5703125,0.0390625,565
CNhs11376_M,Endothelial Cells - Microvascular | CAGE,0.0390625,BigWig,0.53515625,0.57421875,0.0390625,566
CNhs14132_M,"Fibroblast - Gingival,  (chronic periodontitis) | CAGE",0.0390625,BigWig,0.51171875,0.55078125,0.0390625,567
CNhs11996_M,"Fibroblast - Periodontal Ligament,  (PLH3) | CAGE",0.0390625,BigWig,0.52734375,0.56640625,0.0390625,568
CNhs11074_M,Fibroblast - skin spinal muscular atrophy | CAGE,0.0390625,BigWig,0.51171875,0.55078125,0.0390625,569
CNhs11335_M,Hepatic Stellate Cells (lipocyte) | CAGE,0.0390625,BigWig,0.5234375,0.5625,0.0390625,570
CNhs10861_P,Macrophage - monocyte derived | CAGE,-0.0390625,BigWig,0.54296875,0.50390625,0.0390625,571
CNhs11346_M,Mesenchymal Stem Cells - hepatic | CAGE,0.0390625,BigWig,0.5546875,0.59375,0.0390625,572
CNhs12338_P,Neurons | CAGE,-0.0390625,BigWig,0.55078125,0.51171875,0.0390625,573
CNhs11317_M,Pericytes | CAGE,0.0390625,BigWig,0.53515625,0.57421875,0.0390625,574
CNhs12587_M,Perineurial Cells | CAGE,0.0390625,BigWig,0.51953125,0.55859375,0.0390625,575
CNhs11332_M,Renal Epithelial Cells | CAGE,0.0390625,BigWig,0.546875,0.5859375,0.0390625,576
CNhs12554_P,"nasal epithelial cells, tech  | CAGE",-0.0390625,BigWig,0.54296875,0.50390625,0.0390625,577
CNhs13445_P,"Fingernail (including nail plate, eponychium and hypony",-0.0390625,BigWig,0.546875,0.5078125,0.0390625,578
CNhs10617_P,"brain, adult, pool1 | CAGE",-0.0390625,BigWig,0.54296875,0.50390625,0.0390625,579
CNhs11795_M,"cerebellum, adult, pool1 | CAGE",0.0390625,BigWig,0.609375,0.6484375,0.0390625,580
CNhs10618_P,"cervix, adult, pool1 | CAGE",-0.0390625,BigWig,0.54296875,0.50390625,0.0390625,581
CNhs12847_P,"epididymis, adult | CAGE",-0.0390625,BigWig,0.54296875,0.50390625,0.0390625,582
CNhs14082_M,"globus pallidus, newborn | CAGE",0.0390625,BigWig,0.5546875,0.59375,0.0390625,583
CNhs11680_M,"lung, fetal | CAGE",0.0390625,BigWig,0.54296875,0.58203125,0.0390625,584
CNhs12852_M,"submaxillary gland, adult | CAGE",0.0390625,BigWig,0.6875,0.7265625,0.0390625,585
CNhs12318_M,"substantia nigra, adult | CAGE",0.0390625,BigWig,0.671875,0.7109375,0.0390625,586
CNhs14076_M,"substantia nigra, newborn | CAGE",0.0390625,BigWig,0.56640625,0.60546875,0.0390625,587
CNhs11770_M,"throat, fetal | CAGE",0.0390625,BigWig,0.55078125,0.58984375,0.0390625,588
K-562-SM-5KM2I.1,bone marrow | RNA-seq,-0.0390625,BigWig,1.0,0.9609375,0.0390625,589
GTEX-11P81-1426-SM-5P9JN.1,colon | RNA-seq,-0.0390625,BigWig,1.0,0.9609375,0.0390625,590
promoter_Tissue_specific,promoter Tissue specific,0.03662109375,BED,0.12255859375,0.1591796875,0.03662109375,591
ENCSR000AUK,A549 | Histone ChIP-seq | H3K27me3,0.03515625,BigWig,0.68359375,0.71875,0.03515625,592
ENCSR000AUM,A549 | Histone ChIP-seq | H3K4me1,0.03515625,BigWig,0.6015625,0.63671875,0.03515625,593
ENCSR059MVB,ACC112 | Histone ChIP-seq | H3K27ac,0.03515625,BigWig,0.55078125,0.5859375,0.03515625,594
ENCSR000DPL,AG04450 | Histone ChIP-seq | H3K27ac,-0.03515625,BigWig,0.86328125,0.828125,0.03515625,595
ENCSR346IHH,Daoy | DNase-seq,-0.03515625,BigWig,0.70703125,0.671875,0.03515625,596
ENCSR620QNS,HAP-1 | DNase-seq,0.03515625,BigWig,0.7109375,0.74609375,0.03515625,597
ENCSR634MAK,HUES64 | Histone ChIP-seq | H3K27me3,-0.03515625,BigWig,0.7734375,0.73828125,0.03515625,598
ENCSR000AKR,K562 | Histone ChIP-seq | H3K36me3,-0.03515625,BigWig,0.80859375,0.7734375,0.03515625,599
ENCSR011CSR,NCI-H929 | Histone ChIP-seq | H3K4me1,0.03515625,BigWig,0.640625,0.67578125,0.03515625,600
ENCSR261SMF,iPS DF 6.9 | DNase-seq,-0.03515625,BigWig,0.81640625,0.78125,0.03515625,601
ENCSR364MFN,hepatocyte | DNase-seq,-0.03515625,BigWig,0.84765625,0.8125,0.03515625,602
ENCSR724GUS,"CD4-positive, alpha-beta memory T cell | Histone ChIP-s",0.03515625,BigWig,0.69921875,0.734375,0.03515625,603
ENCSR000EQH,T-helper 2 cell | DNase-seq,-0.03515625,BigWig,0.72265625,0.6875,0.03515625,604
ENCSR972NUZ,foreskin melanocyte | Histone ChIP-seq | H3K4me1,0.03515625,BigWig,0.65625,0.69140625,0.03515625,605
ENCSR785BDQ,glomerular visceral epithelial cell | DNase-seq,-0.03515625,BigWig,0.76171875,0.7265625,0.03515625,606
ENCSR988YKR,kidney capillary endothelial cell | DNase-seq,0.03515625,BigWig,0.66796875,0.703125,0.03515625,607
ENCSR000ARG,mammary epithelial cell | Histone ChIP-seq | H3K9me3,0.03515625,BigWig,0.65234375,0.6875,0.03515625,608
ENCSR000ANF,skeletal muscle myoblast | Histone ChIP-seq | H3K27ac,-0.03515625,BigWig,0.65625,0.62109375,0.03515625,609
ENCSR780FXX,brain | Histone ChIP-seq | H3K4me3,0.03515625,BigWig,0.625,0.66015625,0.03515625,610
ENCSR264YGM,caudate nucleus | Histone ChIP-seq | H3K4me1,-0.03515625,BigWig,0.81640625,0.78125,0.03515625,611
ENCSR149XIH,duodenal mucosa | Histone ChIP-seq | H3K4me3,0.03515625,BigWig,0.65234375,0.6875,0.03515625,612
ENCSR191OEG,duodenal mucosa | Histone ChIP-seq | H3K9ac,0.03515625,BigWig,0.69921875,0.734375,0.03515625,613
ENCSR588WOD,endocrine pancreas | Histone ChIP-seq | H3K27me3,0.03515625,BigWig,0.66796875,0.703125,0.03515625,614
ENCSR884EVT,endocrine pancreas | Histone ChIP-seq | H3K4me3,-0.03515625,BigWig,0.671875,0.63671875,0.03515625,615
ENCSR948YYZ,gastrocnemius medialis | Histone ChIP-seq | H3K27ac,-0.03515625,BigWig,0.64453125,0.609375,0.03515625,616
ENCSR911LTI,heart | DNase-seq,0.03515625,BigWig,0.67578125,0.7109375,0.03515625,617
ENCSR218ZMU,liver | Histone ChIP-seq | H3K4me1,-0.03515625,BigWig,0.75,0.71484375,0.03515625,618
ENCSR512GFQ,placenta | Histone ChIP-seq | H3K27me3,0.03515625,BigWig,0.73828125,0.7734375,0.03515625,619
ENCSR823QYQ,skeletal muscle tissue | Histone ChIP-seq | H3K4me1,-0.03515625,BigWig,0.83203125,0.796875,0.03515625,620
ENCSR098YIU,stomach | Histone ChIP-seq | H3K4me1,0.03515625,BigWig,0.69140625,0.7265625,0.03515625,621
ENCSR003WKF,stomach smooth muscle | Histone ChIP-seq | H3K9me3,0.03515625,BigWig,0.57421875,0.609375,0.03515625,622
ENCSR645QZT,thymus | Histone ChIP-seq | H3K36me3,-0.03515625,BigWig,0.796875,0.76171875,0.03515625,623
ENCSR762ZLM,thymus | Histone ChIP-seq | H3K4me1,-0.03515625,BigWig,0.78515625,0.75,0.03515625,624
ENCSR813CKU,urinary bladder | DNase-seq,-0.03515625,BigWig,0.72265625,0.6875,0.03515625,625
CNhs13478_P,"Hep-2 cells treated with Streptococci strain JRS4, biol",-0.03515625,BigWig,0.5390625,0.50390625,0.03515625,626
CNhs13054_M,acute myeloid leukemia (FAB M1) cell line | CAGE,0.03515625,BigWig,0.5234375,0.55859375,0.03515625,627
CNhs13052_M,acute myeloid leukemia (FAB M2) cell line | CAGE,0.03515625,BigWig,0.51953125,0.5546875,0.03515625,628
CNhs13055_M,acute myeloid leukemia (FAB M3) cell line | CAGE,0.03515625,BigWig,0.515625,0.55078125,0.03515625,629
CNhs11882_P,adenocarcinoma cell line | CAGE,-0.03515625,BigWig,0.5390625,0.50390625,0.03515625,630
CNhs11889_M,anaplastic squamous cell carcinoma cell line | CAGE,0.03515625,BigWig,0.54296875,0.578125,0.03515625,631
CNhs10750_M,bile duct carcinoma cell line | CAGE,0.03515625,BigWig,0.53515625,0.5703125,0.03515625,632
CNhs11265_P,bile duct carcinoma cell line | CAGE,-0.03515625,BigWig,0.5390625,0.50390625,0.03515625,633
CNhs11265_M,bile duct carcinoma cell line | CAGE,0.03515625,BigWig,0.5859375,0.62109375,0.03515625,634
CNhs11733_M,embryonic pancreas cell line | CAGE,0.03515625,BigWig,0.52734375,0.5625,0.03515625,635
CNhs11277_M,large cell lung carcinoma cell line | CAGE,0.03515625,BigWig,0.51953125,0.5546875,0.03515625,636
CNhs11275_M,lung adenocarcinoma cell line | CAGE,0.03515625,BigWig,0.57421875,0.609375,0.03515625,637
CNhs11281_M,melanoma cell line | CAGE,0.03515625,BigWig,0.55859375,0.59375,0.03515625,638
CNhs13062_M,mesothelioma cell line | CAGE,0.03515625,BigWig,0.53125,0.56640625,0.03515625,639
CNhs13070_M,mesothelioma cell line | CAGE,0.03515625,BigWig,0.51953125,0.5546875,0.03515625,640
CNhs13073_M,mesothelioma cell line | CAGE,0.03515625,BigWig,0.5546875,0.58984375,0.03515625,641
CNhs13074_M,mesothelioma cell line | CAGE,0.03515625,BigWig,0.53515625,0.5703125,0.03515625,642
CNhs11744_M,neuroectodermal tumor cell line | CAGE,0.03515625,BigWig,0.515625,0.55078125,0.03515625,643
CNhs11854_M,neurofibroma cell line | CAGE,0.03515625,BigWig,0.53515625,0.5703125,0.03515625,644
CNhs11832_P,pancreatic carcinoma cell line | CAGE,-0.03515625,BigWig,0.5390625,0.50390625,0.03515625,645
CNhs13508_M,serous adenocarcinoma cell line | CAGE,0.03515625,BigWig,0.53125,0.56640625,0.03515625,646
CNhs11285_M,small cell lung carcinoma cell line | CAGE,0.03515625,BigWig,0.53515625,0.5703125,0.03515625,647
CNhs11054_P,Adipocyte - omental | CAGE,-0.03515625,BigWig,0.5390625,0.50390625,0.03515625,648
CNhs11325_M,Alveolar Epithelial Cells | CAGE,0.03515625,BigWig,0.5390625,0.57421875,0.03515625,649
CNhs11327_M,Bronchial Epithelial Cell | CAGE,0.03515625,BigWig,0.6328125,0.66796875,0.03515625,650
CNhs10858_P,CD14+ monocyte derived endothelial progenitor cells | C,-0.03515625,BigWig,0.5390625,0.50390625,0.03515625,651
CNhs13195_M,CD4+CD25+CD45RA- memory regulatory T cells | CAGE,0.03515625,BigWig,0.5234375,0.55859375,0.03515625,652
CNhs11372_P,Chondrocyte - de diff | CAGE,-0.03515625,BigWig,0.54296875,0.5078125,0.03515625,653
CNhs11372_M,Chondrocyte - de diff | CAGE,0.03515625,BigWig,0.55078125,0.5859375,0.03515625,654
CNhs11336_M,Corneal Epithelial Cells | CAGE,0.03515625,BigWig,0.6015625,0.63671875,0.03515625,655
CNhs11376_P,Endothelial Cells - Microvascular | CAGE,-0.03515625,BigWig,0.5390625,0.50390625,0.03515625,656
CNhs11339_M,Fibroblast - Conjunctival | CAGE,0.03515625,BigWig,0.546875,0.58203125,0.03515625,657
CNhs14135_M,"Fibroblast - Gingival,  (periodontitis) | CAGE",0.03515625,BigWig,0.51171875,0.546875,0.03515625,658
CNhs10878_M,Fibroblast - Pulmonary Artery | CAGE,0.03515625,BigWig,0.51953125,0.5546875,0.03515625,659
CNhs11343_M,Fibroblast - Villous Mesenchymal | CAGE,0.03515625,BigWig,0.52734375,0.5625,0.03515625,660
CNhs11353_M,Fibroblast - skin dystrophia myotonica | CAGE,0.03515625,BigWig,0.51171875,0.546875,0.03515625,661
CNhs10850_P,Mesothelial Cells | CAGE,-0.03515625,BigWig,0.5390625,0.50390625,0.03515625,662
CNhs11063_M,Neural stem cells | CAGE,0.03515625,BigWig,0.62109375,0.65625,0.03515625,663
CNhs13816_P,Olfactory epithelial cells | CAGE,-0.03515625,BigWig,0.5390625,0.50390625,0.03515625,664
CNhs11081_M,Preadipocyte - subcutaneous | CAGE,0.03515625,BigWig,0.53125,0.56640625,0.03515625,665
CNhs11333_M,Renal Mesangial Cells | CAGE,0.03515625,BigWig,0.53125,0.56640625,0.03515625,666
CNhs10842_P,Retinal Pigment Epithelial Cells | CAGE,-0.03515625,BigWig,0.5390625,0.50390625,0.03515625,667
CNhs11324_M,Smooth Muscle Cells - Esophageal | CAGE,0.03515625,BigWig,0.5234375,0.55859375,0.03515625,668
CNhs11090_M,Smooth Muscle Cells - Subclavian Artery | CAGE,0.03515625,BigWig,0.51953125,0.5546875,0.03515625,669
CNhs12368_M,mesenchymal precursor cell - cardiac | CAGE,0.03515625,BigWig,0.515625,0.55078125,0.03515625,670
CNhs12374_M,mesenchymal precursor cell - ovarian cancer metastasis,0.03515625,BigWig,0.51953125,0.5546875,0.03515625,671
CNhs13435_P,achilles tendon | CAGE,-0.03515625,BigWig,0.546875,0.51171875,0.03515625,672
CNhs13435_M,achilles tendon | CAGE,0.03515625,BigWig,0.57421875,0.609375,0.03515625,673
CNhs11780_M,"colon, fetal | CAGE",0.03515625,BigWig,0.53515625,0.5703125,0.03515625,674
CNhs13441_P,eye - muscle superior | CAGE,-0.03515625,BigWig,0.546875,0.51171875,0.03515625,675
CNhs10652_P,"kidney, fetal, pool1 | CAGE",-0.03515625,BigWig,0.53515625,0.5,0.03515625,676
CNhs11789_M,"left ventricle, adult | CAGE",0.03515625,BigWig,0.55078125,0.5859375,0.03515625,677
CNhs11782_M,"parietal lobe, fetal | CAGE",0.03515625,BigWig,0.51953125,0.5546875,0.03515625,678
CNhs11768_M,"tongue, fetal | CAGE",0.03515625,BigWig,0.578125,0.61328125,0.03515625,679
GTEX-14DAR-2126-SM-5RQID.1,blood vessel | RNA-seq,-0.03515625,BigWig,1.0,0.96484375,0.03515625,680
K-562-SM-7LG4B.1,bone marrow | RNA-seq,-0.03515625,BigWig,1.0,0.96484375,0.03515625,681
GTEX-13QJ3-0726-SM-5SI68.1,muscle | RNA-seq,-0.03515625,BigWig,1.0,0.96484375,0.03515625,682
GTEX-1HKZK-1126-SM-9WG82.1,pancreas | RNA-seq,-0.03515625,BigWig,1.0,0.96484375,0.03515625,683
GTEX-14PKV-1826-SM-69LO9.1,stomach | RNA-seq,-0.03515625,BigWig,1.0,0.96484375,0.03515625,684
3UTR+,3UTR+,0.03485107421875,BED,0.01324462890625,0.048095703125,0.03485107421875,685
ENCSR897FOZ,ACC112 | Histone ChIP-seq | H3K36me3,-0.03125,BigWig,0.76171875,0.73046875,0.03125,686
ENCSR784AQY,DOHH2 | Histone ChIP-seq | H3K36me3,-0.03125,BigWig,0.65234375,0.62109375,0.03125,687
ENCSR216OGD,H1 | Histone ChIP-seq | H3K27me3,-0.03125,BigWig,0.84765625,0.81640625,0.03125,688
ENCSR964WHY,H9 | DNase-seq,-0.03125,BigWig,0.75390625,0.72265625,0.03125,689
ENCSR237OBF,HUES6 | Histone ChIP-seq | H3K36me3,0.03125,BigWig,0.86328125,0.89453125,0.03125,690
ENCSR668LDD,K562 | Histone ChIP-seq | H3K4me3,0.03125,BigWig,0.65234375,0.68359375,0.03125,691
ENCSR976JHS,KMS-11 | Histone ChIP-seq | H3K4me1,0.03125,BigWig,0.65625,0.6875,0.03125,692
ENCSR503BEM,LoVo | DNase-seq,-0.03125,BigWig,0.75,0.71875,0.03125,693
ENCSR000EXE,NT2/D1 | Histone ChIP-seq | H3K27me3,-0.03125,BigWig,0.8828125,0.8515625,0.03125,694
ENCSR243AIS,OCI-LY7 | Histone ChIP-seq | H3K36me3,-0.03125,BigWig,0.6171875,0.5859375,0.03125,695
ENCSR726LZG,PC-9 | Histone ChIP-seq | H3K27me3,0.03125,BigWig,0.68359375,0.71484375,0.03125,696
ENCSR000DXB,Panc1 | Histone ChIP-seq | H3K4me3,0.03125,BigWig,0.59765625,0.62890625,0.03125,697
ENCSR111QAW,SK-N-MC | Histone ChIP-seq | H3K9ac,0.03125,BigWig,0.69140625,0.72265625,0.03125,698
ENCSR000FCR,SK-N-SH | Histone ChIP-seq | H3K4me1,-0.03125,BigWig,0.70703125,0.67578125,0.03125,699
ENCSR743JIT,iPS-18a | Histone ChIP-seq | H3K27me3,-0.03125,BigWig,0.69921875,0.66796875,0.03125,700
ENCSR352UID,iPS-20b | Histone ChIP-seq | H3K27me3,-0.03125,BigWig,0.78125,0.75,0.03125,701
ENCSR000DSM,cardiac muscle cell | Histone ChIP-seq | H3K27me3,-0.03125,BigWig,0.84765625,0.81640625,0.03125,702
ENCSR000EMV,cardiac myoblast | DNase-seq,0.03125,BigWig,0.8203125,0.8515625,0.03125,703
ENCSR731QLJ,mesenchymal stem cell | DNase-seq,-0.03125,BigWig,0.5859375,0.5546875,0.03125,704
ENCSR410FIQ,mesodermal cell | Histone ChIP-seq | H3K4me1,0.03125,BigWig,0.64453125,0.67578125,0.03125,705
ENCSR000AOY,myotube | Histone ChIP-seq | H3K9ac,-0.03125,BigWig,0.69140625,0.66015625,0.03125,706
ENCSR238WMO,neuronal stem cell | Histone ChIP-seq | H3K36me3,-0.03125,BigWig,0.74609375,0.71484375,0.03125,707
ENCSR425PQI,trophoblast cell | Histone ChIP-seq | H3K27ac,0.03125,BigWig,0.78125,0.8125,0.03125,708
ENCSR316UDN,"CD8-positive, alpha-beta T cell | DNase-seq",0.03125,BigWig,0.69140625,0.72265625,0.03125,709
ENCSR000EQF,T-helper 17 cell | DNase-seq,-0.03125,BigWig,0.71484375,0.68359375,0.03125,710
ENCSR512BHQ,foreskin fibroblast | Histone ChIP-seq | H3K9me3,-0.03125,BigWig,0.76953125,0.73828125,0.03125,711
ENCSR505THJ,foreskin melanocyte | Histone ChIP-seq | H3K36me3,-0.03125,BigWig,0.8515625,0.8203125,0.03125,712
ENCSR000EXW,mononuclear cell | Histone ChIP-seq | H3K27me3,0.03125,BigWig,0.6796875,0.7109375,0.03125,713
ENCSR391EQV,natural killer cell | Histone ChIP-seq | H3K27ac,0.03125,BigWig,0.63671875,0.66796875,0.03125,714
ENCSR963TKB,natural killer cell | Histone ChIP-seq | H3K4me1,0.03125,BigWig,0.77734375,0.80859375,0.03125,715
ENCSR028IND,neurosphere | Histone ChIP-seq | H3K27me3,0.03125,BigWig,0.83203125,0.86328125,0.03125,716
ENCSR804FSU,peripheral blood mononuclear cell | Histone ChIP-seq |,-0.03125,BigWig,0.76953125,0.73828125,0.03125,717
ENCSR820XRX,brain | DNase-seq,0.03125,BigWig,0.73828125,0.76953125,0.03125,718
ENCSR997YTW,brain | Histone ChIP-seq | H3K27me3,0.03125,BigWig,0.7578125,0.7890625,0.03125,719
ENCSR241JLU,chorion | Histone ChIP-seq | H3K27me3,0.03125,BigWig,0.76171875,0.79296875,0.03125,720
ENCSR244MNY,chorion | Histone ChIP-seq | H3K4me1,0.03125,BigWig,0.7421875,0.7734375,0.03125,721
ENCSR324JDC,endocrine pancreas | Histone ChIP-seq | H3K27ac,-0.03125,BigWig,0.734375,0.703125,0.03125,722
ENCSR820ABR,germinal matrix | Histone ChIP-seq | H3K9me3,-0.03125,BigWig,0.7578125,0.7265625,0.03125,723
ENCSR487BEW,heart left ventricle | Histone ChIP-seq | H3K4me3,0.03125,BigWig,0.703125,0.734375,0.03125,724
ENCSR096EZX,kidney | Histone ChIP-seq | H3K4me3,0.03125,BigWig,0.671875,0.703125,0.03125,725
ENCSR638HSG,layer of hippocampus | Histone ChIP-seq | H3K4me1,-0.03125,BigWig,0.92578125,0.89453125,0.03125,726
ENCSR097BWW,left kidney | DNase-seq,0.03125,BigWig,0.71484375,0.74609375,0.03125,727
ENCSR986XLW,lung | DNase-seq,-0.03125,BigWig,0.6015625,0.5703125,0.03125,728
ENCSR100YTJ,lung | Histone ChIP-seq | H3K36me3,-0.03125,BigWig,0.84375,0.8125,0.03125,729
ENCSR272RQX,muscle of leg | DNase-seq,0.03125,BigWig,0.6875,0.71875,0.03125,730
ENCSR402HFW,pancreas | Histone ChIP-seq | H3K27ac,-0.03125,BigWig,0.88671875,0.85546875,0.03125,731
ENCSR321SZE,sigmoid colon | Histone ChIP-seq | H3K4me3,0.03125,BigWig,0.7265625,0.7578125,0.03125,732
ENCSR944QSH,small intestine | Histone ChIP-seq | H3K4me3,0.03125,BigWig,0.64453125,0.67578125,0.03125,733
ENCSR202RXT,stomach | Histone ChIP-seq | H3K4me3,0.03125,BigWig,0.6875,0.71875,0.03125,734
ENCSR761AKF,stomach smooth muscle | Histone ChIP-seq | H3K9ac,0.03125,BigWig,0.8125,0.84375,0.03125,735
ENCSR703CYD,subcutaneous abdominal adipose tissue | Histone ChIP-se,-0.03125,BigWig,0.73046875,0.69921875,0.03125,736
ENCSR923WPP,thymus | Histone ChIP-seq | H3K36me3,-0.03125,BigWig,0.89453125,0.86328125,0.03125,737
CNhs11864_M,acute myeloid leukemia (FAB M2) cell line | CAGE,0.03125,BigWig,0.515625,0.546875,0.03125,738
CNhs13058_M,acute myeloid leukemia (FAB M5) cell line | CAGE,0.03125,BigWig,0.51953125,0.55078125,0.03125,739
CNhs11888_M,acute myeloid leukemia (FAB M7) cell line | CAGE,0.03125,BigWig,0.51171875,0.54296875,0.03125,740
CNhs12334_M,chronic myelogenous leukemia cell line | CAGE,0.03125,BigWig,0.51953125,0.55078125,0.03125,741
CNhs11259_M,ductal cell carcinoma cell line | CAGE,0.03125,BigWig,0.54296875,0.57421875,0.03125,742
CNhs11731_M,embryonic pancreas cell line | CAGE,0.03125,BigWig,0.5234375,0.5546875,0.03125,743
CNhs11249_M,endometrial stromal sarcoma cell line | CAGE,0.03125,BigWig,0.5390625,0.5703125,0.03125,744
CNhs11286_M,gastric cancer cell line | CAGE,0.03125,BigWig,0.5234375,0.5546875,0.03125,745
CNhs11740_M,granulosa cell tumor cell line | CAGE,0.03125,BigWig,0.5234375,0.5546875,0.03125,746
CNhs11891_M,hereditary spherocytic anemia cell line | CAGE,0.03125,BigWig,0.515625,0.546875,0.03125,747
CNhs11722_M,leiomyoma cell line | CAGE,0.03125,BigWig,0.51953125,0.55078125,0.03125,748
CNhs11254_M,melanoma cell line | CAGE,0.03125,BigWig,0.578125,0.609375,0.03125,749
CNhs11945_P,meningioma cell line | CAGE,-0.03125,BigWig,0.53515625,0.50390625,0.03125,750
CNhs10752_P,oral squamous cell carcinoma cell line | CAGE,-0.03125,BigWig,0.53515625,0.50390625,0.03125,751
CNhs11835_M,osteoclastoma cell line | CAGE,0.03125,BigWig,0.515625,0.546875,0.03125,752
CNhs11830_M,peripheral neuroectodermal tumor cell line | CAGE,0.03125,BigWig,0.5390625,0.5703125,0.03125,753
CNhs11746_P,serous adenocarcinoma cell line | CAGE,-0.03125,BigWig,0.53515625,0.50390625,0.03125,754
CNhs11734_P,small-cell gastrointestinal carcinoma cell line | CAGE,-0.03125,BigWig,0.53515625,0.50390625,0.03125,755
CNhs11837_M,transitional cell carcinoma cell line | CAGE,0.03125,BigWig,0.51171875,0.54296875,0.03125,756
CNhs11051_P,Adipocyte - breast | CAGE,-0.03125,BigWig,0.53515625,0.50390625,0.03125,757
CNhs11371_M,Adipocyte - subcutaneous | CAGE,0.03125,BigWig,0.5546875,0.5859375,0.03125,758
CNhs11341_P,Amniotic Epithelial Cells | CAGE,-0.03125,BigWig,0.53515625,0.50390625,0.03125,759
CNhs13202_M,CD4+CD25-CD45RA+ naive conventional T cells expanded |,0.03125,BigWig,0.51171875,0.54296875,0.03125,760
CNhs11336_P,Corneal Epithelial Cells | CAGE,-0.03125,BigWig,0.53515625,0.50390625,0.03125,761
CNhs10855_P,"Dendritic Cells - monocyte immature derived, tech  | CA",-0.03125,BigWig,0.53515625,0.50390625,0.03125,762
CNhs11977_P,Endothelial Cells - Artery | CAGE,-0.03125,BigWig,0.53515625,0.50390625,0.03125,763
CNhs11379_P,Fibroblast - Dermal | CAGE,-0.03125,BigWig,0.5390625,0.5078125,0.03125,764
CNhs14128_M,"Fibroblast - Gingival,  (aggressive periodontitis) | CA",0.03125,BigWig,0.515625,0.546875,0.03125,765
CNhs12596_M,Iris Pigment Epithelial Cells | CAGE,0.03125,BigWig,0.546875,0.578125,0.03125,766
CNhs13925_M,"Mast cell, expanded and stimulated | CAGE",0.03125,BigWig,0.55078125,0.58203125,0.03125,767
CNhs10881_P,Nucleus Pulposus Cell | CAGE,-0.03125,BigWig,0.53515625,0.50390625,0.03125,768
CNhs10877_M,Pancreatic stromal cells | CAGE,0.03125,BigWig,0.5078125,0.5390625,0.03125,769
CNhs10882_M,Prostate Epithelial Cells (polarized) | CAGE,0.03125,BigWig,0.5390625,0.5703125,0.03125,770
CNhs11972_P,Prostate Epithelial Cells | CAGE,-0.03125,BigWig,0.53515625,0.50390625,0.03125,771
CNhs11086_M,Smooth Muscle Cells - Brachiocephalic | CAGE,0.03125,BigWig,0.53515625,0.56640625,0.03125,772
CNhs11328_M,Smooth Muscle Cells - Bronchial | CAGE,0.03125,BigWig,0.515625,0.546875,0.03125,773
CNhs11087_M,Smooth Muscle Cells - Carotid | CAGE,0.03125,BigWig,0.5234375,0.5546875,0.03125,774
CNhs11910_M,Smooth Muscle Cells - Prostate | CAGE,0.03125,BigWig,0.51953125,0.55078125,0.03125,775
CNhs14183_M,"Smooth muscle cells - airway, asthmatic | CAGE",0.03125,BigWig,0.515625,0.546875,0.03125,776
CNhs14190_M,"Smooth muscle cells - airway, control | CAGE",0.03125,BigWig,0.51953125,0.55078125,0.03125,777
CNhs12363_M,mesenchymal precursor cell - adipose | CAGE,0.03125,BigWig,0.515625,0.546875,0.03125,778
CNhs13458_M,Skin - palm | CAGE,0.03125,BigWig,0.56640625,0.59765625,0.03125,779
CNhs11790_M,"left atrium, adult | CAGE",0.03125,BigWig,0.54296875,0.57421875,0.03125,780
CNhs11798_P,"liver, fetal, pool1 | CAGE",-0.03125,BigWig,0.53125,0.5,0.03125,781
CNhs10645_P,"medulla oblongata, adult, pool1 | CAGE",-0.03125,BigWig,0.53515625,0.50390625,0.03125,782
CNhs13798_M,occipital cortex - adult | CAGE,0.03125,BigWig,0.54296875,0.57421875,0.03125,783
CNhs10643_P,"occipital pole, adult, pool1 | CAGE",-0.03125,BigWig,0.53515625,0.50390625,0.03125,784
CNhs10642_P,"paracentral gyrus, adult, pool1 | CAGE",-0.03125,BigWig,0.53515625,0.50390625,0.03125,785
CNhs10628_P,"prostate, adult, pool1 | CAGE",-0.03125,BigWig,0.53125,0.5,0.03125,786
CNhs12324_P,"putamen, adult | CAGE",-0.03125,BigWig,0.53515625,0.50390625,0.03125,787
CNhs11777_M,"rectum, fetal | CAGE",0.03125,BigWig,0.52734375,0.55859375,0.03125,788
CNhs13460_P,tongue epidermis (fungiform papillae) | CAGE,-0.03125,BigWig,0.54296875,0.51171875,0.03125,789
GTEX-1JK1U-0426-SM-CYPSP.1,blood vessel | RNA-seq,-0.03125,BigWig,1.0,0.96875,0.03125,790
GTEX-1MA7W-1526-SM-DHXKS.1,uterus | RNA-seq,-0.03125,BigWig,1.0,0.96875,0.03125,791
CTCF-bound,CTCF-bound,0.029541015625,BED,0.046142578125,0.07568359375,0.029541015625,792
ENCSR932KWJ,A172 | DNase-seq,-0.02734375,BigWig,0.69921875,0.671875,0.02734375,793
ENCSR000DQF,BJ | Histone ChIP-seq | H3K36me3,-0.02734375,BigWig,0.921875,0.89453125,0.02734375,794
ENCSR880SUY,H1 | Histone ChIP-seq | H3K27ac,0.02734375,BigWig,0.765625,0.79296875,0.02734375,795
ENCSR928HYM,H1 | Histone ChIP-seq | H3K27me3,-0.02734375,BigWig,0.88671875,0.859375,0.02734375,796
ENCSR754LIN,H9 | DNase-seq,-0.02734375,BigWig,0.73828125,0.7109375,0.02734375,797
ENCSR943SYS,H9 | DNase-seq,-0.02734375,BigWig,0.7265625,0.69921875,0.02734375,798
ENCSR814KRX,HT-29 | DNase-seq,-0.02734375,BigWig,0.65625,0.62890625,0.02734375,799
ENCSR000EKC,HTR-8/SVneo | DNase-seq,-0.02734375,BigWig,0.81640625,0.7890625,0.02734375,800
ENCSR410GUN,HUES6 | Histone ChIP-seq | H3K27me3,-0.02734375,BigWig,0.8046875,0.77734375,0.02734375,801
ENCSR000AOF,HeLa-S3 | Histone ChIP-seq | H3K4me3,0.02734375,BigWig,0.78515625,0.8125,0.02734375,802
ENCSR000DUF,HepG2 | Histone ChIP-seq | H3K4me3,-0.02734375,BigWig,0.60546875,0.578125,0.02734375,803
ENCSR921NMD,K562 | DNase-seq,0.02734375,BigWig,0.921875,0.94921875,0.02734375,804
ENCSR000EWC,K562 | Histone ChIP-seq | H3K4me1,0.02734375,BigWig,0.94140625,0.96875,0.02734375,805
ENCSR000DWD,K562 | Histone ChIP-seq | H3K4me3,0.02734375,BigWig,0.6328125,0.66015625,0.02734375,806
ENCSR867UKC,Karpas-422 | Histone ChIP-seq | H3K36me3,-0.02734375,BigWig,0.671875,0.64453125,0.02734375,807
ENCSR000EWP,MCF-7 | Histone ChIP-seq | H3K27me3,0.02734375,BigWig,0.6484375,0.67578125,0.02734375,808
ENCSR449AYM,OCI-LY1 | Histone ChIP-seq | H3K36me3,-0.02734375,BigWig,0.67578125,0.6484375,0.02734375,809
ENCSR867TPP,OCI-LY3 | Histone ChIP-seq | H3K27me3,0.02734375,BigWig,0.7734375,0.80078125,0.02734375,810
ENCSR000EXJ,Panc1 | Histone ChIP-seq | H3K4me1,0.02734375,BigWig,0.671875,0.69921875,0.02734375,811
ENCSR000DXL,SK-N-MC | Histone ChIP-seq | H3K4me3,0.02734375,BigWig,0.62890625,0.65625,0.02734375,812
ENCSR287VPM,SK-N-MC | Histone ChIP-seq | H3K4me3,0.02734375,BigWig,0.5859375,0.61328125,0.02734375,813
ENCSR000DXP,SK-N-SH | Histone ChIP-seq | H3K27me3,0.02734375,BigWig,0.81640625,0.84375,0.02734375,814
ENCSR000DXO,SK-N-SH | Histone ChIP-seq | H3K36me3,-0.02734375,BigWig,0.90234375,0.875,0.02734375,815
ENCSR746CUY,mesenchymal stem cell | Histone ChIP-seq | H3K9me3,0.02734375,BigWig,0.7578125,0.78515625,0.02734375,816
ENCSR139PIA,neural progenitor cell | Histone ChIP-seq | H3K27me3,-0.02734375,BigWig,0.68359375,0.65625,0.02734375,817
ENCSR000AUP,B cell | Histone ChIP-seq | H3K27ac,0.02734375,BigWig,0.62890625,0.65625,0.02734375,818
ENCSR816NKX,B cell | Histone ChIP-seq | H3K36me3,-0.02734375,BigWig,0.8359375,0.80859375,0.02734375,819
ENCSR890QGK,B cell | Histone ChIP-seq | H3K9me3,0.02734375,BigWig,0.65234375,0.6796875,0.02734375,820
ENCSR000ASJ,CD14-positive monocyte | Histone ChIP-seq | H3K27ac,0.02734375,BigWig,0.6953125,0.72265625,0.02734375,821
ENCSR000EQJ,"CD4-positive, CD25-positive, alpha-beta regulatory T ce",-0.02734375,BigWig,0.65625,0.62890625,0.02734375,822
ENCSR441RDQ,"CD4-positive, CD25-positive, alpha-beta regulatory T ce",0.02734375,BigWig,0.5390625,0.56640625,0.02734375,823
ENCSR840TVG,"CD8-positive, alpha-beta T cell | DNase-seq",0.02734375,BigWig,0.73828125,0.765625,0.02734375,824
ENCSR166ZZZ,"CD8-positive, alpha-beta T cell | Histone ChIP-seq | H3",-0.02734375,BigWig,0.7890625,0.76171875,0.02734375,825
ENCSR000EQD,T-helper 1 cell | DNase-seq,-0.02734375,BigWig,0.72265625,0.6953125,0.02734375,826
ENCSR957WQX,"common myeloid progenitor, CD34-positive | Histone ChIP",-0.02734375,BigWig,0.734375,0.70703125,0.02734375,827
ENCSR892HPQ,"effector memory CD4-positive, alpha-beta T cell | Histo",0.02734375,BigWig,0.6796875,0.70703125,0.02734375,828
ENCSR953ULK,fibroblast of breast | Histone ChIP-seq | H3K27ac,0.02734375,BigWig,0.6953125,0.72265625,0.02734375,829
ENCSR595FWR,fibroblast of breast | Histone ChIP-seq | H3K27me3,0.02734375,BigWig,0.66796875,0.6953125,0.02734375,830
ENCSR678WMQ,foreskin keratinocyte | Histone ChIP-seq | H3K9me3,-0.02734375,BigWig,0.7265625,0.69921875,0.02734375,831
ENCSR006GPM,mesenchymal stem cell | Histone ChIP-seq | H3K9ac,0.02734375,BigWig,0.6171875,0.64453125,0.02734375,832
ENCSR636FCX,myoepithelial cell of mammary gland | Histone ChIP-seq,0.02734375,BigWig,0.73046875,0.7578125,0.02734375,833
ENCSR674VPA,"naive thymus-derived CD4-positive, alpha-beta T cell |",0.02734375,BigWig,0.65234375,0.6796875,0.02734375,834
ENCSR444TQQ,neurosphere | Histone ChIP-seq | H3K27me3,0.02734375,BigWig,0.80078125,0.828125,0.02734375,835
ENCSR955OBN,neurosphere | Histone ChIP-seq | H3K27me3,0.02734375,BigWig,0.78125,0.80859375,0.02734375,836
ENCSR434AFF,neutrophil | Histone ChIP-seq | H3K4me3,-0.02734375,BigWig,0.7265625,0.69921875,0.02734375,837
ENCSR878KIY,Peyer's patch | Histone ChIP-seq | H3K4me3,0.02734375,BigWig,0.69140625,0.71875,0.02734375,838
ENCSR865ICK,adrenal gland | DNase-seq,-0.02734375,BigWig,0.8671875,0.83984375,0.02734375,839
ENCSR189QAD,adrenal gland | Histone ChIP-seq | H3K27ac,-0.02734375,BigWig,0.640625,0.61328125,0.02734375,840
ENCSR018OGF,brain | Histone ChIP-seq | H3K9me3,-0.02734375,BigWig,0.76953125,0.7421875,0.02734375,841
ENCSR499IIR,chorion | Histone ChIP-seq | H3K27ac,0.02734375,BigWig,0.75,0.77734375,0.02734375,842
ENCSR799TMR,duodenal mucosa | Histone ChIP-seq | H3K4me3,0.02734375,BigWig,0.64453125,0.671875,0.02734375,843
ENCSR435NHO,embryonic facial prominence | DNase-seq,0.02734375,BigWig,0.7265625,0.75390625,0.02734375,844
ENCSR478BKA,esophagus | Histone ChIP-seq | H3K4me1,-0.02734375,BigWig,0.87109375,0.84375,0.02734375,845
ENCSR736ALU,gastrocnemius medialis | Histone ChIP-seq | H3K27ac,-0.02734375,BigWig,0.63671875,0.609375,0.02734375,846
ENCSR189YJQ,heart | DNase-seq,0.02734375,BigWig,0.640625,0.66796875,0.02734375,847
ENCSR366EGE,heart | DNase-seq,0.02734375,BigWig,0.671875,0.69921875,0.02734375,848
ENCSR749BWV,heart | DNase-seq,0.02734375,BigWig,0.7109375,0.73828125,0.02734375,849
ENCSR358RVW,heart | Histone ChIP-seq | H3K4me3,0.02734375,BigWig,0.64453125,0.671875,0.02734375,850
ENCSR275DXO,liver | Histone ChIP-seq | H3K27me3,0.02734375,BigWig,0.6484375,0.67578125,0.02734375,851
ENCSR318WOD,lung | DNase-seq,-0.02734375,BigWig,0.63671875,0.609375,0.02734375,852
ENCSR322BLC,lung | Histone ChIP-seq | H3K9me3,-0.02734375,BigWig,0.6953125,0.66796875,0.02734375,853
ENCSR357PMV,muscle of arm | DNase-seq,0.02734375,BigWig,0.734375,0.76171875,0.02734375,854
ENCSR954ZUG,muscle of leg | Histone ChIP-seq | H3K27me3,0.02734375,BigWig,0.90625,0.93359375,0.02734375,855
ENCSR028QEA,placenta | Histone ChIP-seq | H3K27ac,0.02734375,BigWig,0.79296875,0.8203125,0.02734375,856
ENCSR629RBC,placental basal plate | Histone ChIP-seq | H3K36me3,-0.02734375,BigWig,0.90234375,0.875,0.02734375,857
ENCSR820ICX,retina | DNase-seq,0.02734375,BigWig,0.62890625,0.65625,0.02734375,858
ENCSR986HEN,right renal pelvis | DNase-seq,-0.02734375,BigWig,0.7421875,0.71484375,0.02734375,859
ENCSR855JPU,spinal cord | Histone ChIP-seq | H3K27me3,0.02734375,BigWig,0.8125,0.83984375,0.02734375,860
ENCSR036AQX,stomach smooth muscle | Histone ChIP-seq | H3K9me3,-0.02734375,BigWig,0.78515625,0.7578125,0.02734375,861
ENCSR243UVC,subcutaneous abdominal adipose tissue | Histone ChIP-se,-0.02734375,BigWig,0.8359375,0.80859375,0.02734375,862
ENCSR776KLS,thymus | Histone ChIP-seq | H3K27ac,-0.02734375,BigWig,0.7109375,0.68359375,0.02734375,863
ENCSR495OEG,trophoblast | Histone ChIP-seq | H3K27me3,0.02734375,BigWig,0.5625,0.58984375,0.02734375,864
ENCSR050SCZ,trophoblast | Histone ChIP-seq | H3K4me1,0.02734375,BigWig,0.67578125,0.703125,0.02734375,865
ENCSR054BKO,urinary bladder | Histone ChIP-seq | H3K27ac,0.02734375,BigWig,0.66796875,0.6953125,0.02734375,866
CNhs13241_M,acute myeloid leukemia (FAB M0) cell line | CAGE,0.02734375,BigWig,0.515625,0.54296875,0.02734375,867
CNhs11841_P,bronchogenic carcinoma cell line | CAGE,-0.02734375,BigWig,0.53125,0.50390625,0.02734375,868
CNhs11747_M,carcinosarcoma cell line | CAGE,0.02734375,BigWig,0.5234375,0.55078125,0.02734375,869
CNhs11283_P,cholangiocellular carcinoma cell line | CAGE,-0.02734375,BigWig,0.53125,0.50390625,0.02734375,870
CNhs11820_P,choriocarcinoma cell line | CAGE,-0.02734375,BigWig,0.53125,0.50390625,0.02734375,871
CNhs11748_P,endometrioid adenocarcinoma cell line | CAGE,-0.02734375,BigWig,0.53125,0.50390625,0.02734375,872
CNhs10751_M,giant cell carcinoma cell line | CAGE,0.02734375,BigWig,0.51953125,0.546875,0.02734375,873
CNhs11868_M,hepatic mesenchymal tumor cell line | CAGE,0.02734375,BigWig,0.5234375,0.55078125,0.02734375,874
CNhs11271_P,hepatoma cell line | CAGE,-0.02734375,BigWig,0.53125,0.50390625,0.02734375,875
CNhs11271_M,hepatoma cell line | CAGE,0.02734375,BigWig,0.53515625,0.5625,0.02734375,876
CNhs11750_M,lens epithelial cell line | CAGE,0.02734375,BigWig,0.51953125,0.546875,0.02734375,877
CNhs11851_P,liposarcoma cell line | CAGE,-0.02734375,BigWig,0.52734375,0.5,0.02734375,878
CNhs10726_M,lung adenocarcinoma cell line | CAGE,0.02734375,BigWig,0.5390625,0.56640625,0.02734375,879
CNhs11852_P,lymphangiectasia cell line | CAGE,-0.02734375,BigWig,0.53125,0.50390625,0.02734375,880
CNhs11718_M,mesenchymal stem cell line | CAGE,0.02734375,BigWig,0.51171875,0.5390625,0.02734375,881
CNhs13061_M,mesothelioma cell line | CAGE,0.02734375,BigWig,0.53125,0.55859375,0.02734375,882
CNhs11276_M,neuroblastoma cell line | CAGE,0.02734375,BigWig,0.51953125,0.546875,0.02734375,883
CNhs12193_M,non-small cell lung cancer cell line | CAGE,0.02734375,BigWig,0.515625,0.54296875,0.02734375,884
CNhs11287_M,oral squamous cell carcinoma cell line | CAGE,0.02734375,BigWig,0.546875,0.57421875,0.02734375,885
CNhs11183_M,schwannoma cell line | CAGE,0.02734375,BigWig,0.51953125,0.546875,0.02734375,886
CNhs11827_P,serous cystadenocarcinoma cell line | CAGE,-0.02734375,BigWig,0.53125,0.50390625,0.02734375,887
CNhs11736_M,small cell gastrointestinal carcinoma cell line | CAGE,0.02734375,BigWig,0.52734375,0.5546875,0.02734375,888
CNhs14238_M,squamous cell lung carcinoma cell line | CAGE,0.02734375,BigWig,0.55859375,0.5859375,0.02734375,889
CNhs11828_M,tridermal teratoma cell line | CAGE,0.02734375,BigWig,0.51171875,0.5390625,0.02734375,890
CNhs12069_P,Adipocyte - perirenal | CAGE,-0.02734375,BigWig,0.52734375,0.5,0.02734375,891
CNhs13216_M,CD14+CD16- Monocytes | CAGE,0.02734375,BigWig,0.54296875,0.5703125,0.02734375,892
CNhs13207_M,CD14-CD16+ Monocytes | CAGE,0.02734375,BigWig,0.51953125,0.546875,0.02734375,893
CNhs13552_M,"CD34 cells differentiated to erythrocyte lineage, biol ",0.02734375,BigWig,0.5625,0.58984375,0.02734375,894
CNhs10853_M,CD4+ T Cells | CAGE,0.02734375,BigWig,0.50390625,0.53125,0.02734375,895
CNhs13205_M,CD4+CD25-CD45RA+ naive conventional T cells | CAGE,0.02734375,BigWig,0.515625,0.54296875,0.02734375,896
CNhs11373_P,Chondrocyte - re diff | CAGE,-0.02734375,BigWig,0.53125,0.50390625,0.02734375,897
CNhs10857_M,Dendritic Cells - plasmacytoid | CAGE,0.02734375,BigWig,0.515625,0.54296875,0.02734375,898
CNhs12342_P,Lens Epithelial Cells | CAGE,-0.02734375,BigWig,0.53515625,0.5078125,0.02734375,899
CNhs13550_P,Mallassez-derived cells | CAGE,-0.02734375,BigWig,0.53125,0.50390625,0.02734375,900
CNhs12538_M,"Mallassez-derived cells,  (MZH3) | CAGE",0.02734375,BigWig,0.51953125,0.546875,0.02734375,901
CNhs11303_P,Melanocyte - light | CAGE,-0.02734375,BigWig,0.53515625,0.5078125,0.02734375,902
CNhs11349_M,Mesenchymal Stem Cells - amniotic membrane | CAGE,0.02734375,BigWig,0.51953125,0.546875,0.02734375,903
CNhs11350_M,Multipotent Cord Blood Unrestricted Somatic Stem Cells,0.02734375,BigWig,0.515625,0.54296875,0.02734375,904
CNhs12074_P,Renal Glomerular Endothelial Cells | CAGE,-0.02734375,BigWig,0.53125,0.50390625,0.02734375,905
CNhs11083_P,Skeletal Muscle Cells | CAGE,-0.02734375,BigWig,0.53125,0.50390625,0.02734375,906
CNhs11084_P,Skeletal muscle cells differentiated into Myotubes - mu,-0.02734375,BigWig,0.53125,0.50390625,0.02734375,907
CNhs11921_M,Smooth Muscle Cells - Uterine | CAGE,0.02734375,BigWig,0.51171875,0.5390625,0.02734375,908
CNhs11334_P,Urothelial Cells | CAGE,-0.02734375,BigWig,0.53125,0.50390625,0.02734375,909
CNhs10843_P,Urothelial cells | CAGE,-0.02734375,BigWig,0.53125,0.50390625,0.02734375,910
CNhs11075_M,"Whole blood (ribopure), donation1 | CAGE",0.02734375,BigWig,0.5234375,0.55078125,0.02734375,911
CNhs13480_P,immature langerhans cells | CAGE,-0.02734375,BigWig,0.53125,0.50390625,0.02734375,912
CNhs12366_M,mesenchymal precursor cell - bone marrow | CAGE,0.02734375,BigWig,0.51953125,0.546875,0.02734375,913
CNhs12377_M,mesenchymal precursor cell - ovarian cancer right ovary,0.02734375,BigWig,0.515625,0.54296875,0.02734375,914
CNhs12520_M,promyelocytes/myelocytes PMC | CAGE,0.02734375,BigWig,0.51171875,0.5390625,0.02734375,915
CNhs12843_M,"artery, adult | CAGE",0.02734375,BigWig,0.53125,0.55859375,0.02734375,916
CNhs11792_P,"breast, adult | CAGE",-0.02734375,BigWig,0.52734375,0.5,0.02734375,917
CNhs12321_P,"caudate nucleus, adult | CAGE",-0.02734375,BigWig,0.53125,0.50390625,0.02734375,918
CNhs13443_P,eye - muscle medial | CAGE,-0.02734375,BigWig,0.5390625,0.51171875,0.02734375,919
CNhs13441_M,eye - muscle superior | CAGE,0.02734375,BigWig,0.55859375,0.5859375,0.02734375,920
CNhs13795_M,hippocampus - adult | CAGE,0.02734375,BigWig,0.54296875,0.5703125,0.02734375,921
CNhs10624_M,"liver, adult, pool1 | CAGE",0.02734375,BigWig,0.6015625,0.62890625,0.02734375,922
CNhs10625_P,"lung, adult, pool1 | CAGE",-0.02734375,BigWig,0.52734375,0.5,0.02734375,923
CNhs11786_M,"lung, right lower lobe, adult | CAGE",0.02734375,BigWig,0.59765625,0.625,0.02734375,924
CNhs12315_P,"medulla oblongata, adult | CAGE",-0.02734375,BigWig,0.53125,0.50390625,0.02734375,925
CNhs10644_P,"nucleus accumbens, adult, pool1 | CAGE",-0.02734375,BigWig,0.53125,0.50390625,0.02734375,926
CNhs14226_M,"parietal cortex, adult | CAGE",0.02734375,BigWig,0.58984375,0.6171875,0.02734375,927
CNhs13797_M,parietal lobe - adult | CAGE,0.02734375,BigWig,0.57421875,0.6015625,0.02734375,928
CNhs10641_P,"parietal lobe, adult, pool1 | CAGE",-0.02734375,BigWig,0.53125,0.50390625,0.02734375,929
CNhs11774_M,"skin, fetal | CAGE",0.02734375,BigWig,0.61328125,0.640625,0.02734375,930
CNhs11773_P,"small intestine, fetal | CAGE",-0.02734375,BigWig,0.52734375,0.5,0.02734375,931
CNhs12227_M,"spinal cord, adult | CAGE",0.02734375,BigWig,0.61328125,0.640625,0.02734375,932
CNhs12852_P,"submaxillary gland, adult | CAGE",-0.02734375,BigWig,0.52734375,0.5,0.02734375,933
CNhs12858_P,"throat, adult | CAGE",-0.02734375,BigWig,0.52734375,0.5,0.02734375,934
CNhs10650_M,"thymus, fetal, pool1 | CAGE",0.02734375,BigWig,0.53125,0.55859375,0.02734375,935
CNhs11763_P,"uterus, fetal | CAGE",-0.02734375,BigWig,0.52734375,0.5,0.02734375,936
GTEX-Y3IK-2826-SM-4WWDW.1,blood vessel | RNA-seq,-0.02734375,BigWig,1.0,0.97265625,0.02734375,937
GTEX-1269C-1826-SM-5N9E1.1,ovary | RNA-seq,-0.02734375,BigWig,1.0,0.97265625,0.02734375,938
GTEX-1399S-2126-SM-5J2MH.1,ovary | RNA-seq,-0.02734375,BigWig,1.0,0.97265625,0.02734375,939
promoter_Tissue_invariant,promoter Tissue invariant,0.02587890625,BED,0.032470703125,0.058349609375,0.02587890625,940
5UTR+,5UTR+,0.02410888671875,BED,0.01202392578125,0.0361328125,0.02410888671875,941
ENCSR346JWH,A673 | DNase-seq,0.0234375,BigWig,0.6328125,0.65625,0.0234375,942
ENCSR747BYL,A673 | Histone ChIP-seq | H3K27me3,0.0234375,BigWig,0.67578125,0.69921875,0.0234375,943
ENCSR000EMB,AG10803 | DNase-seq,0.0234375,BigWig,0.6171875,0.640625,0.0234375,944
ENCSR548MMD,EH | DNase-seq,-0.0234375,BigWig,0.58203125,0.55859375,0.0234375,945
ENCSR269SIA,G401 | DNase-seq,-0.0234375,BigWig,0.70703125,0.68359375,0.0234375,946
ENCSR000DRS,GM12875 | Histone ChIP-seq | H3K4me3,-0.0234375,BigWig,0.78515625,0.76171875,0.0234375,947
ENCSR794OFW,H1 | DNase-seq,-0.0234375,BigWig,0.80859375,0.78515625,0.0234375,948
ENCSR876RGF,H9 | Histone ChIP-seq | H3K27ac,0.0234375,BigWig,0.796875,0.8203125,0.0234375,949
ENCSR333OPW,HCT116 | Histone ChIP-seq | H3K4me3,0.0234375,BigWig,0.62890625,0.65234375,0.0234375,950
ENCSR426UWA,HUES64 | Histone ChIP-seq | H3K36me3,0.0234375,BigWig,0.79296875,0.81640625,0.0234375,951
ENCSR316MNI,HUES64 | Histone ChIP-seq | H3K9me3,0.0234375,BigWig,0.68359375,0.70703125,0.0234375,952
ENCSR000EJS,HeLa-S3 | DNase-seq,-0.0234375,BigWig,0.875,0.8515625,0.0234375,953
ENCSR000EJT,HeLa-S3 | DNase-seq,-0.0234375,BigWig,0.93359375,0.91015625,0.0234375,954
ENCSR000DTY,HeLa-S3 | Histone ChIP-seq | H3K27me3,0.0234375,BigWig,0.8046875,0.828125,0.0234375,955
ENCSR340WQU,HeLa-S3 | Histone ChIP-seq | H3K4me3,0.0234375,BigWig,0.69921875,0.72265625,0.0234375,956
ENCSR575RRX,HepG2 | Histone ChIP-seq | H3K4me3,-0.0234375,BigWig,0.64453125,0.62109375,0.0234375,957
ENCSR000EIP,Ishikawa | DNase-seq,-0.0234375,BigWig,0.8515625,0.828125,0.0234375,958
ENCSR963HAR,Karpas-422 | Histone ChIP-seq | H3K27me3,0.0234375,BigWig,0.8125,0.8359375,0.0234375,959
ENCSR761DLU,MCF-7 | Histone ChIP-seq | H3K27me3,0.0234375,BigWig,0.69921875,0.72265625,0.0234375,960
ENCSR301OGM,NAMALWA | DNase-seq,-0.0234375,BigWig,0.7734375,0.75,0.0234375,961
ENCSR638FRE,OCI-LY3 | Histone ChIP-seq | H3K36me3,-0.0234375,BigWig,0.69140625,0.66796875,0.0234375,962
ENCSR987PNT,RWPE2 | Histone ChIP-seq | H3K27ac,0.0234375,BigWig,0.6015625,0.625,0.0234375,963
ENCSR152QRE,SK-N-MC | Histone ChIP-seq | H3K4me1,0.0234375,BigWig,0.59375,0.6171875,0.0234375,964
ENCSR978CNH,SK-N-SH | Histone ChIP-seq | H3K36me3,-0.0234375,BigWig,0.671875,0.6484375,0.0234375,965
ENCSR511OIE,SU-DHL-6 | Histone ChIP-seq | H3K27me3,0.0234375,BigWig,0.8046875,0.828125,0.0234375,966
ENCSR034LMV,iPS-18c | Histone ChIP-seq | H3K9me3,-0.0234375,BigWig,0.8359375,0.8125,0.0234375,967
ENCSR905TYC,bipolar neuron | Histone ChIP-seq | H3K27ac,0.0234375,BigWig,0.54296875,0.56640625,0.0234375,968
ENCSR000DSF,cardiac myoblast | Histone ChIP-seq | H3K36me3,-0.0234375,BigWig,0.86328125,0.83984375,0.0234375,969
ENCSR931WLE,mesodermal cell | Histone ChIP-seq | H3K27ac,-0.0234375,BigWig,0.66796875,0.64453125,0.0234375,970
ENCSR000DSH,mesodermal cell | Histone ChIP-seq | H3K36me3,-0.0234375,BigWig,0.84375,0.8203125,0.0234375,971
ENCSR000ATI,myotube | Histone ChIP-seq | H3K27me3,0.0234375,BigWig,0.875,0.8984375,0.0234375,972
ENCSR274OIJ,neural progenitor cell | Histone ChIP-seq | H3K4me1,-0.0234375,BigWig,0.67578125,0.65234375,0.0234375,973
ENCSR661MUS,neural progenitor cell | Histone ChIP-seq | H3K4me3,-0.0234375,BigWig,0.625,0.6015625,0.0234375,974
ENCSR486ZKB,neuron | Histone ChIP-seq | H3K36me3,-0.0234375,BigWig,0.8046875,0.78125,0.0234375,975
ENCSR278FVO,neuronal stem cell | DNase-seq,0.0234375,BigWig,0.7734375,0.796875,0.0234375,976
ENCSR799SRL,neuronal stem cell | Histone ChIP-seq | H3K27ac,0.0234375,BigWig,0.8203125,0.84375,0.0234375,977
ENCSR800IIW,neuronal stem cell | Histone ChIP-seq | H3K9me3,-0.0234375,BigWig,0.81640625,0.79296875,0.0234375,978
ENCSR191ZQT,B cell | Histone ChIP-seq | H3K27ac,0.0234375,BigWig,0.66796875,0.69140625,0.0234375,979
ENCSR214VUB,B cell | Histone ChIP-seq | H3K4me1,0.0234375,BigWig,0.67578125,0.69921875,0.0234375,980
ENCSR435WPP,"CD4-positive, CD25-positive, alpha-beta regulatory T ce",-0.0234375,BigWig,0.77734375,0.75390625,0.0234375,981
ENCSR523BMU,"CD4-positive, CD25-positive, alpha-beta regulatory T ce",0.0234375,BigWig,0.66015625,0.68359375,0.0234375,982
ENCSR138DOM,"CD4-positive, alpha-beta T cell | Histone ChIP-seq | H3",0.0234375,BigWig,0.609375,0.6328125,0.0234375,983
ENCSR466XPN,"CD4-positive, alpha-beta T cell | Histone ChIP-seq | H3",0.0234375,BigWig,0.7578125,0.78125,0.0234375,984
ENCSR422LQX,"CD8-positive, alpha-beta T cell | Histone ChIP-seq | H3",0.0234375,BigWig,0.65625,0.6796875,0.0234375,985
ENCSR796CSH,"CD8-positive, alpha-beta T cell | Histone ChIP-seq | H3",0.0234375,BigWig,0.640625,0.6640625,0.0234375,986
ENCSR824PXG,"CD8-positive, alpha-beta T cell | Histone ChIP-seq | H3",0.0234375,BigWig,0.72265625,0.74609375,0.0234375,987
ENCSR366YTD,T-cell | DNase-seq,0.0234375,BigWig,0.734375,0.7578125,0.0234375,988
ENCSR628IRM,T-cell | DNase-seq,0.0234375,BigWig,0.6796875,0.703125,0.0234375,989
ENCSR716VIQ,T-cell | Histone ChIP-seq | H3K36me3,-0.0234375,BigWig,0.80078125,0.77734375,0.0234375,990
ENCSR115GFR,T-cell | Histone ChIP-seq | H3K9me3,0.0234375,BigWig,0.62890625,0.65234375,0.0234375,991
ENCSR170NCG,"common myeloid progenitor, CD34-positive | Histone ChIP",0.0234375,BigWig,0.68359375,0.70703125,0.0234375,992
ENCSR691CSS,"common myeloid progenitor, CD34-positive | Histone ChIP",0.0234375,BigWig,0.57421875,0.59765625,0.0234375,993
ENCSR179MIQ,"common myeloid progenitor, CD34-positive | Histone ChIP",-0.0234375,BigWig,0.62109375,0.59765625,0.0234375,994
ENCSR000ATB,endothelial cell of umbilical vein | Histone ChIP-seq |,0.0234375,BigWig,0.59765625,0.62109375,0.0234375,995
ENCSR910PDW,epithelial cell of prostate | Histone ChIP-seq | H3K27a,0.0234375,BigWig,0.5703125,0.59375,0.0234375,996
ENCSR648GDP,fibroblast of skin of left biceps | DNase-seq,0.0234375,BigWig,0.63671875,0.66015625,0.0234375,997
ENCSR889OUV,foreskin fibroblast | Histone ChIP-seq | H3K36me3,-0.0234375,BigWig,0.93359375,0.91015625,0.0234375,998
ENCSR115BXL,foreskin keratinocyte | Histone ChIP-seq | H3K4me1,0.0234375,BigWig,0.71484375,0.73828125,0.0234375,999
ENCSR227FYJ,foreskin melanocyte | Histone ChIP-seq | H3K27ac,0.0234375,BigWig,0.7578125,0.78125,0.0234375,1000
ENCSR423AKG,foreskin melanocyte | Histone ChIP-seq | H3K4me3,-0.0234375,BigWig,0.66015625,0.63671875,0.0234375,1001
ENCSR113OII,luminal epithelial cell of mammary gland | Histone ChIP,0.0234375,BigWig,0.6953125,0.71875,0.0234375,1002
ENCSR807YQE,mammary epithelial cell | Histone ChIP-seq | H3K4me3,-0.0234375,BigWig,0.64453125,0.62109375,0.0234375,1003
ENCSR519SOC,natural killer cell | Histone ChIP-seq | H3K36me3,-0.0234375,BigWig,0.765625,0.7421875,0.0234375,1004
ENCSR570AUC,natural killer cell | Histone ChIP-seq | H3K4me3,0.0234375,BigWig,0.62109375,0.64453125,0.0234375,1005
ENCSR727TQS,neurosphere | Histone ChIP-seq | H3K4me1,-0.0234375,BigWig,0.6328125,0.609375,0.0234375,1006
ENCSR586POT,neutrophil | Histone ChIP-seq | H3K4me1,0.0234375,BigWig,0.66796875,0.69140625,0.0234375,1007
ENCSR000ELJ,osteoblast | DNase-seq,0.0234375,BigWig,0.90625,0.9296875,0.0234375,1008
ENCSR156XNC,peripheral blood mononuclear cell | Histone ChIP-seq |,0.0234375,BigWig,0.75,0.7734375,0.0234375,1009
ENCSR000ANH,skeletal muscle myoblast | Histone ChIP-seq | H3K36me3,-0.0234375,BigWig,0.765625,0.7421875,0.0234375,1010
ENCSR000ANL,skeletal muscle myoblast | Histone ChIP-seq | H3K9ac,-0.0234375,BigWig,0.65234375,0.62890625,0.0234375,1011
ENCSR651IVN,adrenal gland | Histone ChIP-seq | H3K9me3,0.0234375,BigWig,0.62890625,0.65234375,0.0234375,1012
ENCSR325VOA,aorta | Histone ChIP-seq | H3K4me1,-0.0234375,BigWig,0.69921875,0.67578125,0.0234375,1013
ENCSR848TLB,aorta | Histone ChIP-seq | H3K4me1,-0.0234375,BigWig,0.671875,0.6484375,0.0234375,1014
ENCSR065ZNA,aorta | Histone ChIP-seq | H3K9me3,0.0234375,BigWig,0.75,0.7734375,0.0234375,1015
ENCSR982QIF,ascending aorta | Histone ChIP-seq | H3K27ac,-0.0234375,BigWig,0.6875,0.6640625,0.0234375,1016
ENCSR947POC,brain | DNase-seq,0.0234375,BigWig,0.7265625,0.75,0.0234375,1017
ENCSR143MZL,brain | Histone ChIP-seq | H3K4me3,0.0234375,BigWig,0.640625,0.6640625,0.0234375,1018
ENCSR829NJE,brain | Histone ChIP-seq | H3K9me3,0.0234375,BigWig,0.69921875,0.72265625,0.0234375,1019
ENCSR840KVX,caudate nucleus | Histone ChIP-seq | H3K4me3,0.0234375,BigWig,0.65234375,0.67578125,0.0234375,1020
ENCSR503HIB,cerebellar cortex | DNase-seq,-0.0234375,BigWig,0.6875,0.6640625,0.0234375,1021
ENCSR000EIJ,cerebellum | DNase-seq,-0.0234375,BigWig,0.87109375,0.84765625,0.0234375,1022
ENCSR746ZXP,chorionic villus | Histone ChIP-seq | H3K27me3,0.0234375,BigWig,0.796875,0.8203125,0.0234375,1023
ENCSR671JMQ,chorionic villus | Histone ChIP-seq | H3K9me3,0.0234375,BigWig,0.65625,0.6796875,0.0234375,1024
ENCSR117IJB,cingulate gyrus | Histone ChIP-seq | H3K4me1,-0.0234375,BigWig,0.8203125,0.796875,0.0234375,1025
ENCSR577DVK,colonic mucosa | Histone ChIP-seq | H3K4me3,0.0234375,BigWig,0.6875,0.7109375,0.0234375,1026
ENCSR328KRD,colonic mucosa | Histone ChIP-seq | H3K9ac,0.0234375,BigWig,0.765625,0.7890625,0.0234375,1027
ENCSR957UQS,endocrine pancreas | Histone ChIP-seq | H3K4me3,-0.0234375,BigWig,0.70703125,0.68359375,0.0234375,1028
ENCSR645SYH,esophagus | Histone ChIP-seq | H3K27ac,-0.0234375,BigWig,0.71875,0.6953125,0.0234375,1029
ENCSR677LBH,gastroesophageal sphincter | Histone ChIP-seq | H3K27ac,0.0234375,BigWig,0.62890625,0.65234375,0.0234375,1030
ENCSR575ICR,germinal matrix | Histone ChIP-seq | H3K4me3,0.0234375,BigWig,0.65625,0.6796875,0.0234375,1031
ENCSR000EJQ,heart | DNase-seq,0.0234375,BigWig,0.859375,0.8828125,0.0234375,1032
ENCSR320PGJ,heart | DNase-seq,0.0234375,BigWig,0.703125,0.7265625,0.0234375,1033
ENCSR392GCE,heart | DNase-seq,0.0234375,BigWig,0.66015625,0.68359375,0.0234375,1034
ENCSR621WQY,heart | Histone ChIP-seq | H3K36me3,0.0234375,BigWig,0.76953125,0.79296875,0.0234375,1035
ENCSR480OFK,heart | Histone ChIP-seq | H3K4me1,0.0234375,BigWig,0.76953125,0.79296875,0.0234375,1036
ENCSR712WTM,heart | Histone ChIP-seq | H3K9me3,0.0234375,BigWig,0.66015625,0.68359375,0.0234375,1037
ENCSR385AMY,hindlimb muscle | DNase-seq,0.0234375,BigWig,0.71484375,0.73828125,0.0234375,1038
ENCSR366AOJ,kidney | Histone ChIP-seq | H3K36me3,-0.0234375,BigWig,0.78515625,0.76171875,0.0234375,1039
ENCSR800QGE,large intestine | DNase-seq,-0.0234375,BigWig,0.74609375,0.72265625,0.0234375,1040
ENCSR591JZS,large intestine | Histone ChIP-seq | H3K9me3,-0.0234375,BigWig,0.734375,0.7109375,0.0234375,1041
ENCSR582IPV,lung | DNase-seq,-0.0234375,BigWig,0.64453125,0.62109375,0.0234375,1042
ENCSR067BMB,lung | Histone ChIP-seq | H3K4me1,0.0234375,BigWig,0.6171875,0.640625,0.0234375,1043
ENCSR936FAH,lung | Histone ChIP-seq | H3K4me3,0.0234375,BigWig,0.6484375,0.671875,0.0234375,1044
ENCSR826ZCF,mucosa of rectum | Histone ChIP-seq | H3K4me1,-0.0234375,BigWig,0.6484375,0.625,0.0234375,1045
ENCSR276BXF,mucosa of rectum | Histone ChIP-seq | H3K4me3,0.0234375,BigWig,0.62890625,0.65234375,0.0234375,1046
ENCSR384LKH,mucosa of stomach | Histone ChIP-seq | H3K9ac,0.0234375,BigWig,0.73828125,0.76171875,0.0234375,1047
ENCSR756RGW,muscle layer of colon | Histone ChIP-seq | H3K9ac,0.0234375,BigWig,0.7109375,0.734375,0.0234375,1048
ENCSR805OWG,muscle layer of duodenum | Histone ChIP-seq | H3K27me3,0.0234375,BigWig,0.76953125,0.79296875,0.0234375,1049
ENCSR072NBR,muscle of back | DNase-seq,0.0234375,BigWig,0.6953125,0.71875,0.0234375,1050
ENCSR735SLW,parathyroid adenoma | Histone ChIP-seq | H3K27ac,-0.0234375,BigWig,0.77734375,0.75390625,0.0234375,1051
ENCSR480WMC,placenta | Histone ChIP-seq | H3K4me1,0.0234375,BigWig,0.796875,0.8203125,0.0234375,1052
ENCSR426TPQ,psoas muscle | DNase-seq,0.0234375,BigWig,0.8359375,0.859375,0.0234375,1053
ENCSR656QYL,renal cortex interstitium | DNase-seq,-0.0234375,BigWig,0.75390625,0.73046875,0.0234375,1054
ENCSR621ENC,retina | DNase-seq,0.0234375,BigWig,0.71875,0.7421875,0.0234375,1055
ENCSR791KFQ,right atrium auricular region | Histone ChIP-seq | H3K4,0.0234375,BigWig,0.66015625,0.68359375,0.0234375,1056
ENCSR671BOA,right cardiac atrium | Histone ChIP-seq | H3K4me1,-0.0234375,BigWig,0.78515625,0.76171875,0.0234375,1057
ENCSR860NDZ,small intestine | DNase-seq,-0.0234375,BigWig,0.69140625,0.66796875,0.0234375,1058
ENCSR973MKT,spinal cord | DNase-seq,-0.0234375,BigWig,0.66015625,0.63671875,0.0234375,1059
ENCSR078BHK,spleen | Histone ChIP-seq | H3K36me3,-0.0234375,BigWig,0.81640625,0.79296875,0.0234375,1060
ENCSR197QDK,spleen | Histone ChIP-seq | H3K4me3,0.0234375,BigWig,0.6328125,0.65625,0.0234375,1061
ENCSR511GQA,stomach | DNase-seq,-0.0234375,BigWig,0.72265625,0.69921875,0.0234375,1062
ENCSR582UTE,stomach | Histone ChIP-seq | H3K27ac,0.0234375,BigWig,0.6796875,0.703125,0.0234375,1063
ENCSR447GWQ,stomach | Histone ChIP-seq | H3K9me3,-0.0234375,BigWig,0.94140625,0.91796875,0.0234375,1064
ENCSR199VMI,subcutaneous abdominal adipose tissue | Histone ChIP-se,0.0234375,BigWig,0.58984375,0.61328125,0.0234375,1065
ENCSR632QHJ,subcutaneous abdominal adipose tissue | Histone ChIP-se,-0.0234375,BigWig,0.6640625,0.640625,0.0234375,1066
ENCSR152UWC,subcutaneous abdominal adipose tissue | Histone ChIP-se,0.0234375,BigWig,0.67578125,0.69921875,0.0234375,1067
ENCSR922JMI,subcutaneous abdominal adipose tissue | Histone ChIP-se,0.0234375,BigWig,0.74609375,0.76953125,0.0234375,1068
ENCSR286WUR,subcutaneous abdominal adipose tissue | Histone ChIP-se,-0.0234375,BigWig,0.7578125,0.734375,0.0234375,1069
ENCSR803IBD,thoracic aorta | Histone ChIP-seq | H3K4me1,-0.0234375,BigWig,0.69921875,0.67578125,0.0234375,1070
ENCSR303IKJ,thymus | Histone ChIP-seq | H3K27ac,-0.0234375,BigWig,0.81640625,0.79296875,0.0234375,1071
ENCSR308ZMD,thymus | Histone ChIP-seq | H3K4me3,0.0234375,BigWig,0.6875,0.7109375,0.0234375,1072
ENCSR582PKH,thyroid gland | Histone ChIP-seq | H3K27me3,-0.0234375,BigWig,0.7265625,0.703125,0.0234375,1073
ENCSR611YUJ,tibial nerve | Histone ChIP-seq | H3K27me3,-0.0234375,BigWig,0.734375,0.7109375,0.0234375,1074
CNhs12331_M,B lymphoblastoid cell line | CAGE,0.0234375,BigWig,0.51171875,0.53515625,0.0234375,1075
CNhs11251_M,acute lymphoblastic leukemia (B-ALL) cell line | CAGE,0.0234375,BigWig,0.5078125,0.53125,0.0234375,1076
CNhs13056_M,acute myeloid leukemia (FAB M4eo) cell line | CAGE,0.0234375,BigWig,0.51171875,0.53515625,0.0234375,1077
CNhs10723_M,acute myeloid leukemia (FAB M5) cell line | CAGE,0.0234375,BigWig,0.515625,0.5390625,0.0234375,1078
CNhs10724_M,acute myeloid leukemia (FAB M5) cell line | CAGE,0.0234375,BigWig,0.515625,0.5390625,0.0234375,1079
CNhs11725_M,argyrophil small cell carcinoma cell line | CAGE,0.0234375,BigWig,0.53125,0.5546875,0.0234375,1080
CNhs11845_M,biphenotypic B myelomonocytic leukemia cell line | CAGE,0.0234375,BigWig,0.515625,0.5390625,0.0234375,1081
CNhs11834_P,carcinoid cell line | CAGE,-0.0234375,BigWig,0.52734375,0.50390625,0.0234375,1082
CNhs11288_P,cervical cancer cell line | CAGE,-0.0234375,BigWig,0.52734375,0.50390625,0.0234375,1083
CNhs11288_M,cervical cancer cell line | CAGE,0.0234375,BigWig,0.53515625,0.55859375,0.0234375,1084
CNhs11833_M,chondrosarcoma cell line | CAGE,0.0234375,BigWig,0.5234375,0.546875,0.0234375,1085
CNhs10740_P,choriocarcinoma cell line | CAGE,-0.0234375,BigWig,0.52734375,0.50390625,0.0234375,1086
CNhs11745_P,clear cell carcinoma cell line | CAGE,-0.0234375,BigWig,0.52734375,0.50390625,0.0234375,1087
CNhs10737_M,colon carcinoma cell line | CAGE,0.0234375,BigWig,0.51171875,0.53515625,0.0234375,1088
CNhs11741_M,diffuse large B-cell lymphoma cell line | CAGE,0.0234375,BigWig,0.5078125,0.53125,0.0234375,1089
CNhs11266_P,endometrial carcinoma cell line | CAGE,-0.0234375,BigWig,0.5234375,0.5,0.0234375,1090
CNhs11249_P,endometrial stromal sarcoma cell line | CAGE,-0.0234375,BigWig,0.5234375,0.5,0.0234375,1091
CNhs12325_P,epitheloid carcinoma cell line | CAGE,-0.0234375,BigWig,0.52734375,0.50390625,0.0234375,1092
CNhs11737_P,gastric adenocarcinoma cell line | CAGE,-0.0234375,BigWig,0.52734375,0.50390625,0.0234375,1093
CNhs11819_P,gastric adenocarcinoma cell line | CAGE,-0.0234375,BigWig,0.52734375,0.50390625,0.0234375,1094
CNhs12806_P,large cell lung carcinoma cell line | CAGE,-0.0234375,BigWig,0.52734375,0.50390625,0.0234375,1095
CNhs11723_M,leiomyoma cell line | CAGE,0.0234375,BigWig,0.515625,0.5390625,0.0234375,1096
CNhs11263_P,mesothelioma cell line | CAGE,-0.0234375,BigWig,0.5234375,0.5,0.0234375,1097
CNhs11264_P,mesothelioma cell line | CAGE,-0.0234375,BigWig,0.52734375,0.50390625,0.0234375,1098
CNhs11944_P,mixed mullerian tumor cell line | CAGE,-0.0234375,BigWig,0.52734375,0.50390625,0.0234375,1099
CNhs11821_M,myxofibrosarcoma cell line | CAGE,0.0234375,BigWig,0.5234375,0.546875,0.0234375,1100
CNhs10747_M,non T non B acute lymphoblastic leukemia (ALL) cell lin,0.0234375,BigWig,0.51171875,0.53515625,0.0234375,1101
CNhs11287_P,oral squamous cell carcinoma cell line | CAGE,-0.0234375,BigWig,0.52734375,0.50390625,0.0234375,1102
CNhs11279_M,osteosarcoma cell line | CAGE,0.0234375,BigWig,0.515625,0.5390625,0.0234375,1103
CNhs10741_M,splenic lymphoma with villous lymphocytes cell line | C,0.0234375,BigWig,0.5234375,0.546875,0.0234375,1104
CNhs11749_P,squamous cell carcinoma cell line | CAGE,-0.0234375,BigWig,0.52734375,0.50390625,0.0234375,1105
CNhs14238_P,squamous cell lung carcinoma cell line | CAGE,-0.0234375,BigWig,0.52734375,0.50390625,0.0234375,1106
CNhs11884_P,teratocarcinoma cell line | CAGE,-0.0234375,BigWig,0.52734375,0.50390625,0.0234375,1107
CNhs13469_M,CD14+ monocytes - treated with Group A streptococci | C,0.0234375,BigWig,0.51953125,0.54296875,0.0234375,1108
CNhs10854_M,CD8+ T Cells | CAGE,0.0234375,BigWig,0.50390625,0.52734375,0.0234375,1109
CNhs11380_P,Fibroblast - Lung | CAGE,-0.0234375,BigWig,0.53125,0.5078125,0.0234375,1110
CNhs11953_M,"Fibroblast - Periodontal Ligament,  (PL30) | CAGE",0.0234375,BigWig,0.5078125,0.53125,0.0234375,1111
CNhs10878_P,Fibroblast - Pulmonary Artery | CAGE,-0.0234375,BigWig,0.52734375,0.50390625,0.0234375,1112
CNhs11351_M,Fibroblast - skin normal | CAGE,0.0234375,BigWig,0.51171875,0.53515625,0.0234375,1113
CNhs11979_M,Hair Follicle Dermal Papilla Cells | CAGE,0.0234375,BigWig,0.51953125,0.54296875,0.0234375,1114
CNhs12339_M,Hair Follicle Outer Root Sheath Cells | CAGE,0.0234375,BigWig,0.51953125,0.54296875,0.0234375,1115
CNhs11337_M,Keratocytes | CAGE,0.0234375,BigWig,0.51953125,0.54296875,0.0234375,1116
CNhs12566_P,Mast cell | CAGE,-0.0234375,BigWig,0.53125,0.5078125,0.0234375,1117
CNhs13924_P,"Mast cell, expanded | CAGE",-0.0234375,BigWig,0.52734375,0.50390625,0.0234375,1118
CNhs11346_P,Mesenchymal Stem Cells - hepatic | CAGE,-0.0234375,BigWig,0.53125,0.5078125,0.0234375,1119
CNhs11347_M,Mesenchymal Stem Cells - umbilical | CAGE,0.0234375,BigWig,0.5234375,0.546875,0.0234375,1120
CNhs10859_M,Natural Killer Cells | CAGE,0.0234375,BigWig,0.50390625,0.52734375,0.0234375,1121
CNhs10862_M,Neutrophils | CAGE,0.0234375,BigWig,0.51171875,0.53515625,0.0234375,1122
CNhs12587_P,Perineurial Cells | CAGE,-0.0234375,BigWig,0.52734375,0.50390625,0.0234375,1123
CNhs10860_M,Peripheral Blood Mononuclear Cells | CAGE,0.0234375,BigWig,0.515625,0.5390625,0.0234375,1124
CNhs11086_P,Smooth Muscle Cells - Brachiocephalic | CAGE,-0.0234375,BigWig,0.53125,0.5078125,0.0234375,1125
CNhs11340_M,Trabecular Meshwork Cells | CAGE,0.0234375,BigWig,0.515625,0.5390625,0.0234375,1126
CNhs11092_P,Tracheal Epithelial Cells | CAGE,-0.0234375,BigWig,0.53125,0.5078125,0.0234375,1127
CNhs13914_M,gamma delta positive T cells | CAGE,0.0234375,BigWig,0.5078125,0.53125,0.0234375,1128
CNhs12519_M,granulocyte macrophage progenitor | CAGE,0.0234375,BigWig,0.50390625,0.52734375,0.0234375,1129
CNhs12522_M,neutrophil PMN | CAGE,0.0234375,BigWig,0.51953125,0.54296875,0.0234375,1130
CNhs13445_M,"Fingernail (including nail plate, eponychium and hypony",0.0234375,BigWig,0.63671875,0.66015625,0.0234375,1131
CNhs10612_M,"Universal RNA - Human Normal Tissues Biochain, pool1 |",-0.0234375,BigWig,0.734375,0.7109375,0.0234375,1132
CNhs13464_P,Urethra | CAGE,-0.0234375,BigWig,0.53515625,0.51171875,0.0234375,1133
CNhs10615_P,"adipose tissue, adult, pool1 | CAGE",-0.0234375,BigWig,0.5234375,0.5,0.0234375,1134
CNhs11793_P,"adrenal gland, adult, pool1 | CAGE",-0.0234375,BigWig,0.5234375,0.5,0.0234375,1135
CNhs13793_M,amygdala - adult | CAGE,0.0234375,BigWig,0.56640625,0.58984375,0.0234375,1136
CNhs10647_P,"frontal lobe, adult, pool1 | CAGE",-0.0234375,BigWig,0.52734375,0.50390625,0.0234375,1137
CNhs11758_P,"heart, adult, diseased | CAGE",-0.0234375,BigWig,0.5234375,0.5,0.0234375,1138
CNhs11790_P,"left atrium, adult | CAGE",-0.0234375,BigWig,0.5234375,0.5,0.0234375,1139
CNhs10624_P,"liver, adult, pool1 | CAGE",-0.0234375,BigWig,0.5234375,0.5,0.0234375,1140
CNhs11786_P,"lung, right lower lobe, adult | CAGE",-0.0234375,BigWig,0.5234375,0.5,0.0234375,1141
CNhs13800_M,medulla oblongata - adult | CAGE,0.0234375,BigWig,0.62109375,0.64453125,0.0234375,1142
CNhs12611_P,"olfactory region, adult | CAGE",-0.0234375,BigWig,0.52734375,0.50390625,0.0234375,1143
CNhs13449_M,optic nerve | CAGE,0.0234375,BigWig,0.5546875,0.578125,0.0234375,1144
CNhs12229_M,"pituitary gland, adult | CAGE",0.0234375,BigWig,0.62890625,0.65234375,0.0234375,1145
CNhs11785_P,"skin, adult | CAGE",-0.0234375,BigWig,0.5234375,0.5,0.0234375,1146
CNhs11764_P,"spinal cord, fetal | CAGE",-0.0234375,BigWig,0.5234375,0.5,0.0234375,1147
CNhs13794_M,thalamus - adult | CAGE,0.0234375,BigWig,0.57421875,0.59765625,0.0234375,1148
CNhs11770_P,"throat, fetal | CAGE",-0.0234375,BigWig,0.5234375,0.5,0.0234375,1149
CNhs11676_M,"uterus, adult, pool1 | CAGE",0.0234375,BigWig,0.5390625,0.5625,0.0234375,1150
GTEX-1RAZR-1426-SM-EVR4M.1,esophagus | RNA-seq,-0.0234375,BigWig,1.0,0.9765625,0.0234375,1151
GTEX-14PJ4-2426-SM-6EU1U.1,muscle | RNA-seq,-0.0234375,BigWig,1.0,0.9765625,0.0234375,1152
GTEX-1KXAM-1126-SM-E9TJU.1,prostate | RNA-seq,-0.0234375,BigWig,1.0,0.9765625,0.0234375,1153
GTEX-14PJN-0826-SM-686ZL.1,small intestine | RNA-seq,-0.0234375,BigWig,1.0,0.9765625,0.0234375,1154
GTEX-1PDJ9-1826-SM-E9U66.1,small intestine | RNA-seq,-0.0234375,BigWig,1.0,0.9765625,0.0234375,1155
GTEX-1399U-1626-SM-5P9J3.1,stomach | RNA-seq,-0.0234375,BigWig,1.0,0.9765625,0.0234375,1156
GTEX-13FTX-1026-SM-5J2O5.1,uterus | RNA-seq,-0.0234375,BigWig,1.0,0.9765625,0.0234375,1157
stop_codon,stop codon,0.02197265625,BED,0.06298828125,0.0849609375,0.02197265625,1158
enhancer_Tissue_specific,enhancer Tissue specific,0.01953125,BED,0.470703125,0.490234375,0.01953125,1159
ENCSR391NPE,22Rv1 | Histone ChIP-seq | H3K27ac,0.01953125,BigWig,0.66015625,0.6796875,0.01953125,1160
ENCSR000DPD,A549 | Histone ChIP-seq | H3K4me3,0.01953125,BigWig,0.55078125,0.5703125,0.01953125,1161
ENCSR000ELZ,AG09309 | DNase-seq,-0.01953125,BigWig,0.68359375,0.6640625,0.01953125,1162
ENCSR741STU,DOHH2 | Histone ChIP-seq | H3K27ac,0.01953125,BigWig,0.5625,0.58203125,0.01953125,1163
ENCSR844DRI,ES-I3 | Histone ChIP-seq | H3K36me3,0.01953125,BigWig,0.82421875,0.84375,0.01953125,1164
ENCSR000DRC,GM12865 | Histone ChIP-seq | H3K4me3,-0.01953125,BigWig,0.60546875,0.5859375,0.01953125,1165
ENCSR007YOT,GM23248 | Histone ChIP-seq | H3K27ac,0.01953125,BigWig,0.5703125,0.58984375,0.01953125,1166
ENCSR386RIJ,GM23338 | Histone ChIP-seq | H3K27me3,-0.01953125,BigWig,0.64453125,0.625,0.01953125,1167
ENCSR925LJZ,H1 | Histone ChIP-seq | H3K36me3,0.01953125,BigWig,0.859375,0.87890625,0.01953125,1168
ENCSR814XPE,H1 | Histone ChIP-seq | H3K4me3,-0.01953125,BigWig,0.6171875,0.59765625,0.01953125,1169
ENCSR000DSR,H7 | Histone ChIP-seq | H3K4me3,-0.01953125,BigWig,0.62109375,0.6015625,0.01953125,1170
ENCSR716ZJH,H9 | Histone ChIP-seq | H3K4me3,-0.01953125,BigWig,0.671875,0.65234375,0.01953125,1171
ENCSR179BUC,HCT116 | Histone ChIP-seq | H3K9me3,0.01953125,BigWig,0.66796875,0.6875,0.01953125,1172
ENCSR000FCG,HEK293 | Histone ChIP-seq | H3K4me1,0.01953125,BigWig,0.63671875,0.65625,0.01953125,1173
ENCSR000EMF,HS-27A | DNase-seq,-0.01953125,BigWig,0.73046875,0.7109375,0.01953125,1174
ENCSR262NQD,HUES48 | Histone ChIP-seq | H3K27me3,-0.01953125,BigWig,0.7734375,0.75390625,0.01953125,1175
ENCSR775GZI,HUES48 | Histone ChIP-seq | H3K36me3,0.01953125,BigWig,0.8203125,0.83984375,0.01953125,1176
ENCSR176ABZ,HUES6 | Histone ChIP-seq | H3K4me3,-0.01953125,BigWig,0.625,0.60546875,0.01953125,1177
ENCSR000AOH,HeLa-S3 | Histone ChIP-seq | H3K9ac,0.01953125,BigWig,0.83203125,0.8515625,0.01953125,1178
ENCSR149XIL,HepG2 | DNase-seq,-0.01953125,BigWig,0.76953125,0.75,0.01953125,1179
ENCSR000AMD,HepG2 | Histone ChIP-seq | H3K9ac,-0.01953125,BigWig,0.7578125,0.73828125,0.01953125,1180
ENCSR000ATD,HepG2 | Histone ChIP-seq | H3K9me3,0.01953125,BigWig,0.62890625,0.6484375,0.01953125,1181
ENCSR000DVU,"Jurkat, Clone E6-1 | Histone ChIP-seq | H3K4me3",0.01953125,BigWig,0.609375,0.62890625,0.01953125,1182
ENCSR000EKP,K562 | DNase-seq,0.01953125,BigWig,0.85546875,0.875,0.01953125,1183
ENCSR000AKQ,K562 | Histone ChIP-seq | H3K27me3,-0.01953125,BigWig,0.91796875,0.8984375,0.01953125,1184
ENCSR000AKU,K562 | Histone ChIP-seq | H3K4me3,0.01953125,BigWig,0.6953125,0.71484375,0.01953125,1185
ENCSR058SHN,Karpas-422 | Histone ChIP-seq | H3K9ac,0.01953125,BigWig,0.73828125,0.7578125,0.01953125,1186
ENCSR837SUQ,Loucy | Histone ChIP-seq | H3K36me3,-0.01953125,BigWig,0.69140625,0.671875,0.01953125,1187
ENCSR361FWQ,MM.1S | Histone ChIP-seq | H3K4me3,-0.01953125,BigWig,0.7109375,0.69140625,0.01953125,1188
ENCSR562JTY,NCI-H929 | Histone ChIP-seq | H3K36me3,-0.01953125,BigWig,0.734375,0.71484375,0.01953125,1189
ENCSR913MGR,PC-9 | Histone ChIP-seq | H3K4me1,-0.01953125,BigWig,0.67578125,0.65625,0.01953125,1190
ENCSR000DXU,WERI-Rb-1 | Histone ChIP-seq | H3K4me3,-0.01953125,BigWig,0.5859375,0.56640625,0.01953125,1191
ENCSR681AIW,iPS DF 6.9 | Histone ChIP-seq | H3K9me3,0.01953125,BigWig,0.828125,0.84765625,0.01953125,1192
ENCSR236XRR,iPS-15b | Histone ChIP-seq | H3K4me3,-0.01953125,BigWig,0.69921875,0.6796875,0.01953125,1193
ENCSR499WAQ,iPS-20b | Histone ChIP-seq | H3K36me3,0.01953125,BigWig,0.80078125,0.8203125,0.01953125,1194
ENCSR000EKJ,iPS-NIHi11 | DNase-seq,-0.01953125,BigWig,0.87109375,0.8515625,0.01953125,1195
ENCSR115VDV,adipocyte | Histone ChIP-seq | H3K4me1,0.01953125,BigWig,0.546875,0.56640625,0.01953125,1196
ENCSR000DSK,cardiovascular progenitor cell | Histone ChIP-seq | H3K,-0.01953125,BigWig,0.875,0.85546875,0.01953125,1197
ENCSR690GLT,ectodermal cell | Histone ChIP-seq | H3K27me3,-0.01953125,BigWig,0.71484375,0.6953125,0.01953125,1198
ENCSR823BHO,endodermal cell | Histone ChIP-seq | H3K9me3,0.01953125,BigWig,0.61328125,0.6328125,0.01953125,1199
ENCSR420NOA,hematopoietic multipotent progenitor cell | DNase-seq,-0.01953125,BigWig,0.71484375,0.6953125,0.01953125,1200
ENCSR000AQM,myotube | Histone ChIP-seq | H3K9me3,0.01953125,BigWig,0.78125,0.80078125,0.01953125,1201
ENCSR130IMV,smooth muscle cell | Histone ChIP-seq | H3K4me1,-0.01953125,BigWig,0.66796875,0.6484375,0.01953125,1202
ENCSR515PKY,smooth muscle cell | Histone ChIP-seq | H3K4me3,-0.01953125,BigWig,0.59765625,0.578125,0.01953125,1203
ENCSR564GWG,trophoblast cell | Histone ChIP-seq | H3K4me1,0.01953125,BigWig,0.89453125,0.9140625,0.01953125,1204
ENCSR005WWZ,B cell | Histone ChIP-seq | H3K9me3,0.01953125,BigWig,0.66796875,0.6875,0.01953125,1205
ENCSR000DWM,CD14-positive monocyte | Histone ChIP-seq | H3K27me3,0.01953125,BigWig,0.5546875,0.57421875,0.01953125,1206
ENCSR643GHI,"CD4-positive, alpha-beta T cell | DNase-seq",0.01953125,BigWig,0.69140625,0.7109375,0.01953125,1207
ENCSR561KOM,"CD4-positive, alpha-beta T cell | Histone ChIP-seq | H3",0.01953125,BigWig,0.7109375,0.73046875,0.01953125,1208
ENCSR777RWW,"CD4-positive, alpha-beta T cell | Histone ChIP-seq | H3",0.01953125,BigWig,0.6328125,0.65234375,0.01953125,1209
ENCSR020LUD,"CD8-positive, alpha-beta T cell | DNase-seq",0.01953125,BigWig,0.6328125,0.65234375,0.01953125,1210
ENCSR218OEZ,T-cell | Histone ChIP-seq | H3K4me1,0.01953125,BigWig,0.77734375,0.796875,0.01953125,1211
ENCSR000AOU,astrocyte | Histone ChIP-seq | H3K4me3,0.01953125,BigWig,0.6328125,0.65234375,0.01953125,1212
ENCSR045QJH,"common myeloid progenitor, CD34-positive | Histone ChIP",-0.01953125,BigWig,0.7265625,0.70703125,0.01953125,1213
ENCSR000DVN,endothelial cell of umbilical vein | Histone ChIP-seq |,0.01953125,BigWig,0.62109375,0.640625,0.01953125,1214
ENCSR578QSO,endothelial cell of umbilical vein | Histone ChIP-seq |,0.01953125,BigWig,0.59765625,0.6171875,0.01953125,1215
ENCSR136VLK,fibroblast of breast | Histone ChIP-seq | H3K27me3,0.01953125,BigWig,0.80859375,0.828125,0.01953125,1216
ENCSR347HBG,fibroblast of breast | Histone ChIP-seq | H3K36me3,-0.01953125,BigWig,0.91796875,0.8984375,0.01953125,1217
ENCSR184LMY,fibroblast of skin of back | DNase-seq,-0.01953125,BigWig,0.64453125,0.625,0.01953125,1218
ENCSR562ACY,fibroblast of skin of left biceps | DNase-seq,0.01953125,BigWig,0.61328125,0.6328125,0.01953125,1219
ENCSR000DQA,fibroblast of the aortic adventitia | Histone ChIP-seq,0.01953125,BigWig,0.59765625,0.6171875,0.01953125,1220
ENCSR108NVQ,foreskin fibroblast | Histone ChIP-seq | H3K27ac,0.01953125,BigWig,0.80859375,0.828125,0.01953125,1221
ENCSR917QEH,foreskin fibroblast | Histone ChIP-seq | H3K27ac,0.01953125,BigWig,0.78515625,0.8046875,0.01953125,1222
ENCSR344WLV,foreskin fibroblast | Histone ChIP-seq | H3K4me1,0.01953125,BigWig,0.734375,0.75390625,0.01953125,1223
ENCSR079ZQI,foreskin fibroblast | Histone ChIP-seq | H3K4me3,0.01953125,BigWig,0.67578125,0.6953125,0.01953125,1224
ENCSR000DVE,kidney epithelial cell | Histone ChIP-seq | H3K36me3,-0.01953125,BigWig,0.87890625,0.859375,0.01953125,1225
ENCSR136KEL,kidney glomerular epithelial cell | DNase-seq,-0.01953125,BigWig,0.796875,0.77734375,0.01953125,1226
ENCSR293UEB,luminal epithelial cell of mammary gland | Histone ChIP,0.01953125,BigWig,0.73828125,0.7578125,0.01953125,1227
ENCSR000ALW,mammary epithelial cell | Histone ChIP-seq | H3K27ac,-0.01953125,BigWig,0.62890625,0.609375,0.01953125,1228
ENCSR000DUQ,mammary epithelial cell | Histone ChIP-seq | H3K4me3,-0.01953125,BigWig,0.61328125,0.59375,0.01953125,1229
ENCSR555QHZ,mesenchymal stem cell | Histone ChIP-seq | H3K36me3,-0.01953125,BigWig,0.94140625,0.921875,0.01953125,1230
ENCSR000EXV,mononuclear cell | Histone ChIP-seq | H3K4me1,0.01953125,BigWig,0.671875,0.69140625,0.01953125,1231
ENCSR175HIV,myoepithelial cell of mammary gland | Histone ChIP-seq,0.01953125,BigWig,0.86328125,0.8828125,0.01953125,1232
ENCSR438ZIS,neurosphere | Histone ChIP-seq | H3K27me3,0.01953125,BigWig,0.7890625,0.80859375,0.01953125,1233
ENCSR100QDR,neurosphere | Histone ChIP-seq | H3K4me1,-0.01953125,BigWig,0.6484375,0.62890625,0.01953125,1234
ENCSR741FTW,neurosphere | Histone ChIP-seq | H3K9me3,0.01953125,BigWig,0.69140625,0.7109375,0.01953125,1235
ENCSR615HXA,peripheral blood mononuclear cell | Histone ChIP-seq |,0.01953125,BigWig,0.7578125,0.77734375,0.01953125,1236
ENCSR482QXO,peripheral blood mononuclear cell | Histone ChIP-seq |,0.01953125,BigWig,0.73046875,0.75,0.01953125,1237
ENCSR969DAF,peripheral blood mononuclear cell | Histone ChIP-seq |,0.01953125,BigWig,0.875,0.89453125,0.01953125,1238
ENCSR489TBW,peripheral blood mononuclear cell | Histone ChIP-seq |,0.01953125,BigWig,0.58984375,0.609375,0.01953125,1239
ENCSR000ANI,skeletal muscle myoblast | Histone ChIP-seq | H3K4me1,-0.01953125,BigWig,0.6796875,0.66015625,0.01953125,1240
ENCSR080PZL,adrenal gland | DNase-seq,0.01953125,BigWig,0.671875,0.69140625,0.01953125,1241
ENCSR597NVK,adrenal gland | DNase-seq,-0.01953125,BigWig,0.9453125,0.92578125,0.01953125,1242
ENCSR094VJC,adrenal gland | Histone ChIP-seq | H3K27ac,-0.01953125,BigWig,0.6640625,0.64453125,0.01953125,1243
ENCSR333ZAR,adrenal gland | Histone ChIP-seq | H3K4me1,-0.01953125,BigWig,0.703125,0.68359375,0.01953125,1244
ENCSR249AWJ,amnion | Histone ChIP-seq | H3K4me1,0.01953125,BigWig,0.81640625,0.8359375,0.01953125,1245
ENCSR673JYT,aorta | Histone ChIP-seq | H3K36me3,0.01953125,BigWig,0.8828125,0.90234375,0.01953125,1246
ENCSR524OCB,body of pancreas | DNase-seq,-0.01953125,BigWig,0.8828125,0.86328125,0.01953125,1247
ENCSR344FLH,brain | DNase-seq,0.01953125,BigWig,0.78125,0.80078125,0.01953125,1248
ENCSR034ZKE,breast epithelium | Histone ChIP-seq | H3K27ac,0.01953125,BigWig,0.68359375,0.703125,0.01953125,1249
ENCSR963LVX,chorionic villus | Histone ChIP-seq | H3K27ac,0.01953125,BigWig,0.8359375,0.85546875,0.01953125,1250
ENCSR649FAP,chorionic villus | Histone ChIP-seq | H3K36me3,-0.01953125,BigWig,0.9296875,0.91015625,0.01953125,1251
ENCSR836KDL,chorionic villus | Histone ChIP-seq | H3K36me3,-0.01953125,BigWig,0.94921875,0.9296875,0.01953125,1252
ENCSR957TGI,chorionic villus | Histone ChIP-seq | H3K9me3,0.01953125,BigWig,0.640625,0.66015625,0.01953125,1253
ENCSR485FST,duodenal mucosa | Histone ChIP-seq | H3K9ac,0.01953125,BigWig,0.78125,0.80078125,0.01953125,1254
ENCSR607ARN,esophagus muscularis mucosa | Histone ChIP-seq | H3K4me,0.01953125,BigWig,0.65234375,0.671875,0.01953125,1255
ENCSR000EIK,frontal cortex | DNase-seq,0.01953125,BigWig,0.8359375,0.85546875,0.01953125,1256
ENCSR148FWR,gastrocnemius medialis | Histone ChIP-seq | H3K4me1,-0.01953125,BigWig,0.6953125,0.67578125,0.01953125,1257
ENCSR161HZJ,gastrocnemius medialis | Histone ChIP-seq | H3K4me1,-0.01953125,BigWig,0.6875,0.66796875,0.01953125,1258
ENCSR776EAH,gastrocnemius medialis | Histone ChIP-seq | H3K4me1,-0.01953125,BigWig,0.703125,0.68359375,0.01953125,1259
ENCSR528QDT,germinal matrix | Histone ChIP-seq | H3K4me3,0.01953125,BigWig,0.62890625,0.6484375,0.01953125,1260
ENCSR174JMM,heart | DNase-seq,0.01953125,BigWig,0.6171875,0.63671875,0.01953125,1261
ENCSR676ZKW,heart | Histone ChIP-seq | H3K4me1,0.01953125,BigWig,0.69921875,0.71875,0.01953125,1262
ENCSR066WZJ,kidney | DNase-seq,-0.01953125,BigWig,0.64453125,0.625,0.01953125,1263
ENCSR082JCE,kidney | DNase-seq,-0.01953125,BigWig,0.68359375,0.6640625,0.01953125,1264
ENCSR757EPJ,kidney | DNase-seq,-0.01953125,BigWig,0.66015625,0.640625,0.01953125,1265
ENCSR941DTJ,kidney | DNase-seq,0.01953125,BigWig,0.765625,0.78515625,0.01953125,1266
ENCSR000HPR,kidney | Histone ChIP-seq | H3K9me3,0.01953125,BigWig,0.6484375,0.66796875,0.01953125,1267
ENCSR412NMI,left cardiac atrium | DNase-seq,0.01953125,BigWig,0.75,0.76953125,0.01953125,1268
ENCSR456KDF,left lung | DNase-seq,0.01953125,BigWig,0.63671875,0.65625,0.01953125,1269
ENCSR904LIL,liver | Histone ChIP-seq | H3K27me3,0.01953125,BigWig,0.64453125,0.6640625,0.01953125,1270
ENCSR213DKS,liver | Histone ChIP-seq | H3K36me3,-0.01953125,BigWig,0.9453125,0.92578125,0.01953125,1271
ENCSR351DLF,liver | Histone ChIP-seq | H3K9me3,0.01953125,BigWig,0.64453125,0.6640625,0.01953125,1272
ENCSR214XJO,lung | DNase-seq,0.01953125,BigWig,0.7109375,0.73046875,0.01953125,1273
ENCSR168WTY,muscle layer of duodenum | Histone ChIP-seq | H3K9me3,-0.01953125,BigWig,0.640625,0.62109375,0.01953125,1274
ENCSR452EGE,muscle of arm | DNase-seq,0.01953125,BigWig,0.734375,0.75390625,0.01953125,1275
ENCSR786FWF,muscle of back | DNase-seq,0.01953125,BigWig,0.6796875,0.69921875,0.01953125,1276
ENCSR217YRJ,muscle of trunk | DNase-seq,0.01953125,BigWig,0.71875,0.73828125,0.01953125,1277
ENCSR859CZM,occipital lobe | DNase-seq,-0.01953125,BigWig,0.68359375,0.6640625,0.01953125,1278
ENCSR984UHU,pancreas | Histone ChIP-seq | H3K4me1,-0.01953125,BigWig,0.828125,0.80859375,0.01953125,1279
ENCSR747VED,pancreas | Histone ChIP-seq | H3K4me3,0.01953125,BigWig,0.85546875,0.875,0.01953125,1280
ENCSR033OKS,parathyroid adenoma | Histone ChIP-seq | H3K4me3,-0.01953125,BigWig,0.69140625,0.671875,0.01953125,1281
ENCSR717HIA,placenta | Histone ChIP-seq | H3K27ac,0.01953125,BigWig,0.82421875,0.84375,0.01953125,1282
ENCSR273NXD,placenta | Histone ChIP-seq | H3K27me3,0.01953125,BigWig,0.87109375,0.890625,0.01953125,1283
ENCSR832LMT,placenta | Histone ChIP-seq | H3K36me3,-0.01953125,BigWig,0.94921875,0.9296875,0.01953125,1284
ENCSR410UUH,psoas muscle | Histone ChIP-seq | H3K4me1,-0.01953125,BigWig,0.82421875,0.8046875,0.01953125,1285
ENCSR475HRT,rectal smooth muscle tissue | Histone ChIP-seq | H3K4me,-0.01953125,BigWig,0.69921875,0.6796875,0.01953125,1286
ENCSR580OAH,renal pelvis | DNase-seq,0.01953125,BigWig,0.7734375,0.79296875,0.01953125,1287
ENCSR981UJA,right lobe of liver | Histone ChIP-seq | H3K27ac,0.01953125,BigWig,0.640625,0.66015625,0.01953125,1288
ENCSR344TLI,right lobe of liver | Histone ChIP-seq | H3K4me3,0.01953125,BigWig,0.66015625,0.6796875,0.01953125,1289
ENCSR561YSH,sigmoid colon | Histone ChIP-seq | H3K27ac,0.01953125,BigWig,0.7890625,0.80859375,0.01953125,1290
ENCSR421HUB,sigmoid colon | Histone ChIP-seq | H3K4me3,0.01953125,BigWig,0.6015625,0.62109375,0.01953125,1291
ENCSR737NLJ,sigmoid colon | Histone ChIP-seq | H3K9me3,0.01953125,BigWig,0.7578125,0.77734375,0.01953125,1292
ENCSR429EVA,skeletal muscle tissue | Histone ChIP-seq | H3K9me3,0.01953125,BigWig,0.640625,0.66015625,0.01953125,1293
ENCSR931UQB,small intestine | DNase-seq,-0.01953125,BigWig,0.6875,0.66796875,0.01953125,1294
ENCSR538JMW,small intestine | Histone ChIP-seq | H3K4me1,-0.01953125,BigWig,0.6875,0.66796875,0.01953125,1295
ENCSR679IFH,spleen | DNase-seq,0.01953125,BigWig,0.703125,0.72265625,0.01953125,1296
ENCSR726HTS,spleen | Histone ChIP-seq | H3K27ac,0.01953125,BigWig,0.609375,0.62890625,0.01953125,1297
ENCSR095GWE,stomach | DNase-seq,-0.01953125,BigWig,0.80078125,0.78125,0.01953125,1298
ENCSR172PVJ,stomach | DNase-seq,-0.01953125,BigWig,0.6875,0.66796875,0.01953125,1299
ENCSR246PXX,stomach | DNase-seq,-0.01953125,BigWig,0.7890625,0.76953125,0.01953125,1300
ENCSR282QFE,stomach | DNase-seq,-0.01953125,BigWig,0.6796875,0.66015625,0.01953125,1301
ENCSR245QTD,stomach | Histone ChIP-seq | H3K4me1,-0.01953125,BigWig,0.97265625,0.953125,0.01953125,1302
ENCSR971ETA,stomach smooth muscle | Histone ChIP-seq | H3K27ac,0.01953125,BigWig,0.7890625,0.80859375,0.01953125,1303
ENCSR532FEO,stomach smooth muscle | Histone ChIP-seq | H3K4me3,0.01953125,BigWig,0.68359375,0.703125,0.01953125,1304
ENCSR598AGY,subcutaneous abdominal adipose tissue | Histone ChIP-se,0.01953125,BigWig,0.56640625,0.5859375,0.01953125,1305
ENCSR717AJD,temporal lobe | Histone ChIP-seq | H3K4me3,0.01953125,BigWig,0.65234375,0.671875,0.01953125,1306
ENCSR318HUC,thoracic aorta | Histone ChIP-seq | H3K27ac,-0.01953125,BigWig,0.67578125,0.65625,0.01953125,1307
ENCSR406VUH,thymus | Histone ChIP-seq | H3K9me3,-0.01953125,BigWig,0.94921875,0.9296875,0.01953125,1308
ENCSR504WYA,transverse colon | DNase-seq,-0.01953125,BigWig,0.8203125,0.80078125,0.01953125,1309
ENCSR749ABB,transverse colon | Histone ChIP-seq | H3K36me3,0.01953125,BigWig,0.75,0.76953125,0.01953125,1310
ENCSR482KJD,trophoblast | Histone ChIP-seq | H3K36me3,-0.01953125,BigWig,0.7734375,0.75390625,0.01953125,1311
ENCSR506QLL,trophoblast | Histone ChIP-seq | H3K4me1,0.01953125,BigWig,0.84765625,0.8671875,0.01953125,1312
CNhs10739_M,Burkitt's lymphoma cell line | CAGE,0.01953125,BigWig,0.5078125,0.52734375,0.01953125,1313
CNhs11892_P,Wilms' tumor cell line | CAGE,-0.01953125,BigWig,0.5234375,0.50390625,0.01953125,1314
CNhs11282_M,acute lymphoblastic leukemia (B-ALL) cell line | CAGE,0.01953125,BigWig,0.5078125,0.52734375,0.01953125,1315
CNhs13502_M,acute myeloid leukemia (FAB M2) cell line | CAGE,0.01953125,BigWig,0.5234375,0.54296875,0.01953125,1316
CNhs10722_M,acute myeloid leukemia (FAB M5) cell line | CAGE,0.01953125,BigWig,0.51953125,0.5390625,0.01953125,1317
CNhs10745_M,anaplastic carcinoma cell line | CAGE,0.01953125,BigWig,0.515625,0.53515625,0.01953125,1318
CNhs11881_P,anaplastic large cell lymphoma cell line | CAGE,-0.01953125,BigWig,0.5234375,0.50390625,0.01953125,1319
CNhs10744_M,b cell line | CAGE,0.01953125,BigWig,0.51953125,0.5390625,0.01953125,1320
CNhs11930_P,clear cell carcinoma cell line | CAGE,-0.01953125,BigWig,0.5234375,0.50390625,0.01953125,1321
CNhs10743_P,epidermoid carcinoma cell line | CAGE,-0.01953125,BigWig,0.5234375,0.50390625,0.01953125,1322
CNhs10733_P,gall bladder carcinoma cell line | CAGE,-0.01953125,BigWig,0.51953125,0.5,0.01953125,1323
CNhs14241_M,gastric cancer cell line | CAGE,0.01953125,BigWig,0.52734375,0.546875,0.01953125,1324
CNhs11824_P,glassy cell carcinoma cell line | CAGE,-0.01953125,BigWig,0.5234375,0.50390625,0.01953125,1325
CNhs11742_M,hepatoblastoma cell line | CAGE,0.01953125,BigWig,0.515625,0.53515625,0.01953125,1326
CNhs11825_P,large cell non-keratinizing squamous carcinoma cell lin,-0.01953125,BigWig,0.51953125,0.5,0.01953125,1327
CNhs12191_M,mesodermal tumor cell line | CAGE,0.01953125,BigWig,0.51171875,0.53125,0.01953125,1328
CNhs11258_P,myeloma cell line | CAGE,-0.01953125,BigWig,0.5234375,0.50390625,0.01953125,1329
CNhs11811_M,neuroblastoma cell line | CAGE,0.01953125,BigWig,0.51171875,0.53125,0.01953125,1330
CNhs11950_P,normal intestinal epithelial cell line | CAGE,-0.01953125,BigWig,0.51953125,0.5,0.01953125,1331
CNhs11717_P,oral squamous cell carcinoma cell line | CAGE,-0.01953125,BigWig,0.51953125,0.5,0.01953125,1332
CNhs11810_P,oral squamous cell carcinoma cell line | CAGE,-0.01953125,BigWig,0.5234375,0.50390625,0.01953125,1333
CNhs11290_M,osteosarcoma cell line | CAGE,0.01953125,BigWig,0.5234375,0.54296875,0.01953125,1334
CNhs11856_P,pagetoid sarcoma cell line | CAGE,-0.01953125,BigWig,0.5234375,0.50390625,0.01953125,1335
CNhs11243_P,prostate cancer cell line | CAGE,-0.01953125,BigWig,0.5234375,0.50390625,0.01953125,1336
CNhs11260_P,prostate cancer cell line | CAGE,-0.01953125,BigWig,0.5234375,0.50390625,0.01953125,1337
CNhs10729_P,renal cell carcinoma cell line | CAGE,-0.01953125,BigWig,0.5234375,0.50390625,0.01953125,1338
CNhs11257_P,renal cell carcinoma cell line | CAGE,-0.01953125,BigWig,0.51953125,0.5,0.01953125,1339
CNhs13099_M,serous adenocarcinoma cell line | CAGE,0.01953125,BigWig,0.51171875,0.53125,0.01953125,1340
CNhs11885_P,small cell cervical cancer cell line | CAGE,-0.01953125,BigWig,0.5234375,0.50390625,0.01953125,1341
CNhs11273_P,squamous cell lung carcinoma cell line | CAGE,-0.01953125,BigWig,0.5234375,0.50390625,0.01953125,1342
CNhs11876_P,testicular germ cell embryonal carcinoma cell line | CA,-0.01953125,BigWig,0.5234375,0.50390625,0.01953125,1343
CNhs11883_P,tubular adenocarcinoma cell line | CAGE,-0.01953125,BigWig,0.51953125,0.5,0.01953125,1344
CNhs10876_P,Anulus Pulposus Cell | CAGE,-0.01953125,BigWig,0.5234375,0.50390625,0.01953125,1345
CNhs13473_M,CD14+ monocytes - treated with Candida | CAGE,0.01953125,BigWig,0.51953125,0.5390625,0.01953125,1346
CNhs13208_M,CD14+CD16+ Monocytes | CAGE,0.01953125,BigWig,0.53125,0.55078125,0.01953125,1347
CNhs12175_M,"CD19+ B Cells (pluriselect), donation2 | CAGE",0.01953125,BigWig,0.515625,0.53515625,0.01953125,1348
CNhs13235_M,CD4+CD25+CD45RA+ naive regulatory T cells | CAGE,0.01953125,BigWig,0.51171875,0.53125,0.01953125,1349
CNhs13237_M,CD4+CD25-CD45RA- memory conventional T cells | CAGE,0.01953125,BigWig,0.51171875,0.53125,0.01953125,1350
CNhs10865_P,Endothelial Cells - Lymphatic | CAGE,-0.01953125,BigWig,0.51953125,0.5,0.01953125,1351
CNhs11926_P,Endothelial Cells - Thoracic | CAGE,-0.01953125,BigWig,0.51953125,0.5,0.01953125,1352
CNhs11926_M,Endothelial Cells - Thoracic | CAGE,0.01953125,BigWig,0.51953125,0.5390625,0.01953125,1353
CNhs11377_P,Endothelial Cells - Vein | CAGE,-0.01953125,BigWig,0.5234375,0.50390625,0.01953125,1354
CNhs11323_P,Esophageal Epithelial Cells | CAGE,-0.01953125,BigWig,0.5234375,0.50390625,0.01953125,1355
CNhs11323_M,Esophageal Epithelial Cells | CAGE,0.01953125,BigWig,0.54296875,0.5625,0.01953125,1356
CNhs11378_P,Fibroblast - Cardiac | CAGE,-0.01953125,BigWig,0.5234375,0.50390625,0.01953125,1357
CNhs11339_P,Fibroblast - Conjunctival | CAGE,-0.01953125,BigWig,0.52734375,0.5078125,0.01953125,1358
CNhs11322_M,Fibroblast - Lymphatic | CAGE,0.01953125,BigWig,0.515625,0.53515625,0.01953125,1359
CNhs11996_P,"Fibroblast - Periodontal Ligament,  (PLH3) | CAGE",-0.01953125,BigWig,0.51953125,0.5,0.01953125,1360
CNhs11352_M,Fibroblast - skin walker warburg | CAGE,0.01953125,BigWig,0.5078125,0.52734375,0.01953125,1361
CNhs11903_P,"Gingival epithelial cells,  (GEA15) | CAGE",-0.01953125,BigWig,0.5234375,0.50390625,0.01953125,1362
CNhs12596_P,Iris Pigment Epithelial Cells | CAGE,-0.01953125,BigWig,0.52734375,0.5078125,0.01953125,1363
CNhs10879_P,Keratinocyte - oral | CAGE,-0.01953125,BigWig,0.5234375,0.50390625,0.01953125,1364
CNhs11073_M,Mast cell - stimulated | CAGE,0.01953125,BigWig,0.515625,0.53515625,0.01953125,1365
CNhs11345_M,Mesenchymal Stem Cells - adipose | CAGE,0.01953125,BigWig,0.51953125,0.5390625,0.01953125,1366
CNhs10844_M,Mesenchymal stem cells - adipose | CAGE,0.01953125,BigWig,0.52734375,0.546875,0.01953125,1367
CNhs12586_P,Oligodendrocyte - precursors | CAGE,-0.01953125,BigWig,0.5234375,0.50390625,0.01953125,1368
CNhs11082_P,Preadipocyte - visceral | CAGE,-0.01953125,BigWig,0.52734375,0.5078125,0.01953125,1369
CNhs11331_P,Renal Cortical Epithelial Cells | CAGE,-0.01953125,BigWig,0.5234375,0.50390625,0.01953125,1370
CNhs10847_P,Sebocyte | CAGE,-0.01953125,BigWig,0.5234375,0.50390625,0.01953125,1371
CNhs10851_M,Sertoli Cells | CAGE,0.01953125,BigWig,0.515625,0.53515625,0.01953125,1372
CNhs10863_P,Smooth Muscle Cells - Brain Vascular | CAGE,-0.01953125,BigWig,0.51953125,0.5,0.01953125,1373
CNhs10839_M,Smooth Muscle Cells - Umbilical artery | CAGE,0.01953125,BigWig,0.515625,0.53515625,0.01953125,1374
CNhs11948_M,"Whole blood (ribopure), donation3 | CAGE",0.01953125,BigWig,0.53515625,0.5546875,0.01953125,1375
CNhs12558_P,mature adipocyte | CAGE,-0.01953125,BigWig,0.51953125,0.5,0.01953125,1376
CNhs13458_P,Skin - palm | CAGE,-0.01953125,BigWig,0.52734375,0.5078125,0.01953125,1377
CNhs10616_P,"bladder, adult, pool1 | CAGE",-0.01953125,BigWig,0.51953125,0.5,0.01953125,1378
CNhs12845_P,"bone marrow, adult | CAGE",-0.01953125,BigWig,0.5234375,0.50390625,0.01953125,1379
CNhs13802_M,caudate nucleus - adult | CAGE,0.01953125,BigWig,0.56640625,0.5859375,0.01953125,1380
CNhs11779_P,"diaphragm, fetal | CAGE",-0.01953125,BigWig,0.51953125,0.5,0.01953125,1381
CNhs10648_P,"dura mater, adult | CAGE",-0.01953125,BigWig,0.5234375,0.50390625,0.01953125,1382
CNhs13442_P,eye - muscle lateral | CAGE,-0.01953125,BigWig,0.52734375,0.5078125,0.01953125,1383
CNhs13440_P,eye - vitreous humor | CAGE,-0.01953125,BigWig,0.52734375,0.5078125,0.01953125,1384
CNhs12856_P,"heart - pulmonic valve, adult | CAGE",-0.01953125,BigWig,0.53125,0.51171875,0.01953125,1385
CNhs12857_P,"heart - tricuspid valve, adult | CAGE",-0.01953125,BigWig,0.5234375,0.50390625,0.01953125,1386
CNhs10646_P,"insula, adult, pool1 | CAGE",-0.01953125,BigWig,0.5234375,0.50390625,0.01953125,1387
CNhs13796_M,medial frontal gyrus - adult | CAGE,0.01953125,BigWig,0.55859375,0.578125,0.01953125,1388
CNhs12310_P,"medial frontal gyrus, adult | CAGE",-0.01953125,BigWig,0.5234375,0.50390625,0.01953125,1389
CNhs14079_P,"medulla oblongata, newborn | CAGE",-0.01953125,BigWig,0.51953125,0.5,0.01953125,1390
CNhs13449_P,optic nerve | CAGE,-0.01953125,BigWig,0.52734375,0.5078125,0.01953125,1391
CNhs12229_P,"pituitary gland, adult | CAGE",-0.01953125,BigWig,0.5234375,0.50390625,0.01953125,1392
CNhs10640_P,"pons, adult, pool1 | CAGE",-0.01953125,BigWig,0.5234375,0.50390625,0.01953125,1393
CNhs10629_P,"skeletal muscle, adult, pool1 | CAGE",-0.01953125,BigWig,0.5234375,0.50390625,0.01953125,1394
CNhs11785_M,"skin, adult | CAGE",0.01953125,BigWig,0.53515625,0.5546875,0.01953125,1395
CNhs11773_M,"small intestine, fetal | CAGE",0.01953125,BigWig,0.53125,0.55078125,0.01953125,1396
CNhs11755_P,"smooth muscle, adult, pool1 | CAGE",-0.01953125,BigWig,0.51953125,0.5,0.01953125,1397
CNhs10651_P,"spleen, fetal, pool1 | CAGE",-0.01953125,BigWig,0.51953125,0.5,0.01953125,1398
CNhs12854_M,"vagina, adult | CAGE",0.01953125,BigWig,0.53515625,0.5546875,0.01953125,1399
GTEX-U4B1-1226-SM-4DXT7.1,bladder | RNA-seq,-0.01953125,BigWig,1.0,0.98046875,0.01953125,1400
GTEX-13FTY-0011-R11a-SM-5IJEA.1,brain | RNA-seq,-0.01953125,BigWig,1.0,0.98046875,0.01953125,1401
GTEX-13W3W-2226-SM-5LU4M.1,colon | RNA-seq,-0.01953125,BigWig,1.0,0.98046875,0.01953125,1402
GTEX-14DAR-0726-SM-5RQIA.1,esophagus | RNA-seq,-0.01953125,BigWig,1.0,0.98046875,0.01953125,1403
GTEX-1IDJU-1526-SM-CNNR3.1,stomach | RNA-seq,-0.01953125,BigWig,1.0,0.98046875,0.01953125,1404
3UTR-,3UTR-,-0.01904296875,BED,0.1142578125,0.09521484375,0.01904296875,1405
ENCSR777CQW,22Rv1 | Histone ChIP-seq | H3K27ac,0.015625,BigWig,0.66796875,0.68359375,0.015625,1406
ENCSR000EIW,AG08396 | DNase-seq,0.015625,BigWig,0.8671875,0.8828125,0.015625,1407
ENCSR279KIX,C4-2B | Histone ChIP-seq | H3K27ac,0.015625,BigWig,0.74609375,0.76171875,0.015625,1408
ENCSR000DQL,Caco-2 | Histone ChIP-seq | H3K27me3,0.015625,BigWig,0.8125,0.828125,0.015625,1409
ENCSR000DQM,Caco-2 | Histone ChIP-seq | H3K4me3,-0.015625,BigWig,0.5859375,0.5703125,0.015625,1410
ENCSR564VIX,DND-41 | Histone ChIP-seq | H3K4me3,0.015625,BigWig,0.65234375,0.66796875,0.015625,1411
ENCSR000ARY,DND-41 | Histone ChIP-seq | H3K9ac,-0.015625,BigWig,0.71484375,0.69921875,0.015625,1412
ENCSR730FLZ,ES-I3 | Histone ChIP-seq | H3K4me1,-0.015625,BigWig,0.68359375,0.66796875,0.015625,1413
ENCSR000DQV,GM06990 | Histone ChIP-seq | H3K4me3,-0.015625,BigWig,0.59375,0.578125,0.015625,1414
ENCSR000AKF,GM12878 | Histone ChIP-seq | H3K4me1,0.015625,BigWig,0.68359375,0.69921875,0.015625,1415
ENCSR000AKH,GM12878 | Histone ChIP-seq | H3K9ac,-0.015625,BigWig,0.71484375,0.69921875,0.015625,1416
ENCSR000EJI,GM18507 | DNase-seq,-0.015625,BigWig,0.89453125,0.87890625,0.015625,1417
ENCSR657DYL,GM23338 | Histone ChIP-seq | H3K4me3,-0.015625,BigWig,0.58984375,0.57421875,0.015625,1418
ENCSR000EMU,H1 | DNase-seq,-0.015625,BigWig,0.91015625,0.89453125,0.015625,1419
ENCSR395USV,H1 | Histone ChIP-seq | H3K9me3,-0.015625,BigWig,0.69921875,0.68359375,0.015625,1420
ENCSR000EJO,H7 | DNase-seq,0.015625,BigWig,0.89453125,0.91015625,0.015625,1421
ENCSR000EJP,H9 | DNase-seq,-0.015625,BigWig,0.8359375,0.8203125,0.015625,1422
ENCSR754VAJ,H9 | Histone ChIP-seq | H3K27me3,-0.015625,BigWig,0.6953125,0.6796875,0.015625,1423
ENCSR000EUS,HCT116 | Histone ChIP-seq | H3K4me1,0.015625,BigWig,0.6484375,0.6640625,0.015625,1424
ENCSR093SHE,HCT116 | Histone ChIP-seq | H3K9ac,0.015625,BigWig,0.68359375,0.69921875,0.015625,1425
ENCSR888OSH,HUES48 | Histone ChIP-seq | H3K4me1,0.015625,BigWig,0.68359375,0.69921875,0.015625,1426
ENCSR583ALI,HUES6 | Histone ChIP-seq | H3K9ac,0.015625,BigWig,0.8203125,0.8359375,0.015625,1427
ENCSR000DUA,HeLa-S3 | Histone ChIP-seq | H3K4me3,0.015625,BigWig,0.65625,0.671875,0.015625,1428
ENCSR000EJV,HepG2 | DNase-seq,-0.015625,BigWig,0.91796875,0.90234375,0.015625,1429
ENCSR437ORF,IMR-90 | Histone ChIP-seq | H3K36me3,-0.015625,BigWig,0.91015625,0.89453125,0.015625,1430
ENCSR000EKQ,K562 | DNase-seq,0.015625,BigWig,0.859375,0.875,0.015625,1431
ENCSR000EWA,K562 | Histone ChIP-seq | H3K4me3,0.015625,BigWig,0.828125,0.84375,0.015625,1432
ENCSR000AKV,K562 | Histone ChIP-seq | H3K9ac,0.015625,BigWig,0.73046875,0.74609375,0.015625,1433
ENCSR521AIV,KMS-11 | Histone ChIP-seq | H3K9ac,-0.015625,BigWig,0.6875,0.671875,0.015625,1434
ENCSR314EZY,L1-S8 | DNase-seq,-0.015625,BigWig,0.6484375,0.6328125,0.015625,1435
ENCSR752UOD,MCF-7 | Histone ChIP-seq | H3K27ac,0.015625,BigWig,0.64453125,0.66015625,0.015625,1436
ENCSR000EWQ,MCF-7 | Histone ChIP-seq | H3K9me3,0.015625,BigWig,0.703125,0.71875,0.015625,1437
ENCSR094VCE,MM.1S | Histone ChIP-seq | H3K4me1,0.015625,BigWig,0.73046875,0.74609375,0.015625,1438
ENCSR662HMO,NAMALWA | DNase-seq,-0.015625,BigWig,0.7421875,0.7265625,0.015625,1439
ENCSR000EWZ,NT2/D1 | Histone ChIP-seq | H3K9me3,0.015625,BigWig,0.73828125,0.75390625,0.015625,1440
ENCSR581LZU,OCI-LY3 | Histone ChIP-seq | H3K4me1,0.015625,BigWig,0.61328125,0.62890625,0.015625,1441
ENCSR548PZS,OCI-LY3 | Histone ChIP-seq | H3K4me3,-0.015625,BigWig,0.6171875,0.6015625,0.015625,1442
ENCSR996GHD,OCI-LY3 | Histone ChIP-seq | H3K9ac,-0.015625,BigWig,0.65625,0.640625,0.015625,1443
ENCSR826UTD,PC-3 | Histone ChIP-seq | H3K27ac,0.015625,BigWig,0.6171875,0.6328125,0.015625,1444
ENCSR620WAR,SJSA1 | DNase-seq,-0.015625,BigWig,0.6796875,0.6640625,0.015625,1445
ENCSR316KHQ,SU-DHL-6 | Histone ChIP-seq | H3K36me3,-0.015625,BigWig,0.63671875,0.62109375,0.015625,1446
ENCSR505OPZ,iPS DF 19.11 | Histone ChIP-seq | H3K27ac,0.015625,BigWig,0.78515625,0.80078125,0.015625,1447
ENCSR888WZL,iPS DF 19.11 | Histone ChIP-seq | H3K4me3,0.015625,BigWig,0.87109375,0.88671875,0.015625,1448
ENCSR467FMR,iPS-18a | Histone ChIP-seq | H3K36me3,0.015625,BigWig,0.79296875,0.80859375,0.015625,1449
ENCSR792NZO,iPS-18c | Histone ChIP-seq | H3K4me3,-0.015625,BigWig,0.80859375,0.79296875,0.015625,1450
ENCSR000EKK,iPS-NIHi7 | DNase-seq,-0.015625,BigWig,0.890625,0.875,0.015625,1451
ENCSR472SEY,bipolar neuron | Histone ChIP-seq | H3K27me3,-0.015625,BigWig,0.796875,0.78125,0.015625,1452
ENCSR000DSG,cardiovascular progenitor cell | Histone ChIP-seq | H3K,0.015625,BigWig,0.8359375,0.8515625,0.015625,1453
ENCSR677EZB,endodermal cell | Histone ChIP-seq | H3K36me3,0.015625,BigWig,0.76953125,0.78515625,0.015625,1454
ENCSR000EMK,hematopoietic multipotent progenitor cell | DNase-seq,0.015625,BigWig,0.63671875,0.65234375,0.015625,1455
ENCSR328UMC,hematopoietic multipotent progenitor cell | DNase-seq,0.015625,BigWig,0.8125,0.828125,0.015625,1456
ENCSR845CFB,hematopoietic multipotent progenitor cell | DNase-seq,-0.015625,BigWig,0.64453125,0.62890625,0.015625,1457
ENCSR850ODD,hepatocyte | Histone ChIP-seq | H3K9ac,0.015625,BigWig,0.65625,0.671875,0.015625,1458
ENCSR701KJD,mesenchymal stem cell | Histone ChIP-seq | H3K9ac,0.015625,BigWig,0.8046875,0.8203125,0.015625,1459
ENCSR714DIF,mesendoderm | DNase-seq,-0.015625,BigWig,0.6875,0.671875,0.015625,1460
ENCSR144RXL,mesendoderm | Histone ChIP-seq | H3K36me3,0.015625,BigWig,0.87890625,0.89453125,0.015625,1461
ENCSR573CWZ,neural progenitor cell | Histone ChIP-seq | H3K36me3,-0.015625,BigWig,0.6484375,0.6328125,0.015625,1462
ENCSR842NGQ,neuroepithelial stem cell | Histone ChIP-seq | H3K27ac,0.015625,BigWig,0.6953125,0.7109375,0.015625,1463
ENCSR314WYC,neuron | Histone ChIP-seq | H3K4me3,-0.015625,BigWig,0.66015625,0.64453125,0.015625,1464
ENCSR035DUS,trophoblast cell | Histone ChIP-seq | H3K4me1,0.015625,BigWig,0.87890625,0.89453125,0.015625,1465
ENCSR404MOX,B cell | Histone ChIP-seq | H3K27me3,0.015625,BigWig,0.8359375,0.8515625,0.015625,1466
ENCSR424XBP,B cell | Histone ChIP-seq | H3K36me3,-0.015625,BigWig,0.73828125,0.72265625,0.015625,1467
ENCSR000EQK,"CD4-positive, CD25-positive, alpha-beta regulatory T ce",-0.015625,BigWig,0.7109375,0.6953125,0.015625,1468
ENCSR630LQO,"CD4-positive, CD25-positive, alpha-beta regulatory T ce",0.015625,BigWig,0.765625,0.78125,0.015625,1469
ENCSR828WZG,"CD4-positive, alpha-beta T cell | Histone ChIP-seq | H3",-0.015625,BigWig,0.765625,0.75,0.015625,1470
ENCSR877ZUK,"CD4-positive, alpha-beta T cell | Histone ChIP-seq | H3",-0.015625,BigWig,0.7578125,0.7421875,0.015625,1471
ENCSR852FRR,"CD4-positive, alpha-beta T cell | Histone ChIP-seq | H3",0.015625,BigWig,0.6171875,0.6328125,0.015625,1472
ENCSR782NOO,"CD8-positive, alpha-beta T cell | Histone ChIP-seq | H3",-0.015625,BigWig,0.80078125,0.78515625,0.015625,1473
ENCSR414IHC,T-cell | DNase-seq,0.015625,BigWig,0.7578125,0.7734375,0.015625,1474
ENCSR395YXN,T-cell | Histone ChIP-seq | H3K4me3,0.015625,BigWig,0.6875,0.703125,0.015625,1475
ENCSR041UZZ,T-helper 17 cell | Histone ChIP-seq | H3K27ac,0.015625,BigWig,0.671875,0.6875,0.015625,1476
ENCSR000DXJ,bronchial epithelial cell | Histone ChIP-seq | H3K4me3,-0.015625,BigWig,0.5859375,0.5703125,0.015625,1477
ENCSR891KSP,"common myeloid progenitor, CD34-positive | Histone ChIP",0.015625,BigWig,0.70703125,0.72265625,0.015625,1478
ENCSR011QFP,"common myeloid progenitor, CD34-positive | Histone ChIP",0.015625,BigWig,0.76171875,0.77734375,0.015625,1479
ENCSR000DVM,endothelial cell of umbilical vein | Histone ChIP-seq |,-0.015625,BigWig,0.90625,0.890625,0.015625,1480
ENCSR000ELD,epidermal melanocyte | DNase-seq,0.015625,BigWig,0.80078125,0.81640625,0.015625,1481
ENCSR579YLO,fibroblast of breast | Histone ChIP-seq | H3K27ac,0.015625,BigWig,0.578125,0.59375,0.015625,1482
ENCSR728GTL,fibroblast of breast | Histone ChIP-seq | H3K36me3,-0.015625,BigWig,0.66796875,0.65234375,0.015625,1483
ENCSR822ZIG,foreskin fibroblast | Histone ChIP-seq | H3K27ac,0.015625,BigWig,0.83203125,0.84765625,0.015625,1484
ENCSR813CFB,foreskin fibroblast | Histone ChIP-seq | H3K4me3,0.015625,BigWig,0.80078125,0.81640625,0.015625,1485
ENCSR666TFS,foreskin keratinocyte | Histone ChIP-seq | H3K27ac,0.015625,BigWig,0.72265625,0.73828125,0.015625,1486
ENCSR801FWU,foreskin melanocyte | Histone ChIP-seq | H3K36me3,-0.015625,BigWig,0.953125,0.9375,0.015625,1487
ENCSR382VAU,foreskin melanocyte | Histone ChIP-seq | H3K4me1,0.015625,BigWig,0.796875,0.8125,0.015625,1488
ENCSR004AKD,mesenchymal stem cell | Histone ChIP-seq | H3K4me3,-0.015625,BigWig,0.5625,0.546875,0.015625,1489
ENCSR000EXU,mononuclear cell | Histone ChIP-seq | H3K9me3,0.015625,BigWig,0.56640625,0.58203125,0.015625,1490
ENCSR287YDU,myoepithelial cell of mammary gland | Histone ChIP-seq,-0.015625,BigWig,0.67578125,0.66015625,0.015625,1491
ENCSR939JZW,natural killer cell | Histone ChIP-seq | H3K27me3,0.015625,BigWig,0.79296875,0.80859375,0.015625,1492
ENCSR765SCM,neurosphere | Histone ChIP-seq | H3K36me3,0.015625,BigWig,0.7734375,0.7890625,0.015625,1493
ENCSR409RGJ,neurosphere | Histone ChIP-seq | H3K4me1,-0.015625,BigWig,0.640625,0.625,0.015625,1494
ENCSR267YXV,neutrophil | Histone ChIP-seq | H3K27ac,-0.015625,BigWig,0.7109375,0.6953125,0.015625,1495
ENCSR254XTB,neutrophil | Histone ChIP-seq | H3K27me3,0.015625,BigWig,0.80859375,0.82421875,0.015625,1496
ENCSR826VJY,neutrophil | Histone ChIP-seq | H3K4me1,0.015625,BigWig,0.671875,0.6875,0.015625,1497
ENCSR393SYU,neutrophil | Histone ChIP-seq | H3K4me3,-0.015625,BigWig,0.66796875,0.65234375,0.015625,1498
ENCSR000APL,osteoblast | Histone ChIP-seq | H3K9me3,0.015625,BigWig,0.73828125,0.75390625,0.015625,1499
ENCSR105EMQ,peripheral blood mononuclear cell | Histone ChIP-seq |,0.015625,BigWig,0.7578125,0.7734375,0.015625,1500
ENCSR442BHP,peripheral blood mononuclear cell | Histone ChIP-seq |,0.015625,BigWig,0.81640625,0.83203125,0.015625,1501
ENCSR336ZSZ,peripheral blood mononuclear cell | Histone ChIP-seq |,0.015625,BigWig,0.8515625,0.8671875,0.015625,1502
ENCSR980XMX,peripheral blood mononuclear cell | Histone ChIP-seq |,0.015625,BigWig,0.69140625,0.70703125,0.015625,1503
ENCSR596NOF,skeletal muscle myoblast | Histone ChIP-seq | H3K4me3,-0.015625,BigWig,0.6171875,0.6015625,0.015625,1504
ENCSR593LTJ,trophoblast cell | DNase-seq,-0.015625,BigWig,0.6953125,0.6796875,0.015625,1505
ENCSR837SGJ,Peyer's patch | Histone ChIP-seq | H3K27ac,0.015625,BigWig,0.6796875,0.6953125,0.015625,1506
ENCSR363CJF,Peyer's patch | Histone ChIP-seq | H3K36me3,0.015625,BigWig,0.75390625,0.76953125,0.015625,1507
ENCSR060BFU,adrenal gland | DNase-seq,0.015625,BigWig,0.69921875,0.71484375,0.015625,1508
ENCSR696XSJ,adrenal gland | DNase-seq,0.015625,BigWig,0.609375,0.625,0.015625,1509
ENCSR848XIY,adrenal gland | DNase-seq,-0.015625,BigWig,0.77734375,0.76171875,0.015625,1510
ENCSR425NQT,adrenal gland | Histone ChIP-seq | H3K4me3,-0.015625,BigWig,0.62109375,0.60546875,0.015625,1511
ENCSR620TXL,adrenal gland | Histone ChIP-seq | H3K4me3,-0.015625,BigWig,0.7265625,0.7109375,0.015625,1512
ENCSR535XRY,angular gyrus | Histone ChIP-seq | H3K4me3,0.015625,BigWig,0.65625,0.671875,0.015625,1513
ENCSR596PFU,body of pancreas | Histone ChIP-seq | H3K27ac,-0.015625,BigWig,0.68359375,0.66796875,0.015625,1514
ENCSR156CLC,brain | DNase-seq,0.015625,BigWig,0.66796875,0.68359375,0.015625,1515
ENCSR146KXZ,brain | Histone ChIP-seq | H3K9me3,-0.015625,BigWig,0.73046875,0.71484375,0.015625,1516
ENCSR600KUR,breast epithelium | DNase-seq,-0.015625,BigWig,0.9453125,0.9296875,0.015625,1517
ENCSR960AIZ,chorion | Histone ChIP-seq | H3K36me3,-0.015625,BigWig,0.9609375,0.9453125,0.015625,1518
ENCSR215EFA,chorion | Histone ChIP-seq | H3K4me3,-0.015625,BigWig,0.7109375,0.6953125,0.015625,1519
ENCSR606WJA,chorionic villus | Histone ChIP-seq | H3K27ac,0.015625,BigWig,0.8671875,0.8828125,0.015625,1520
ENCSR203BOA,chorionic villus | Histone ChIP-seq | H3K36me3,-0.015625,BigWig,0.96484375,0.94921875,0.015625,1521
ENCSR646YBA,chorionic villus | Histone ChIP-seq | H3K36me3,-0.015625,BigWig,0.94140625,0.92578125,0.015625,1522
ENCSR097PJQ,chorionic villus | Histone ChIP-seq | H3K4me3,-0.015625,BigWig,0.80859375,0.79296875,0.015625,1523
ENCSR069KYE,cingulate gyrus | Histone ChIP-seq | H3K9me3,0.015625,BigWig,0.7578125,0.7734375,0.015625,1524
ENCSR070GTK,cingulate gyrus | Histone ChIP-seq | H3K9me3,-0.015625,BigWig,0.71484375,0.69921875,0.015625,1525
ENCSR253JFN,dorsolateral prefrontal cortex | Histone ChIP-seq | H3K,-0.015625,BigWig,0.84375,0.828125,0.015625,1526
ENCSR349III,dorsolateral prefrontal cortex | Histone ChIP-seq | H3K,0.015625,BigWig,0.7734375,0.7890625,0.015625,1527
ENCSR062ARL,duodenal mucosa | Histone ChIP-seq | H3K27me3,0.015625,BigWig,0.78125,0.796875,0.015625,1528
ENCSR279MCN,esophagus | Histone ChIP-seq | H3K36me3,-0.015625,BigWig,0.86328125,0.84765625,0.015625,1529
ENCSR200WDD,esophagus | Histone ChIP-seq | H3K9me3,-0.015625,BigWig,0.81640625,0.80078125,0.015625,1530
ENCSR095YMD,esophagus muscularis mucosa | Histone ChIP-seq | H3K27a,0.015625,BigWig,0.60546875,0.62109375,0.015625,1531
ENCSR508UPW,esophagus squamous epithelium | Histone ChIP-seq | H3K4,0.015625,BigWig,0.62890625,0.64453125,0.015625,1532
ENCSR782XFY,eye | DNase-seq,0.015625,BigWig,0.609375,0.625,0.015625,1533
ENCSR166TEE,forelimb muscle | DNase-seq,0.015625,BigWig,0.6484375,0.6640625,0.015625,1534
ENCSR911WPA,germinal matrix | Histone ChIP-seq | H3K27me3,0.015625,BigWig,0.80078125,0.81640625,0.015625,1535
ENCSR064GBK,heart | DNase-seq,0.015625,BigWig,0.6484375,0.6640625,0.015625,1536
ENCSR154ZNQ,heart | DNase-seq,0.015625,BigWig,0.703125,0.71875,0.015625,1537
ENCSR311LLZ,heart | DNase-seq,0.015625,BigWig,0.6171875,0.6328125,0.015625,1538
ENCSR804RSI,heart | DNase-seq,0.015625,BigWig,0.67578125,0.69140625,0.015625,1539
ENCSR150QXE,heart left ventricle | Histone ChIP-seq | H3K27ac,-0.015625,BigWig,0.8125,0.796875,0.015625,1540
ENCSR557DFM,heart left ventricle | Histone ChIP-seq | H3K27ac,-0.015625,BigWig,0.6328125,0.6171875,0.015625,1541
ENCSR230VEM,heart left ventricle | Histone ChIP-seq | H3K4me1,-0.015625,BigWig,0.68359375,0.66796875,0.015625,1542
ENCSR438QZN,heart left ventricle | Histone ChIP-seq | H3K4me1,-0.015625,BigWig,0.734375,0.71875,0.015625,1543
ENCSR377KDN,heart left ventricle | Histone ChIP-seq | H3K4me3,0.015625,BigWig,0.64453125,0.66015625,0.015625,1544
ENCSR442JTA,heart left ventricle | Histone ChIP-seq | H3K9me3,-0.015625,BigWig,0.64453125,0.62890625,0.015625,1545
ENCSR068CQX,heart right ventricle | Histone ChIP-seq | H3K27me3,-0.015625,BigWig,0.765625,0.75,0.015625,1546
ENCSR076CZA,heart right ventricle | Histone ChIP-seq | H3K4me1,-0.015625,BigWig,0.94140625,0.92578125,0.015625,1547
ENCSR107RDP,heart right ventricle | Histone ChIP-seq | H3K4me3,0.015625,BigWig,0.57421875,0.58984375,0.015625,1548
ENCSR791GCO,heart right ventricle | Histone ChIP-seq | H3K4me3,0.015625,BigWig,0.6015625,0.6171875,0.015625,1549
ENCSR774RCO,kidney | DNase-seq,-0.015625,BigWig,0.68359375,0.66796875,0.015625,1550
ENCSR009MUF,kidney | Histone ChIP-seq | H3K4me1,-0.015625,BigWig,0.8125,0.796875,0.015625,1551
ENCSR317MKR,kidney | Histone ChIP-seq | H3K9ac,0.015625,BigWig,0.6484375,0.6640625,0.015625,1552
ENCSR533DRE,kidney | Histone ChIP-seq | H3K9me3,0.015625,BigWig,0.68359375,0.69921875,0.015625,1553
ENCSR154YPL,large intestine | DNase-seq,-0.015625,BigWig,0.703125,0.6875,0.015625,1554
ENCSR444VTC,large intestine | DNase-seq,0.015625,BigWig,0.69921875,0.71484375,0.015625,1555
ENCSR666YVE,large intestine | DNase-seq,-0.015625,BigWig,0.6875,0.671875,0.015625,1556
ENCSR413QXO,large intestine | Histone ChIP-seq | H3K4me3,0.015625,BigWig,0.625,0.640625,0.015625,1557
ENCSR321LKT,layer of hippocampus | Histone ChIP-seq | H3K27ac,0.015625,BigWig,0.74609375,0.76171875,0.015625,1558
ENCSR468OVW,left lung | DNase-seq,-0.015625,BigWig,0.671875,0.65625,0.015625,1559
ENCSR588JXI,left renal cortex interstitium | DNase-seq,0.015625,BigWig,0.6484375,0.6640625,0.015625,1560
ENCSR928SYE,left renal cortex interstitium | DNase-seq,-0.015625,BigWig,0.6328125,0.6171875,0.015625,1561
ENCSR258IBL,left renal pelvis | DNase-seq,-0.015625,BigWig,0.6953125,0.6796875,0.015625,1562
ENCSR532CRI,limb | DNase-seq,0.015625,BigWig,0.75390625,0.76953125,0.015625,1563
ENCSR266OIG,liver | Histone ChIP-seq | H3K27me3,0.015625,BigWig,0.74609375,0.76171875,0.015625,1564
ENCSR585KLQ,liver | Histone ChIP-seq | H3K36me3,-0.015625,BigWig,0.9375,0.921875,0.015625,1565
ENCSR458WIH,liver | Histone ChIP-seq | H3K4me3,0.015625,BigWig,0.6875,0.703125,0.015625,1566
ENCSR795VEN,liver | Histone ChIP-seq | H3K4me3,0.015625,BigWig,0.60546875,0.62109375,0.015625,1567
ENCSR489RQV,liver | Histone ChIP-seq | H3K9me3,0.015625,BigWig,0.609375,0.625,0.015625,1568
ENCSR482HQE,lung | DNase-seq,0.015625,BigWig,0.640625,0.65625,0.015625,1569
ENCSR504KZE,lung | DNase-seq,-0.015625,BigWig,0.6484375,0.6328125,0.015625,1570
ENCSR240ZWZ,lung | Histone ChIP-seq | H3K36me3,-0.015625,BigWig,0.80078125,0.78515625,0.015625,1571
ENCSR500GXT,lung | Histone ChIP-seq | H3K4me3,0.015625,BigWig,0.5546875,0.5703125,0.015625,1572
ENCSR447OHF,mucosa of rectum | Histone ChIP-seq | H3K27ac,-0.015625,BigWig,0.61328125,0.59765625,0.015625,1573
ENCSR146DAL,mucosa of rectum | Histone ChIP-seq | H3K4me3,0.015625,BigWig,0.6875,0.703125,0.015625,1574
ENCSR585GLZ,mucosa of rectum | Histone ChIP-seq | H3K9ac,0.015625,BigWig,0.68359375,0.69921875,0.015625,1575
ENCSR328CWP,muscle layer of colon | Histone ChIP-seq | H3K9me3,-0.015625,BigWig,0.74609375,0.73046875,0.015625,1576
ENCSR054PMB,muscle layer of duodenum | Histone ChIP-seq | H3K4me1,0.015625,BigWig,0.63671875,0.65234375,0.015625,1577
ENCSR753QKD,muscle of arm | DNase-seq,0.015625,BigWig,0.73828125,0.75390625,0.015625,1578
ENCSR826ERZ,muscle of arm | DNase-seq,0.015625,BigWig,0.6484375,0.6640625,0.015625,1579
ENCSR476SDZ,muscle of back | DNase-seq,0.015625,BigWig,0.6640625,0.6796875,0.015625,1580
ENCSR585CGU,muscle of back | DNase-seq,0.015625,BigWig,0.71875,0.734375,0.015625,1581
ENCSR198JXW,muscle of leg | DNase-seq,-0.015625,BigWig,0.7265625,0.7109375,0.015625,1582
ENCSR834BXU,muscle of leg | Histone ChIP-seq | H3K9me3,-0.015625,BigWig,0.69140625,0.67578125,0.015625,1583
ENCSR393HBQ,pancreas | Histone ChIP-seq | H3K36me3,-0.015625,BigWig,0.94140625,0.92578125,0.015625,1584
ENCSR449PYI,pancreas | Histone ChIP-seq | H3K4me1,-0.015625,BigWig,0.92578125,0.91015625,0.015625,1585
ENCSR498ZRC,placenta | Histone ChIP-seq | H3K27ac,0.015625,BigWig,0.72265625,0.73828125,0.015625,1586
ENCSR977TKR,placenta | Histone ChIP-seq | H3K4me1,0.015625,BigWig,0.86328125,0.87890625,0.015625,1587
ENCSR120ZZJ,placenta | Histone ChIP-seq | H3K4me3,-0.015625,BigWig,0.65625,0.640625,0.015625,1588
ENCSR419BDT,placenta | Histone ChIP-seq | H3K4me3,-0.015625,BigWig,0.74609375,0.73046875,0.015625,1589
ENCSR478UIR,placenta | Histone ChIP-seq | H3K9me3,0.015625,BigWig,0.7109375,0.7265625,0.015625,1590
ENCSR047AFY,placental basal plate | Histone ChIP-seq | H3K27me3,0.015625,BigWig,0.83984375,0.85546875,0.015625,1591
ENCSR566ZFQ,placental basal plate | Histone ChIP-seq | H3K9me3,0.015625,BigWig,0.76171875,0.77734375,0.015625,1592
ENCSR843KHS,psoas muscle | Histone ChIP-seq | H3K27me3,0.015625,BigWig,0.6484375,0.6640625,0.015625,1593
ENCSR493VDS,putamen | DNase-seq,-0.015625,BigWig,0.8203125,0.8046875,0.015625,1594
ENCSR344YYP,rectal smooth muscle tissue | Histone ChIP-seq | H3K9ac,0.015625,BigWig,0.79296875,0.80859375,0.015625,1595
ENCSR364TKL,renal pelvis | DNase-seq,-0.015625,BigWig,0.68359375,0.66796875,0.015625,1596
ENCSR074ECR,right cardiac atrium | Histone ChIP-seq | H3K27ac,-0.015625,BigWig,0.73046875,0.71484375,0.015625,1597
ENCSR228BOM,right lung | DNase-seq,-0.015625,BigWig,0.734375,0.71875,0.015625,1598
ENCSR846CTA,right lung | DNase-seq,-0.015625,BigWig,0.60546875,0.58984375,0.015625,1599
ENCSR930AUG,right lung | DNase-seq,0.015625,BigWig,0.7109375,0.7265625,0.015625,1600
ENCSR947VPG,right lung | DNase-seq,-0.015625,BigWig,0.62109375,0.60546875,0.015625,1601
ENCSR268QCH,right renal cortex interstitium | DNase-seq,-0.015625,BigWig,0.62890625,0.61328125,0.015625,1602
ENCSR752NTF,right renal pelvis | DNase-seq,0.015625,BigWig,0.703125,0.71875,0.015625,1603
ENCSR636IDR,sigmoid colon | Histone ChIP-seq | H3K9me3,0.015625,BigWig,0.71875,0.734375,0.015625,1604
ENCSR087MJR,skeletal muscle tissue | Histone ChIP-seq | H3K9ac,-0.015625,BigWig,0.76953125,0.75390625,0.015625,1605
ENCSR503UUB,skeletal muscle tissue | Histone ChIP-seq | H3K9me3,0.015625,BigWig,0.7265625,0.7421875,0.015625,1606
ENCSR083FBK,small intestine | DNase-seq,-0.015625,BigWig,0.67578125,0.66015625,0.015625,1607
ENCSR594OWA,small intestine | DNase-seq,-0.015625,BigWig,0.640625,0.625,0.015625,1608
ENCSR615WIN,spinal cord | DNase-seq,-0.015625,BigWig,0.66015625,0.64453125,0.015625,1609
ENCSR788SOI,spinal cord | DNase-seq,-0.015625,BigWig,0.703125,0.6875,0.015625,1610
ENCSR910OQF,spinal cord | DNase-seq,-0.015625,BigWig,0.63671875,0.62109375,0.015625,1611
ENCSR036HAT,spinal cord | Histone ChIP-seq | H3K4me3,0.015625,BigWig,0.65234375,0.66796875,0.015625,1612
ENCSR001SHB,stomach | Histone ChIP-seq | H3K27ac,0.015625,BigWig,0.74609375,0.76171875,0.015625,1613
ENCSR489ZLL,stomach | Histone ChIP-seq | H3K4me3,0.015625,BigWig,0.671875,0.6875,0.015625,1614
ENCSR885CMN,stomach | Histone ChIP-seq | H3K9me3,-0.015625,BigWig,0.94140625,0.92578125,0.015625,1615
ENCSR168PQI,stomach smooth muscle | Histone ChIP-seq | H3K4me3,-0.015625,BigWig,0.6875,0.671875,0.015625,1616
ENCSR605NNZ,subcutaneous abdominal adipose tissue | Histone ChIP-se,-0.015625,BigWig,0.68359375,0.66796875,0.015625,1617
ENCSR902OPY,subcutaneous abdominal adipose tissue | Histone ChIP-se,0.015625,BigWig,0.7421875,0.7578125,0.015625,1618
ENCSR479GJI,temporal lobe | Histone ChIP-seq | H3K4me1,-0.015625,BigWig,0.83203125,0.81640625,0.015625,1619
ENCSR416CYZ,thoracic aorta | Histone ChIP-seq | H3K4me1,-0.015625,BigWig,0.6953125,0.6796875,0.015625,1620
ENCSR909VUB,thoracic aorta | Histone ChIP-seq | H3K9me3,-0.015625,BigWig,0.69140625,0.67578125,0.015625,1621
ENCSR298PMB,thymus | Histone ChIP-seq | H3K9me3,-0.015625,BigWig,0.8984375,0.8828125,0.015625,1622
ENCSR559WMK,tongue | DNase-seq,-0.015625,BigWig,0.67578125,0.66015625,0.015625,1623
ENCSR759UNY,tongue | DNase-seq,-0.015625,BigWig,0.6875,0.671875,0.015625,1624
ENCSR813ZEY,transverse colon | Histone ChIP-seq | H3K4me3,0.015625,BigWig,0.66015625,0.67578125,0.015625,1625
ENCSR507SRD,trophoblast | Histone ChIP-seq | H3K27ac,0.015625,BigWig,0.62890625,0.64453125,0.015625,1626
ENCSR955XFL,trophoblast | Histone ChIP-seq | H3K27ac,0.015625,BigWig,0.60546875,0.62109375,0.015625,1627
ENCSR490JVQ,upper lobe of left lung | DNase-seq,-0.015625,BigWig,0.97265625,0.95703125,0.015625,1628
ENCSR718BTD,vagina | Histone ChIP-seq | H3K27ac,0.015625,BigWig,0.6875,0.703125,0.015625,1629
CNhs11268_M,Burkitt's lymphoma cell line | CAGE,0.015625,BigWig,0.51171875,0.52734375,0.015625,1630
CNhs10738_P,adult T-cell leukemia cell line | CAGE,-0.015625,BigWig,0.51953125,0.50390625,0.015625,1631
CNhs11838_P,alveolar cell carcinoma cell line | CAGE,-0.015625,BigWig,0.51953125,0.50390625,0.015625,1632
CNhs10742_P,astrocytoma cell line | CAGE,-0.015625,BigWig,0.515625,0.5,0.015625,1633
CNhs10750_P,bile duct carcinoma cell line | CAGE,-0.015625,BigWig,0.515625,0.5,0.015625,1634
CNhs10736_P,breast carcinoma cell line | CAGE,-0.015625,BigWig,0.51953125,0.50390625,0.015625,1635
CNhs11840_P,bronchioalveolar carcinoma cell line | CAGE,-0.015625,BigWig,0.51953125,0.50390625,0.015625,1636
CNhs11820_M,choriocarcinoma cell line | CAGE,0.015625,BigWig,0.64453125,0.66015625,0.015625,1637
CNhs11886_P,chronic myeloblastic leukemia (CML) cell line | CAGE,-0.015625,BigWig,0.51953125,0.50390625,0.015625,1638
CNhs11865_P,chronic myelogenous leukemia (CML) cell line | CAGE,-0.015625,BigWig,0.51953125,0.50390625,0.015625,1639
CNhs11100_P,ductal cell carcinoma cell line | CAGE,-0.015625,BigWig,0.515625,0.5,0.015625,1640
CNhs11047_P,embryonic kidney cell line | CAGE,-0.015625,BigWig,0.51953125,0.50390625,0.015625,1641
CNhs11732_P,embryonic pancreas cell line | CAGE,-0.015625,BigWig,0.515625,0.5,0.015625,1642
CNhs11814_M,embryonic pancreas cell line | CAGE,0.015625,BigWig,0.51953125,0.53515625,0.015625,1643
CNhs11247_P,epithelioid sarcoma cell line | CAGE,-0.015625,BigWig,0.515625,0.5,0.015625,1644
CNhs11860_P,fibrosarcoma cell line | CAGE,-0.015625,BigWig,0.51953125,0.50390625,0.015625,1645
CNhs11738_P,gastrointestinal carcinoma cell line | CAGE,-0.015625,BigWig,0.515625,0.5,0.015625,1646
CNhs11274_P,giant cell carcinoma cell line | CAGE,-0.015625,BigWig,0.515625,0.5,0.015625,1647
CNhs10731_M,glioma cell line | CAGE,0.015625,BigWig,0.515625,0.53125,0.015625,1648
CNhs11275_P,lung adenocarcinoma cell line | CAGE,-0.015625,BigWig,0.51953125,0.50390625,0.015625,1649
CNhs11281_P,melanoma cell line | CAGE,-0.015625,BigWig,0.51953125,0.50390625,0.015625,1650
CNhs12839_P,merkel cell carcinoma cell line | CAGE,-0.015625,BigWig,0.51953125,0.50390625,0.015625,1651
CNhs13065_M,mesothelioma cell line | CAGE,0.015625,BigWig,0.50390625,0.51953125,0.015625,1652
CNhs13072_P,mesothelioma cell line | CAGE,-0.015625,BigWig,0.515625,0.5,0.015625,1653
CNhs11873_P,mucinous cystadenocarcinoma cell line | CAGE,-0.015625,BigWig,0.515625,0.5,0.015625,1654
CNhs11821_P,myxofibrosarcoma cell line | CAGE,-0.015625,BigWig,0.515625,0.5,0.015625,1655
CNhs11818_P,neuroblastoma cell line | CAGE,-0.015625,BigWig,0.51953125,0.50390625,0.015625,1656
CNhs11753_P,neuroectodermal tumor cell line | CAGE,-0.015625,BigWig,0.51953125,0.50390625,0.015625,1657
CNhs11866_P,neuroectodermal tumor cell line | CAGE,-0.015625,BigWig,0.51953125,0.50390625,0.015625,1658
CNhs11894_P,normal embryonic palatal mesenchymal cell line | CAGE,-0.015625,BigWig,0.51953125,0.50390625,0.015625,1659
CNhs11716_P,papillary adenocarcinoma cell line | CAGE,-0.015625,BigWig,0.515625,0.5,0.015625,1660
CNhs11933_P,pleomorphic hepatocellular carcinoma cell line | CAGE,-0.015625,BigWig,0.51953125,0.50390625,0.015625,1661
CNhs13508_P,serous adenocarcinoma cell line | CAGE,-0.015625,BigWig,0.515625,0.5,0.015625,1662
CNhs11270_P,signet ring carcinoma cell line | CAGE,-0.015625,BigWig,0.515625,0.5,0.015625,1663
CNhs11869_P,somatostatinoma cell line | CAGE,-0.015625,BigWig,0.51953125,0.50390625,0.015625,1664
CNhs12069_M,Adipocyte - perirenal | CAGE,0.015625,BigWig,0.515625,0.53125,0.015625,1665
CNhs10864_P,Astrocyte - cerebral cortex | CAGE,-0.015625,BigWig,0.51953125,0.50390625,0.015625,1666
CNhs12546_M,Basophils | CAGE,0.015625,BigWig,0.5078125,0.5234375,0.015625,1667
CNhs10852_M,CD14+ Monocytes | CAGE,0.015625,BigWig,0.515625,0.53125,0.015625,1668
CNhs13208_P,CD14+CD16+ Monocytes | CAGE,-0.015625,BigWig,0.51953125,0.50390625,0.015625,1669
CNhs13216_P,CD14+CD16- Monocytes | CAGE,-0.015625,BigWig,0.51953125,0.50390625,0.015625,1670
CNhs13207_P,CD14-CD16+ Monocytes | CAGE,-0.015625,BigWig,0.51953125,0.50390625,0.015625,1671
CNhs12177_M,"CD19+ B Cells (pluriselect), donation1 | CAGE",0.015625,BigWig,0.5078125,0.5234375,0.015625,1672
CNhs12343_M,CD19+ B Cells | CAGE,0.015625,BigWig,0.5078125,0.5234375,0.015625,1673
CNhs12205_M,CD34+ Progenitors | CAGE,0.015625,BigWig,0.5078125,0.5234375,0.015625,1674
CNhs12553_M,"CD34+ stem cells - adult bone marrow derived, tech  | C",0.015625,BigWig,0.5078125,0.5234375,0.015625,1675
CNhs12176_M,"CD8+ T Cells (pluriselect), donation1 | CAGE",0.015625,BigWig,0.5078125,0.5234375,0.015625,1676
CNhs12341_P,Cardiac Myocyte | CAGE,-0.015625,BigWig,0.515625,0.5,0.015625,1677
CNhs10871_P,Ciliary Epithelial Cells | CAGE,-0.015625,BigWig,0.51953125,0.50390625,0.015625,1678
CNhs10872_P,Endothelial Cells - Umbilical vein | CAGE,-0.015625,BigWig,0.515625,0.5,0.015625,1679
CNhs10866_P,Fibroblast - Gingival | CAGE,-0.015625,BigWig,0.51953125,0.50390625,0.015625,1680
CNhs12493_M,"Fibroblast - Periodontal Ligament,  (PL29) | CAGE",0.015625,BigWig,0.51171875,0.52734375,0.015625,1681
CNhs11896_P,"Gingival epithelial cells,  (GEA14) | CAGE",-0.015625,BigWig,0.51953125,0.50390625,0.015625,1682
CNhs12339_P,Hair Follicle Outer Root Sheath Cells | CAGE,-0.015625,BigWig,0.51953125,0.50390625,0.015625,1683
CNhs12075_P,Hepatic Sinusoidal Endothelial Cells | CAGE,-0.015625,BigWig,0.515625,0.5,0.015625,1684
CNhs10846_M,Mesenchymal Stem Cells - Vertebral | CAGE,0.015625,BigWig,0.5078125,0.5234375,0.015625,1685
CNhs11316_P,Mesenchymal Stem Cells - bone marrow | CAGE,-0.015625,BigWig,0.51953125,0.50390625,0.015625,1686
CNhs10845_P,Mesenchymal stem cells - hepatic | CAGE,-0.015625,BigWig,0.51953125,0.50390625,0.015625,1687
CNhs10845_M,Mesenchymal stem cells - hepatic | CAGE,0.015625,BigWig,0.5234375,0.5390625,0.015625,1688
CNhs11317_P,Pericytes | CAGE,-0.015625,BigWig,0.51953125,0.50390625,0.015625,1689
CNhs11065_P,Preadipocyte - omental | CAGE,-0.015625,BigWig,0.51953125,0.50390625,0.015625,1690
CNhs12065_P,Preadipocyte - perirenal | CAGE,-0.015625,BigWig,0.515625,0.5,0.015625,1691
CNhs11332_P,Renal Epithelial Cells | CAGE,-0.015625,BigWig,0.51953125,0.50390625,0.015625,1692
CNhs11333_P,Renal Mesangial Cells | CAGE,-0.015625,BigWig,0.515625,0.5,0.015625,1693
CNhs11330_P,Renal Proximal Tubular Epithelial Cell | CAGE,-0.015625,BigWig,0.51953125,0.50390625,0.015625,1694
CNhs12073_P,Schwann Cells | CAGE,-0.015625,BigWig,0.51953125,0.50390625,0.015625,1695
CNhs11088_P,Smooth Muscle Cells - Coronary Artery | CAGE,-0.015625,BigWig,0.51953125,0.50390625,0.015625,1696
CNhs12595_P,Smooth Muscle Cells - Intestinal | CAGE,-0.015625,BigWig,0.5234375,0.5078125,0.015625,1697
CNhs11089_P,Smooth Muscle Cells - Pulmonary Artery | CAGE,-0.015625,BigWig,0.51953125,0.50390625,0.015625,1698
CNhs11091_P,Smooth Muscle Cells - Umbilical Artery | CAGE,-0.015625,BigWig,0.51953125,0.50390625,0.015625,1699
CNhs12569_P,Smooth Muscle Cells - Umbilical Vein | CAGE,-0.015625,BigWig,0.51953125,0.50390625,0.015625,1700
CNhs14190_P,"Smooth muscle cells - airway, control | CAGE",-0.015625,BigWig,0.515625,0.5,0.015625,1701
CNhs11076_M,"Whole blood (ribopure), donation2 | CAGE",0.015625,BigWig,0.515625,0.53125,0.015625,1702
CNhs12518_M,common myeloid progenitor CMP | CAGE,0.015625,BigWig,0.5078125,0.5234375,0.015625,1703
CNhs12366_P,mesenchymal precursor cell - bone marrow | CAGE,-0.015625,BigWig,0.515625,0.5,0.015625,1704
CNhs12374_P,mesenchymal precursor cell - ovarian cancer metastasis,-0.015625,BigWig,0.515625,0.5,0.015625,1705
CNhs12810_P,salivary acinar cells | CAGE,-0.015625,BigWig,0.51953125,0.50390625,0.015625,1706
CNhs10610_M,"SABiosciences XpressRef Human Universal Total RNA, pool",-0.015625,BigWig,0.71875,0.703125,0.015625,1707
CNhs12311_P,"amygdala, adult | CAGE",-0.015625,BigWig,0.51953125,0.50390625,0.015625,1708
CNhs11797_P,"brain, fetal, pool1 | CAGE",-0.015625,BigWig,0.515625,0.5,0.015625,1709
CNhs11797_M,"brain, fetal, pool1 | CAGE",0.015625,BigWig,0.51171875,0.52734375,0.015625,1710
CNhs11792_M,"breast, adult | CAGE",0.015625,BigWig,0.546875,0.5625,0.015625,1711
CNhs12323_P,"cerebellum, adult | CAGE",-0.015625,BigWig,0.51953125,0.50390625,0.015625,1712
CNhs13437_P,cerebrospinal fluid | CAGE,-0.015625,BigWig,0.51953125,0.50390625,0.015625,1713
CNhs11794_P,"colon, adult | CAGE",-0.015625,BigWig,0.515625,0.5,0.015625,1714
CNhs10619_P,"colon, adult, pool1 | CAGE",-0.015625,BigWig,0.515625,0.5,0.015625,1715
CNhs11779_M,"diaphragm, fetal | CAGE",0.015625,BigWig,0.54296875,0.55859375,0.015625,1716
CNhs11781_P,"duodenum, fetal, tech  | CAGE",-0.015625,BigWig,0.515625,0.5,0.015625,1717
CNhs12848_P,"gall bladder, adult | CAGE",-0.015625,BigWig,0.515625,0.5,0.015625,1718
CNhs12319_M,"globus pallidus, adult | CAGE",0.015625,BigWig,0.70703125,0.72265625,0.015625,1719
CNhs14082_P,"globus pallidus, newborn | CAGE",-0.015625,BigWig,0.515625,0.5,0.015625,1720
CNhs10653_P,"heart, fetal, pool1 | CAGE",-0.015625,BigWig,0.515625,0.5,0.015625,1721
CNhs11788_M,"lymph node, adult | CAGE",0.015625,BigWig,0.52734375,0.54296875,0.015625,1722
CNhs13800_P,medulla oblongata - adult | CAGE,-0.015625,BigWig,0.515625,0.5,0.015625,1723
CNhs10626_P,"ovary, adult, pool1 | CAGE",-0.015625,BigWig,0.51953125,0.50390625,0.015625,1724
CNhs11756_P,"pancreas, adult | CAGE",-0.015625,BigWig,0.515625,0.5,0.015625,1725
CNhs11677_P,"salivary gland, adult, pool1 | CAGE",-0.015625,BigWig,0.515625,0.5,0.015625,1726
CNhs13454_P,skeletal muscle - soleus muscle | CAGE,-0.015625,BigWig,0.51953125,0.50390625,0.015625,1727
CNhs11776_M,"skeletal muscle, fetal | CAGE",0.015625,BigWig,0.51171875,0.52734375,0.015625,1728
CNhs10630_P,"small intestine, adult, pool1 | CAGE",-0.015625,BigWig,0.515625,0.5,0.015625,1729
CNhs13807_P,spinal cord - adult | CAGE,-0.015625,BigWig,0.515625,0.5,0.015625,1730
CNhs12227_P,"spinal cord, adult | CAGE",-0.015625,BigWig,0.515625,0.5,0.015625,1731
CNhs12998_P,"testis, adult, pool2 | CAGE",-0.015625,BigWig,0.5234375,0.5078125,0.015625,1732
CNhs11765_P,"umbilical cord, fetal | CAGE",-0.015625,BigWig,0.51953125,0.50390625,0.015625,1733
CNhs12844_P,"vein, adult | CAGE",-0.015625,BigWig,0.515625,0.5,0.015625,1734
GTEX-13PVR-0226-SM-5RQJI.1,adrenal gland | RNA-seq,-0.015625,BigWig,1.0,0.984375,0.015625,1735
GTEX-14PKV-0726-SM-686ZF.1,adrenal gland | RNA-seq,-0.015625,BigWig,1.0,0.984375,0.015625,1736
GTEX-1EX96-0011-R4a-SM-ARU82.1,brain | RNA-seq,-0.015625,BigWig,1.0,0.984375,0.015625,1737
GTEX-S32W-1326-SM-4AD5Q.1,fallopian tube | RNA-seq,-0.015625,BigWig,1.0,0.984375,0.015625,1738
GTEX-T6MO-1026-SM-4DM72.1,fallopian tube | RNA-seq,-0.015625,BigWig,1.0,0.984375,0.015625,1739
GTEX-14PJ4-0526-SM-6871G.1,spleen | RNA-seq,-0.015625,BigWig,1.0,0.984375,0.015625,1740
GTEX-15DYW-1426-SM-6LPIW.1,spleen | RNA-seq,-0.015625,BigWig,1.0,0.984375,0.015625,1741
GTEX-1F75I-0226-SM-7MKHQ.1,spleen | RNA-seq,-0.015625,BigWig,1.0,0.984375,0.015625,1742
5UTR-,5UTR-,0.0146484375,BED,0.185546875,0.2001953125,0.0146484375,1743
start_codon,start codon,0.01318359375,BED,0.0849609375,0.09814453125,0.01318359375,1744
ENCSR000ASV,A549 | Histone ChIP-seq | H3K9ac,0.01171875,BigWig,0.625,0.63671875,0.01171875,1745
ENCSR000AUN,A549 | Histone ChIP-seq | H3K9me3,0.01171875,BigWig,0.67578125,0.6875,0.01171875,1746
ENCSR435FGK,A673 | Histone ChIP-seq | H3K4me3,0.01171875,BigWig,0.5625,0.57421875,0.01171875,1747
ENCSR475NLR,ACC112 | Histone ChIP-seq | H3K27me3,-0.01171875,BigWig,0.8203125,0.80859375,0.01171875,1748
ENCSR000ELX,AG04449 | DNase-seq,-0.01171875,BigWig,0.76171875,0.75,0.01171875,1749
ENCSR000DPI,AG04449 | Histone ChIP-seq | H3K4me3,0.01171875,BigWig,0.58984375,0.6015625,0.01171875,1750
ENCSR000EIV,AG08395 | DNase-seq,-0.01171875,BigWig,0.82421875,0.8125,0.01171875,1751
ENCSR000EKI,CWRU1 | DNase-seq,-0.01171875,BigWig,0.86328125,0.8515625,0.01171875,1752
ENCSR000ARA,DND-41 | Histone ChIP-seq | H3K4me3,-0.01171875,BigWig,0.66796875,0.65625,0.01171875,1753
ENCSR052WRV,DOHH2 | Histone ChIP-seq | H3K4me3,0.01171875,BigWig,0.61328125,0.625,0.01171875,1754
ENCSR097ORD,ES-I3 | Histone ChIP-seq | H3K9ac,-0.01171875,BigWig,0.6484375,0.63671875,0.01171875,1755
ENCSR000EJB,GM10248 | DNase-seq,-0.01171875,BigWig,0.9296875,0.91796875,0.01171875,1756
ENCSR000EJJ,GM19238 | DNase-seq,-0.01171875,BigWig,0.93359375,0.921875,0.01171875,1757
ENCSR000DSS,H7 | Histone ChIP-seq | H3K36me3,0.01171875,BigWig,0.875,0.88671875,0.01171875,1758
ENCSR275ICP,H9 | DNase-seq,-0.01171875,BigWig,0.91796875,0.90625,0.01171875,1759
ENCSR870IUC,H9 | Histone ChIP-seq | H3K36me3,-0.01171875,BigWig,0.78515625,0.7734375,0.01171875,1760
ENCSR516KSY,H9 | Histone ChIP-seq | H3K9me3,-0.01171875,BigWig,0.7734375,0.76171875,0.01171875,1761
ENCSR315IRO,HUES6 | Histone ChIP-seq | H3K27ac,0.01171875,BigWig,0.74609375,0.7578125,0.01171875,1762
ENCSR919DBC,HUES6 | Histone ChIP-seq | H3K4me1,-0.01171875,BigWig,0.74609375,0.734375,0.01171875,1763
ENCSR894OYM,HUES64 | Histone ChIP-seq | H3K4me3,-0.01171875,BigWig,0.5703125,0.55859375,0.01171875,1764
ENCSR000DTZ,HeLa-S3 | Histone ChIP-seq | H3K36me3,-0.01171875,BigWig,0.8515625,0.83984375,0.01171875,1765
ENCSR000DUE,HepG2 | Histone ChIP-seq | H3K27me3,0.01171875,BigWig,0.90234375,0.9140625,0.01171875,1766
ENCSR000EKN,K562 | DNase-seq,0.01171875,BigWig,0.90234375,0.9140625,0.01171875,1767
ENCSR426IEA,KBM-7 | DNase-seq,0.01171875,BigWig,0.58203125,0.59375,0.01171875,1768
ENCSR306VSH,Karpas-422 | Histone ChIP-seq | H3K4me1,-0.01171875,BigWig,0.6796875,0.66796875,0.01171875,1769
ENCSR746ZPP,L1-S8R | DNase-seq,-0.01171875,BigWig,0.78515625,0.7734375,0.01171875,1770
ENCSR000EKU,LNCaP clone FGC | DNase-seq,0.01171875,BigWig,0.80859375,0.8203125,0.01171875,1771
ENCSR657RRI,Loucy | Histone ChIP-seq | H3K4me3,0.01171875,BigWig,0.5859375,0.59765625,0.01171875,1772
ENCSR543IKB,Loucy | Histone ChIP-seq | H3K9ac,0.01171875,BigWig,0.72265625,0.734375,0.01171875,1773
ENCSR758OEC,MM.1S | Histone ChIP-seq | H3K27ac,-0.01171875,BigWig,0.73828125,0.7265625,0.01171875,1774
ENCSR872PRJ,MM.1S | Histone ChIP-seq | H3K9ac,-0.01171875,BigWig,0.734375,0.72265625,0.01171875,1775
ENCSR461LTR,MM.1S | Histone ChIP-seq | H3K9me3,0.01171875,BigWig,0.72265625,0.734375,0.01171875,1776
ENCSR082NQB,NCI-H929 | Histone ChIP-seq | H3K4me3,-0.01171875,BigWig,0.66015625,0.6484375,0.01171875,1777
ENCSR327OGS,NCI-H929 | Histone ChIP-seq | H3K9ac,-0.01171875,BigWig,0.6640625,0.65234375,0.01171875,1778
ENCSR000EXA,NT2/D1 | Histone ChIP-seq | H3K4me1,-0.01171875,BigWig,0.91015625,0.8984375,0.01171875,1779
ENCSR000EXD,NT2/D1 | Histone ChIP-seq | H3K4me3,-0.01171875,BigWig,0.7890625,0.77734375,0.01171875,1780
ENCSR597UDW,OCI-LY1 | Histone ChIP-seq | H3K27ac,0.01171875,BigWig,0.60546875,0.6171875,0.01171875,1781
ENCSR859JNA,OCI-LY1 | Histone ChIP-seq | H3K27me3,0.01171875,BigWig,0.9140625,0.92578125,0.01171875,1782
ENCSR184QUS,OCI-LY1 | Histone ChIP-seq | H3K4me1,0.01171875,BigWig,0.65625,0.66796875,0.01171875,1783
ENCSR076JBA,OCI-LY1 | Histone ChIP-seq | H3K9ac,0.01171875,BigWig,0.70703125,0.71875,0.01171875,1784
ENCSR060WGK,OCI-LY7 | Histone ChIP-seq | H3K4me1,-0.01171875,BigWig,0.6015625,0.58984375,0.01171875,1785
ENCSR881TWJ,PC-3 | Histone ChIP-seq | H3K27me3,0.01171875,BigWig,0.6796875,0.69140625,0.01171875,1786
ENCSR940NLN,PC-9 | DNase-seq,-0.01171875,BigWig,0.64453125,0.6328125,0.01171875,1787
ENCSR000FCM,Panc1 | Histone ChIP-seq | H3K36me3,-0.01171875,BigWig,0.72265625,0.7109375,0.01171875,1788
ENCSR000EXI,Panc1 | Histone ChIP-seq | H3K4me3,0.01171875,BigWig,0.546875,0.55859375,0.01171875,1789
ENCSR203KEU,RWPE1 | Histone ChIP-seq | H3K27ac,-0.01171875,BigWig,0.765625,0.75390625,0.01171875,1790
ENCSR946MVP,SK-N-DZ | DNase-seq,0.01171875,BigWig,0.76171875,0.7734375,0.01171875,1791
ENCSR564IGJ,SK-N-SH | Histone ChIP-seq | H3K27ac,-0.01171875,BigWig,0.5859375,0.57421875,0.01171875,1792
ENCSR656PGJ,UCSF-4 | Histone ChIP-seq | H3K27ac,0.01171875,BigWig,0.87890625,0.890625,0.01171875,1793
ENCSR173ZMH,iPS DF 6.9 | Histone ChIP-seq | H3K36me3,0.01171875,BigWig,0.890625,0.90234375,0.01171875,1794
ENCSR263ELQ,iPS DF 6.9 | Histone ChIP-seq | H3K4me3,-0.01171875,BigWig,0.84765625,0.8359375,0.01171875,1795
ENCSR276ZBE,iPS-15b | Histone ChIP-seq | H3K4me1,-0.01171875,BigWig,0.69140625,0.6796875,0.01171875,1796
ENCSR166KLM,iPS-20b | Histone ChIP-seq | H3K9ac,0.01171875,BigWig,0.73828125,0.75,0.01171875,1797
ENCSR626RVD,bipolar neuron | DNase-seq,0.01171875,BigWig,0.6171875,0.62890625,0.01171875,1798
ENCSR842KCP,cardiac muscle cell | DNase-seq,-0.01171875,BigWig,0.85546875,0.84375,0.01171875,1799
ENCSR864LRY,cardiac muscle cell | Histone ChIP-seq | H3K27me3,-0.01171875,BigWig,0.73828125,0.7265625,0.01171875,1800
ENCSR000DSD,cardiac myoblast | Histone ChIP-seq | H3K4me3,-0.01171875,BigWig,0.63671875,0.625,0.01171875,1801
ENCSR136ZLJ,ectodermal cell | Histone ChIP-seq | H3K4me1,0.01171875,BigWig,0.734375,0.74609375,0.01171875,1802
ENCSR166KPV,endodermal cell | DNase-seq,-0.01171875,BigWig,0.8984375,0.88671875,0.01171875,1803
ENCSR037RJI,endodermal cell | Histone ChIP-seq | H3K4me1,0.01171875,BigWig,0.7265625,0.73828125,0.01171875,1804
ENCSR115YPI,hematopoietic multipotent progenitor cell | DNase-seq,-0.01171875,BigWig,0.77734375,0.765625,0.01171875,1805
ENCSR362JSZ,hematopoietic multipotent progenitor cell | DNase-seq,-0.01171875,BigWig,0.74609375,0.734375,0.01171875,1806
ENCSR493IAY,hematopoietic multipotent progenitor cell | DNase-seq,-0.01171875,BigWig,0.74609375,0.734375,0.01171875,1807
ENCSR855FOP,hematopoietic multipotent progenitor cell | DNase-seq,-0.01171875,BigWig,0.765625,0.75390625,0.01171875,1808
ENCSR637RLN,hepatocyte | Histone ChIP-seq | H3K27me3,0.01171875,BigWig,0.703125,0.71484375,0.01171875,1809
ENCSR689QUB,hepatocyte | Histone ChIP-seq | H3K4me1,0.01171875,BigWig,0.62890625,0.640625,0.01171875,1810
ENCSR501JET,mesenchymal stem cell | Histone ChIP-seq | H3K4me3,-0.01171875,BigWig,0.921875,0.91015625,0.01171875,1811
ENCSR405AXO,mesendoderm | Histone ChIP-seq | H3K27me3,0.01171875,BigWig,0.71875,0.73046875,0.01171875,1812
ENCSR839PUY,mesendoderm | Histone ChIP-seq | H3K9ac,0.01171875,BigWig,0.828125,0.83984375,0.01171875,1813
ENCSR000DSE,mesodermal cell | Histone ChIP-seq | H3K4me3,0.01171875,BigWig,0.62890625,0.640625,0.01171875,1814
ENCSR449AXO,neural progenitor cell | Histone ChIP-seq | H3K27ac,-0.01171875,BigWig,0.66015625,0.6484375,0.01171875,1815
ENCSR000GGX,neuron | Histone ChIP-seq | H3K9me3,-0.01171875,BigWig,0.87890625,0.8671875,0.01171875,1816
ENCSR433PUR,radial glial cell | Histone ChIP-seq | H3K4me3,-0.01171875,BigWig,0.6796875,0.66796875,0.01171875,1817
ENCSR290YLQ,B cell | Histone ChIP-seq | H3K4me1,0.01171875,BigWig,0.7109375,0.72265625,0.01171875,1818
ENCSR939UQD,B cell | Histone ChIP-seq | H3K4me3,0.01171875,BigWig,0.6875,0.69921875,0.01171875,1819
ENCSR768SPE,B cell | Histone ChIP-seq | H3K9me3,-0.01171875,BigWig,0.9375,0.92578125,0.01171875,1820
ENCSR373BIX,CD1c-positive myeloid dendritic cell | DNase-seq,-0.01171875,BigWig,0.8984375,0.88671875,0.01171875,1821
ENCSR203GEP,"CD4-positive, CD25-positive, alpha-beta regulatory T ce",0.01171875,BigWig,0.81640625,0.828125,0.01171875,1822
ENCSR167JFX,"CD4-positive, alpha-beta T cell | DNase-seq",-0.01171875,BigWig,0.76953125,0.7578125,0.01171875,1823
ENCSR569ATD,"CD4-positive, alpha-beta T cell | DNase-seq",0.01171875,BigWig,0.73828125,0.75,0.01171875,1824
ENCSR774OKQ,"CD4-positive, alpha-beta T cell | Histone ChIP-seq | H3",-0.01171875,BigWig,0.79296875,0.78125,0.01171875,1825
ENCSR453GNY,"CD4-positive, alpha-beta T cell | Histone ChIP-seq | H3",0.01171875,BigWig,0.65234375,0.6640625,0.01171875,1826
ENCSR887ESB,"CD4-positive, alpha-beta memory T cell | Histone ChIP-s",0.01171875,BigWig,0.6875,0.69921875,0.01171875,1827
ENCSR239SNR,"CD4-positive, alpha-beta memory T cell | Histone ChIP-s",0.01171875,BigWig,0.69921875,0.7109375,0.01171875,1828
ENCSR609DDQ,"CD8-positive, alpha-beta T cell | DNase-seq",0.01171875,BigWig,0.74609375,0.7578125,0.01171875,1829
ENCSR944RKI,"CD8-positive, alpha-beta memory T cell | Histone ChIP-s",-0.01171875,BigWig,0.7734375,0.76171875,0.01171875,1830
ENCSR962AKF,"CD8-positive, alpha-beta memory T cell | Histone ChIP-s",0.01171875,BigWig,0.69140625,0.703125,0.01171875,1831
ENCSR043SJS,"CD8-positive, alpha-beta memory T cell | Histone ChIP-s",0.01171875,BigWig,0.6953125,0.70703125,0.01171875,1832
ENCSR627UDJ,T-cell | DNase-seq,0.01171875,BigWig,0.74609375,0.7578125,0.01171875,1833
ENCSR222QLW,T-cell | Histone ChIP-seq | H3K27ac,0.01171875,BigWig,0.65625,0.66796875,0.01171875,1834
ENCSR998RVD,T-helper 17 cell | Histone ChIP-seq | H3K36me3,-0.01171875,BigWig,0.796875,0.78515625,0.01171875,1835
ENCSR091TTT,T-helper 17 cell | Histone ChIP-seq | H3K4me1,0.01171875,BigWig,0.6796875,0.69140625,0.01171875,1836
ENCSR000AOQ,astrocyte | Histone ChIP-seq | H3K27ac,-0.01171875,BigWig,0.6640625,0.65234375,0.01171875,1837
ENCSR122VUW,"common myeloid progenitor, CD34-positive | DNase-seq",-0.01171875,BigWig,0.65625,0.64453125,0.01171875,1838
ENCSR191EII,"common myeloid progenitor, CD34-positive | DNase-seq",0.01171875,BigWig,0.609375,0.62109375,0.01171875,1839
ENCSR468ZXN,"common myeloid progenitor, CD34-positive | DNase-seq",0.01171875,BigWig,0.55859375,0.5703125,0.01171875,1840
ENCSR495INQ,"common myeloid progenitor, CD34-positive | DNase-seq",0.01171875,BigWig,0.71875,0.73046875,0.01171875,1841
ENCSR564TUY,"common myeloid progenitor, CD34-positive | DNase-seq",-0.01171875,BigWig,0.734375,0.72265625,0.01171875,1842
ENCSR620AZM,"common myeloid progenitor, CD34-positive | Histone ChIP",0.01171875,BigWig,0.73046875,0.7421875,0.01171875,1843
ENCSR038GYF,"common myeloid progenitor, CD34-positive | Histone ChIP",-0.01171875,BigWig,0.62890625,0.6171875,0.01171875,1844
ENCSR340SGE,"common myeloid progenitor, CD34-positive | Histone ChIP",0.01171875,BigWig,0.58984375,0.6015625,0.01171875,1845
ENCSR438DSO,"common myeloid progenitor, CD34-positive | Histone ChIP",-0.01171875,BigWig,0.546875,0.53515625,0.01171875,1846
ENCSR734ESI,"common myeloid progenitor, CD34-positive | Histone ChIP",-0.01171875,BigWig,0.72265625,0.7109375,0.01171875,1847
ENCSR979RHZ,"common myeloid progenitor, CD34-positive | Histone ChIP",-0.01171875,BigWig,0.796875,0.78515625,0.01171875,1848
ENCSR912IDH,fibroblast of breast | Histone ChIP-seq | H3K4me1,-0.01171875,BigWig,0.71484375,0.703125,0.01171875,1849
ENCSR403KAA,fibroblast of breast | Histone ChIP-seq | H3K4me3,0.01171875,BigWig,0.58203125,0.59375,0.01171875,1850
ENCSR000AMT,fibroblast of lung | Histone ChIP-seq | H3K36me3,-0.01171875,BigWig,0.875,0.86328125,0.01171875,1851
ENCSR000DWZ,fibroblast of lung | Histone ChIP-seq | H3K4me3,0.01171875,BigWig,0.56640625,0.578125,0.01171875,1852
ENCSR000AMX,fibroblast of lung | Histone ChIP-seq | H3K9ac,0.01171875,BigWig,0.74609375,0.7578125,0.01171875,1853
ENCSR000DUW,fibroblast of mammary gland | Histone ChIP-seq | H3K4me,0.01171875,BigWig,0.56640625,0.578125,0.01171875,1854
ENCSR000DUZ,fibroblast of pulmonary artery | Histone ChIP-seq | H3K,0.01171875,BigWig,0.54296875,0.5546875,0.01171875,1855
ENCSR217RVH,fibroblast of skin of right quadriceps | DNase-seq,-0.01171875,BigWig,0.6953125,0.68359375,0.01171875,1856
ENCSR000EMC,fibroblast of the aortic adventitia | DNase-seq,0.01171875,BigWig,0.6328125,0.64453125,0.01171875,1857
ENCSR251UPG,foreskin fibroblast | DNase-seq,-0.01171875,BigWig,0.61328125,0.6015625,0.01171875,1858
ENCSR786ESI,foreskin fibroblast | Histone ChIP-seq | H3K27me3,-0.01171875,BigWig,0.921875,0.91015625,0.01171875,1859
ENCSR019ZRR,foreskin fibroblast | Histone ChIP-seq | H3K36me3,-0.01171875,BigWig,0.7578125,0.74609375,0.01171875,1860
ENCSR621EXD,foreskin fibroblast | Histone ChIP-seq | H3K36me3,-0.01171875,BigWig,0.9375,0.92578125,0.01171875,1861
ENCSR122IJJ,foreskin fibroblast | Histone ChIP-seq | H3K4me3,0.01171875,BigWig,0.63671875,0.6484375,0.01171875,1862
ENCSR089TWS,foreskin keratinocyte | Histone ChIP-seq | H3K36me3,0.01171875,BigWig,0.734375,0.74609375,0.01171875,1863
ENCSR014BTW,foreskin keratinocyte | Histone ChIP-seq | H3K4me1,0.01171875,BigWig,0.75390625,0.765625,0.01171875,1864
ENCSR075OQB,foreskin keratinocyte | Histone ChIP-seq | H3K4me3,0.01171875,BigWig,0.7734375,0.78515625,0.01171875,1865
ENCSR498PMM,foreskin keratinocyte | Histone ChIP-seq | H3K9me3,-0.01171875,BigWig,0.66015625,0.6484375,0.01171875,1866
ENCSR230KKL,foreskin melanocyte | Histone ChIP-seq | H3K27me3,0.01171875,BigWig,0.7265625,0.73828125,0.01171875,1867
ENCSR708IFN,foreskin melanocyte | Histone ChIP-seq | H3K27me3,-0.01171875,BigWig,0.86328125,0.8515625,0.01171875,1868
ENCSR350JZR,foreskin melanocyte | Histone ChIP-seq | H3K4me3,-0.01171875,BigWig,0.87890625,0.8671875,0.01171875,1869
ENCSR152GST,foreskin melanocyte | Histone ChIP-seq | H3K9ac,0.01171875,BigWig,0.83203125,0.84375,0.01171875,1870
ENCSR000DWV,keratinocyte | Histone ChIP-seq | H3K4me3,-0.01171875,BigWig,0.578125,0.56640625,0.01171875,1871
ENCSR016JWS,mammary epithelial cell | Histone ChIP-seq | H3K4me3,-0.01171875,BigWig,0.640625,0.62890625,0.01171875,1872
ENCSR439EHQ,mesenchymal stem cell | Histone ChIP-seq | H3K9me3,-0.01171875,BigWig,0.6796875,0.66796875,0.01171875,1873
ENCSR365DWX,myoepithelial cell of mammary gland | Histone ChIP-seq,0.01171875,BigWig,0.828125,0.83984375,0.01171875,1874
ENCSR000EML,"naive thymus-derived CD4-positive, alpha-beta T cell |",0.01171875,BigWig,0.62109375,0.6328125,0.01171875,1875
ENCSR605SXJ,"naive thymus-derived CD4-positive, alpha-beta T cell |",-0.01171875,BigWig,0.78125,0.76953125,0.01171875,1876
ENCSR351SZH,"naive thymus-derived CD4-positive, alpha-beta T cell |",-0.01171875,BigWig,0.6796875,0.66796875,0.01171875,1877
ENCSR657SQM,"naive thymus-derived CD4-positive, alpha-beta T cell |",0.01171875,BigWig,0.66015625,0.671875,0.01171875,1878
ENCSR276ZSL,"naive thymus-derived CD4-positive, alpha-beta T cell |",0.01171875,BigWig,0.67578125,0.6875,0.01171875,1879
ENCSR704HNG,natural killer cell | DNase-seq,0.01171875,BigWig,0.6875,0.69921875,0.01171875,1880
ENCSR718AAB,natural killer cell | DNase-seq,0.01171875,BigWig,0.75,0.76171875,0.01171875,1881
ENCSR379WXM,neurosphere | Histone ChIP-seq | H3K27ac,0.01171875,BigWig,0.66796875,0.6796875,0.01171875,1882
ENCSR426CZM,neurosphere | Histone ChIP-seq | H3K36me3,-0.01171875,BigWig,0.9453125,0.93359375,0.01171875,1883
ENCSR293MTQ,neurosphere | Histone ChIP-seq | H3K4me3,-0.01171875,BigWig,0.9375,0.92578125,0.01171875,1884
ENCSR393HDC,neurosphere | Histone ChIP-seq | H3K9me3,0.01171875,BigWig,0.67578125,0.6875,0.01171875,1885
ENCSR072QBN,neutrophil | Histone ChIP-seq | H3K36me3,0.01171875,BigWig,0.91015625,0.921875,0.01171875,1886
ENCSR373WCB,neutrophil | Histone ChIP-seq | H3K36me3,0.01171875,BigWig,0.86328125,0.875,0.01171875,1887
ENCSR000API,osteoblast | Histone ChIP-seq | H3K36me3,-0.01171875,BigWig,0.796875,0.78515625,0.01171875,1888
ENCSR000APJ,osteoblast | Histone ChIP-seq | H3K4me1,-0.01171875,BigWig,0.60546875,0.59375,0.01171875,1889
ENCSR553XBX,peripheral blood mononuclear cell | Histone ChIP-seq |,-0.01171875,BigWig,0.8125,0.80078125,0.01171875,1890
ENCSR275EAG,peripheral blood mononuclear cell | Histone ChIP-seq |,0.01171875,BigWig,0.72265625,0.734375,0.01171875,1891
ENCSR443SLY,peripheral blood mononuclear cell | Histone ChIP-seq |,-0.01171875,BigWig,0.96875,0.95703125,0.01171875,1892
ENCSR389IVA,peripheral blood mononuclear cell | Histone ChIP-seq |,0.01171875,BigWig,0.76171875,0.7734375,0.01171875,1893
ENCSR995UTR,skeletal muscle satellite cell | Histone ChIP-seq | H3K,-0.01171875,BigWig,0.8203125,0.80859375,0.01171875,1894
ENCSR023MFG,skeletal muscle satellite cell | Histone ChIP-seq | H3K,-0.01171875,BigWig,0.59375,0.58203125,0.01171875,1895
ENCSR525XER,skeletal muscle satellite cell | Histone ChIP-seq | H3K,0.01171875,BigWig,0.6953125,0.70703125,0.01171875,1896
ENCSR584LUZ,Ammon's horn | DNase-seq,-0.01171875,BigWig,0.87890625,0.8671875,0.01171875,1897
ENCSR322UXF,Peyer's patch | DNase-seq,-0.01171875,BigWig,0.94921875,0.9375,0.01171875,1898
ENCSR177QFY,adrenal gland | Histone ChIP-seq | H3K27ac,-0.01171875,BigWig,0.67578125,0.6640625,0.01171875,1899
ENCSR899MFS,adrenal gland | Histone ChIP-seq | H3K36me3,-0.01171875,BigWig,0.90234375,0.890625,0.01171875,1900
ENCSR406PCK,adrenal gland | Histone ChIP-seq | H3K4me1,-0.01171875,BigWig,0.67578125,0.6640625,0.01171875,1901
ENCSR724TOA,angular gyrus | Histone ChIP-seq | H3K4me1,-0.01171875,BigWig,0.80078125,0.7890625,0.01171875,1902
ENCSR591YVZ,angular gyrus | Histone ChIP-seq | H3K9ac,0.01171875,BigWig,0.8046875,0.81640625,0.01171875,1903
ENCSR322TJD,aorta | Histone ChIP-seq | H3K27ac,-0.01171875,BigWig,0.65625,0.64453125,0.01171875,1904
ENCSR707AEW,ascending aorta | Histone ChIP-seq | H3K4me1,-0.01171875,BigWig,0.71875,0.70703125,0.01171875,1905
ENCSR421KNA,body of pancreas | DNase-seq,-0.01171875,BigWig,0.9296875,0.91796875,0.01171875,1906
ENCSR520BIM,body of pancreas | Histone ChIP-seq | H3K27ac,-0.01171875,BigWig,0.63671875,0.625,0.01171875,1907
ENCSR348TQM,body of pancreas | Histone ChIP-seq | H3K4me1,-0.01171875,BigWig,0.70703125,0.6953125,0.01171875,1908
ENCSR863TAL,body of pancreas | Histone ChIP-seq | H3K9me3,-0.01171875,BigWig,0.72265625,0.7109375,0.01171875,1909
ENCSR475VQD,brain | DNase-seq,-0.01171875,BigWig,0.62890625,0.6171875,0.01171875,1910
ENCSR543YQF,breast epithelium | Histone ChIP-seq | H3K36me3,-0.01171875,BigWig,0.95703125,0.9453125,0.01171875,1911
ENCSR552TQB,caudate nucleus | Histone ChIP-seq | H3K9me3,0.01171875,BigWig,0.69140625,0.703125,0.01171875,1912
ENCSR364OZJ,chorion | Histone ChIP-seq | H3K27me3,0.01171875,BigWig,0.80859375,0.8203125,0.01171875,1913
ENCSR449FFA,chorion | Histone ChIP-seq | H3K36me3,-0.01171875,BigWig,0.9375,0.92578125,0.01171875,1914
ENCSR853JJZ,chorionic villus | Histone ChIP-seq | H3K27me3,0.01171875,BigWig,0.8203125,0.83203125,0.01171875,1915
ENCSR579OVQ,chorionic villus | Histone ChIP-seq | H3K4me1,0.01171875,BigWig,0.828125,0.83984375,0.01171875,1916
ENCSR313SEO,chorionic villus | Histone ChIP-seq | H3K4me3,-0.01171875,BigWig,0.703125,0.69140625,0.01171875,1917
ENCSR659FAS,chorionic villus | Histone ChIP-seq | H3K4me3,-0.01171875,BigWig,0.78515625,0.7734375,0.01171875,1918
ENCSR767NPV,chorionic villus | Histone ChIP-seq | H3K9me3,0.01171875,BigWig,0.73046875,0.7421875,0.01171875,1919
ENCSR175XPY,colonic mucosa | Histone ChIP-seq | H3K27ac,0.01171875,BigWig,0.77734375,0.7890625,0.01171875,1920
ENCSR564RWY,colonic mucosa | Histone ChIP-seq | H3K27me3,0.01171875,BigWig,0.90234375,0.9140625,0.01171875,1921
ENCSR322FGP,colonic mucosa | Histone ChIP-seq | H3K4me3,0.01171875,BigWig,0.78515625,0.796875,0.01171875,1922
ENCSR375DWY,colonic mucosa | Histone ChIP-seq | H3K9ac,0.01171875,BigWig,0.81640625,0.828125,0.01171875,1923
ENCSR999TSD,coronary artery | DNase-seq,-0.01171875,BigWig,0.96484375,0.953125,0.01171875,1924
ENCSR195CFR,dorsolateral prefrontal cortex | Histone ChIP-seq | H3K,0.01171875,BigWig,0.87890625,0.890625,0.01171875,1925
ENCSR051FXN,dorsolateral prefrontal cortex | Histone ChIP-seq | H3K,0.01171875,BigWig,0.8125,0.82421875,0.01171875,1926
ENCSR992DEK,dorsolateral prefrontal cortex | Histone ChIP-seq | H3K,-0.01171875,BigWig,0.76171875,0.75,0.01171875,1927
ENCSR405FZE,duodenal mucosa | Histone ChIP-seq | H3K27ac,0.01171875,BigWig,0.74609375,0.7578125,0.01171875,1928
ENCSR513NFT,duodenal mucosa | Histone ChIP-seq | H3K4me1,-0.01171875,BigWig,0.6328125,0.62109375,0.01171875,1929
ENCSR088GXB,esophagus | Histone ChIP-seq | H3K27me3,-0.01171875,BigWig,0.80859375,0.796875,0.01171875,1930
ENCSR805XIF,femur | DNase-seq,0.01171875,BigWig,0.86328125,0.875,0.01171875,1931
ENCSR236SFP,gastrocnemius medialis | DNase-seq,-0.01171875,BigWig,0.98046875,0.96875,0.01171875,1932
ENCSR101NFY,gastrocnemius medialis | Histone ChIP-seq | H3K36me3,0.01171875,BigWig,0.74609375,0.7578125,0.01171875,1933
ENCSR510NXV,gastroesophageal sphincter | Histone ChIP-seq | H3K4me3,0.01171875,BigWig,0.66015625,0.671875,0.01171875,1934
ENCSR533VAF,heart | DNase-seq,0.01171875,BigWig,0.63671875,0.6484375,0.01171875,1935
ENCSR664PKM,heart | DNase-seq,0.01171875,BigWig,0.66015625,0.671875,0.01171875,1936
ENCSR070CMW,heart left ventricle | DNase-seq,-0.01171875,BigWig,0.96875,0.95703125,0.01171875,1937
ENCSR111WGZ,heart left ventricle | Histone ChIP-seq | H3K4me1,-0.01171875,BigWig,0.90625,0.89453125,0.01171875,1938
ENCSR901SIL,heart left ventricle | Histone ChIP-seq | H3K4me3,0.01171875,BigWig,0.6796875,0.69140625,0.01171875,1939
ENCSR000XAA,heart left ventricle | Histone ChIP-seq | H3K9me3,-0.01171875,BigWig,0.66015625,0.6484375,0.01171875,1940
ENCSR086JMA,heart right ventricle | Histone ChIP-seq | H3K9me3,0.01171875,BigWig,0.58984375,0.6015625,0.01171875,1941
ENCSR106OKX,kidney | DNase-seq,0.01171875,BigWig,0.73046875,0.7421875,0.01171875,1942
ENCSR792ZXA,kidney | DNase-seq,0.01171875,BigWig,0.93359375,0.9453125,0.01171875,1943
ENCSR331CRR,kidney | Histone ChIP-seq | H3K36me3,-0.01171875,BigWig,0.9296875,0.91796875,0.01171875,1944
ENCSR558SJC,kidney | Histone ChIP-seq | H3K36me3,-0.01171875,BigWig,0.93359375,0.921875,0.01171875,1945
ENCSR100OZR,kidney | Histone ChIP-seq | H3K4me3,0.01171875,BigWig,0.6875,0.69921875,0.01171875,1946
ENCSR716YIT,kidney | Histone ChIP-seq | H3K4me3,0.01171875,BigWig,0.66796875,0.6796875,0.01171875,1947
ENCSR047FNH,large intestine | DNase-seq,-0.01171875,BigWig,0.73046875,0.71875,0.01171875,1948
ENCSR366EQH,large intestine | DNase-seq,0.01171875,BigWig,0.734375,0.74609375,0.01171875,1949
ENCSR563XRP,large intestine | DNase-seq,-0.01171875,BigWig,0.68359375,0.671875,0.01171875,1950
ENCSR762FCX,large intestine | DNase-seq,0.01171875,BigWig,0.6953125,0.70703125,0.01171875,1951
ENCSR804RMP,layer of hippocampus | Histone ChIP-seq | H3K27me3,-0.01171875,BigWig,0.87890625,0.8671875,0.01171875,1952
ENCSR956CFX,layer of hippocampus | Histone ChIP-seq | H3K4me3,0.01171875,BigWig,0.703125,0.71484375,0.01171875,1953
ENCSR295DUI,left kidney | DNase-seq,-0.01171875,BigWig,0.640625,0.62890625,0.01171875,1954
ENCSR600RAA,left kidney | DNase-seq,0.01171875,BigWig,0.65234375,0.6640625,0.01171875,1955
ENCSR953XJU,left kidney | DNase-seq,0.01171875,BigWig,0.6875,0.69921875,0.01171875,1956
ENCSR639XWF,left lung | DNase-seq,-0.01171875,BigWig,0.66015625,0.6484375,0.01171875,1957
ENCSR953WJO,left lung | DNase-seq,-0.01171875,BigWig,0.609375,0.59765625,0.01171875,1958
ENCSR039ZVQ,left renal cortex interstitium | DNase-seq,0.01171875,BigWig,0.66015625,0.671875,0.01171875,1959
ENCSR092WMD,left renal cortex interstitium | DNase-seq,0.01171875,BigWig,0.6640625,0.67578125,0.01171875,1960
ENCSR016THC,left renal pelvis | DNase-seq,0.01171875,BigWig,0.6875,0.69921875,0.01171875,1961
ENCSR666FYM,liver | Histone ChIP-seq | H3K27me3,0.01171875,BigWig,0.6484375,0.66015625,0.01171875,1962
ENCSR892MHG,liver | Histone ChIP-seq | H3K36me3,-0.01171875,BigWig,0.9296875,0.91796875,0.01171875,1963
ENCSR111OHT,liver | Histone ChIP-seq | H3K4me1,-0.01171875,BigWig,0.6796875,0.66796875,0.01171875,1964
ENCSR203RKZ,liver | Histone ChIP-seq | H3K4me1,-0.01171875,BigWig,0.76171875,0.75,0.01171875,1965
ENCSR021BCU,liver | Histone ChIP-seq | H3K9ac,0.01171875,BigWig,0.62890625,0.640625,0.01171875,1966
ENCSR076YBB,lung | DNase-seq,-0.01171875,BigWig,0.65234375,0.640625,0.01171875,1967
ENCSR141VGA,lung | DNase-seq,0.01171875,BigWig,0.59375,0.60546875,0.01171875,1968
ENCSR587HPR,lung | DNase-seq,-0.01171875,BigWig,0.66015625,0.6484375,0.01171875,1969
ENCSR540ADS,lung | Histone ChIP-seq | H3K27ac,0.01171875,BigWig,0.87890625,0.890625,0.01171875,1970
ENCSR567ILB,lung | Histone ChIP-seq | H3K9ac,0.01171875,BigWig,0.77734375,0.7890625,0.01171875,1971
ENCSR706IDL,midbrain | DNase-seq,0.01171875,BigWig,0.65625,0.66796875,0.01171875,1972
ENCSR901JIL,mucosa of rectum | Histone ChIP-seq | H3K4me1,-0.01171875,BigWig,0.70703125,0.6953125,0.01171875,1973
ENCSR275GBW,mucosa of rectum | Histone ChIP-seq | H3K9ac,0.01171875,BigWig,0.74609375,0.7578125,0.01171875,1974
ENCSR253WMN,mucosa of rectum | Histone ChIP-seq | H3K9me3,0.01171875,BigWig,0.74609375,0.7578125,0.01171875,1975
ENCSR438BEX,mucosa of stomach | Histone ChIP-seq | H3K4me3,0.01171875,BigWig,0.7421875,0.75390625,0.01171875,1976
ENCSR005LTG,mucosa of stomach | Histone ChIP-seq | H3K9me3,0.01171875,BigWig,0.7421875,0.75390625,0.01171875,1977
ENCSR170VSJ,muscle layer of colon | Histone ChIP-seq | H3K4me3,-0.01171875,BigWig,0.74609375,0.734375,0.01171875,1978
ENCSR576YAD,muscle layer of colon | Histone ChIP-seq | H3K9me3,-0.01171875,BigWig,0.73046875,0.71875,0.01171875,1979
ENCSR517NHP,muscle of arm | DNase-seq,0.01171875,BigWig,0.703125,0.71484375,0.01171875,1980
ENCSR033STL,muscle of back | DNase-seq,0.01171875,BigWig,0.68359375,0.6953125,0.01171875,1981
ENCSR317SIH,muscle of back | DNase-seq,0.01171875,BigWig,0.6640625,0.67578125,0.01171875,1982
ENCSR438TWI,muscle of back | DNase-seq,0.01171875,BigWig,0.64453125,0.65625,0.01171875,1983
ENCSR440FZS,muscle of trunk | DNase-seq,0.01171875,BigWig,0.65234375,0.6640625,0.01171875,1984
ENCSR183LNU,muscle of trunk | Histone ChIP-seq | H3K9me3,-0.01171875,BigWig,0.6875,0.67578125,0.01171875,1985
ENCSR855DJV,ovary | DNase-seq,-0.01171875,BigWig,0.85546875,0.84375,0.01171875,1986
ENCSR612BWE,pancreas | Histone ChIP-seq | H3K27ac,0.01171875,BigWig,0.77734375,0.7890625,0.01171875,1987
ENCSR186QKH,pancreas | Histone ChIP-seq | H3K27me3,0.01171875,BigWig,0.76953125,0.78125,0.01171875,1988
ENCSR370KYM,parathyroid adenoma | Histone ChIP-seq | H3K27me3,0.01171875,BigWig,0.734375,0.74609375,0.01171875,1989
ENCSR486GER,parathyroid adenoma | Histone ChIP-seq | H3K4me1,-0.01171875,BigWig,0.734375,0.72265625,0.01171875,1990
ENCSR648RAX,placenta | DNase-seq,0.01171875,BigWig,0.77734375,0.7890625,0.01171875,1991
ENCSR839ICQ,placenta | Histone ChIP-seq | H3K27me3,0.01171875,BigWig,0.94921875,0.9609375,0.01171875,1992
ENCSR312NYS,placental basal plate | Histone ChIP-seq | H3K36me3,-0.01171875,BigWig,0.97265625,0.9609375,0.01171875,1993
ENCSR720SAS,psoas muscle | Histone ChIP-seq | H3K27me3,0.01171875,BigWig,0.80078125,0.8125,0.01171875,1994
ENCSR129KIV,renal cortex interstitium | DNase-seq,0.01171875,BigWig,0.64453125,0.65625,0.01171875,1995
ENCSR155NPL,renal cortex interstitium | DNase-seq,-0.01171875,BigWig,0.65234375,0.640625,0.01171875,1996
ENCSR524DWS,renal cortex interstitium | DNase-seq,-0.01171875,BigWig,0.68359375,0.671875,0.01171875,1997
ENCSR554WUJ,renal pelvis | DNase-seq,-0.01171875,BigWig,0.64453125,0.6328125,0.01171875,1998
ENCSR956ZHU,renal pelvis | DNase-seq,0.01171875,BigWig,0.71875,0.73046875,0.01171875,1999
ENCSR593KDJ,right atrium auricular region | Histone ChIP-seq | H3K2,-0.01171875,BigWig,0.625,0.61328125,0.01171875,2000
ENCSR670ZSA,right kidney | DNase-seq,0.01171875,BigWig,0.6875,0.69921875,0.01171875,2001
ENCSR900UIP,sigmoid colon | Histone ChIP-seq | H3K4me3,0.01171875,BigWig,0.67578125,0.6875,0.01171875,2002
ENCSR502NDK,small intestine | DNase-seq,-0.01171875,BigWig,0.71875,0.70703125,0.01171875,2003
ENCSR970ZLG,small intestine | DNase-seq,-0.01171875,BigWig,0.70703125,0.6953125,0.01171875,2004
ENCSR655XLM,small intestine | Histone ChIP-seq | H3K27ac,-0.01171875,BigWig,0.68359375,0.671875,0.01171875,2005
ENCSR330NKU,small intestine | Histone ChIP-seq | H3K4me1,0.01171875,BigWig,0.66015625,0.671875,0.01171875,2006
ENCSR792IJA,small intestine | Histone ChIP-seq | H3K4me3,0.01171875,BigWig,0.73046875,0.7421875,0.01171875,2007
ENCSR270VNK,small intestine | Histone ChIP-seq | H3K9me3,0.01171875,BigWig,0.80859375,0.8203125,0.01171875,2008
ENCSR262LFG,spinal cord | Histone ChIP-seq | H3K9me3,0.01171875,BigWig,0.66796875,0.6796875,0.01171875,2009
ENCSR589TCU,spleen | Histone ChIP-seq | H3K36me3,-0.01171875,BigWig,0.87890625,0.8671875,0.01171875,2010
ENCSR105URN,spleen | Histone ChIP-seq | H3K9me3,0.01171875,BigWig,0.625,0.63671875,0.01171875,2011
ENCSR249XEB,spleen | Histone ChIP-seq | H3K9me3,0.01171875,BigWig,0.71484375,0.7265625,0.01171875,2012
ENCSR208DMX,stomach | DNase-seq,0.01171875,BigWig,0.71484375,0.7265625,0.01171875,2013
ENCSR683YLO,stomach | DNase-seq,-0.01171875,BigWig,0.7109375,0.69921875,0.01171875,2014
ENCSR166CNR,stomach | Histone ChIP-seq | H3K36me3,-0.01171875,BigWig,0.91796875,0.90625,0.01171875,2015
ENCSR546HZF,stomach | Histone ChIP-seq | H3K9me3,-0.01171875,BigWig,0.68359375,0.671875,0.01171875,2016
ENCSR941WHT,stomach smooth muscle | Histone ChIP-seq | H3K27me3,0.01171875,BigWig,0.8984375,0.91015625,0.01171875,2017
ENCSR011MGQ,subcutaneous abdominal adipose tissue | Histone ChIP-se,0.01171875,BigWig,0.66796875,0.6796875,0.01171875,2018
ENCSR731XOV,subcutaneous abdominal adipose tissue | Histone ChIP-se,-0.01171875,BigWig,0.875,0.86328125,0.01171875,2019
ENCSR363SSI,subcutaneous abdominal adipose tissue | Histone ChIP-se,-0.01171875,BigWig,0.671875,0.66015625,0.01171875,2020
ENCSR150GWJ,substantia nigra | Histone ChIP-seq | H3K4me1,-0.01171875,BigWig,0.796875,0.78515625,0.01171875,2021
ENCSR561MYM,testis | Histone ChIP-seq | H3K36me3,-0.01171875,BigWig,0.78125,0.76953125,0.01171875,2022
ENCSR974OMC,thoracic aorta | Histone ChIP-seq | H3K9me3,-0.01171875,BigWig,0.72265625,0.7109375,0.01171875,2023
ENCSR164PQJ,thymus | DNase-seq,0.01171875,BigWig,0.8359375,0.84765625,0.01171875,2024
ENCSR838IPF,thymus | DNase-seq,0.01171875,BigWig,0.8046875,0.81640625,0.01171875,2025
ENCSR381XDC,thymus | Histone ChIP-seq | H3K27me3,0.01171875,BigWig,0.859375,0.87109375,0.01171875,2026
ENCSR657DFR,thyroid gland | DNase-seq,-0.01171875,BigWig,0.78515625,0.7734375,0.01171875,2027
ENCSR266EYO,thyroid gland | Histone ChIP-seq | H3K9me3,0.01171875,BigWig,0.640625,0.65234375,0.01171875,2028
ENCSR558AXI,thyroid gland | Histone ChIP-seq | H3K9me3,0.01171875,BigWig,0.671875,0.68359375,0.01171875,2029
ENCSR127ZSP,tibial artery | Histone ChIP-seq | H3K36me3,-0.01171875,BigWig,0.91796875,0.90625,0.01171875,2030
ENCSR771YJT,tibial nerve | Histone ChIP-seq | H3K27ac,0.01171875,BigWig,0.6484375,0.66015625,0.01171875,2031
ENCSR979ZJS,transverse colon | DNase-seq,-0.01171875,BigWig,0.79296875,0.78125,0.01171875,2032
ENCSR101EEJ,transverse colon | Histone ChIP-seq | H3K36me3,0.01171875,BigWig,0.75390625,0.765625,0.01171875,2033
ENCSR356JTB,trophoblast | Histone ChIP-seq | H3K9me3,0.01171875,BigWig,0.52734375,0.5390625,0.01171875,2034
ENCSR820WNB,upper lobe of left lung | DNase-seq,-0.01171875,BigWig,0.9609375,0.94921875,0.01171875,2035
ENCSR869GBP,upper lobe of left lung | Histone ChIP-seq | H3K36me3,-0.01171875,BigWig,0.921875,0.91015625,0.01171875,2036
ENCSR237WJY,uterus | DNase-seq,-0.01171875,BigWig,0.87890625,0.8671875,0.01171875,2037
ENCSR249INE,uterus | Histone ChIP-seq | H3K27ac,-0.01171875,BigWig,0.67578125,0.6640625,0.01171875,2038
ENCSR962MYX,vagina | Histone ChIP-seq | H3K36me3,-0.01171875,BigWig,0.7734375,0.76171875,0.01171875,2039
CNhs11836_P,Ewing's sarcoma cell line | CAGE,-0.01171875,BigWig,0.51171875,0.5,0.01171875,2040
CNhs11715_M,Hodgkin's lymphoma cell line | CAGE,0.01171875,BigWig,0.50390625,0.515625,0.01171875,2041
CNhs11889_P,anaplastic squamous cell carcinoma cell line | CAGE,-0.01171875,BigWig,0.51171875,0.5,0.01171875,2042
CNhs11725_P,argyrophil small cell carcinoma cell line | CAGE,-0.01171875,BigWig,0.51171875,0.5,0.01171875,2043
CNhs11931_M,bone marrow stromal cell line | CAGE,0.01171875,BigWig,0.515625,0.52734375,0.01171875,2044
CNhs11943_P,breast carcinoma cell line | CAGE,-0.01171875,BigWig,0.51171875,0.5,0.01171875,2045
CNhs11846_P,carcinoid cell line | CAGE,-0.01171875,BigWig,0.51171875,0.5,0.01171875,2046
CNhs11714_M,chronic lymphocytic leukemia (T-CLL) cell line | CAGE,0.01171875,BigWig,0.5078125,0.51953125,0.01171875,2047
CNhs11280_P,colon carcinoma cell line | CAGE,-0.01171875,BigWig,0.515625,0.50390625,0.01171875,2048
CNhs11050_P,cord blood derived cell line | CAGE,-0.01171875,BigWig,0.515625,0.50390625,0.01171875,2049
CNhs11259_P,ductal cell carcinoma cell line | CAGE,-0.01171875,BigWig,0.51171875,0.5,0.01171875,2050
CNhs10748_P,epidermoid carcinoma cell line | CAGE,-0.01171875,BigWig,0.515625,0.50390625,0.01171875,2051
CNhs11842_P,fibrous histiocytoma cell line | CAGE,-0.01171875,BigWig,0.51171875,0.5,0.01171875,2052
CNhs11256_P,gall bladder carcinoma cell line | CAGE,-0.01171875,BigWig,0.515625,0.50390625,0.01171875,2053
CNhs11286_P,gastric cancer cell line | CAGE,-0.01171875,BigWig,0.51171875,0.5,0.01171875,2054
CNhs10751_P,giant cell carcinoma cell line | CAGE,-0.01171875,BigWig,0.51171875,0.5,0.01171875,2055
CNhs11272_P,glioblastoma cell line | CAGE,-0.01171875,BigWig,0.515625,0.50390625,0.01171875,2056
CNhs11868_P,hepatic mesenchymal tumor cell line | CAGE,-0.01171875,BigWig,0.51171875,0.5,0.01171875,2057
CNhs12328_P,hepatocellular carcinoma cell line | CAGE,-0.01171875,BigWig,0.51171875,0.5,0.01171875,2058
CNhs11891_P,hereditary spherocytic anemia cell line | CAGE,-0.01171875,BigWig,0.51171875,0.5,0.01171875,2059
CNhs11848_P,leiomyoblastoma cell line | CAGE,-0.01171875,BigWig,0.51171875,0.5,0.01171875,2060
CNhs10726_P,lung adenocarcinoma cell line | CAGE,-0.01171875,BigWig,0.51171875,0.5,0.01171875,2061
CNhs14245_P,"lung adenocarcinoma, papillary cell line | CAGE",-0.01171875,BigWig,0.51171875,0.5,0.01171875,2062
CNhs10732_P,maxillary sinus tumor cell line | CAGE,-0.01171875,BigWig,0.51171875,0.5,0.01171875,2063
CNhs11861_P,medulloblastoma cell line | CAGE,-0.01171875,BigWig,0.51171875,0.5,0.01171875,2064
CNhs11254_P,melanoma cell line | CAGE,-0.01171875,BigWig,0.515625,0.50390625,0.01171875,2065
CNhs13069_P,mesothelioma cell line | CAGE,-0.01171875,BigWig,0.51171875,0.5,0.01171875,2066
CNhs13073_P,mesothelioma cell line | CAGE,-0.01171875,BigWig,0.515625,0.50390625,0.01171875,2067
CNhs13074_P,mesothelioma cell line | CAGE,-0.01171875,BigWig,0.51171875,0.5,0.01171875,2068
CNhs11858_P,"mycosis fungoides, T cell lymphoma cell line | CAGE",-0.01171875,BigWig,0.515625,0.50390625,0.01171875,2069
CNhs11934_P,myelodysplastic syndrome cell line | CAGE,-0.01171875,BigWig,0.51171875,0.5,0.01171875,2070
CNhs11854_P,neurofibroma cell line | CAGE,-0.01171875,BigWig,0.51171875,0.5,0.01171875,2071
CNhs10734_P,papillotubular adenocarcinoma cell line | CAGE,-0.01171875,BigWig,0.515625,0.50390625,0.01171875,2072
CNhs11255_P,rectal cancer cell line | CAGE,-0.01171875,BigWig,0.51171875,0.5,0.01171875,2073
CNhs11257_M,renal cell carcinoma cell line | CAGE,0.01171875,BigWig,0.56640625,0.578125,0.01171875,2074
CNhs10753_P,signet ring carcinoma cell line | CAGE,-0.01171875,BigWig,0.515625,0.50390625,0.01171875,2075
CNhs11285_P,small cell lung carcinoma cell line | CAGE,-0.01171875,BigWig,0.51171875,0.5,0.01171875,2076
CNhs12808_P,small cell lung carcinoma cell line | CAGE,-0.01171875,BigWig,0.515625,0.50390625,0.01171875,2077
CNhs11739_P,squamous cell carcinoma cell line | CAGE,-0.01171875,BigWig,0.51171875,0.5,0.01171875,2078
CNhs11890_P,teratocarcinoma cell line | CAGE,-0.01171875,BigWig,0.51171875,0.5,0.01171875,2079
CNhs14139_M,thymic carcinoma cell line | CAGE,0.01171875,BigWig,0.515625,0.52734375,0.01171875,2080
CNhs11872_P,thyroid carcinoma cell line | CAGE,-0.01171875,BigWig,0.515625,0.50390625,0.01171875,2081
CNhs14140_P,thyroid carcinoma cell line | CAGE,-0.01171875,BigWig,0.51171875,0.5,0.01171875,2082
CNhs10735_P,transitional-cell carcinoma cell line | CAGE,-0.01171875,BigWig,0.515625,0.50390625,0.01171875,2083
CNhs11261_P,transitional-cell carcinoma cell line | CAGE,-0.01171875,BigWig,0.515625,0.50390625,0.01171875,2084
CNhs11813_M,xeroderma pigentosum b cell line | CAGE,0.01171875,BigWig,0.5234375,0.53515625,0.01171875,2085
CNhs11325_P,Alveolar Epithelial Cells | CAGE,-0.01171875,BigWig,0.515625,0.50390625,0.01171875,2086
CNhs11321_P,Astrocyte - cerebellum | CAGE,-0.01171875,BigWig,0.515625,0.50390625,0.01171875,2087
CNhs13465_P,CD14+ monocytes - treated with BCG | CAGE,-0.01171875,BigWig,0.51171875,0.5,0.01171875,2088
CNhs13466_P,CD14+ monocytes - treated with IFN + N-hexane | CAGE,-0.01171875,BigWig,0.51171875,0.5,0.01171875,2089
CNhs13470_P,CD14+ monocytes - treated with lipopolysaccharide | CAG,-0.01171875,BigWig,0.515625,0.50390625,0.01171875,2090
CNhs12181_M,"CD19+ B Cells (pluriselect), donation3 | CAGE",0.01171875,BigWig,0.50390625,0.515625,0.01171875,2091
CNhs13552_P,"CD34 cells differentiated to erythrocyte lineage, biol ",-0.01171875,BigWig,0.515625,0.50390625,0.01171875,2092
CNhs12178_M,"CD8+ T Cells (pluriselect), donation2 | CAGE",0.01171875,BigWig,0.50390625,0.515625,0.01171875,2093
CNhs12180_M,"CD8+ T Cells (pluriselect), donation3 | CAGE",0.01171875,BigWig,0.50390625,0.515625,0.01171875,2094
CNhs10837_P,Endothelial Cells - Aortic | CAGE,-0.01171875,BigWig,0.515625,0.50390625,0.01171875,2095
CNhs10848_M,"Fibroblast - Gingival,  (GFH2) | CAGE",0.01171875,BigWig,0.5078125,0.51953125,0.01171875,2096
CNhs11952_P,"Fibroblast - Gingival,  (GFH3) | CAGE",-0.01171875,BigWig,0.51171875,0.5,0.01171875,2097
CNhs11348_M,Fibroblast - Mammary | CAGE,0.01171875,BigWig,0.51953125,0.53125,0.01171875,2098
CNhs10867_P,Fibroblast - Periodontal Ligament | CAGE,-0.01171875,BigWig,0.515625,0.50390625,0.01171875,2099
CNhs11953_P,"Fibroblast - Periodontal Ligament,  (PL30) | CAGE",-0.01171875,BigWig,0.51171875,0.5,0.01171875,2100
CNhs11343_P,Fibroblast - Villous Mesenchymal | CAGE,-0.01171875,BigWig,0.51171875,0.5,0.01171875,2101
CNhs11979_P,Hair Follicle Dermal Papilla Cells | CAGE,-0.01171875,BigWig,0.515625,0.50390625,0.01171875,2102
CNhs11335_P,Hepatic Stellate Cells (lipocyte) | CAGE,-0.01171875,BigWig,0.515625,0.50390625,0.01171875,2103
CNhs10875_P,Intestinal epithelial cells (polarized) | CAGE,-0.01171875,BigWig,0.51171875,0.5,0.01171875,2104
CNhs11337_P,Keratocytes | CAGE,-0.01171875,BigWig,0.51171875,0.5,0.01171875,2105
CNhs12538_P,"Mallassez-derived cells,  (MZH3) | CAGE",-0.01171875,BigWig,0.51171875,0.5,0.01171875,2106
CNhs10846_P,Mesenchymal Stem Cells - Vertebral | CAGE,-0.01171875,BigWig,0.51171875,0.5,0.01171875,2107
CNhs10844_P,Mesenchymal stem cells - adipose | CAGE,-0.01171875,BigWig,0.515625,0.50390625,0.01171875,2108
CNhs12492_P,Mesenchymal stem cells - umbilical | CAGE,-0.01171875,BigWig,0.51171875,0.5,0.01171875,2109
CNhs10870_P,Myoblast | CAGE,-0.01171875,BigWig,0.51171875,0.5,0.01171875,2110
CNhs11311_P,Osteoblast - differentiated | CAGE,-0.01171875,BigWig,0.51953125,0.5078125,0.01171875,2111
CNhs11078_P,Osteoblast | CAGE,-0.01171875,BigWig,0.5234375,0.51171875,0.01171875,2112
CNhs11052_P,Preadipocyte - breast | CAGE,-0.01171875,BigWig,0.51171875,0.5,0.01171875,2113
CNhs11081_P,Preadipocyte - subcutaneous | CAGE,-0.01171875,BigWig,0.51953125,0.5078125,0.01171875,2114
CNhs10882_P,Prostate Epithelial Cells (polarized) | CAGE,-0.01171875,BigWig,0.51171875,0.5,0.01171875,2115
CNhs10883_P,Prostate Stromal Cells | CAGE,-0.01171875,BigWig,0.515625,0.50390625,0.01171875,2116
CNhs10869_P,Skeletal Muscle Satellite Cells | CAGE,-0.01171875,BigWig,0.515625,0.50390625,0.01171875,2117
CNhs12893_M,Smooth Muscle Cells - Bladder | CAGE,0.01171875,BigWig,0.51171875,0.5234375,0.01171875,2118
CNhs10868_P,Smooth Muscle Cells - Colonic | CAGE,-0.01171875,BigWig,0.515625,0.50390625,0.01171875,2119
CNhs11067_P,Smooth Muscle Cells - Internal Thoracic Artery | CAGE,-0.01171875,BigWig,0.51953125,0.5078125,0.01171875,2120
CNhs11921_P,Smooth Muscle Cells - Uterine | CAGE,-0.01171875,BigWig,0.515625,0.50390625,0.01171875,2121
CNhs14183_P,"Smooth muscle cells - airway, asthmatic | CAGE",-0.01171875,BigWig,0.51171875,0.5,0.01171875,2122
CNhs11076_P,"Whole blood (ribopure), donation2 | CAGE",-0.01171875,BigWig,0.51171875,0.5,0.01171875,2123
CNhs11948_P,"Whole blood (ribopure), donation3 | CAGE",-0.01171875,BigWig,0.515625,0.50390625,0.01171875,2124
CNhs12368_P,mesenchymal precursor cell - cardiac | CAGE,-0.01171875,BigWig,0.515625,0.50390625,0.01171875,2125
CNhs12372_P,mesenchymal precursor cell - ovarian cancer left ovary,-0.01171875,BigWig,0.51171875,0.5,0.01171875,2126
CNhs12373_P,mesenchymal precursor cell - ovarian cancer right ovary,-0.01171875,BigWig,0.51171875,0.5,0.01171875,2127
CNhs12377_P,mesenchymal precursor cell - ovarian cancer right ovary,-0.01171875,BigWig,0.51171875,0.5,0.01171875,2128
CNhs13507_M,mesenchymal precursor cell - ovarian cancer right ovary,0.01171875,BigWig,0.5234375,0.53515625,0.01171875,2129
CNhs12843_P,"artery, adult | CAGE",-0.01171875,BigWig,0.51171875,0.5,0.01171875,2130
CNhs11761_M,"blood, adult, pool1 | CAGE",0.01171875,BigWig,0.515625,0.52734375,0.01171875,2131
CNhs11796_M,"brain, adult | CAGE",0.01171875,BigWig,0.58203125,0.59375,0.01171875,2132
CNhs14071_P,"caudate nucleus, newborn | CAGE",-0.01171875,BigWig,0.51171875,0.5,0.01171875,2133
CNhs11794_M,"colon, adult | CAGE",0.01171875,BigWig,0.51171875,0.5234375,0.01171875,2134
CNhs13444_P,eye - muscle inferior rectus | CAGE,-0.01171875,BigWig,0.51953125,0.5078125,0.01171875,2135
CNhs13801_P,globus pallidus - adult | CAGE,-0.01171875,BigWig,0.51171875,0.5,0.01171875,2136
CNhs12855_P,"heart - mitral valve, adult | CAGE",-0.01171875,BigWig,0.51171875,0.5,0.01171875,2137
CNhs12312_P,"hippocampus, adult | CAGE",-0.01171875,BigWig,0.515625,0.50390625,0.01171875,2138
CNhs14081_P,"hippocampus, newborn | CAGE",-0.01171875,BigWig,0.515625,0.50390625,0.01171875,2139
CNhs11789_P,"left ventricle, adult | CAGE",-0.01171875,BigWig,0.51171875,0.5,0.01171875,2140
CNhs11788_P,"lymph node, adult | CAGE",-0.01171875,BigWig,0.51171875,0.5,0.01171875,2141
CNhs14229_M,"medial temporal gyrus, adult, tech  | CAGE",0.01171875,BigWig,0.52734375,0.5390625,0.01171875,2142
CNhs12320_P,"occipital cortex, adult | CAGE",-0.01171875,BigWig,0.515625,0.50390625,0.01171875,2143
CNhs12228_P,"pineal gland, adult | CAGE",-0.01171875,BigWig,0.515625,0.50390625,0.01171875,2144
CNhs13805_P,pituitary gland - adult | CAGE,-0.01171875,BigWig,0.515625,0.50390625,0.01171875,2145
CNhs10631_P,"spleen, adult, pool1 | CAGE",-0.01171875,BigWig,0.51171875,0.5,0.01171875,2146
CNhs14076_P,"substantia nigra, newborn | CAGE",-0.01171875,BigWig,0.51171875,0.5,0.01171875,2147
CNhs13794_P,thalamus - adult | CAGE,-0.01171875,BigWig,0.51171875,0.5,0.01171875,2148
CNhs14223_M,"thalamus, adult, tech  | CAGE",0.01171875,BigWig,0.546875,0.55859375,0.01171875,2149
CNhs10650_P,"thymus, fetal, pool1 | CAGE",-0.01171875,BigWig,0.51171875,0.5,0.01171875,2150
CNhs11765_M,"umbilical cord, fetal | CAGE",0.01171875,BigWig,0.53515625,0.546875,0.01171875,2151
CNhs11676_P,"uterus, adult, pool1 | CAGE",-0.01171875,BigWig,0.51171875,0.5,0.01171875,2152
CNhs12854_P,"vagina, adult | CAGE",-0.01171875,BigWig,0.51171875,0.5,0.01171875,2153
GTEX-1H3O1-1726-SM-9WYSR.1,brain | RNA-seq,-0.01171875,BigWig,1.0,0.98828125,0.01171875,2154
GTEX-PLZ4-2226-SM-EZ6KS.1,cervix uteri | RNA-seq,-0.01171875,BigWig,1.0,0.98828125,0.01171875,2155
GTEX-T6MO-1426-SM-4DM73.1,cervix uteri | RNA-seq,-0.01171875,BigWig,1.0,0.98828125,0.01171875,2156
GTEX-ZAB4-2226-SM-5HL97.1,colon | RNA-seq,-0.01171875,BigWig,1.0,0.98828125,0.01171875,2157
GTEX-PLZ4-2326-SM-EYYV5.1,fallopian tube | RNA-seq,-0.01171875,BigWig,1.0,0.98828125,0.01171875,2158
GTEX-1399S-1726-SM-5L3DI.1,lung | RNA-seq,-0.01171875,BigWig,1.0,0.98828125,0.01171875,2159
GTEX-W5WG-1026-SM-4LMIF.1,vagina | RNA-seq,-0.01171875,BigWig,1.0,0.98828125,0.01171875,2160
polyA_signal,polyA signal,-0.01123046875,BED,0.057373046875,0.046142578125,0.01123046875,2161
ENCSR000ASH,A549 | Histone ChIP-seq | H3K4me3,0.0078125,BigWig,0.625,0.6328125,0.0078125,2162
ENCSR000AST,A549 | Histone ChIP-seq | H3K4me3,0.0078125,BigWig,0.57421875,0.58203125,0.0078125,2163
ENCSR521IZK,A673 | Histone ChIP-seq | H3K4me1,0.0078125,BigWig,0.53515625,0.54296875,0.0078125,2164
ENCSR988EGR,A673 | Histone ChIP-seq | H3K9me3,0.0078125,BigWig,0.60546875,0.61328125,0.0078125,2165
ENCSR726ZZX,ACC112 | Histone ChIP-seq | H3K4me1,0.0078125,BigWig,0.56640625,0.57421875,0.0078125,2166
ENCSR000DPO,AG04450 | Histone ChIP-seq | H3K4me3,0.0078125,BigWig,0.59765625,0.60546875,0.0078125,2167
ENCSR000EMA,AG09319 | DNase-seq,-0.0078125,BigWig,0.68359375,0.67578125,0.0078125,2168
ENCSR000EIX,AG20443 | DNase-seq,-0.0078125,BigWig,0.89453125,0.88671875,0.0078125,2169
ENCSR000ASX,DND-41 | Histone ChIP-seq | H3K27me3,0.0078125,BigWig,0.83984375,0.84765625,0.0078125,2170
ENCSR000EIS,GM03348 | DNase-seq,0.0078125,BigWig,0.85546875,0.86328125,0.0078125,2171
ENCSR000DQU,GM06990 | Histone ChIP-seq | H3K27me3,0.0078125,BigWig,0.91796875,0.92578125,0.0078125,2172
ENCSR000AKD,GM12878 | Histone ChIP-seq | H3K27me3,0.0078125,BigWig,0.8359375,0.84375,0.0078125,2173
ENCSR000DRX,GM12878 | Histone ChIP-seq | H3K27me3,0.0078125,BigWig,0.92578125,0.93359375,0.0078125,2174
ENCSR000AKA,GM12878 | Histone ChIP-seq | H3K4me3,-0.0078125,BigWig,0.640625,0.6328125,0.0078125,2175
ENCSR000DRY,GM12878 | Histone ChIP-seq | H3K4me3,-0.0078125,BigWig,0.61328125,0.60546875,0.0078125,2176
ENCSR000EJF,GM12892 | DNase-seq,-0.0078125,BigWig,0.97265625,0.96484375,0.0078125,2177
ENCSR217TAW,GM23248 | DNase-seq,-0.0078125,BigWig,0.609375,0.6015625,0.0078125,2178
ENCSR906NGD,GM23248 | Histone ChIP-seq | H3K4me1,-0.0078125,BigWig,0.59765625,0.58984375,0.0078125,2179
ENCSR479HKJ,GM23248 | Histone ChIP-seq | H3K4me3,-0.0078125,BigWig,0.58984375,0.58203125,0.0078125,2180
ENCSR236YPE,GM23338 | Histone ChIP-seq | H3K36me3,0.0078125,BigWig,0.69140625,0.69921875,0.0078125,2181
ENCSR631RJR,H1 | Histone ChIP-seq | H3K4me1,-0.0078125,BigWig,0.82421875,0.81640625,0.0078125,2182
ENCSR952GVX,H1 | Histone ChIP-seq | H3K9ac,0.0078125,BigWig,0.86328125,0.87109375,0.0078125,2183
ENCSR915BSC,H9 | DNase-seq,-0.0078125,BigWig,0.7734375,0.765625,0.0078125,2184
ENCSR967HXD,H9 | Histone ChIP-seq | H3K4me1,-0.0078125,BigWig,0.765625,0.7578125,0.0078125,2185
ENCSR091QXP,HCT116 | Histone ChIP-seq | H3K36me3,0.0078125,BigWig,0.7890625,0.796875,0.0078125,2186
ENCSR161MXP,HCT116 | Histone ChIP-seq | H3K4me1,0.0078125,BigWig,0.62890625,0.63671875,0.0078125,2187
ENCSR000EJR,HEK293T | DNase-seq,-0.0078125,BigWig,0.90234375,0.89453125,0.0078125,2188
ENCSR000EMG,HS-5 | DNase-seq,-0.0078125,BigWig,0.64453125,0.63671875,0.0078125,2189
ENCSR223UPC,HUES48 | Histone ChIP-seq | H3K27ac,0.0078125,BigWig,0.578125,0.5859375,0.0078125,2190
ENCSR153SGD,HUES48 | Histone ChIP-seq | H3K4me3,-0.0078125,BigWig,0.61328125,0.60546875,0.0078125,2191
ENCSR804MAP,HUES64 | Histone ChIP-seq | H3K27ac,0.0078125,BigWig,0.71875,0.7265625,0.0078125,2192
ENCSR000AOC,HeLa-S3 | Histone ChIP-seq | H3K27ac,0.0078125,BigWig,0.734375,0.7421875,0.0078125,2193
ENCSR000AQO,HeLa-S3 | Histone ChIP-seq | H3K9me3,0.0078125,BigWig,0.83984375,0.84765625,0.0078125,2194
ENCSR087PFU,IMR-90 | Histone ChIP-seq | H3K4me3,-0.0078125,BigWig,0.58203125,0.57421875,0.0078125,2195
ENCSR219MYH,IMR-90 | Histone ChIP-seq | H3K9ac,0.0078125,BigWig,0.7265625,0.734375,0.0078125,2196
ENCSR835YBD,KMS-11 | Histone ChIP-seq | H3K36me3,-0.0078125,BigWig,0.7109375,0.703125,0.0078125,2197
ENCSR978BQI,Karpas-422 | Histone ChIP-seq | H3K9me3,0.0078125,BigWig,0.63671875,0.64453125,0.0078125,2198
ENCSR000EKT,LNCaP clone FGC | DNase-seq,0.0078125,BigWig,0.89453125,0.90234375,0.0078125,2199
ENCSR000DWF,LNCaP clone FGC | Histone ChIP-seq | H3K4me3,0.0078125,BigWig,0.60546875,0.61328125,0.0078125,2200
ENCSR884QDT,Loucy | Histone ChIP-seq | H3K9me3,0.0078125,BigWig,0.65234375,0.66015625,0.0078125,2201
ENCSR000EWR,MCF-7 | Histone ChIP-seq | H3K27ac,0.0078125,BigWig,0.70703125,0.71484375,0.0078125,2202
ENCSR985MIB,MCF-7 | Histone ChIP-seq | H3K4me3,0.0078125,BigWig,0.66796875,0.67578125,0.0078125,2203
ENCSR000DWP,NB4 | Histone ChIP-seq | H3K4me3,0.0078125,BigWig,0.56640625,0.57421875,0.0078125,2204
ENCSR000EXB,NT2/D1 | Histone ChIP-seq | H3K36me3,-0.0078125,BigWig,0.95703125,0.94921875,0.0078125,2205
ENCSR000EXC,NT2/D1 | Histone ChIP-seq | H3K9ac,0.0078125,BigWig,0.83203125,0.83984375,0.0078125,2206
ENCSR604JFH,OCI-LY3 | Histone ChIP-seq | H3K9me3,0.0078125,BigWig,0.65625,0.6640625,0.0078125,2207
ENCSR005SXO,OCI-LY7 | Histone ChIP-seq | H3K4me3,-0.0078125,BigWig,0.58203125,0.57421875,0.0078125,2208
ENCSR389WWC,OCI-LY7 | Histone ChIP-seq | H3K9me3,0.0078125,BigWig,0.65234375,0.66015625,0.0078125,2209
ENCSR275NCH,PC-3 | Histone ChIP-seq | H3K4me3,0.0078125,BigWig,0.6171875,0.625,0.0078125,2210
ENCSR769FOC,PC-9 | Histone ChIP-seq | H3K27ac,0.0078125,BigWig,0.640625,0.6484375,0.0078125,2211
ENCSR661BMA,SK-N-SH | Histone ChIP-seq | H3K4me1,-0.0078125,BigWig,0.6484375,0.640625,0.0078125,2212
ENCSR121INC,SK-N-SH | Histone ChIP-seq | H3K9ac,-0.0078125,BigWig,0.640625,0.6328125,0.0078125,2213
ENCSR000FCT,SK-N-SH | Histone ChIP-seq | H3K9me3,-0.0078125,BigWig,0.65234375,0.64453125,0.0078125,2214
ENCSR307DQT,SU-DHL-6 | Histone ChIP-seq | H3K27ac,0.0078125,BigWig,0.58203125,0.58984375,0.0078125,2215
ENCSR494LJG,SU-DHL-6 | Histone ChIP-seq | H3K4me3,-0.0078125,BigWig,0.671875,0.6640625,0.0078125,2216
ENCSR587FCM,SU-DHL-6 | Histone ChIP-seq | H3K9me3,0.0078125,BigWig,0.6796875,0.6875,0.0078125,2217
ENCSR000ELS,T47D | DNase-seq,-0.0078125,BigWig,0.88671875,0.87890625,0.0078125,2218
ENCSR615YKN,UCSF-4 | Histone ChIP-seq | H3K4me1,-0.0078125,BigWig,0.828125,0.8203125,0.0078125,2219
ENCSR000DXY,WI38 | Histone ChIP-seq | H3K4me3,0.0078125,BigWig,0.57421875,0.58203125,0.0078125,2220
ENCSR000DXZ,WI38 | Histone ChIP-seq | H3K4me3,-0.0078125,BigWig,0.57421875,0.56640625,0.0078125,2221
ENCSR307OAJ,iPS DF 19.11 | Histone ChIP-seq | H3K4me1,-0.0078125,BigWig,0.9609375,0.953125,0.0078125,2222
ENCSR875QDS,iPS DF 6.9 | Histone ChIP-seq | H3K27ac,0.0078125,BigWig,0.82421875,0.83203125,0.0078125,2223
ENCSR916MHZ,iPS DF 6.9 | Histone ChIP-seq | H3K27me3,-0.0078125,BigWig,0.81640625,0.80859375,0.0078125,2224
ENCSR729GQT,iPS-20b | Histone ChIP-seq | H3K27ac,0.0078125,BigWig,0.80078125,0.80859375,0.0078125,2225
ENCSR989RAL,iPS-20b | Histone ChIP-seq | H3K4me3,-0.0078125,BigWig,0.60546875,0.59765625,0.0078125,2226
ENCSR000ELV,urothelium cell line | DNase-seq,-0.0078125,BigWig,0.85546875,0.84765625,0.0078125,2227
ENCSR405TXU,adipocyte | DNase-seq,-0.0078125,BigWig,0.65625,0.6484375,0.0078125,2228
ENCSR769HUN,adipocyte | Histone ChIP-seq | H3K27me3,0.0078125,BigWig,0.90234375,0.91015625,0.0078125,2229
ENCSR136ZNV,adipocyte | Histone ChIP-seq | H3K36me3,-0.0078125,BigWig,0.9375,0.9296875,0.0078125,2230
ENCSR367VRA,adipocyte | Histone ChIP-seq | H3K4me3,0.0078125,BigWig,0.5625,0.5703125,0.0078125,2231
ENCSR994NPK,cardiac muscle cell | Histone ChIP-seq | H3K36me3,0.0078125,BigWig,0.7421875,0.75,0.0078125,2232
ENCSR269ULZ,cardiac muscle cell | Histone ChIP-seq | H3K9me3,-0.0078125,BigWig,0.703125,0.6953125,0.0078125,2233
ENCSR000DSO,cardiovascular progenitor cell | Histone ChIP-seq | H3K,0.0078125,BigWig,0.60546875,0.61328125,0.0078125,2234
ENCSR747HAM,ectodermal cell | Histone ChIP-seq | H3K27ac,-0.0078125,BigWig,0.6953125,0.6875,0.0078125,2235
ENCSR273IYV,endodermal cell | Histone ChIP-seq | H3K27me3,-0.0078125,BigWig,0.78515625,0.77734375,0.0078125,2236
ENCSR194TFK,endodermal cell | Histone ChIP-seq | H3K4me1,0.0078125,BigWig,0.7734375,0.78125,0.0078125,2237
ENCSR564JUY,hematopoietic multipotent progenitor cell | DNase-seq,-0.0078125,BigWig,0.67578125,0.66796875,0.0078125,2238
ENCSR937UWI,hematopoietic multipotent progenitor cell | DNase-seq,-0.0078125,BigWig,0.765625,0.7578125,0.0078125,2239
ENCSR507UDH,hepatocyte | Histone ChIP-seq | H3K27ac,0.0078125,BigWig,0.6015625,0.609375,0.0078125,2240
ENCSR442ZOI,hepatocyte | Histone ChIP-seq | H3K4me3,-0.0078125,BigWig,0.6171875,0.609375,0.0078125,2241
ENCSR224FOA,islet precursor cell | DNase-seq,0.0078125,BigWig,0.93359375,0.94140625,0.0078125,2242
ENCSR013KEC,mesenchymal stem cell | Histone ChIP-seq | H3K27ac,0.0078125,BigWig,0.70703125,0.71484375,0.0078125,2243
ENCSR824UNY,mesenchymal stem cell | Histone ChIP-seq | H3K36me3,-0.0078125,BigWig,0.98828125,0.98046875,0.0078125,2244
ENCSR473PNT,mesendoderm | Histone ChIP-seq | H3K27ac,0.0078125,BigWig,0.8203125,0.828125,0.0078125,2245
ENCSR664KWY,mesendoderm | Histone ChIP-seq | H3K4me1,-0.0078125,BigWig,0.80859375,0.80078125,0.0078125,2246
ENCSR441SAT,mesendoderm | Histone ChIP-seq | H3K4me3,0.0078125,BigWig,0.84375,0.8515625,0.0078125,2247
ENCSR100LWU,mesodermal cell | Histone ChIP-seq | H3K36me3,-0.0078125,BigWig,0.85546875,0.84765625,0.0078125,2248
ENCSR290EHP,mid-neurogenesis radial glial cells | Histone ChIP-seq,-0.0078125,BigWig,0.80078125,0.79296875,0.0078125,2249
ENCSR124VOE,neural cell | Histone ChIP-seq | H3K27ac,0.0078125,BigWig,0.6875,0.6953125,0.0078125,2250
ENCSR714KGG,neural cell | Histone ChIP-seq | H3K36me3,-0.0078125,BigWig,0.8359375,0.828125,0.0078125,2251
ENCSR608VNA,neural cell | Histone ChIP-seq | H3K4me3,0.0078125,BigWig,0.59765625,0.60546875,0.0078125,2252
ENCSR963ALV,neural progenitor cell | DNase-seq,0.0078125,BigWig,0.72265625,0.73046875,0.0078125,2253
ENCSR256KTR,neural progenitor cell | Histone ChIP-seq | H3K9me3,-0.0078125,BigWig,0.62890625,0.62109375,0.0078125,2254
ENCSR662PLB,neuroepithelial stem cell | Histone ChIP-seq | H3K4me3,-0.0078125,BigWig,0.6328125,0.625,0.0078125,2255
ENCSR256ESY,neuronal stem cell | Histone ChIP-seq | H3K36me3,0.0078125,BigWig,0.89453125,0.90234375,0.0078125,2256
ENCSR956CTX,neuronal stem cell | Histone ChIP-seq | H3K4me3,0.0078125,BigWig,0.921875,0.9296875,0.0078125,2257
ENCSR391WDE,neuronal stem cell | Histone ChIP-seq | H3K9me3,-0.0078125,BigWig,0.8984375,0.890625,0.0078125,2258
ENCSR005YZH,trophoblast cell | Histone ChIP-seq | H3K36me3,-0.0078125,BigWig,0.9921875,0.984375,0.0078125,2259
ENCSR038OIN,trophoblast cell | Histone ChIP-seq | H3K36me3,0.0078125,BigWig,0.94921875,0.95703125,0.0078125,2260
ENCSR044WCY,trophoblast cell | Histone ChIP-seq | H3K9me3,-0.0078125,BigWig,0.95703125,0.94921875,0.0078125,2261
ENCSR247IUJ,B cell | DNase-seq,0.0078125,BigWig,0.7890625,0.796875,0.0078125,2262
ENCSR162DGX,B cell | Histone ChIP-seq | H3K27me3,0.0078125,BigWig,0.7109375,0.71875,0.0078125,2263
ENCSR799SLA,B cell | Histone ChIP-seq | H3K9ac,0.0078125,BigWig,0.65234375,0.66015625,0.0078125,2264
ENCSR000ELE,CD14-positive monocyte | DNase-seq,-0.0078125,BigWig,0.9375,0.9296875,0.0078125,2265
ENCSR244XWL,CD14-positive monocyte | Histone ChIP-seq | H3K36me3,-0.0078125,BigWig,0.84765625,0.83984375,0.0078125,2266
ENCSR000ASN,CD14-positive monocyte | Histone ChIP-seq | H3K4me3,-0.0078125,BigWig,0.62890625,0.62109375,0.0078125,2267
ENCSR796FCS,CD14-positive monocyte | Histone ChIP-seq | H3K4me3,-0.0078125,BigWig,0.65234375,0.64453125,0.0078125,2268
ENCSR579DZQ,"CD4-positive, CD25-positive, alpha-beta regulatory T ce",0.0078125,BigWig,0.6015625,0.609375,0.0078125,2269
ENCSR966QUX,"CD4-positive, CD25-positive, alpha-beta regulatory T ce",0.0078125,BigWig,0.54296875,0.55078125,0.0078125,2270
ENCSR860MYX,"CD4-positive, CD25-positive, alpha-beta regulatory T ce",0.0078125,BigWig,0.66015625,0.66796875,0.0078125,2271
ENCSR683QJJ,"CD4-positive, alpha-beta T cell | DNase-seq",0.0078125,BigWig,0.67578125,0.68359375,0.0078125,2272
ENCSR546SDM,"CD4-positive, alpha-beta T cell | Histone ChIP-seq | H3",0.0078125,BigWig,0.6953125,0.703125,0.0078125,2273
ENCSR043SBG,"CD4-positive, alpha-beta T cell | Histone ChIP-seq | H3",0.0078125,BigWig,0.79296875,0.80078125,0.0078125,2274
ENCSR733QOZ,"CD4-positive, alpha-beta T cell | Histone ChIP-seq | H3",0.0078125,BigWig,0.87109375,0.87890625,0.0078125,2275
ENCSR263WLD,"CD4-positive, alpha-beta T cell | Histone ChIP-seq | H3",0.0078125,BigWig,0.6328125,0.640625,0.0078125,2276
ENCSR714KWW,"CD4-positive, alpha-beta T cell | Histone ChIP-seq | H3",0.0078125,BigWig,0.625,0.6328125,0.0078125,2277
ENCSR787WLV,"CD4-positive, alpha-beta T cell | Histone ChIP-seq | H3",0.0078125,BigWig,0.9375,0.9453125,0.0078125,2278
ENCSR702RZM,"CD4-positive, alpha-beta memory T cell | Histone ChIP-s",0.0078125,BigWig,0.796875,0.8046875,0.0078125,2279
ENCSR077FZT,"CD4-positive, alpha-beta memory T cell | Histone ChIP-s",0.0078125,BigWig,0.7265625,0.734375,0.0078125,2280
ENCSR842VTJ,"CD8-positive, alpha-beta T cell | DNase-seq",0.0078125,BigWig,0.7734375,0.78125,0.0078125,2281
ENCSR835OJV,"CD8-positive, alpha-beta T cell | Histone ChIP-seq | H3",0.0078125,BigWig,0.6953125,0.703125,0.0078125,2282
ENCSR103GGR,"CD8-positive, alpha-beta T cell | Histone ChIP-seq | H3",-0.0078125,BigWig,0.87109375,0.86328125,0.0078125,2283
ENCSR639HVJ,"CD8-positive, alpha-beta T cell | Histone ChIP-seq | H3",-0.0078125,BigWig,0.74609375,0.73828125,0.0078125,2284
ENCSR797GOJ,"CD8-positive, alpha-beta T cell | Histone ChIP-seq | H3",-0.0078125,BigWig,0.78515625,0.77734375,0.0078125,2285
ENCSR694CDP,"CD8-positive, alpha-beta T cell | Histone ChIP-seq | H3",-0.0078125,BigWig,0.78515625,0.77734375,0.0078125,2286
ENCSR231FDF,"CD8-positive, alpha-beta T cell | Histone ChIP-seq | H3",-0.0078125,BigWig,0.703125,0.6953125,0.0078125,2287
ENCSR372MTE,"CD8-positive, alpha-beta memory T cell | Histone ChIP-s",0.0078125,BigWig,0.69921875,0.70703125,0.0078125,2288
ENCSR451GTQ,T-helper 17 cell | Histone ChIP-seq | H3K9me3,0.0078125,BigWig,0.73046875,0.73828125,0.0078125,2289
ENCSR000EQI,T-helper 2 cell | DNase-seq,-0.0078125,BigWig,0.58984375,0.58203125,0.0078125,2290
ENCSR000DXK,bronchial epithelial cell | Histone ChIP-seq | H3K27me3,-0.0078125,BigWig,0.90234375,0.89453125,0.0078125,2291
ENCSR281HBB,"common myeloid progenitor, CD34-positive | DNase-seq",0.0078125,BigWig,0.75,0.7578125,0.0078125,2292
ENCSR453EVC,"common myeloid progenitor, CD34-positive | DNase-seq",-0.0078125,BigWig,0.73828125,0.73046875,0.0078125,2293
ENCSR735BIM,"common myeloid progenitor, CD34-positive | DNase-seq",0.0078125,BigWig,0.609375,0.6171875,0.0078125,2294
ENCSR355PUX,"common myeloid progenitor, CD34-positive | Histone ChIP",0.0078125,BigWig,0.82421875,0.83203125,0.0078125,2295
ENCSR196KYU,"common myeloid progenitor, CD34-positive | Histone ChIP",0.0078125,BigWig,0.59765625,0.60546875,0.0078125,2296
ENCSR163ALM,"common myeloid progenitor, CD34-positive | Histone ChIP",-0.0078125,BigWig,0.765625,0.7578125,0.0078125,2297
ENCSR192GUR,"common myeloid progenitor, CD34-positive | Histone ChIP",-0.0078125,BigWig,0.546875,0.5390625,0.0078125,2298
ENCSR681HMF,"common myeloid progenitor, CD34-positive | Histone ChIP",0.0078125,BigWig,0.7109375,0.71875,0.0078125,2299
ENCSR820WLP,dedifferentiated amniotic fluid mesenchymal stem cell |,-0.0078125,BigWig,0.75390625,0.74609375,0.0078125,2300
ENCSR610IIJ,"effector memory CD4-positive, alpha-beta T cell | Histo",-0.0078125,BigWig,0.7734375,0.765625,0.0078125,2301
ENCSR000ALB,endothelial cell of umbilical vein | Histone ChIP-seq |,-0.0078125,BigWig,0.578125,0.5703125,0.0078125,2302
ENCSR000DVO,endothelial cell of umbilical vein | Histone ChIP-seq |,-0.0078125,BigWig,0.859375,0.8515625,0.0078125,2303
ENCSR000AKN,endothelial cell of umbilical vein | Histone ChIP-seq |,0.0078125,BigWig,0.58984375,0.59765625,0.0078125,2304
ENCSR000DXF,epithelial cell of proximal tubule | Histone ChIP-seq |,0.0078125,BigWig,0.55859375,0.56640625,0.0078125,2305
ENCSR000APN,fibroblast of dermis | Histone ChIP-seq | H3K27ac,0.0078125,BigWig,0.66015625,0.66796875,0.0078125,2306
ENCSR000AMR,fibroblast of lung | Histone ChIP-seq | H3K27ac,0.0078125,BigWig,0.625,0.6328125,0.0078125,2307
ENCSR000AMS,fibroblast of lung | Histone ChIP-seq | H3K27me3,-0.0078125,BigWig,0.94140625,0.93359375,0.0078125,2308
ENCSR000AMW,fibroblast of lung | Histone ChIP-seq | H3K4me3,0.0078125,BigWig,0.66015625,0.66796875,0.0078125,2309
ENCSR000ARQ,fibroblast of lung | Histone ChIP-seq | H3K9me3,0.0078125,BigWig,0.73046875,0.73828125,0.0078125,2310
ENCSR176KYD,fibroblast of skin of abdomen | DNase-seq,-0.0078125,BigWig,0.7890625,0.78125,0.0078125,2311
ENCSR555TFE,fibroblast of skin of left quadriceps | DNase-seq,-0.0078125,BigWig,0.59375,0.5859375,0.0078125,2312
ENCSR153LHP,foreskin fibroblast | DNase-seq,-0.0078125,BigWig,0.6328125,0.625,0.0078125,2313
ENCSR346DNL,foreskin fibroblast | Histone ChIP-seq | H3K4me1,0.0078125,BigWig,0.71484375,0.72265625,0.0078125,2314
ENCSR624YTO,foreskin fibroblast | Histone ChIP-seq | H3K9me3,-0.0078125,BigWig,0.76171875,0.75390625,0.0078125,2315
ENCSR853XJK,foreskin keratinocyte | Histone ChIP-seq | H3K27me3,-0.0078125,BigWig,0.7734375,0.765625,0.0078125,2316
ENCSR377FXG,foreskin keratinocyte | Histone ChIP-seq | H3K36me3,-0.0078125,BigWig,0.92578125,0.91796875,0.0078125,2317
ENCSR559BMF,foreskin keratinocyte | Histone ChIP-seq | H3K36me3,-0.0078125,BigWig,0.96484375,0.95703125,0.0078125,2318
ENCSR703DFH,foreskin keratinocyte | Histone ChIP-seq | H3K4me3,0.0078125,BigWig,0.63671875,0.64453125,0.0078125,2319
ENCSR781UXO,foreskin keratinocyte | Histone ChIP-seq | H3K9ac,0.0078125,BigWig,0.95703125,0.96484375,0.0078125,2320
ENCSR434OBM,foreskin melanocyte | DNase-seq,0.0078125,BigWig,0.68359375,0.69140625,0.0078125,2321
ENCSR147GWR,foreskin melanocyte | Histone ChIP-seq | H3K27me3,-0.0078125,BigWig,0.9375,0.9296875,0.0078125,2322
ENCSR324EPZ,foreskin melanocyte | Histone ChIP-seq | H3K36me3,-0.0078125,BigWig,0.94140625,0.93359375,0.0078125,2323
ENCSR050FLB,foreskin melanocyte | Histone ChIP-seq | H3K4me1,0.0078125,BigWig,0.87890625,0.88671875,0.0078125,2324
ENCSR000DWW,keratinocyte | Histone ChIP-seq | H3K36me3,-0.0078125,BigWig,0.96875,0.9609375,0.0078125,2325
ENCSR000DVG,kidney epithelial cell | Histone ChIP-seq | H3K4me3,0.0078125,BigWig,0.5625,0.5703125,0.0078125,2326
ENCSR175IWT,kidney tubule cell | DNase-seq,-0.0078125,BigWig,0.703125,0.6953125,0.0078125,2327
ENCSR529ECZ,luminal epithelial cell of mammary gland | Histone ChIP,0.0078125,BigWig,0.671875,0.6796875,0.0078125,2328
ENCSR000ALX,mammary epithelial cell | Histone ChIP-seq | H3K27me3,0.0078125,BigWig,0.78515625,0.79296875,0.0078125,2329
ENCSR134HVI,mammary epithelial cell | Histone ChIP-seq | H3K27me3,0.0078125,BigWig,0.90234375,0.91015625,0.0078125,2330
ENCSR000ALY,mammary epithelial cell | Histone ChIP-seq | H3K36me3,0.0078125,BigWig,0.85546875,0.86328125,0.0078125,2331
ENCSR521FND,mammary epithelial cell | Histone ChIP-seq | H3K4me1,0.0078125,BigWig,0.68359375,0.69140625,0.0078125,2332
ENCSR000AML,mammary epithelial cell | Histone ChIP-seq | H3K4me3,-0.0078125,BigWig,0.59375,0.5859375,0.0078125,2333
ENCSR241PXI,myoepithelial cell of mammary gland | Histone ChIP-seq,-0.0078125,BigWig,0.59375,0.5859375,0.0078125,2334
ENCSR218HDF,"naive thymus-derived CD4-positive, alpha-beta T cell |",0.0078125,BigWig,0.76171875,0.76953125,0.0078125,2335
ENCSR716CWA,"naive thymus-derived CD4-positive, alpha-beta T cell |",-0.0078125,BigWig,0.8203125,0.8125,0.0078125,2336
ENCSR430ULY,"naive thymus-derived CD4-positive, alpha-beta T cell |",-0.0078125,BigWig,0.69140625,0.68359375,0.0078125,2337
ENCSR098ALO,"naive thymus-derived CD4-positive, alpha-beta T cell |",-0.0078125,BigWig,0.6953125,0.6875,0.0078125,2338
ENCSR021FSY,natural killer cell | Histone ChIP-seq | H3K9me3,0.0078125,BigWig,0.74609375,0.75390625,0.0078125,2339
ENCSR671WZX,neurosphere | Histone ChIP-seq | H3K27me3,0.0078125,BigWig,0.65234375,0.66015625,0.0078125,2340
ENCSR039LLX,neurosphere | Histone ChIP-seq | H3K36me3,-0.0078125,BigWig,0.90234375,0.89453125,0.0078125,2341
ENCSR453XEY,neurosphere | Histone ChIP-seq | H3K4me1,-0.0078125,BigWig,0.703125,0.6953125,0.0078125,2342
ENCSR058FCG,neutrophil | Histone ChIP-seq | H3K27me3,0.0078125,BigWig,0.71484375,0.72265625,0.0078125,2343
ENCSR437MHW,neutrophil | Histone ChIP-seq | H3K9me3,-0.0078125,BigWig,0.62890625,0.62109375,0.0078125,2344
ENCSR524RIH,neutrophil | Histone ChIP-seq | H3K9me3,-0.0078125,BigWig,0.73828125,0.73046875,0.0078125,2345
ENCSR162MGR,peripheral blood mononuclear cell | Histone ChIP-seq |,0.0078125,BigWig,0.8828125,0.890625,0.0078125,2346
ENCSR449SFZ,peripheral blood mononuclear cell | Histone ChIP-seq |,0.0078125,BigWig,0.91015625,0.91796875,0.0078125,2347
ENCSR992ODD,peripheral blood mononuclear cell | Histone ChIP-seq |,-0.0078125,BigWig,0.8203125,0.8125,0.0078125,2348
ENCSR368YPC,peripheral blood mononuclear cell | Histone ChIP-seq |,0.0078125,BigWig,0.70703125,0.71484375,0.0078125,2349
ENCSR258ORJ,peripheral blood mononuclear cell | Histone ChIP-seq |,0.0078125,BigWig,0.703125,0.7109375,0.0078125,2350
ENCSR000EOG,pulmonary artery endothelial cell | DNase-seq,0.0078125,BigWig,0.89453125,0.90234375,0.0078125,2351
ENCSR000DXT,skeletal muscle cell | Histone ChIP-seq | H3K4me3,0.0078125,BigWig,0.55078125,0.55859375,0.0078125,2352
ENCSR000ANR,skeletal muscle myoblast | Histone ChIP-seq | H3K9me3,0.0078125,BigWig,0.77734375,0.78515625,0.0078125,2353
ENCSR121ZSL,trophoblast cell | DNase-seq,-0.0078125,BigWig,0.69140625,0.68359375,0.0078125,2354
ENCSR809LCE,trophoblast cell | DNase-seq,-0.0078125,BigWig,0.80078125,0.79296875,0.0078125,2355
ENCSR621BZD,Peyer's patch | Histone ChIP-seq | H3K4me1,0.0078125,BigWig,0.70703125,0.71484375,0.0078125,2356
ENCSR082SHT,adipose tissue | Histone ChIP-seq | H3K27ac,0.0078125,BigWig,0.828125,0.8359375,0.0078125,2357
ENCSR191FOV,adrenal gland | DNase-seq,0.0078125,BigWig,0.8359375,0.84375,0.0078125,2358
ENCSR419MZH,adrenal gland | DNase-seq,0.0078125,BigWig,0.74609375,0.75390625,0.0078125,2359
ENCSR866RCY,adrenal gland | DNase-seq,0.0078125,BigWig,0.71875,0.7265625,0.0078125,2360
ENCSR218BPG,adrenal gland | Histone ChIP-seq | H3K27me3,0.0078125,BigWig,0.97265625,0.98046875,0.0078125,2361
ENCSR455JUO,adrenal gland | Histone ChIP-seq | H3K4me1,-0.0078125,BigWig,0.65625,0.6484375,0.0078125,2362
ENCSR605QAV,adrenal gland | Histone ChIP-seq | H3K4me3,-0.0078125,BigWig,0.63671875,0.62890625,0.0078125,2363
ENCSR408ZEW,adrenal gland | Histone ChIP-seq | H3K9me3,0.0078125,BigWig,0.59765625,0.60546875,0.0078125,2364
ENCSR786DQB,amnion | Histone ChIP-seq | H3K36me3,-0.0078125,BigWig,0.91796875,0.91015625,0.0078125,2365
ENCSR420IOA,amnion | Histone ChIP-seq | H3K4me3,0.0078125,BigWig,0.72265625,0.73046875,0.0078125,2366
ENCSR011IVX,angular gyrus | Histone ChIP-seq | H3K36me3,-0.0078125,BigWig,0.95703125,0.94921875,0.0078125,2367
ENCSR103QHX,ascending aorta | Histone ChIP-seq | H3K27me3,-0.0078125,BigWig,0.734375,0.7265625,0.0078125,2368
ENCSR589GII,ascending aorta | Histone ChIP-seq | H3K27me3,-0.0078125,BigWig,0.76953125,0.76171875,0.0078125,2369
ENCSR202XTW,ascending aorta | Histone ChIP-seq | H3K4me1,-0.0078125,BigWig,0.73046875,0.72265625,0.0078125,2370
ENCSR522WLH,body of pancreas | DNase-seq,-0.0078125,BigWig,0.8984375,0.890625,0.0078125,2371
ENCSR748TFF,body of pancreas | Histone ChIP-seq | H3K27ac,0.0078125,BigWig,0.6953125,0.703125,0.0078125,2372
ENCSR827NKO,body of pancreas | Histone ChIP-seq | H3K4me1,-0.0078125,BigWig,0.6796875,0.671875,0.0078125,2373
ENCSR187PYY,brain | DNase-seq,0.0078125,BigWig,0.65625,0.6640625,0.0078125,2374
ENCSR507GFJ,brain | DNase-seq,-0.0078125,BigWig,0.59765625,0.58984375,0.0078125,2375
ENCSR888JWS,brain | Histone ChIP-seq | H3K36me3,-0.0078125,BigWig,0.8203125,0.8125,0.0078125,2376
ENCSR416AUW,breast epithelium | Histone ChIP-seq | H3K4me3,0.0078125,BigWig,0.65234375,0.66015625,0.0078125,2377
ENCSR015BGH,caudate nucleus | DNase-seq,-0.0078125,BigWig,0.71484375,0.70703125,0.0078125,2378
ENCSR494MDB,caudate nucleus | Histone ChIP-seq | H3K27ac,0.0078125,BigWig,0.87890625,0.88671875,0.0078125,2379
ENCSR909ZLE,chorion | Histone ChIP-seq | H3K27ac,0.0078125,BigWig,0.8125,0.8203125,0.0078125,2380
ENCSR643TBI,chorionic villus | Histone ChIP-seq | H3K27ac,-0.0078125,BigWig,0.87890625,0.87109375,0.0078125,2381
ENCSR355UYP,cingulate gyrus | Histone ChIP-seq | H3K27ac,0.0078125,BigWig,0.87109375,0.87890625,0.0078125,2382
ENCSR032BMQ,cingulate gyrus | Histone ChIP-seq | H3K4me3,0.0078125,BigWig,0.6875,0.6953125,0.0078125,2383
ENCSR860PEV,cingulate gyrus | Histone ChIP-seq | H3K9ac,0.0078125,BigWig,0.87109375,0.87890625,0.0078125,2384
ENCSR024DUV,colonic mucosa | Histone ChIP-seq | H3K36me3,-0.0078125,BigWig,0.91015625,0.90234375,0.0078125,2385
ENCSR273TNG,colonic mucosa | Histone ChIP-seq | H3K4me1,0.0078125,BigWig,0.75390625,0.76171875,0.0078125,2386
ENCSR714BDG,colonic mucosa | Histone ChIP-seq | H3K4me1,-0.0078125,BigWig,0.734375,0.7265625,0.0078125,2387
ENCSR749ANR,colonic mucosa | Histone ChIP-seq | H3K9me3,-0.0078125,BigWig,0.79296875,0.78515625,0.0078125,2388
ENCSR443UYU,coronary artery | Histone ChIP-seq | H3K27ac,0.0078125,BigWig,0.66796875,0.67578125,0.0078125,2389
ENCSR343ZOV,coronary artery | Histone ChIP-seq | H3K4me3,0.0078125,BigWig,0.63671875,0.64453125,0.0078125,2390
ENCSR157EML,dorsolateral prefrontal cortex | Histone ChIP-seq | H3K,0.0078125,BigWig,0.75,0.7578125,0.0078125,2391
ENCSR401VZL,dorsolateral prefrontal cortex | Histone ChIP-seq | H3K,0.0078125,BigWig,0.734375,0.7421875,0.0078125,2392
ENCSR448MML,dorsolateral prefrontal cortex | Histone ChIP-seq | H3K,0.0078125,BigWig,0.87109375,0.87890625,0.0078125,2393
ENCSR245YZT,duodenal mucosa | Histone ChIP-seq | H3K36me3,0.0078125,BigWig,0.93359375,0.94140625,0.0078125,2394
ENCSR246ARY,duodenal mucosa | Histone ChIP-seq | H3K4me1,-0.0078125,BigWig,0.69140625,0.68359375,0.0078125,2395
ENCSR746QFI,duodenal mucosa | Histone ChIP-seq | H3K9me3,0.0078125,BigWig,0.6484375,0.65625,0.0078125,2396
ENCSR292WQY,endocrine pancreas | Histone ChIP-seq | H3K4me1,0.0078125,BigWig,0.5390625,0.546875,0.0078125,2397
ENCSR817QHX,endocrine pancreas | Histone ChIP-seq | H3K4me1,0.0078125,BigWig,0.69140625,0.69921875,0.0078125,2398
ENCSR849NQE,endocrine pancreas | Histone ChIP-seq | H3K9me3,0.0078125,BigWig,0.62109375,0.62890625,0.0078125,2399
ENCSR679OVD,esophagus | Histone ChIP-seq | H3K27ac,-0.0078125,BigWig,0.70703125,0.69921875,0.0078125,2400
ENCSR306ZBD,esophagus | Histone ChIP-seq | H3K4me1,-0.0078125,BigWig,0.9375,0.9296875,0.0078125,2401
ENCSR577ILY,esophagus | Histone ChIP-seq | H3K4me3,0.0078125,BigWig,0.859375,0.8671875,0.0078125,2402
ENCSR944JCE,esophagus muscularis mucosa | DNase-seq,-0.0078125,BigWig,0.94140625,0.93359375,0.0078125,2403
ENCSR783OCW,esophagus squamous epithelium | DNase-seq,-0.0078125,BigWig,0.98046875,0.97265625,0.0078125,2404
ENCSR909UAG,esophagus squamous epithelium | Histone ChIP-seq | H3K2,0.0078125,BigWig,0.6796875,0.6875,0.0078125,2405
ENCSR078ZGC,esophagus squamous epithelium | Histone ChIP-seq | H3K3,-0.0078125,BigWig,0.8359375,0.828125,0.0078125,2406
ENCSR171ADO,gastrocnemius medialis | DNase-seq,-0.0078125,BigWig,0.83984375,0.83203125,0.0078125,2407
ENCSR171ETY,gastrocnemius medialis | DNase-seq,-0.0078125,BigWig,0.9609375,0.953125,0.0078125,2408
ENCSR423LXQ,gastrocnemius medialis | Histone ChIP-seq | H3K27me3,0.0078125,BigWig,0.66796875,0.67578125,0.0078125,2409
ENCSR519WQH,gastrocnemius medialis | Histone ChIP-seq | H3K27me3,0.0078125,BigWig,0.69921875,0.70703125,0.0078125,2410
ENCSR206STN,gastrocnemius medialis | Histone ChIP-seq | H3K4me3,-0.0078125,BigWig,0.68359375,0.67578125,0.0078125,2411
ENCSR972ETR,gastrocnemius medialis | Histone ChIP-seq | H3K4me3,-0.0078125,BigWig,0.64453125,0.63671875,0.0078125,2412
ENCSR494OXB,germinal matrix | Histone ChIP-seq | H3K27me3,0.0078125,BigWig,0.76953125,0.77734375,0.0078125,2413
ENCSR064VLH,germinal matrix | Histone ChIP-seq | H3K4me1,0.0078125,BigWig,0.703125,0.7109375,0.0078125,2414
ENCSR764XUL,germinal matrix | Histone ChIP-seq | H3K4me1,0.0078125,BigWig,0.6484375,0.65625,0.0078125,2415
ENCSR771DAX,globus pallidus | DNase-seq,-0.0078125,BigWig,0.71875,0.7109375,0.0078125,2416
ENCSR305UJX,heart | DNase-seq,0.0078125,BigWig,0.76953125,0.77734375,0.0078125,2417
ENCSR914DOH,heart | DNase-seq,0.0078125,BigWig,0.63671875,0.64453125,0.0078125,2418
ENCSR281JXC,heart | Histone ChIP-seq | H3K27me3,-0.0078125,BigWig,0.66015625,0.65234375,0.0078125,2419
ENCSR854OXF,heart left ventricle | Histone ChIP-seq | H3K27ac,0.0078125,BigWig,0.59375,0.6015625,0.0078125,2420
ENCSR988JLN,heart left ventricle | Histone ChIP-seq | H3K27me3,-0.0078125,BigWig,0.73828125,0.73046875,0.0078125,2421
ENCSR500ZGF,heart left ventricle | Histone ChIP-seq | H3K36me3,0.0078125,BigWig,0.87109375,0.87890625,0.0078125,2422
ENCSR176KNR,heart left ventricle | Histone ChIP-seq | H3K9me3,-0.0078125,BigWig,0.71875,0.7109375,0.0078125,2423
ENCSR023ALV,heart right ventricle | Histone ChIP-seq | H3K4me1,0.0078125,BigWig,0.6640625,0.671875,0.0078125,2424
ENCSR437KLY,kidney | DNase-seq,-0.0078125,BigWig,0.62890625,0.62109375,0.0078125,2425
ENCSR459GCS,kidney | Histone ChIP-seq | H3K4me1,-0.0078125,BigWig,0.69921875,0.69140625,0.0078125,2426
ENCSR994BPD,kidney | Histone ChIP-seq | H3K4me1,-0.0078125,BigWig,0.75,0.7421875,0.0078125,2427
ENCSR643ULB,kidney | Histone ChIP-seq | H3K9ac,0.0078125,BigWig,0.74609375,0.75390625,0.0078125,2428
ENCSR214QEO,large intestine | DNase-seq,-0.0078125,BigWig,0.7109375,0.703125,0.0078125,2429
ENCSR531HPD,large intestine | DNase-seq,-0.0078125,BigWig,0.6953125,0.6875,0.0078125,2430
ENCSR998ZWM,large intestine | Histone ChIP-seq | H3K4me1,0.0078125,BigWig,0.66796875,0.67578125,0.0078125,2431
ENCSR076STK,layer of hippocampus | Histone ChIP-seq | H3K27me3,0.0078125,BigWig,0.7578125,0.765625,0.0078125,2432
ENCSR286VMZ,layer of hippocampus | Histone ChIP-seq | H3K36me3,-0.0078125,BigWig,0.98828125,0.98046875,0.0078125,2433
ENCSR383AEO,layer of hippocampus | Histone ChIP-seq | H3K4me3,0.0078125,BigWig,0.6484375,0.65625,0.0078125,2434
ENCSR953HJN,layer of hippocampus | Histone ChIP-seq | H3K9me3,-0.0078125,BigWig,0.72265625,0.71484375,0.0078125,2435
ENCSR431UEM,left hindlimb | DNase-seq,0.0078125,BigWig,0.8828125,0.890625,0.0078125,2436
ENCSR184DFF,left kidney | DNase-seq,0.0078125,BigWig,0.68359375,0.69140625,0.0078125,2437
ENCSR680SDS,left lung | DNase-seq,-0.0078125,BigWig,0.640625,0.6328125,0.0078125,2438
ENCSR158YXM,liver | DNase-seq,0.0078125,BigWig,0.80078125,0.80859375,0.0078125,2439
ENCSR006IJP,lung | DNase-seq,-0.0078125,BigWig,0.6171875,0.609375,0.0078125,2440
ENCSR847RSJ,lung | DNase-seq,0.0078125,BigWig,0.62109375,0.62890625,0.0078125,2441
ENCSR356ANC,lung | Histone ChIP-seq | H3K4me1,-0.0078125,BigWig,0.94921875,0.94140625,0.0078125,2442
ENCSR813HFV,lung | Histone ChIP-seq | H3K9ac,0.0078125,BigWig,0.671875,0.6796875,0.0078125,2443
ENCSR454WZX,lung | Histone ChIP-seq | H3K9me3,0.0078125,BigWig,0.640625,0.6484375,0.0078125,2444
ENCSR318PRQ,middle frontal gyrus | DNase-seq,-0.0078125,BigWig,0.68359375,0.67578125,0.0078125,2445
ENCSR368YAQ,mucosa of stomach | Histone ChIP-seq | H3K4me1,0.0078125,BigWig,0.6796875,0.6875,0.0078125,2446
ENCSR628CTX,muscle layer of duodenum | Histone ChIP-seq | H3K4me1,-0.0078125,BigWig,0.71875,0.7109375,0.0078125,2447
ENCSR264APD,muscle layer of duodenum | Histone ChIP-seq | H3K4me3,0.0078125,BigWig,0.6796875,0.6875,0.0078125,2448
ENCSR309YDN,muscle of arm | DNase-seq,-0.0078125,BigWig,0.65625,0.6484375,0.0078125,2449
ENCSR356QCD,muscle of arm | DNase-seq,-0.0078125,BigWig,0.7109375,0.703125,0.0078125,2450
ENCSR619BNL,muscle of arm | DNase-seq,-0.0078125,BigWig,0.703125,0.6953125,0.0078125,2451
ENCSR010ZMK,muscle of back | DNase-seq,0.0078125,BigWig,0.69921875,0.70703125,0.0078125,2452
ENCSR106RBR,muscle of back | DNase-seq,0.0078125,BigWig,0.671875,0.6796875,0.0078125,2453
ENCSR357RED,muscle of back | DNase-seq,0.0078125,BigWig,0.64453125,0.65234375,0.0078125,2454
ENCSR033DQS,muscle of leg | DNase-seq,-0.0078125,BigWig,0.67578125,0.66796875,0.0078125,2455
ENCSR286WIA,muscle of leg | DNase-seq,0.0078125,BigWig,0.69921875,0.70703125,0.0078125,2456
ENCSR514QHN,muscle of leg | DNase-seq,-0.0078125,BigWig,0.64453125,0.63671875,0.0078125,2457
ENCSR861NUH,muscle of leg | DNase-seq,0.0078125,BigWig,0.6953125,0.703125,0.0078125,2458
ENCSR938UOR,muscle of leg | DNase-seq,0.0078125,BigWig,0.71875,0.7265625,0.0078125,2459
ENCSR128QKM,muscle of leg | Histone ChIP-seq | H3K4me3,0.0078125,BigWig,0.6796875,0.6875,0.0078125,2460
ENCSR411MGY,muscle of trunk | DNase-seq,0.0078125,BigWig,0.71875,0.7265625,0.0078125,2461
ENCSR542KIX,ovary | DNase-seq,-0.0078125,BigWig,0.95703125,0.94921875,0.0078125,2462
ENCSR712PYJ,ovary | DNase-seq,0.0078125,BigWig,0.7734375,0.78125,0.0078125,2463
ENCSR178JBL,pancreas | DNase-seq,-0.0078125,BigWig,0.78125,0.7734375,0.0078125,2464
ENCSR486NDF,pancreas | Histone ChIP-seq | H3K27me3,-0.0078125,BigWig,0.71875,0.7109375,0.0078125,2465
ENCSR481IYI,parathyroid adenoma | Histone ChIP-seq | H3K36me3,-0.0078125,BigWig,0.74609375,0.73828125,0.0078125,2466
ENCSR434NUA,parathyroid adenoma | Histone ChIP-seq | H3K4me1,-0.0078125,BigWig,0.76171875,0.75390625,0.0078125,2467
ENCSR499IFY,placenta | DNase-seq,0.0078125,BigWig,0.81640625,0.82421875,0.0078125,2468
ENCSR545KQR,placenta | DNase-seq,0.0078125,BigWig,0.76171875,0.76953125,0.0078125,2469
ENCSR131EED,placenta | Histone ChIP-seq | H3K36me3,-0.0078125,BigWig,0.98828125,0.98046875,0.0078125,2470
ENCSR574KCT,placenta | Histone ChIP-seq | H3K36me3,-0.0078125,BigWig,0.95703125,0.94921875,0.0078125,2471
ENCSR194ZHE,placenta | Histone ChIP-seq | H3K4me1,0.0078125,BigWig,0.7890625,0.796875,0.0078125,2472
ENCSR074FPH,placenta | Histone ChIP-seq | H3K4me3,-0.0078125,BigWig,0.76953125,0.76171875,0.0078125,2473
ENCSR451EKU,placenta | Histone ChIP-seq | H3K9me3,0.0078125,BigWig,0.62890625,0.63671875,0.0078125,2474
ENCSR194MJA,placental basal plate | Histone ChIP-seq | H3K4me3,-0.0078125,BigWig,0.8046875,0.796875,0.0078125,2475
ENCSR958QXU,prostate gland | DNase-seq,-0.0078125,BigWig,0.95703125,0.94921875,0.0078125,2476
ENCSR250NHD,psoas muscle | Histone ChIP-seq | H3K27ac,-0.0078125,BigWig,0.5625,0.5546875,0.0078125,2477
ENCSR367WYJ,psoas muscle | Histone ChIP-seq | H3K27ac,0.0078125,BigWig,0.64453125,0.65234375,0.0078125,2478
ENCSR700NGJ,psoas muscle | Histone ChIP-seq | H3K4me1,0.0078125,BigWig,0.67578125,0.68359375,0.0078125,2479
ENCSR245BEV,psoas muscle | Histone ChIP-seq | H3K4me3,0.0078125,BigWig,0.56640625,0.57421875,0.0078125,2480
ENCSR284EJR,rectal smooth muscle tissue | Histone ChIP-seq | H3K27m,0.0078125,BigWig,0.84765625,0.85546875,0.0078125,2481
ENCSR953GFW,rectal smooth muscle tissue | Histone ChIP-seq | H3K4me,0.0078125,BigWig,0.69140625,0.69921875,0.0078125,2482
ENCSR254AGA,renal cortex interstitium | DNase-seq,-0.0078125,BigWig,0.70703125,0.69921875,0.0078125,2483
ENCSR849OKE,renal cortex interstitium | DNase-seq,0.0078125,BigWig,0.6640625,0.671875,0.0078125,2484
ENCSR141DMX,renal pelvis | DNase-seq,-0.0078125,BigWig,0.70703125,0.69921875,0.0078125,2485
ENCSR911YVV,renal pelvis | DNase-seq,-0.0078125,BigWig,0.65234375,0.64453125,0.0078125,2486
ENCSR278SKG,right atrium auricular region | DNase-seq,-0.0078125,BigWig,0.97265625,0.96484375,0.0078125,2487
ENCSR449HOQ,right hindlimb | DNase-seq,0.0078125,BigWig,0.85546875,0.86328125,0.0078125,2488
ENCSR441MMO,right lung | DNase-seq,-0.0078125,BigWig,0.62109375,0.61328125,0.0078125,2489
ENCSR845MEJ,right lung | DNase-seq,-0.0078125,BigWig,0.66796875,0.66015625,0.0078125,2490
ENCSR887BNC,right renal cortex interstitium | DNase-seq,0.0078125,BigWig,0.66796875,0.67578125,0.0078125,2491
ENCSR761ZFA,right renal pelvis | DNase-seq,-0.0078125,BigWig,0.67578125,0.66796875,0.0078125,2492
ENCSR897TGR,sigmoid colon | Histone ChIP-seq | H3K27me3,-0.0078125,BigWig,0.87890625,0.87109375,0.0078125,2493
ENCSR150YAU,sigmoid colon | Histone ChIP-seq | H3K36me3,0.0078125,BigWig,0.796875,0.8046875,0.0078125,2494
ENCSR454ERY,skeletal muscle tissue | Histone ChIP-seq | H3K27me3,0.0078125,BigWig,0.8125,0.8203125,0.0078125,2495
ENCSR836GCA,skeletal muscle tissue | Histone ChIP-seq | H3K36me3,-0.0078125,BigWig,0.98046875,0.97265625,0.0078125,2496
ENCSR930OZC,skeletal muscle tissue | Histone ChIP-seq | H3K36me3,-0.0078125,BigWig,0.96484375,0.95703125,0.0078125,2497
ENCSR767NIF,skeletal muscle tissue | Histone ChIP-seq | H3K4me3,-0.0078125,BigWig,0.74609375,0.73828125,0.0078125,2498
ENCSR457ILW,small intestine | DNase-seq,-0.0078125,BigWig,0.66015625,0.65234375,0.0078125,2499
ENCSR565EBN,small intestine | DNase-seq,0.0078125,BigWig,0.76171875,0.76953125,0.0078125,2500
ENCSR073YZL,small intestine | Histone ChIP-seq | H3K36me3,0.0078125,BigWig,0.8046875,0.8125,0.0078125,2501
ENCSR179NYV,small intestine | Histone ChIP-seq | H3K4me1,-0.0078125,BigWig,0.65625,0.6484375,0.0078125,2502
ENCSR148MFM,spinal cord | DNase-seq,-0.0078125,BigWig,0.66796875,0.66015625,0.0078125,2503
ENCSR209QGZ,spinal cord | Histone ChIP-seq | H3K27ac,-0.0078125,BigWig,0.6953125,0.6875,0.0078125,2504
ENCSR490YCL,spleen | Histone ChIP-seq | H3K4me1,-0.0078125,BigWig,0.94921875,0.94140625,0.0078125,2505
ENCSR659RJP,spleen | Histone ChIP-seq | H3K4me1,0.0078125,BigWig,0.703125,0.7109375,0.0078125,2506
ENCSR448FZC,spleen | Histone ChIP-seq | H3K4me3,0.0078125,BigWig,0.67578125,0.68359375,0.0078125,2507
ENCSR062DUU,stomach | DNase-seq,-0.0078125,BigWig,0.79296875,0.78515625,0.0078125,2508
ENCSR082XEU,stomach | DNase-seq,-0.0078125,BigWig,0.7109375,0.703125,0.0078125,2509
ENCSR163PKT,stomach | DNase-seq,-0.0078125,BigWig,0.94921875,0.94140625,0.0078125,2510
ENCSR726YMS,stomach | DNase-seq,-0.0078125,BigWig,0.69921875,0.69140625,0.0078125,2511
ENCSR930YSB,stomach | DNase-seq,-0.0078125,BigWig,0.70703125,0.69921875,0.0078125,2512
ENCSR941SMM,stomach | DNase-seq,-0.0078125,BigWig,0.70703125,0.69921875,0.0078125,2513
ENCSR743DDX,stomach | Histone ChIP-seq | H3K27ac,0.0078125,BigWig,0.6953125,0.703125,0.0078125,2514
ENCSR354IST,stomach | Histone ChIP-seq | H3K27me3,0.0078125,BigWig,0.96875,0.9765625,0.0078125,2515
ENCSR129NCV,stomach | Histone ChIP-seq | H3K4me3,0.0078125,BigWig,0.921875,0.9296875,0.0078125,2516
ENCSR217CEY,stomach smooth muscle | Histone ChIP-seq | H3K27me3,-0.0078125,BigWig,0.81640625,0.80859375,0.0078125,2517
ENCSR339PLH,stomach smooth muscle | Histone ChIP-seq | H3K9ac,0.0078125,BigWig,0.73046875,0.73828125,0.0078125,2518
ENCSR110UIN,subcutaneous abdominal adipose tissue | Histone ChIP-se,-0.0078125,BigWig,0.8203125,0.8125,0.0078125,2519
ENCSR295LHC,subcutaneous abdominal adipose tissue | Histone ChIP-se,-0.0078125,BigWig,0.86328125,0.85546875,0.0078125,2520
ENCSR566VBK,subcutaneous abdominal adipose tissue | Histone ChIP-se,0.0078125,BigWig,0.7734375,0.78125,0.0078125,2521
ENCSR263WGU,subcutaneous abdominal adipose tissue | Histone ChIP-se,-0.0078125,BigWig,0.98046875,0.97265625,0.0078125,2522
ENCSR345PSR,subcutaneous abdominal adipose tissue | Histone ChIP-se,-0.0078125,BigWig,0.9921875,0.984375,0.0078125,2523
ENCSR032FUX,subcutaneous abdominal adipose tissue | Histone ChIP-se,0.0078125,BigWig,0.609375,0.6171875,0.0078125,2524
ENCSR146JLC,subcutaneous abdominal adipose tissue | Histone ChIP-se,0.0078125,BigWig,0.828125,0.8359375,0.0078125,2525
ENCSR318DAP,subcutaneous abdominal adipose tissue | Histone ChIP-se,-0.0078125,BigWig,0.7890625,0.78125,0.0078125,2526
ENCSR996ENW,substantia nigra | Histone ChIP-seq | H3K36me3,-0.0078125,BigWig,0.953125,0.9453125,0.0078125,2527
ENCSR559CSJ,substantia nigra | Histone ChIP-seq | H3K4me1,-0.0078125,BigWig,0.80078125,0.79296875,0.0078125,2528
ENCSR883QMZ,substantia nigra | Histone ChIP-seq | H3K4me3,0.0078125,BigWig,0.71484375,0.72265625,0.0078125,2529
ENCSR058AUB,substantia nigra | Histone ChIP-seq | H3K9ac,-0.0078125,BigWig,0.8359375,0.828125,0.0078125,2530
ENCSR978QUT,testis | DNase-seq,-0.0078125,BigWig,0.984375,0.9765625,0.0078125,2531
ENCSR682PKY,thymus | DNase-seq,0.0078125,BigWig,0.703125,0.7109375,0.0078125,2532
ENCSR738LBP,thymus | Histone ChIP-seq | H3K4me3,-0.0078125,BigWig,0.63671875,0.62890625,0.0078125,2533
ENCSR748LUA,thyroid gland | Histone ChIP-seq | H3K27me3,-0.0078125,BigWig,0.76953125,0.76171875,0.0078125,2534
ENCSR908DTR,thyroid gland | Histone ChIP-seq | H3K36me3,-0.0078125,BigWig,0.6796875,0.671875,0.0078125,2535
ENCSR064LHU,thyroid gland | Histone ChIP-seq | H3K4me1,0.0078125,BigWig,0.7109375,0.71875,0.0078125,2536
ENCSR639NMN,thyroid gland | Histone ChIP-seq | H3K4me1,0.0078125,BigWig,0.69921875,0.70703125,0.0078125,2537
ENCSR901BRV,thyroid gland | Histone ChIP-seq | H3K4me3,-0.0078125,BigWig,0.74609375,0.73828125,0.0078125,2538
ENCSR975NOU,thyroid gland | Histone ChIP-seq | H3K4me3,-0.0078125,BigWig,0.66015625,0.65234375,0.0078125,2539
ENCSR658VPF,thyroid gland | Histone ChIP-seq | H3K9me3,0.0078125,BigWig,0.6953125,0.703125,0.0078125,2540
ENCSR543DAS,tibial artery | Histone ChIP-seq | H3K27me3,0.0078125,BigWig,0.7421875,0.75,0.0078125,2541
ENCSR166VXF,tibial artery | Histone ChIP-seq | H3K9me3,-0.0078125,BigWig,0.66796875,0.66015625,0.0078125,2542
ENCSR754WNA,tibial nerve | DNase-seq,-0.0078125,BigWig,0.96875,0.9609375,0.0078125,2543
ENCSR760QZM,transverse colon | DNase-seq,-0.0078125,BigWig,0.890625,0.8828125,0.0078125,2544
ENCSR790FIS,transverse colon | DNase-seq,-0.0078125,BigWig,0.8046875,0.796875,0.0078125,2545
ENCSR083DXD,transverse colon | Histone ChIP-seq | H3K9me3,0.0078125,BigWig,0.6875,0.6953125,0.0078125,2546
ENCSR746MTU,trophoblast | Histone ChIP-seq | H3K36me3,-0.0078125,BigWig,0.9375,0.9296875,0.0078125,2547
ENCSR449TNC,urinary bladder | Histone ChIP-seq | H3K36me3,-0.0078125,BigWig,0.87109375,0.86328125,0.0078125,2548
ENCSR632OWD,urinary bladder | Histone ChIP-seq | H3K4me3,0.0078125,BigWig,0.66015625,0.66796875,0.0078125,2549
ENCSR733YNW,vagina | DNase-seq,-0.0078125,BigWig,0.98046875,0.97265625,0.0078125,2550
CNhs11867_P,NK T cell leukemia cell line | CAGE,-0.0078125,BigWig,0.5078125,0.5,0.0078125,2551
CNhs13241_P,acute myeloid leukemia (FAB M0) cell line | CAGE,-0.0078125,BigWig,0.5078125,0.5,0.0078125,2552
CNhs11864_P,acute myeloid leukemia (FAB M2) cell line | CAGE,-0.0078125,BigWig,0.5078125,0.5,0.0078125,2553
CNhs13502_P,acute myeloid leukemia (FAB M2) cell line | CAGE,-0.0078125,BigWig,0.5078125,0.5,0.0078125,2554
CNhs10722_P,acute myeloid leukemia (FAB M5) cell line | CAGE,-0.0078125,BigWig,0.5078125,0.5,0.0078125,2555
CNhs10723_P,acute myeloid leukemia (FAB M5) cell line | CAGE,-0.0078125,BigWig,0.5078125,0.5,0.0078125,2556
CNhs10724_P,acute myeloid leukemia (FAB M5) cell line | CAGE,-0.0078125,BigWig,0.5078125,0.5,0.0078125,2557
CNhs13051_P,acute myeloid leukemia (FAB M5) cell line | CAGE,-0.0078125,BigWig,0.5078125,0.5,0.0078125,2558
CNhs13059_P,acute myeloid leukemia (FAB M6) cell line | CAGE,-0.0078125,BigWig,0.5078125,0.5,0.0078125,2559
CNhs13505_P,acute myeloid leukemia (FAB M6) cell line | CAGE,-0.0078125,BigWig,0.5078125,0.5,0.0078125,2560
CNhs11893_P,adrenal cortex adenocarcinoma cell line | CAGE,-0.0078125,BigWig,0.51171875,0.50390625,0.0078125,2561
CNhs10745_P,anaplastic carcinoma cell line | CAGE,-0.0078125,BigWig,0.51171875,0.50390625,0.0078125,2562
CNhs10744_P,b cell line | CAGE,-0.0078125,BigWig,0.5078125,0.5,0.0078125,2563
CNhs11932_P,basal cell carcinoma cell line | CAGE,-0.0078125,BigWig,0.5078125,0.5,0.0078125,2564
CNhs11845_P,biphenotypic B myelomonocytic leukemia cell line | CAGE,-0.0078125,BigWig,0.5078125,0.5,0.0078125,2565
CNhs14138_P,bronchioalveolar carcinoma cell line | CAGE,-0.0078125,BigWig,0.5078125,0.5,0.0078125,2566
CNhs14244_P,carcinoid cell line | CAGE,-0.0078125,BigWig,0.5078125,0.5,0.0078125,2567
CNhs11747_P,carcinosarcoma cell line | CAGE,-0.0078125,BigWig,0.5078125,0.5,0.0078125,2568
CNhs11250_P,chronic myelogenous leukemia cell line | CAGE,-0.0078125,BigWig,0.5078125,0.5,0.0078125,2569
CNhs11049_P,cord blood derived cell line | CAGE,-0.0078125,BigWig,0.51171875,0.50390625,0.0078125,2570
CNhs10728_P,extraskeletal myxoid chondrosarcoma cell line | CAGE,-0.0078125,BigWig,0.5078125,0.5,0.0078125,2571
CNhs14241_P,gastric cancer cell line | CAGE,-0.0078125,BigWig,0.5078125,0.5,0.0078125,2572
CNhs11185_P,glioblastoma cell line | CAGE,-0.0078125,BigWig,0.5078125,0.5,0.0078125,2573
CNhs11740_P,granulosa cell tumor cell line | CAGE,-0.0078125,BigWig,0.5078125,0.5,0.0078125,2574
CNhs11843_P,hairy cell leukemia cell line | CAGE,-0.0078125,BigWig,0.5078125,0.5,0.0078125,2575
CNhs11742_P,hepatoblastoma cell line | CAGE,-0.0078125,BigWig,0.5078125,0.5,0.0078125,2576
CNhs11277_P,large cell lung carcinoma cell line | CAGE,-0.0078125,BigWig,0.5078125,0.5,0.0078125,2577
CNhs11722_P,leiomyoma cell line | CAGE,-0.0078125,BigWig,0.5078125,0.5,0.0078125,2578
CNhs11723_P,leiomyoma cell line | CAGE,-0.0078125,BigWig,0.5078125,0.5,0.0078125,2579
CNhs11724_P,leiomyoma cell line | CAGE,-0.0078125,BigWig,0.5078125,0.5,0.0078125,2580
CNhs12192_M,leiomyosarcoma cell line | CAGE,0.0078125,BigWig,0.50390625,0.51171875,0.0078125,2581
CNhs11859_P,"leukemia, chronic megakaryoblastic cell line | CAGE",-0.0078125,BigWig,0.51171875,0.50390625,0.0078125,2582
CNhs11935_P,"lymphoma, malignant, hairy B-cell cell line | CAGE",-0.0078125,BigWig,0.5078125,0.5,0.0078125,2583
CNhs10730_P,malignant trichilemmal cyst cell line | CAGE,-0.0078125,BigWig,0.5078125,0.5,0.0078125,2584
CNhs11718_P,mesenchymal stem cell line | CAGE,-0.0078125,BigWig,0.5078125,0.5,0.0078125,2585
CNhs13061_P,mesothelioma cell line | CAGE,-0.0078125,BigWig,0.5078125,0.5,0.0078125,2586
CNhs13062_P,mesothelioma cell line | CAGE,-0.0078125,BigWig,0.5078125,0.5,0.0078125,2587
CNhs13064_P,mesothelioma cell line | CAGE,-0.0078125,BigWig,0.51171875,0.50390625,0.0078125,2588
CNhs13066_P,mesothelioma cell line | CAGE,-0.0078125,BigWig,0.5078125,0.5,0.0078125,2589
CNhs13067_P,mesothelioma cell line | CAGE,-0.0078125,BigWig,0.5078125,0.5,0.0078125,2590
CNhs13070_P,mesothelioma cell line | CAGE,-0.0078125,BigWig,0.5078125,0.5,0.0078125,2591
CNhs13075_P,mesothelioma cell line | CAGE,-0.0078125,BigWig,0.5078125,0.5,0.0078125,2592
CNhs11284_P,neuroblastoma cell line | CAGE,-0.0078125,BigWig,0.5078125,0.5,0.0078125,2593
CNhs11811_P,neuroblastoma cell line | CAGE,-0.0078125,BigWig,0.5078125,0.5,0.0078125,2594
CNhs11835_P,osteoclastoma cell line | CAGE,-0.0078125,BigWig,0.5078125,0.5,0.0078125,2595
CNhs11290_P,osteosarcoma cell line | CAGE,-0.0078125,BigWig,0.51171875,0.50390625,0.0078125,2596
CNhs11830_P,peripheral neuroectodermal tumor cell line | CAGE,-0.0078125,BigWig,0.5078125,0.5,0.0078125,2597
CNhs11267_P,retinoblastoma cell line | CAGE,-0.0078125,BigWig,0.5078125,0.5,0.0078125,2598
CNhs11877_P,rhabdomyosarcoma cell line | CAGE,-0.0078125,BigWig,0.51171875,0.50390625,0.0078125,2599
CNhs11183_P,schwannoma cell line | CAGE,-0.0078125,BigWig,0.5078125,0.5,0.0078125,2600
CNhs11736_P,small cell gastrointestinal carcinoma cell line | CAGE,-0.0078125,BigWig,0.5078125,0.5,0.0078125,2601
CNhs11857_P,spindle cell sarcoma cell line | CAGE,-0.0078125,BigWig,0.5078125,0.5,0.0078125,2602
CNhs10741_P,splenic lymphoma with villous lymphocytes cell line | C,-0.0078125,BigWig,0.5078125,0.5,0.0078125,2603
CNhs11244_P,synovial sarcoma cell line | CAGE,-0.0078125,BigWig,0.5078125,0.5,0.0078125,2604
CNhs11878_P,teratocarcinoma cell line | CAGE,-0.0078125,BigWig,0.51171875,0.50390625,0.0078125,2605
CNhs11726_P,testicular germ cell embryonal carcinoma cell line | CA,-0.0078125,BigWig,0.5078125,0.5,0.0078125,2606
CNhs12362_P,testicular germ cell embryonal carcinoma cell line | CA,-0.0078125,BigWig,0.5078125,0.5,0.0078125,2607
CNhs11837_P,transitional cell carcinoma cell line | CAGE,-0.0078125,BigWig,0.5078125,0.5,0.0078125,2608
CNhs11813_P,xeroderma pigentosum b cell line | CAGE,-0.0078125,BigWig,0.5078125,0.5,0.0078125,2609
CNhs12552_M,"CD133+ stem cells - adult bone marrow derived, pool1 |",0.0078125,BigWig,0.50390625,0.51171875,0.0078125,2610
CNhs10852_P,CD14+ Monocytes | CAGE,-0.0078125,BigWig,0.5078125,0.5,0.0078125,2611
CNhs13468_P,CD14+ monocytes - mock treated | CAGE,-0.0078125,BigWig,0.5078125,0.5,0.0078125,2612
CNhs13474_P,CD14+ monocytes - treated with B-glucan | CAGE,-0.0078125,BigWig,0.5078125,0.5,0.0078125,2613
CNhs13472_P,CD14+ monocytes - treated with Cryptococcus | CAGE,-0.0078125,BigWig,0.5078125,0.5,0.0078125,2614
CNhs13471_P,CD14+ monocytes - treated with Salmonella | CAGE,-0.0078125,BigWig,0.5078125,0.5,0.0078125,2615
CNhs13467_P,CD14+ monocytes - treated with Trehalose dimycolate (TD,-0.0078125,BigWig,0.5078125,0.5,0.0078125,2616
CNhs12175_P,"CD19+ B Cells (pluriselect), donation2 | CAGE",-0.0078125,BigWig,0.5078125,0.5,0.0078125,2617
CNhs12553_P,"CD34+ stem cells - adult bone marrow derived, tech  | C",-0.0078125,BigWig,0.5078125,0.5,0.0078125,2618
CNhs13235_P,CD4+CD25+CD45RA+ naive regulatory T cells | CAGE,-0.0078125,BigWig,0.51171875,0.50390625,0.0078125,2619
CNhs13195_P,CD4+CD25+CD45RA- memory regulatory T cells | CAGE,-0.0078125,BigWig,0.51171875,0.50390625,0.0078125,2620
CNhs13205_P,CD4+CD25-CD45RA+ naive conventional T cells | CAGE,-0.0078125,BigWig,0.51171875,0.50390625,0.0078125,2621
CNhs13215_P,CD4+CD25-CD45RA- memory conventional T cells expanded |,-0.0078125,BigWig,0.51171875,0.50390625,0.0078125,2622
CNhs13237_P,CD4+CD25-CD45RA- memory conventional T cells | CAGE,-0.0078125,BigWig,0.5078125,0.5,0.0078125,2623
CNhs10857_P,Dendritic Cells - plasmacytoid | CAGE,-0.0078125,BigWig,0.5078125,0.5,0.0078125,2624
CNhs12547_M,Eosinophils | CAGE,0.0078125,BigWig,0.5078125,0.515625,0.0078125,2625
CNhs10874_P,Fibroblast - Aortic Adventitial | CAGE,-0.0078125,BigWig,0.51171875,0.50390625,0.0078125,2626
CNhs11319_P,Fibroblast - Choroid Plexus | CAGE,-0.0078125,BigWig,0.51171875,0.50390625,0.0078125,2627
CNhs11351_P,Fibroblast - skin normal | CAGE,-0.0078125,BigWig,0.5078125,0.5,0.0078125,2628
CNhs12075_M,Hepatic Sinusoidal Endothelial Cells | CAGE,0.0078125,BigWig,0.51953125,0.52734375,0.0078125,2629
CNhs13925_P,"Mast cell, expanded and stimulated | CAGE",-0.0078125,BigWig,0.5078125,0.5,0.0078125,2630
CNhs11320_P,Meningeal Cells | CAGE,-0.0078125,BigWig,0.5078125,0.5,0.0078125,2631
CNhs11057_P,Mesenchymal Stem Cells - Wharton's Jelly | CAGE,-0.0078125,BigWig,0.5078125,0.5,0.0078125,2632
CNhs11345_P,Mesenchymal Stem Cells - adipose | CAGE,-0.0078125,BigWig,0.51171875,0.50390625,0.0078125,2633
CNhs11349_P,Mesenchymal Stem Cells - amniotic membrane | CAGE,-0.0078125,BigWig,0.5078125,0.5,0.0078125,2634
CNhs11347_P,Mesenchymal Stem Cells - umbilical | CAGE,-0.0078125,BigWig,0.5078125,0.5,0.0078125,2635
CNhs12492_M,Mesenchymal stem cells - umbilical | CAGE,0.0078125,BigWig,0.51171875,0.51953125,0.0078125,2636
CNhs11350_P,Multipotent Cord Blood Unrestricted Somatic Stem Cells,-0.0078125,BigWig,0.5078125,0.5,0.0078125,2637
CNhs10877_P,Pancreatic stromal cells | CAGE,-0.0078125,BigWig,0.5078125,0.5,0.0078125,2638
CNhs10838_P,Smooth Muscle Cells - Aortic | CAGE,-0.0078125,BigWig,0.515625,0.5078125,0.0078125,2639
CNhs12893_P,Smooth Muscle Cells - Bladder | CAGE,-0.0078125,BigWig,0.5078125,0.5,0.0078125,2640
CNhs11328_P,Smooth Muscle Cells - Bronchial | CAGE,-0.0078125,BigWig,0.5078125,0.5,0.0078125,2641
CNhs11087_P,Smooth Muscle Cells - Carotid | CAGE,-0.0078125,BigWig,0.515625,0.5078125,0.0078125,2642
CNhs11324_P,Smooth Muscle Cells - Esophageal | CAGE,-0.0078125,BigWig,0.51171875,0.50390625,0.0078125,2643
CNhs11910_P,Smooth Muscle Cells - Prostate | CAGE,-0.0078125,BigWig,0.51171875,0.50390625,0.0078125,2644
CNhs11090_P,Smooth Muscle Cells - Subclavian Artery | CAGE,-0.0078125,BigWig,0.51171875,0.50390625,0.0078125,2645
CNhs11329_P,Smooth Muscle Cells - Tracheal | CAGE,-0.0078125,BigWig,0.5078125,0.5,0.0078125,2646
CNhs11340_P,Trabecular Meshwork Cells | CAGE,-0.0078125,BigWig,0.51171875,0.50390625,0.0078125,2647
CNhs11075_P,"Whole blood (ribopure), donation1 | CAGE",-0.0078125,BigWig,0.51171875,0.50390625,0.0078125,2648
CNhs12363_P,mesenchymal precursor cell - adipose | CAGE,-0.0078125,BigWig,0.5078125,0.5,0.0078125,2649
CNhs13507_P,mesenchymal precursor cell - ovarian cancer right ovary,-0.0078125,BigWig,0.5078125,0.5,0.0078125,2650
CNhs13535_P,migratory langerhans cells | CAGE,-0.0078125,BigWig,0.51171875,0.50390625,0.0078125,2651
CNhs12522_P,neutrophil PMN | CAGE,-0.0078125,BigWig,0.5078125,0.5,0.0078125,2652
CNhs13972_P,adipose | CAGE,-0.0078125,BigWig,0.51171875,0.50390625,0.0078125,2653
CNhs11793_M,"adrenal gland, adult, pool1 | CAGE",0.0078125,BigWig,0.51171875,0.51953125,0.0078125,2654
CNhs13793_P,amygdala - adult | CAGE,-0.0078125,BigWig,0.5078125,0.5,0.0078125,2655
CNhs11761_P,"blood, adult, pool1 | CAGE",-0.0078125,BigWig,0.5078125,0.5,0.0078125,2656
CNhs13799_M,cerebellum - adult | CAGE,0.0078125,BigWig,0.53125,0.5390625,0.0078125,2657
CNhs14075_P,"cerebellum, newborn | CAGE",-0.0078125,BigWig,0.5078125,0.5,0.0078125,2658
CNhs12840_P,"cerebral meninges, adult | CAGE",-0.0078125,BigWig,0.5078125,0.5,0.0078125,2659
CNhs11780_P,"colon, fetal | CAGE",-0.0078125,BigWig,0.5078125,0.5,0.0078125,2660
CNhs13801_M,globus pallidus - adult | CAGE,0.0078125,BigWig,0.578125,0.5859375,0.0078125,2661
CNhs10621_P,"heart, adult, pool1 | CAGE",-0.0078125,BigWig,0.5078125,0.5,0.0078125,2662
CNhs13795_P,hippocampus - adult | CAGE,-0.0078125,BigWig,0.5078125,0.5,0.0078125,2663
CNhs13808_P,locus coeruleus - adult | CAGE,-0.0078125,BigWig,0.5078125,0.5,0.0078125,2664
CNhs13796_P,medial frontal gyrus - adult | CAGE,-0.0078125,BigWig,0.5078125,0.5,0.0078125,2665
CNhs13809_P,medial temporal gyrus - adult | CAGE,-0.0078125,BigWig,0.5078125,0.5,0.0078125,2666
CNhs14070_P,"medial temporal gyrus, newborn | CAGE",-0.0078125,BigWig,0.5078125,0.5,0.0078125,2667
CNhs14073_P,"occipital cortex, newborn | CAGE",-0.0078125,BigWig,0.5078125,0.5,0.0078125,2668
CNhs11787_P,"occipital lobe, adult | CAGE",-0.0078125,BigWig,0.5078125,0.5,0.0078125,2669
CNhs14226_P,"parietal cortex, adult | CAGE",-0.0078125,BigWig,0.5078125,0.5,0.0078125,2670
CNhs13797_P,parietal lobe - adult | CAGE,-0.0078125,BigWig,0.5078125,0.5,0.0078125,2671
CNhs12317_P,"parietal lobe, adult | CAGE",-0.0078125,BigWig,0.51171875,0.50390625,0.0078125,2672
CNhs13804_P,pineal gland - adult | CAGE,-0.0078125,BigWig,0.5078125,0.5,0.0078125,2673
CNhs11677_M,"salivary gland, adult, pool1 | CAGE",0.0078125,BigWig,0.58984375,0.59765625,0.0078125,2674
CNhs11774_P,"skin, fetal | CAGE",-0.0078125,BigWig,0.5078125,0.5,0.0078125,2675
CNhs14077_P,"spinal cord, newborn | CAGE",-0.0078125,BigWig,0.5078125,0.5,0.0078125,2676
CNhs11771_P,"stomach, fetal | CAGE",-0.0078125,BigWig,0.5078125,0.5,0.0078125,2677
CNhs14084_P,"thalamus, newborn | CAGE",-0.0078125,BigWig,0.5078125,0.5,0.0078125,2678
CNhs10633_P,"thymus, adult, pool1 | CAGE",-0.0078125,BigWig,0.5078125,0.5,0.0078125,2679
GTEX-132QS-2526-SM-62LFJ.1,adipose tissue | RNA-seq,-0.0078125,BigWig,1.0,0.9921875,0.0078125,2680
GTEX-1HSEH-0226-SM-ACKVV.1,adipose tissue | RNA-seq,-0.0078125,BigWig,1.0,0.9921875,0.0078125,2681
GTEX-T6MN-2226-SM-EVYAM.1,bladder | RNA-seq,-0.0078125,BigWig,1.0,0.9921875,0.0078125,2682
GTEX-U3ZN-1226-SM-4DXUD.1,bladder | RNA-seq,-0.0078125,BigWig,1.0,0.9921875,0.0078125,2683
GTEX-ZYT6-0126-SM-5E45J.1,breast | RNA-seq,-0.0078125,BigWig,1.0,0.9921875,0.0078125,2684
GTEX-13112-2126-SM-5GCO4.1,kidney | RNA-seq,-0.0078125,BigWig,1.0,0.9921875,0.0078125,2685
GTEX-17F96-1926-SM-7MGWY.1,kidney | RNA-seq,-0.0078125,BigWig,1.0,0.9921875,0.0078125,2686
GTEX-ZVZP-0926-SM-5GIDB.1,kidney | RNA-seq,-0.0078125,BigWig,1.0,0.9921875,0.0078125,2687
GTEX-11EQ9-0526-SM-5A5JZ.1,liver | RNA-seq,-0.0078125,BigWig,1.0,0.9921875,0.0078125,2688
GTEX-1QP66-0226-SM-DPRXS.1,liver | RNA-seq,-0.0078125,BigWig,1.0,0.9921875,0.0078125,2689
GTEX-ZYT6-0626-SM-5E45V.1,liver | RNA-seq,-0.0078125,BigWig,1.0,0.9921875,0.0078125,2690
GTEX-14AS3-0926-SM-5TDD6.1,lung | RNA-seq,-0.0078125,BigWig,1.0,0.9921875,0.0078125,2691
GTEX-14JG1-0926-SM-5YY8W.1,lung | RNA-seq,-0.0078125,BigWig,1.0,0.9921875,0.0078125,2692
GTEX-14PJ6-2426-SM-6ETZS.1,nerve | RNA-seq,-0.0078125,BigWig,1.0,0.9921875,0.0078125,2693
GTEX-145LS-3226-SM-5TDCA.1,pituitary | RNA-seq,-0.0078125,BigWig,1.0,0.9921875,0.0078125,2694
GTEX-1I1GR-3026-SM-ARU7C.1,pituitary | RNA-seq,-0.0078125,BigWig,1.0,0.9921875,0.0078125,2695
GTEX-11P82-1126-SM-5BC5K.1,prostate | RNA-seq,-0.0078125,BigWig,1.0,0.9921875,0.0078125,2696
GTEX-YB5K-1726-SM-5IFIZ.1,salivary gland | RNA-seq,-0.0078125,BigWig,1.0,0.9921875,0.0078125,2697
GTEX-1KD5A-1826-SM-DHXJI.1,testis | RNA-seq,-0.0078125,BigWig,1.0,0.9921875,0.0078125,2698
GTEX-13FH7-0126-SM-5KLZ1.1,thyroid | RNA-seq,-0.0078125,BigWig,1.0,0.9921875,0.0078125,2699
GTEX-15CHQ-0826-SM-69LOT.1,thyroid | RNA-seq,-0.0078125,BigWig,1.0,0.9921875,0.0078125,2700
GTEX-1J1OQ-0526-SM-A9G2P.1,thyroid | RNA-seq,-0.0078125,BigWig,1.0,0.9921875,0.0078125,2701
ENCSR000AUI,A549 | Histone ChIP-seq | H3K27ac,-0.00390625,BigWig,0.62890625,0.625,0.00390625,2702
ENCSR000AVF,A549 | Histone ChIP-seq | H3K27ac,0.00390625,BigWig,0.6328125,0.63671875,0.00390625,2703
ENCSR581PUR,A673 | Histone ChIP-seq | H3K36me3,0.00390625,BigWig,0.66015625,0.6640625,0.00390625,2704
ENCSR000DPK,AG04450 | Histone ChIP-seq | H3K27me3,0.00390625,BigWig,0.9609375,0.96484375,0.00390625,2705
ENCSR000DPJ,AG04450 | Histone ChIP-seq | H3K9me3,-0.00390625,BigWig,0.86328125,0.859375,0.00390625,2706
ENCSR000DPX,AG10803 | Histone ChIP-seq | H3K4me3,0.00390625,BigWig,0.6015625,0.60546875,0.00390625,2707
ENCSR000EMD,BE2C | DNase-seq,-0.00390625,BigWig,0.57421875,0.5703125,0.00390625,2708
ENCSR000DQH,BJ | Histone ChIP-seq | H3K4me3,-0.00390625,BigWig,0.578125,0.57421875,0.00390625,2709
ENCSR000DQK,Caco-2 | Histone ChIP-seq | H3K36me3,-0.00390625,BigWig,0.84765625,0.84375,0.00390625,2710
ENCSR515EWI,Caki2 | DNase-seq,0.00390625,BigWig,0.62890625,0.6328125,0.00390625,2711
ENCSR000ELA,D721Med | DNase-seq,0.00390625,BigWig,0.95703125,0.9609375,0.00390625,2712
ENCSR000ARZ,DND-41 | Histone ChIP-seq | H3K9me3,-0.00390625,BigWig,0.70703125,0.703125,0.00390625,2713
ENCSR350RYG,DOHH2 | Histone ChIP-seq | H3K27me3,0.00390625,BigWig,0.81640625,0.8203125,0.00390625,2714
ENCSR895IWH,ES-I3 | Histone ChIP-seq | H3K9me3,-0.00390625,BigWig,0.703125,0.69921875,0.00390625,2715
ENCSR000FCL,GM08714 | Histone ChIP-seq | H3K4me3,-0.00390625,BigWig,0.578125,0.57421875,0.00390625,2716
ENCSR000DQZ,GM12864 | Histone ChIP-seq | H3K4me3,-0.00390625,BigWig,0.70703125,0.703125,0.00390625,2717
ENCSR000EJD,GM12878 | DNase-seq,-0.00390625,BigWig,0.8359375,0.83203125,0.00390625,2718
ENCSR057BWO,GM12878 | Histone ChIP-seq | H3K4me3,0.00390625,BigWig,0.67578125,0.6796875,0.00390625,2719
ENCSR000EJK,GM19239 | DNase-seq,0.00390625,BigWig,0.91015625,0.9140625,0.00390625,2720
ENCSR000EJL,GM19240 | DNase-seq,-0.00390625,BigWig,0.92578125,0.921875,0.00390625,2721
ENCSR866KFY,GM23248 | Histone ChIP-seq | H3K27me3,0.00390625,BigWig,0.75,0.75390625,0.00390625,2722
ENCSR562MOC,GM23248 | Histone ChIP-seq | H3K9ac,0.00390625,BigWig,0.62109375,0.625,0.00390625,2723
ENCSR249YGG,GM23338 | Histone ChIP-seq | H3K4me1,-0.00390625,BigWig,0.62109375,0.6171875,0.00390625,2724
ENCSR476KTK,H1 | Histone ChIP-seq | H3K36me3,0.00390625,BigWig,0.84375,0.84765625,0.00390625,2725
ENCSR441UHO,H1 | Histone ChIP-seq | H3K9ac,0.00390625,BigWig,0.8515625,0.85546875,0.00390625,2726
ENCSR810BDB,HCT116 | Histone ChIP-seq | H3K27me3,0.00390625,BigWig,0.71484375,0.71875,0.00390625,2727
ENCSR910LIE,HEK293 | Histone ChIP-seq | H3K36me3,-0.00390625,BigWig,0.9375,0.93359375,0.00390625,2728
ENCSR000FCJ,HEK293 | Histone ChIP-seq | H3K9me3,0.00390625,BigWig,0.66796875,0.671875,0.00390625,2729
ENCSR634YVQ,HK-2 | DNase-seq,-0.00390625,BigWig,0.7734375,0.76953125,0.00390625,2730
ENCSR000DUO,HL-60 | Histone ChIP-seq | H3K4me3,-0.00390625,BigWig,0.56640625,0.5625,0.00390625,2731
ENCSR862SCU,HUES6 | Histone ChIP-seq | H3K9me3,0.00390625,BigWig,0.734375,0.73828125,0.00390625,2732
ENCSR845WAQ,HUES64 | Histone ChIP-seq | H3K4me1,0.00390625,BigWig,0.67578125,0.6796875,0.00390625,2733
ENCSR000APB,HeLa-S3 | Histone ChIP-seq | H3K27me3,0.00390625,BigWig,0.8515625,0.85546875,0.00390625,2734
ENCSR000APW,HeLa-S3 | Histone ChIP-seq | H3K4me1,0.00390625,BigWig,0.65625,0.66015625,0.00390625,2735
ENCSR000AOL,HepG2 | Histone ChIP-seq | H3K27me3,-0.00390625,BigWig,0.87890625,0.875,0.00390625,2736
ENCSR000EWB,K562 | Histone ChIP-seq | H3K27me3,-0.00390625,BigWig,0.98828125,0.984375,0.00390625,2737
ENCSR000APE,K562 | Histone ChIP-seq | H3K9me3,-0.00390625,BigWig,0.75,0.74609375,0.00390625,2738
ENCSR955IXZ,KMS-11 | Histone ChIP-seq | H3K27ac,-0.00390625,BigWig,0.66796875,0.6640625,0.00390625,2739
ENCSR474VGQ,KMS-11 | Histone ChIP-seq | H3K27me3,0.00390625,BigWig,0.7421875,0.74609375,0.00390625,2740
ENCSR438PYA,KOPT-K1 | Histone ChIP-seq | H3K9me3,-0.00390625,BigWig,0.63671875,0.6328125,0.00390625,2741
ENCSR000DWJ,MCF-7 | Histone ChIP-seq | H3K4me3,-0.00390625,BigWig,0.671875,0.66796875,0.00390625,2742
ENCSR999WHE,MCF-7 | Histone ChIP-seq | H3K9me3,0.00390625,BigWig,0.73046875,0.734375,0.00390625,2743
ENCSR120LGC,MM.1S | Histone ChIP-seq | H3K36me3,-0.00390625,BigWig,0.73046875,0.7265625,0.00390625,2744
ENCSR422JNY,OCI-LY1 | Histone ChIP-seq | H3K4me3,-0.00390625,BigWig,0.6171875,0.61328125,0.00390625,2745
ENCSR857GMX,OCI-LY3 | Histone ChIP-seq | H3K27ac,0.00390625,BigWig,0.59375,0.59765625,0.00390625,2746
ENCSR447ZGY,OCI-LY7 | Histone ChIP-seq | H3K27ac,0.00390625,BigWig,0.5546875,0.55859375,0.00390625,2747
ENCSR849APH,PC-3 | Histone ChIP-seq | H3K36me3,0.00390625,BigWig,0.77734375,0.78125,0.00390625,2748
ENCSR566UMF,PC-3 | Histone ChIP-seq | H3K4me1,0.00390625,BigWig,0.6171875,0.62109375,0.00390625,2749
ENCSR197QXT,PC-3 | Histone ChIP-seq | H3K9ac,0.00390625,BigWig,0.65625,0.66015625,0.00390625,2750
ENCSR339ZMJ,PC-3 | Histone ChIP-seq | H3K9me3,0.00390625,BigWig,0.67578125,0.6796875,0.00390625,2751
ENCSR402SJV,PC-9 | Histone ChIP-seq | H3K36me3,0.00390625,BigWig,0.765625,0.76953125,0.00390625,2752
ENCSR945KBK,PC-9 | Histone ChIP-seq | H3K9ac,0.00390625,BigWig,0.67578125,0.6796875,0.00390625,2753
ENCSR555TAX,PC-9 | Histone ChIP-seq | H3K9me3,0.00390625,BigWig,0.69140625,0.6953125,0.00390625,2754
ENCSR429RHR,RKO | DNase-seq,-0.00390625,BigWig,0.68359375,0.6796875,0.00390625,2755
ENCSR700ILE,SJCRH30 | DNase-seq,0.00390625,BigWig,0.6015625,0.60546875,0.00390625,2756
ENCSR679CHH,SK-N-MC | Histone ChIP-seq | H3K9me3,0.00390625,BigWig,0.6640625,0.66796875,0.00390625,2757
ENCSR000FCU,SK-N-SH | Histone ChIP-seq | H3K27ac,-0.00390625,BigWig,0.61328125,0.609375,0.00390625,2758
ENCSR000DXR,SK-N-SH | Histone ChIP-seq | H3K4me3,0.00390625,BigWig,0.5546875,0.55859375,0.00390625,2759
ENCSR000FCS,SK-N-SH | Histone ChIP-seq | H3K4me3,-0.00390625,BigWig,0.578125,0.57421875,0.00390625,2760
ENCSR657OGA,SK-N-SH | Histone ChIP-seq | H3K9me3,0.00390625,BigWig,0.6171875,0.62109375,0.00390625,2761
ENCSR485ZKB,UCSF-4 | Histone ChIP-seq | H3K27me3,0.00390625,BigWig,0.84765625,0.8515625,0.00390625,2762
ENCSR550GSE,UCSF-4 | Histone ChIP-seq | H3K9me3,0.00390625,BigWig,0.796875,0.80078125,0.00390625,2763
ENCSR597ULV,VCaP | Histone ChIP-seq | H3K27ac,0.00390625,BigWig,0.65234375,0.65625,0.00390625,2764
ENCSR100PNV,iPS DF 19.11 | Histone ChIP-seq | H3K27me3,0.00390625,BigWig,0.86328125,0.8671875,0.00390625,2765
ENCSR067BNI,iPS DF 19.11 | Histone ChIP-seq | H3K36me3,-0.00390625,BigWig,0.98046875,0.9765625,0.00390625,2766
ENCSR704BRU,iPS DF 19.11 | Histone ChIP-seq | H3K9me3,-0.00390625,BigWig,0.94140625,0.9375,0.00390625,2767
ENCSR941YPY,iPS-11a | Histone ChIP-seq | H3K4me3,-0.00390625,BigWig,0.70703125,0.703125,0.00390625,2768
ENCSR848EZM,iPS-15b | Histone ChIP-seq | H3K9ac,0.00390625,BigWig,0.8203125,0.82421875,0.00390625,2769
ENCSR558XOU,iPS-15b | Histone ChIP-seq | H3K9me3,-0.00390625,BigWig,0.7890625,0.78515625,0.00390625,2770
ENCSR235APD,iPS-18a | Histone ChIP-seq | H3K4me1,0.00390625,BigWig,0.6640625,0.66796875,0.00390625,2771
ENCSR505JQC,iPS-18a | Histone ChIP-seq | H3K4me3,-0.00390625,BigWig,0.5859375,0.58203125,0.00390625,2772
ENCSR979TIC,iPS-18a | Histone ChIP-seq | H3K9me3,-0.00390625,BigWig,0.65625,0.65234375,0.00390625,2773
ENCSR996FWI,iPS-20b | Histone ChIP-seq | H3K4me1,0.00390625,BigWig,0.69921875,0.703125,0.00390625,2774
ENCSR849YFO,bipolar neuron | Histone ChIP-seq | H3K4me3,0.00390625,BigWig,0.6015625,0.60546875,0.00390625,2775
ENCSR592ETL,bipolar neuron | Histone ChIP-seq | H3K9ac,0.00390625,BigWig,0.609375,0.61328125,0.00390625,2776
ENCSR000NPF,cardiac muscle cell | Histone ChIP-seq | H3K27ac,0.00390625,BigWig,0.703125,0.70703125,0.00390625,2777
ENCSR276OLB,cardiac muscle cell | Histone ChIP-seq | H3K4me1,-0.00390625,BigWig,0.7421875,0.73828125,0.00390625,2778
ENCSR000DSP,cardiac muscle cell | Histone ChIP-seq | H3K4me3,0.00390625,BigWig,0.63671875,0.640625,0.00390625,2779
ENCSR360XIS,ecto neural progenitor cell | DNase-seq,0.00390625,BigWig,0.9375,0.94140625,0.00390625,2780
ENCSR200ETW,endodermal cell | Histone ChIP-seq | H3K27ac,0.00390625,BigWig,0.77734375,0.78125,0.00390625,2781
ENCSR034BEQ,hepatocyte | Histone ChIP-seq | H3K36me3,-0.00390625,BigWig,0.69140625,0.6875,0.00390625,2782
ENCSR758GMX,hepatocyte | Histone ChIP-seq | H3K9me3,-0.00390625,BigWig,0.6328125,0.62890625,0.00390625,2783
ENCSR065HOR,mesenchymal stem cell | Histone ChIP-seq | H3K4me1,0.00390625,BigWig,0.90234375,0.90625,0.00390625,2784
ENCSR000EMX,mesodermal cell | DNase-seq,0.00390625,BigWig,0.71875,0.72265625,0.00390625,2785
ENCSR887ZPC,mesodermal cell | Histone ChIP-seq | H3K9me3,-0.00390625,BigWig,0.7421875,0.73828125,0.00390625,2786
ENCSR113LFZ,mid-neurogenesis radial glial cells | Histone ChIP-seq,0.00390625,BigWig,0.80859375,0.8125,0.00390625,2787
ENCSR922CAT,mid-neurogenesis radial glial cells | Histone ChIP-seq,-0.00390625,BigWig,0.70703125,0.703125,0.00390625,2788
ENCSR000ANW,myotube | Histone ChIP-seq | H3K36me3,0.00390625,BigWig,0.8984375,0.90234375,0.00390625,2789
ENCSR000ANX,myotube | Histone ChIP-seq | H3K4me1,-0.00390625,BigWig,0.76171875,0.7578125,0.00390625,2790
ENCSR531QHM,neural cell | Histone ChIP-seq | H3K9ac,0.00390625,BigWig,0.70703125,0.7109375,0.00390625,2791
ENCSR105NMJ,neural progenitor cell | Histone ChIP-seq | H3K9ac,-0.00390625,BigWig,0.75,0.74609375,0.00390625,2792
ENCSR688ZOS,neuroepithelial stem cell | Histone ChIP-seq | H3K36me3,-0.00390625,BigWig,0.69921875,0.6953125,0.00390625,2793
ENCSR688OUZ,neuron | Histone ChIP-seq | H3K27me3,-0.00390625,BigWig,0.8828125,0.87890625,0.00390625,2794
ENCSR550XZG,neuronal stem cell | Histone ChIP-seq | H3K27me3,-0.00390625,BigWig,0.8984375,0.89453125,0.00390625,2795
ENCSR692CTK,neuronal stem cell | Histone ChIP-seq | H3K27me3,0.00390625,BigWig,0.8203125,0.82421875,0.00390625,2796
ENCSR254NLC,neuronal stem cell | Histone ChIP-seq | H3K4me1,-0.00390625,BigWig,0.89453125,0.890625,0.00390625,2797
ENCSR354XWM,neuronal stem cell | Histone ChIP-seq | H3K4me3,-0.00390625,BigWig,0.73046875,0.7265625,0.00390625,2798
ENCSR136NUH,radial glial cell | Histone ChIP-seq | H3K36me3,-0.00390625,BigWig,0.74609375,0.7421875,0.00390625,2799
ENCSR279HKO,radial glial cell | Histone ChIP-seq | H3K4me1,0.00390625,BigWig,0.7578125,0.76171875,0.00390625,2800
ENCSR210ZPC,smooth muscle cell | Histone ChIP-seq | H3K27ac,-0.00390625,BigWig,0.5859375,0.58203125,0.00390625,2801
ENCSR143RMH,smooth muscle cell | Histone ChIP-seq | H3K27me3,0.00390625,BigWig,0.71875,0.72265625,0.00390625,2802
ENCSR540UZV,smooth muscle cell | Histone ChIP-seq | H3K9ac,-0.00390625,BigWig,0.671875,0.66796875,0.00390625,2803
ENCSR960CWQ,trophoblast cell | Histone ChIP-seq | H3K27me3,-0.00390625,BigWig,0.82421875,0.8203125,0.00390625,2804
ENCSR874WOB,trophoblast cell | Histone ChIP-seq | H3K4me3,-0.00390625,BigWig,0.94140625,0.9375,0.00390625,2805
ENCSR815DXY,trophoblast cell | Histone ChIP-seq | H3K9ac,0.00390625,BigWig,0.87109375,0.875,0.00390625,2806
ENCSR381PXW,B cell | DNase-seq,0.00390625,BigWig,0.7734375,0.77734375,0.00390625,2807
ENCSR891VOV,B cell | DNase-seq,0.00390625,BigWig,0.78125,0.78515625,0.00390625,2808
ENCSR557TNE,B cell | Histone ChIP-seq | H3K27me3,0.00390625,BigWig,0.90234375,0.90625,0.00390625,2809
ENCSR000DQR,B cell | Histone ChIP-seq | H3K4me3,0.00390625,BigWig,0.609375,0.61328125,0.00390625,2810
ENCSR878JSF,B cell | Histone ChIP-seq | H3K4me3,0.00390625,BigWig,0.62890625,0.6328125,0.00390625,2811
ENCSR000ASL,CD14-positive monocyte | Histone ChIP-seq | H3K36me3,0.00390625,BigWig,0.83984375,0.84375,0.00390625,2812
ENCSR000ATF,CD14-positive monocyte | Histone ChIP-seq | H3K9ac,0.00390625,BigWig,0.8046875,0.80859375,0.00390625,2813
ENCSR577GVS,"CD4-positive, CD25-positive, alpha-beta regulatory T ce",0.00390625,BigWig,0.5546875,0.55859375,0.00390625,2814
ENCSR971QHH,"CD4-positive, alpha-beta T cell | Histone ChIP-seq | H3",0.00390625,BigWig,0.6484375,0.65234375,0.00390625,2815
ENCSR012KUR,"CD4-positive, alpha-beta memory T cell | Histone ChIP-s",0.00390625,BigWig,0.74609375,0.75,0.00390625,2816
ENCSR660WQO,"CD4-positive, alpha-beta memory T cell | Histone ChIP-s",0.00390625,BigWig,0.625,0.62890625,0.00390625,2817
ENCSR223APP,"CD4-positive, alpha-beta memory T cell | Histone ChIP-s",0.00390625,BigWig,0.703125,0.70703125,0.00390625,2818
ENCSR681OSD,"CD8-positive, alpha-beta T cell | Histone ChIP-seq | H3",-0.00390625,BigWig,0.67578125,0.671875,0.00390625,2819
ENCSR631BPS,"CD8-positive, alpha-beta T cell | Histone ChIP-seq | H3",-0.00390625,BigWig,0.68359375,0.6796875,0.00390625,2820
ENCSR660KHZ,"CD8-positive, alpha-beta T cell | Histone ChIP-seq | H3",0.00390625,BigWig,0.62890625,0.6328125,0.00390625,2821
ENCSR815PSO,"CD8-positive, alpha-beta T cell | Histone ChIP-seq | H3",0.00390625,BigWig,0.60546875,0.609375,0.00390625,2822
ENCSR040DGJ,T-cell | DNase-seq,0.00390625,BigWig,0.734375,0.73828125,0.00390625,2823
ENCSR920EOT,T-cell | Histone ChIP-seq | H3K27me3,-0.00390625,BigWig,0.98828125,0.984375,0.00390625,2824
ENCSR974EGY,T-cell | Histone ChIP-seq | H3K9me3,0.00390625,BigWig,0.54296875,0.546875,0.00390625,2825
ENCSR678RCY,T-helper 17 cell | Histone ChIP-seq | H3K9me3,0.00390625,BigWig,0.6640625,0.66796875,0.00390625,2826
ENCSR000ART,astrocyte | Histone ChIP-seq | H3K9ac,0.00390625,BigWig,0.69921875,0.703125,0.00390625,2827
ENCSR000DXH,bronchial epithelial cell | Histone ChIP-seq | H3K36me3,-0.00390625,BigWig,0.953125,0.94921875,0.00390625,2828
ENCSR856NXV,cardiac fibroblast | DNase-seq,-0.00390625,BigWig,0.60546875,0.6015625,0.00390625,2829
ENCSR639ZJI,"common myeloid progenitor, CD34-positive | DNase-seq",-0.00390625,BigWig,0.71875,0.71484375,0.00390625,2830
ENCSR311OCP,"common myeloid progenitor, CD34-positive | Histone ChIP",-0.00390625,BigWig,0.90625,0.90234375,0.00390625,2831
ENCSR458PCE,"common myeloid progenitor, CD34-positive | Histone ChIP",-0.00390625,BigWig,0.73828125,0.734375,0.00390625,2832
ENCSR136QKZ,"common myeloid progenitor, CD34-positive | Histone ChIP",0.00390625,BigWig,0.6015625,0.60546875,0.00390625,2833
ENCSR245ZCU,"common myeloid progenitor, CD34-positive | Histone ChIP",0.00390625,BigWig,0.57421875,0.578125,0.00390625,2834
ENCSR911BCA,"effector memory CD4-positive, alpha-beta T cell | Histo",0.00390625,BigWig,0.6953125,0.69921875,0.00390625,2835
ENCSR750ZCV,"effector memory CD4-positive, alpha-beta T cell | Histo",0.00390625,BigWig,0.6953125,0.69921875,0.00390625,2836
ENCSR324VZT,fibroblast of breast | Histone ChIP-seq | H3K4me1,0.00390625,BigWig,0.56640625,0.5703125,0.00390625,2837
ENCSR902QIJ,fibroblast of breast | Histone ChIP-seq | H3K4me3,0.00390625,BigWig,0.7734375,0.77734375,0.00390625,2838
ENCSR000DVC,fibroblast of lung | Histone ChIP-seq | H3K4me3,0.00390625,BigWig,0.54296875,0.546875,0.00390625,2839
ENCSR383BLX,fibroblast of skin of right biceps | DNase-seq,0.00390625,BigWig,0.6484375,0.65234375,0.00390625,2840
ENCSR360LBD,fibroblast of skin of scalp | DNase-seq,0.00390625,BigWig,0.66015625,0.6640625,0.00390625,2841
ENCSR770DEN,fibroblast of skin of scalp | DNase-seq,0.00390625,BigWig,0.62890625,0.6328125,0.00390625,2842
ENCSR325LYJ,fibroblast of upper back skin | DNase-seq,0.00390625,BigWig,0.6171875,0.62109375,0.00390625,2843
ENCSR285UTJ,foreskin fibroblast | Histone ChIP-seq | H3K27me3,-0.00390625,BigWig,0.99609375,0.9921875,0.00390625,2844
ENCSR417IEJ,foreskin fibroblast | Histone ChIP-seq | H3K27me3,-0.00390625,BigWig,0.98046875,0.9765625,0.00390625,2845
ENCSR367HVD,foreskin fibroblast | Histone ChIP-seq | H3K4me1,0.00390625,BigWig,0.81640625,0.8203125,0.00390625,2846
ENCSR000DUJ,foreskin fibroblast | Histone ChIP-seq | H3K4me3,-0.00390625,BigWig,0.53125,0.52734375,0.00390625,2847
ENCSR035RVH,foreskin keratinocyte | DNase-seq,0.00390625,BigWig,0.609375,0.61328125,0.00390625,2848
ENCSR724CND,foreskin keratinocyte | DNase-seq,0.00390625,BigWig,0.62890625,0.6328125,0.00390625,2849
ENCSR268BMX,foreskin keratinocyte | Histone ChIP-seq | H3K27me3,-0.00390625,BigWig,0.82421875,0.8203125,0.00390625,2850
ENCSR481YGZ,foreskin melanocyte | Histone ChIP-seq | H3K4me3,-0.00390625,BigWig,0.70703125,0.703125,0.00390625,2851
ENCSR353LBX,foreskin melanocyte | Histone ChIP-seq | H3K9me3,0.00390625,BigWig,0.65625,0.66015625,0.00390625,2852
ENCSR571CSC,foreskin melanocyte | Histone ChIP-seq | H3K9me3,-0.00390625,BigWig,0.87890625,0.875,0.00390625,2853
ENCSR000ARN,keratinocyte | Histone ChIP-seq | H3K9me3,0.00390625,BigWig,0.73046875,0.734375,0.00390625,2854
ENCSR257CIZ,kidney tubule cell | DNase-seq,-0.00390625,BigWig,0.7734375,0.76953125,0.00390625,2855
ENCSR597RXT,mammary epithelial cell | Histone ChIP-seq | H3K36me3,-0.00390625,BigWig,0.8125,0.80859375,0.00390625,2856
ENCSR000AMJ,mammary epithelial cell | Histone ChIP-seq | H3K4me1,-0.00390625,BigWig,0.64453125,0.640625,0.00390625,2857
ENCSR635XBA,mammary stem cell | Histone ChIP-seq | H3K36me3,-0.00390625,BigWig,0.984375,0.98046875,0.00390625,2858
ENCSR262VXI,mesenchymal stem cell | Histone ChIP-seq | H3K27me3,0.00390625,BigWig,0.9140625,0.91796875,0.00390625,2859
ENCSR000EXT,mononuclear cell | Histone ChIP-seq | H3K4me3,0.00390625,BigWig,0.640625,0.64453125,0.00390625,2860
ENCSR557OPY,myoepithelial cell of mammary gland | Histone ChIP-seq,-0.00390625,BigWig,0.9921875,0.98828125,0.00390625,2861
ENCSR813ULW,myoepithelial cell of mammary gland | Histone ChIP-seq,0.00390625,BigWig,0.79296875,0.796875,0.00390625,2862
ENCSR177QXA,myoepithelial cell of mammary gland | Histone ChIP-seq,0.00390625,BigWig,0.6171875,0.62109375,0.00390625,2863
ENCSR485URZ,"naive thymus-derived CD4-positive, alpha-beta T cell |",-0.00390625,BigWig,0.734375,0.73046875,0.00390625,2864
ENCSR637IOH,"naive thymus-derived CD4-positive, alpha-beta T cell |",-0.00390625,BigWig,0.78515625,0.78125,0.00390625,2865
ENCSR198YHG,"naive thymus-derived CD4-positive, alpha-beta T cell |",-0.00390625,BigWig,0.69140625,0.6875,0.00390625,2866
ENCSR161XBV,"naive thymus-derived CD4-positive, alpha-beta T cell |",0.00390625,BigWig,0.6796875,0.68359375,0.00390625,2867
ENCSR224LFY,"naive thymus-derived CD4-positive, alpha-beta T cell |",-0.00390625,BigWig,0.71484375,0.7109375,0.00390625,2868
ENCSR229QYR,"naive thymus-derived CD4-positive, alpha-beta T cell |",0.00390625,BigWig,0.73828125,0.7421875,0.00390625,2869
ENCSR723JLG,natural killer cell | DNase-seq,-0.00390625,BigWig,0.70703125,0.703125,0.00390625,2870
ENCSR127MFA,neurosphere | Histone ChIP-seq | H3K36me3,0.00390625,BigWig,0.88671875,0.890625,0.00390625,2871
ENCSR103HMP,neurosphere | Histone ChIP-seq | H3K4me3,-0.00390625,BigWig,0.6171875,0.61328125,0.00390625,2872
ENCSR130PLZ,neurosphere | Histone ChIP-seq | H3K4me3,0.00390625,BigWig,0.59375,0.59765625,0.00390625,2873
ENCSR568OLP,neurosphere | Histone ChIP-seq | H3K9me3,-0.00390625,BigWig,0.71484375,0.7109375,0.00390625,2874
ENCSR577CDW,neurosphere | Histone ChIP-seq | H3K9me3,0.00390625,BigWig,0.6953125,0.69921875,0.00390625,2875
ENCSR000APH,osteoblast | Histone ChIP-seq | H3K27ac,0.00390625,BigWig,0.63671875,0.640625,0.00390625,2876
ENCSR000AQS,osteoblast | Histone ChIP-seq | H3K27me3,-0.00390625,BigWig,0.87890625,0.875,0.00390625,2877
ENCSR000ATH,osteoblast | Histone ChIP-seq | H3K4me3,-0.00390625,BigWig,0.625,0.62109375,0.00390625,2878
ENCSR390SFH,peripheral blood mononuclear cell | Histone ChIP-seq |,-0.00390625,BigWig,0.85546875,0.8515625,0.00390625,2879
ENCSR866UQO,peripheral blood mononuclear cell | Histone ChIP-seq |,-0.00390625,BigWig,0.8203125,0.81640625,0.00390625,2880
ENCSR692DOM,peripheral blood mononuclear cell | Histone ChIP-seq |,0.00390625,BigWig,0.83203125,0.8359375,0.00390625,2881
ENCSR206JRX,peripheral blood mononuclear cell | Histone ChIP-seq |,0.00390625,BigWig,0.71484375,0.71875,0.00390625,2882
ENCSR605OYC,peripheral blood mononuclear cell | Histone ChIP-seq |,0.00390625,BigWig,0.80859375,0.8125,0.00390625,2883
ENCSR000DVK,retinal pigment epithelial cell | Histone ChIP-seq | H3,0.00390625,BigWig,0.5859375,0.58984375,0.00390625,2884
ENCSR000ANG,skeletal muscle myoblast | Histone ChIP-seq | H3K27me3,0.00390625,BigWig,0.84765625,0.8515625,0.00390625,2885
ENCSR000ANK,skeletal muscle myoblast | Histone ChIP-seq | H3K4me3,-0.00390625,BigWig,0.63671875,0.6328125,0.00390625,2886
ENCSR312CKN,skeletal muscle satellite cell | Histone ChIP-seq | H3K,-0.00390625,BigWig,0.921875,0.91796875,0.00390625,2887
ENCSR100HGO,skeletal muscle satellite cell | Histone ChIP-seq | H3K,0.00390625,BigWig,0.63671875,0.640625,0.00390625,2888
ENCSR000EMH,stromal cell of bone marrow | DNase-seq,-0.00390625,BigWig,0.6171875,0.61328125,0.00390625,2889
ENCSR206FSY,Peyer's patch | DNase-seq,-0.00390625,BigWig,0.98828125,0.984375,0.00390625,2890
ENCSR452ZMO,Peyer's patch | DNase-seq,-0.00390625,BigWig,0.96484375,0.9609375,0.00390625,2891
ENCSR982PLJ,Peyer's patch | Histone ChIP-seq | H3K27me3,-0.00390625,BigWig,0.75,0.74609375,0.00390625,2892
ENCSR856QJX,adrenal gland | DNase-seq,0.00390625,BigWig,0.75390625,0.7578125,0.00390625,2893
ENCSR405ESP,adrenal gland | Histone ChIP-seq | H3K27ac,-0.00390625,BigWig,0.82421875,0.8203125,0.00390625,2894
ENCSR847AIA,adrenal gland | Histone ChIP-seq | H3K27ac,-0.00390625,BigWig,0.62109375,0.6171875,0.00390625,2895
ENCSR204DMS,adrenal gland | Histone ChIP-seq | H3K36me3,0.00390625,BigWig,0.66796875,0.671875,0.00390625,2896
ENCSR511GOF,adrenal gland | Histone ChIP-seq | H3K4me1,-0.00390625,BigWig,0.84765625,0.84375,0.00390625,2897
ENCSR234YIU,adrenal gland | Histone ChIP-seq | H3K4me3,-0.00390625,BigWig,0.80859375,0.8046875,0.00390625,2898
ENCSR926NMC,adrenal gland | Histone ChIP-seq | H3K4me3,-0.00390625,BigWig,0.71484375,0.7109375,0.00390625,2899
ENCSR053PIY,adrenal gland | Histone ChIP-seq | H3K9me3,-0.00390625,BigWig,0.67578125,0.671875,0.00390625,2900
ENCSR992VZG,adrenal gland | Histone ChIP-seq | H3K9me3,-0.00390625,BigWig,0.94921875,0.9453125,0.00390625,2901
ENCSR430RVP,amnion | Histone ChIP-seq | H3K27ac,0.00390625,BigWig,0.86328125,0.8671875,0.00390625,2902
ENCSR144NDE,amnion | Histone ChIP-seq | H3K27me3,0.00390625,BigWig,0.76953125,0.7734375,0.00390625,2903
ENCSR495GRN,amnion | Histone ChIP-seq | H3K9me3,-0.00390625,BigWig,0.71484375,0.7109375,0.00390625,2904
ENCSR380KOO,angular gyrus | Histone ChIP-seq | H3K27ac,0.00390625,BigWig,0.85546875,0.859375,0.00390625,2905
ENCSR891XGQ,angular gyrus | Histone ChIP-seq | H3K27ac,-0.00390625,BigWig,0.8515625,0.84765625,0.00390625,2906
ENCSR057RET,angular gyrus | Histone ChIP-seq | H3K4me3,-0.00390625,BigWig,0.73828125,0.734375,0.00390625,2907
ENCSR319WAD,angular gyrus | Histone ChIP-seq | H3K9me3,-0.00390625,BigWig,0.6796875,0.67578125,0.00390625,2908
ENCSR519CFV,aorta | Histone ChIP-seq | H3K27ac,-0.00390625,BigWig,0.71875,0.71484375,0.00390625,2909
ENCSR128VHV,aorta | Histone ChIP-seq | H3K27me3,-0.00390625,BigWig,0.65625,0.65234375,0.00390625,2910
ENCSR989AMI,aorta | Histone ChIP-seq | H3K36me3,-0.00390625,BigWig,0.79296875,0.7890625,0.00390625,2911
ENCSR852TRT,ascending aorta | DNase-seq,-0.00390625,BigWig,0.984375,0.98046875,0.00390625,2912
ENCSR069UMW,ascending aorta | Histone ChIP-seq | H3K27ac,-0.00390625,BigWig,0.671875,0.66796875,0.00390625,2913
ENCSR248PES,ascending aorta | Histone ChIP-seq | H3K36me3,-0.00390625,BigWig,0.890625,0.88671875,0.00390625,2914
ENCSR122LOZ,ascending aorta | Histone ChIP-seq | H3K4me3,-0.00390625,BigWig,0.65625,0.65234375,0.00390625,2915
ENCSR645FBM,ascending aorta | Histone ChIP-seq | H3K4me3,-0.00390625,BigWig,0.65234375,0.6484375,0.00390625,2916
ENCSR903GLL,body of pancreas | Histone ChIP-seq | H3K27me3,0.00390625,BigWig,0.6875,0.69140625,0.00390625,2917
ENCSR977CEC,body of pancreas | Histone ChIP-seq | H3K27me3,-0.00390625,BigWig,0.73046875,0.7265625,0.00390625,2918
ENCSR523JCB,body of pancreas | Histone ChIP-seq | H3K36me3,0.00390625,BigWig,0.78515625,0.7890625,0.00390625,2919
ENCSR689SFJ,body of pancreas | Histone ChIP-seq | H3K36me3,0.00390625,BigWig,0.80859375,0.8125,0.00390625,2920
ENCSR429XBU,body of pancreas | Histone ChIP-seq | H3K4me1,-0.00390625,BigWig,0.70703125,0.703125,0.00390625,2921
ENCSR554RQQ,body of pancreas | Histone ChIP-seq | H3K4me3,0.00390625,BigWig,0.70703125,0.7109375,0.00390625,2922
ENCSR876DCP,body of pancreas | Histone ChIP-seq | H3K4me3,0.00390625,BigWig,0.66015625,0.6640625,0.00390625,2923
ENCSR026EOM,brain | DNase-seq,0.00390625,BigWig,0.62890625,0.6328125,0.00390625,2924
ENCSR420RWU,brain | DNase-seq,-0.00390625,BigWig,0.83984375,0.8359375,0.00390625,2925
ENCSR572LDG,brain | DNase-seq,-0.00390625,BigWig,0.7734375,0.76953125,0.00390625,2926
ENCSR595CSH,brain | DNase-seq,-0.00390625,BigWig,0.60546875,0.6015625,0.00390625,2927
ENCSR386JEL,brain | Histone ChIP-seq | H3K4me1,0.00390625,BigWig,0.7109375,0.71484375,0.00390625,2928
ENCSR798RTU,caudate nucleus | Histone ChIP-seq | H3K27ac,-0.00390625,BigWig,0.84765625,0.84375,0.00390625,2929
ENCSR303OIB,caudate nucleus | Histone ChIP-seq | H3K4me1,-0.00390625,BigWig,0.78125,0.77734375,0.00390625,2930
ENCSR672FMZ,caudate nucleus | Histone ChIP-seq | H3K9ac,-0.00390625,BigWig,0.80859375,0.8046875,0.00390625,2931
ENCSR109NBJ,caudate nucleus | Histone ChIP-seq | H3K9me3,0.00390625,BigWig,0.671875,0.67578125,0.00390625,2932
ENCSR767WVZ,chorion | Histone ChIP-seq | H3K4me1,0.00390625,BigWig,0.85546875,0.859375,0.00390625,2933
ENCSR787CAJ,chorion | Histone ChIP-seq | H3K4me3,-0.00390625,BigWig,0.703125,0.69921875,0.00390625,2934
ENCSR949HMJ,chorionic villus | Histone ChIP-seq | H3K27me3,0.00390625,BigWig,0.84375,0.84765625,0.00390625,2935
ENCSR389OFJ,chorionic villus | Histone ChIP-seq | H3K4me1,0.00390625,BigWig,0.85546875,0.859375,0.00390625,2936
ENCSR397FAN,chorionic villus | Histone ChIP-seq | H3K4me1,0.00390625,BigWig,0.890625,0.89453125,0.00390625,2937
ENCSR473ZFG,chorionic villus | Histone ChIP-seq | H3K4me1,0.00390625,BigWig,0.84765625,0.8515625,0.00390625,2938
ENCSR320MYR,chorionic villus | Histone ChIP-seq | H3K4me3,-0.00390625,BigWig,0.6875,0.68359375,0.00390625,2939
ENCSR660RYC,chorionic villus | Histone ChIP-seq | H3K9me3,0.00390625,BigWig,0.7421875,0.74609375,0.00390625,2940
ENCSR604JDV,cingulate gyrus | Histone ChIP-seq | H3K27ac,0.00390625,BigWig,0.8515625,0.85546875,0.00390625,2941
ENCSR736SFP,cingulate gyrus | Histone ChIP-seq | H3K36me3,-0.00390625,BigWig,0.95703125,0.953125,0.00390625,2942
ENCSR443NEP,cingulate gyrus | Histone ChIP-seq | H3K4me1,0.00390625,BigWig,0.77734375,0.78125,0.00390625,2943
ENCSR693GVU,cingulate gyrus | Histone ChIP-seq | H3K4me3,0.00390625,BigWig,0.765625,0.76953125,0.00390625,2944
ENCSR327XTS,colonic mucosa | Histone ChIP-seq | H3K27ac,-0.00390625,BigWig,0.73046875,0.7265625,0.00390625,2945
ENCSR142BBV,colonic mucosa | Histone ChIP-seq | H3K36me3,-0.00390625,BigWig,0.9765625,0.97265625,0.00390625,2946
ENCSR060HPL,coronary artery | DNase-seq,-0.00390625,BigWig,0.9765625,0.97265625,0.00390625,2947
ENCSR311RML,dorsolateral prefrontal cortex | Histone ChIP-seq | H3K,-0.00390625,BigWig,0.8046875,0.80078125,0.00390625,2948
ENCSR645NLL,duodenal mucosa | Histone ChIP-seq | H3K27me3,-0.00390625,BigWig,0.84375,0.83984375,0.00390625,2949
ENCSR176WAS,duodenal mucosa | Histone ChIP-seq | H3K36me3,0.00390625,BigWig,0.890625,0.89453125,0.00390625,2950
ENCSR492PXH,endocrine pancreas | Histone ChIP-seq | H3K27ac,0.00390625,BigWig,0.625,0.62890625,0.00390625,2951
ENCSR581UGC,endocrine pancreas | Histone ChIP-seq | H3K27me3,0.00390625,BigWig,0.78125,0.78515625,0.00390625,2952
ENCSR111RZN,endocrine pancreas | Histone ChIP-seq | H3K9me3,-0.00390625,BigWig,0.6328125,0.62890625,0.00390625,2953
ENCSR641RQV,esophagus | Histone ChIP-seq | H3K27me3,-0.00390625,BigWig,0.76953125,0.765625,0.00390625,2954
ENCSR177CGN,esophagus muscularis mucosa | Histone ChIP-seq | H3K27m,-0.00390625,BigWig,0.7578125,0.75390625,0.00390625,2955
ENCSR743KZR,esophagus muscularis mucosa | Histone ChIP-seq | H3K36m,-0.00390625,BigWig,0.921875,0.91796875,0.00390625,2956
ENCSR229KWP,esophagus muscularis mucosa | Histone ChIP-seq | H3K4me,-0.00390625,BigWig,0.71484375,0.7109375,0.00390625,2957
ENCSR578MTT,esophagus muscularis mucosa | Histone ChIP-seq | H3K9me,-0.00390625,BigWig,0.73828125,0.734375,0.00390625,2958
ENCSR057BFO,esophagus squamous epithelium | Histone ChIP-seq | H3K2,0.00390625,BigWig,0.7109375,0.71484375,0.00390625,2959
ENCSR057YVO,esophagus squamous epithelium | Histone ChIP-seq | H3K9,-0.00390625,BigWig,0.71484375,0.7109375,0.00390625,2960
ENCSR201OSX,gastrocnemius medialis | Histone ChIP-seq | H3K27me3,0.00390625,BigWig,0.66015625,0.6640625,0.00390625,2961
ENCSR697RIW,gastrocnemius medialis | Histone ChIP-seq | H3K9me3,0.00390625,BigWig,0.62109375,0.625,0.00390625,2962
ENCSR899TDF,gastrocnemius medialis | Histone ChIP-seq | H3K9me3,0.00390625,BigWig,0.6640625,0.66796875,0.00390625,2963
ENCSR922OXX,gastrocnemius medialis | Histone ChIP-seq | H3K9me3,-0.00390625,BigWig,0.69921875,0.6953125,0.00390625,2964
ENCSR872WVR,gastroesophageal sphincter | Histone ChIP-seq | H3K4me1,0.00390625,BigWig,0.71484375,0.71875,0.00390625,2965
ENCSR025CGR,gastroesophageal sphincter | Histone ChIP-seq | H3K9me3,0.00390625,BigWig,0.73046875,0.734375,0.00390625,2966
ENCSR717BNA,germinal matrix | Histone ChIP-seq | H3K36me3,0.00390625,BigWig,0.94140625,0.9453125,0.00390625,2967
ENCSR359JHU,germinal matrix | Histone ChIP-seq | H3K9me3,-0.00390625,BigWig,0.65625,0.65234375,0.00390625,2968
ENCSR536NGW,heart | DNase-seq,0.00390625,BigWig,0.80859375,0.8125,0.00390625,2969
ENCSR705CNJ,heart | DNase-seq,-0.00390625,BigWig,0.75,0.74609375,0.00390625,2970
ENCSR501FWC,heart left ventricle | DNase-seq,0.00390625,BigWig,0.73046875,0.734375,0.00390625,2971
ENCSR946DXB,heart left ventricle | DNase-seq,0.00390625,BigWig,0.66796875,0.671875,0.00390625,2972
ENCSR109RDK,heart left ventricle | Histone ChIP-seq | H3K27me3,0.00390625,BigWig,0.68359375,0.6875,0.00390625,2973
ENCSR434MDA,heart left ventricle | Histone ChIP-seq | H3K36me3,0.00390625,BigWig,0.9375,0.94140625,0.00390625,2974
ENCSR746RDJ,heart right ventricle | DNase-seq,-0.00390625,BigWig,0.71875,0.71484375,0.00390625,2975
ENCSR028NXO,heart right ventricle | Histone ChIP-seq | H3K27ac,0.00390625,BigWig,0.75390625,0.7578125,0.00390625,2976
ENCSR676LPF,heart right ventricle | Histone ChIP-seq | H3K27me3,0.00390625,BigWig,0.69140625,0.6953125,0.00390625,2977
ENCSR142OBQ,heart right ventricle | Histone ChIP-seq | H3K36me3,-0.00390625,BigWig,0.98828125,0.984375,0.00390625,2978
ENCSR616VTK,heart right ventricle | Histone ChIP-seq | H3K36me3,0.00390625,BigWig,0.828125,0.83203125,0.00390625,2979
ENCSR262QJC,kidney | DNase-seq,-0.00390625,BigWig,0.69140625,0.6875,0.00390625,2980
ENCSR645GJD,kidney | DNase-seq,0.00390625,BigWig,0.671875,0.67578125,0.00390625,2981
ENCSR873ANE,kidney | DNase-seq,0.00390625,BigWig,0.859375,0.86328125,0.00390625,2982
ENCSR953JVX,kidney | DNase-seq,0.00390625,BigWig,0.70703125,0.7109375,0.00390625,2983
ENCSR230BWN,kidney | Histone ChIP-seq | H3K27ac,-0.00390625,BigWig,0.71484375,0.7109375,0.00390625,2984
ENCSR438SPO,kidney | Histone ChIP-seq | H3K27ac,-0.00390625,BigWig,0.765625,0.76171875,0.00390625,2985
ENCSR146TGM,kidney | Histone ChIP-seq | H3K9ac,-0.00390625,BigWig,0.77734375,0.7734375,0.00390625,2986
ENCSR378HAM,kidney | Histone ChIP-seq | H3K9me3,-0.00390625,BigWig,0.7109375,0.70703125,0.00390625,2987
ENCSR133SPH,large intestine | DNase-seq,-0.00390625,BigWig,0.71875,0.71484375,0.00390625,2988
ENCSR796SJV,large intestine | DNase-seq,-0.00390625,BigWig,0.7578125,0.75390625,0.00390625,2989
ENCSR857AEB,large intestine | DNase-seq,0.00390625,BigWig,0.69140625,0.6953125,0.00390625,2990
ENCSR874CAK,large intestine | DNase-seq,0.00390625,BigWig,0.74609375,0.75,0.00390625,2991
ENCSR157FDN,large intestine | Histone ChIP-seq | H3K27me3,0.00390625,BigWig,0.796875,0.80078125,0.00390625,2992
ENCSR530LYV,large intestine | Histone ChIP-seq | H3K36me3,0.00390625,BigWig,0.9453125,0.94921875,0.00390625,2993
ENCSR713HJS,layer of hippocampus | Histone ChIP-seq | H3K27me3,0.00390625,BigWig,0.83203125,0.8359375,0.00390625,2994
ENCSR691IZA,layer of hippocampus | Histone ChIP-seq | H3K36me3,-0.00390625,BigWig,0.96875,0.96484375,0.00390625,2995
ENCSR892RZN,layer of hippocampus | Histone ChIP-seq | H3K9ac,0.00390625,BigWig,0.86328125,0.8671875,0.00390625,2996
ENCSR085KRD,layer of hippocampus | Histone ChIP-seq | H3K9me3,-0.00390625,BigWig,0.68359375,0.6796875,0.00390625,2997
ENCSR431FZZ,layer of hippocampus | Histone ChIP-seq | H3K9me3,0.00390625,BigWig,0.77734375,0.78125,0.00390625,2998
ENCSR976XOY,left forelimb | DNase-seq,-0.00390625,BigWig,0.96875,0.96484375,0.00390625,2999
ENCSR422PVL,left kidney | DNase-seq,-0.00390625,BigWig,0.66015625,0.65625,0.00390625,3000
ENCSR543YPH,left kidney | DNase-seq,0.00390625,BigWig,0.6640625,0.66796875,0.00390625,3001
ENCSR974TXT,left kidney | DNase-seq,0.00390625,BigWig,0.64453125,0.6484375,0.00390625,3002
ENCSR441OGH,left lung | DNase-seq,0.00390625,BigWig,0.57421875,0.578125,0.00390625,3003
ENCSR803VCR,left lung | DNase-seq,-0.00390625,BigWig,0.6171875,0.61328125,0.00390625,3004
ENCSR960EJV,left lung | DNase-seq,-0.00390625,BigWig,0.66015625,0.65625,0.00390625,3005
ENCSR318JAA,left renal pelvis | DNase-seq,0.00390625,BigWig,0.6875,0.69140625,0.00390625,3006
ENCSR320SVK,left renal pelvis | DNase-seq,0.00390625,BigWig,0.7265625,0.73046875,0.00390625,3007
ENCSR678LND,liver | Histone ChIP-seq | H3K27ac,0.00390625,BigWig,0.68359375,0.6875,0.00390625,3008
ENCSR520BUX,liver | Histone ChIP-seq | H3K4me3,-0.00390625,BigWig,0.60546875,0.6015625,0.00390625,3009
ENCSR682MXX,liver | Histone ChIP-seq | H3K9ac,0.00390625,BigWig,0.73046875,0.734375,0.00390625,3010
ENCSR563YGF,liver | Histone ChIP-seq | H3K9me3,-0.00390625,BigWig,0.69921875,0.6953125,0.00390625,3011
ENCSR864IGD,lower leg skin | DNase-seq,-0.00390625,BigWig,0.97265625,0.96875,0.00390625,3012
ENCSR141IUS,lung | DNase-seq,-0.00390625,BigWig,0.82421875,0.8203125,0.00390625,3013
ENCSR111KKC,lung | Histone ChIP-seq | H3K27me3,0.00390625,BigWig,0.7109375,0.71484375,0.00390625,3014
ENCSR727VOB,lung | Histone ChIP-seq | H3K27me3,0.00390625,BigWig,0.7109375,0.71484375,0.00390625,3015
ENCSR671NXL,lung | Histone ChIP-seq | H3K36me3,-0.00390625,BigWig,0.99609375,0.9921875,0.00390625,3016
ENCSR575SWA,lung | Histone ChIP-seq | H3K4me1,-0.00390625,BigWig,0.640625,0.63671875,0.00390625,3017
ENCSR617SRM,lung | Histone ChIP-seq | H3K4me1,0.00390625,BigWig,0.61328125,0.6171875,0.00390625,3018
ENCSR953XVZ,lung | Histone ChIP-seq | H3K4me1,0.00390625,BigWig,0.56640625,0.5703125,0.00390625,3019
ENCSR413WJD,lung | Histone ChIP-seq | H3K4me3,0.00390625,BigWig,0.57421875,0.578125,0.00390625,3020
ENCSR466DZW,lung | Histone ChIP-seq | H3K4me3,-0.00390625,BigWig,0.9140625,0.91015625,0.00390625,3021
ENCSR456TZO,lung | Histone ChIP-seq | H3K9me3,0.00390625,BigWig,0.56640625,0.5703125,0.00390625,3022
ENCSR224IYD,medulla oblongata | DNase-seq,0.00390625,BigWig,0.74609375,0.75,0.00390625,3023
ENCSR305ISQ,mucosa of rectum | Histone ChIP-seq | H3K27ac,-0.00390625,BigWig,0.6953125,0.69140625,0.00390625,3024
ENCSR336RLL,mucosa of rectum | Histone ChIP-seq | H3K27me3,-0.00390625,BigWig,0.796875,0.79296875,0.00390625,3025
ENCSR731JZN,mucosa of rectum | Histone ChIP-seq | H3K27me3,0.00390625,BigWig,0.83203125,0.8359375,0.00390625,3026
ENCSR055MOQ,mucosa of rectum | Histone ChIP-seq | H3K36me3,0.00390625,BigWig,0.88671875,0.890625,0.00390625,3027
ENCSR830HUE,mucosa of rectum | Histone ChIP-seq | H3K9me3,-0.00390625,BigWig,0.671875,0.66796875,0.00390625,3028
ENCSR770GNM,mucosa of stomach | Histone ChIP-seq | H3K27me3,-0.00390625,BigWig,0.84375,0.83984375,0.00390625,3029
ENCSR858LJY,muscle layer of colon | Histone ChIP-seq | H3K27me3,0.00390625,BigWig,0.81640625,0.8203125,0.00390625,3030
ENCSR694RCH,muscle layer of duodenum | Histone ChIP-seq | H3K27ac,-0.00390625,BigWig,0.6875,0.68359375,0.00390625,3031
ENCSR287UQG,muscle layer of duodenum | Histone ChIP-seq | H3K36me3,-0.00390625,BigWig,0.96875,0.96484375,0.00390625,3032
ENCSR075PTL,muscle layer of duodenum | Histone ChIP-seq | H3K4me3,-0.00390625,BigWig,0.59765625,0.59375,0.00390625,3033
ENCSR057XPL,muscle layer of duodenum | Histone ChIP-seq | H3K9me3,-0.00390625,BigWig,0.703125,0.69921875,0.00390625,3034
ENCSR062DXC,muscle of arm | DNase-seq,0.00390625,BigWig,0.69921875,0.703125,0.00390625,3035
ENCSR649PJN,muscle of arm | DNase-seq,-0.00390625,BigWig,0.63671875,0.6328125,0.00390625,3036
ENCSR868XPR,muscle of arm | DNase-seq,0.00390625,BigWig,0.6328125,0.63671875,0.00390625,3037
ENCSR295ELC,muscle of back | DNase-seq,-0.00390625,BigWig,0.6953125,0.69140625,0.00390625,3038
ENCSR059LXL,muscle of leg | DNase-seq,0.00390625,BigWig,0.6875,0.69140625,0.00390625,3039
ENCSR167XSQ,muscle of leg | DNase-seq,-0.00390625,BigWig,0.6875,0.68359375,0.00390625,3040
ENCSR294QCR,muscle of leg | DNase-seq,0.00390625,BigWig,0.66796875,0.671875,0.00390625,3041
ENCSR297ORG,muscle of leg | DNase-seq,0.00390625,BigWig,0.66015625,0.6640625,0.00390625,3042
ENCSR686PTV,muscle of trunk | Histone ChIP-seq | H3K27me3,0.00390625,BigWig,0.98046875,0.984375,0.00390625,3043
ENCSR193XWO,muscle of trunk | Histone ChIP-seq | H3K36me3,-0.00390625,BigWig,0.94921875,0.9453125,0.00390625,3044
ENCSR514DNQ,muscle of trunk | Histone ChIP-seq | H3K4me1,-0.00390625,BigWig,0.9453125,0.94140625,0.00390625,3045
ENCSR714SGY,muscle of trunk | Histone ChIP-seq | H3K4me3,-0.00390625,BigWig,0.81640625,0.8125,0.00390625,3046
ENCSR154OUQ,omental fat pad | DNase-seq,-0.00390625,BigWig,0.9609375,0.95703125,0.00390625,3047
ENCSR428XAX,ovary | DNase-seq,0.00390625,BigWig,0.80859375,0.8125,0.00390625,3048
ENCSR315LPR,pancreas | Histone ChIP-seq | H3K4me3,-0.00390625,BigWig,0.6328125,0.62890625,0.00390625,3049
ENCSR335LTZ,parathyroid adenoma | Histone ChIP-seq | H3K9ac,0.00390625,BigWig,0.71484375,0.71875,0.00390625,3050
ENCSR492DBQ,parathyroid adenoma | Histone ChIP-seq | H3K9ac,-0.00390625,BigWig,0.7578125,0.75390625,0.00390625,3051
ENCSR688SJY,parathyroid adenoma | Histone ChIP-seq | H3K9me3,-0.00390625,BigWig,0.65625,0.65234375,0.00390625,3052
ENCSR035QHH,placenta | DNase-seq,0.00390625,BigWig,0.82421875,0.828125,0.00390625,3053
ENCSR129TSG,placenta | DNase-seq,0.00390625,BigWig,0.84375,0.84765625,0.00390625,3054
ENCSR552RKI,placenta | DNase-seq,-0.00390625,BigWig,0.94140625,0.9375,0.00390625,3055
ENCSR552XJI,placenta | DNase-seq,-0.00390625,BigWig,0.953125,0.94921875,0.00390625,3056
ENCSR575VMI,placenta | DNase-seq,0.00390625,BigWig,0.75390625,0.7578125,0.00390625,3057
ENCSR989YIV,placenta | DNase-seq,0.00390625,BigWig,0.81640625,0.8203125,0.00390625,3058
ENCSR599EKW,placenta | Histone ChIP-seq | H3K9me3,0.00390625,BigWig,0.84375,0.84765625,0.00390625,3059
ENCSR526RGE,placental basal plate | Histone ChIP-seq | H3K27ac,-0.00390625,BigWig,0.91015625,0.90625,0.00390625,3060
ENCSR481QER,placental basal plate | Histone ChIP-seq | H3K4me1,0.00390625,BigWig,0.87109375,0.875,0.00390625,3061
ENCSR829MXU,pons | DNase-seq,0.00390625,BigWig,0.71484375,0.71875,0.00390625,3062
ENCSR133QBG,prostate gland | Histone ChIP-seq | H3K9me3,0.00390625,BigWig,0.7265625,0.73046875,0.00390625,3063
ENCSR277PDE,psoas muscle | Histone ChIP-seq | H3K36me3,0.00390625,BigWig,0.79296875,0.796875,0.00390625,3064
ENCSR394DRL,psoas muscle | Histone ChIP-seq | H3K9me3,0.00390625,BigWig,0.58203125,0.5859375,0.00390625,3065
ENCSR656ZEQ,rectal smooth muscle tissue | Histone ChIP-seq | H3K27a,-0.00390625,BigWig,0.65234375,0.6484375,0.00390625,3066
ENCSR022ECC,renal cortex interstitium | DNase-seq,0.00390625,BigWig,0.64453125,0.6484375,0.00390625,3067
ENCSR550UWM,renal cortex interstitium | DNase-seq,-0.00390625,BigWig,0.65234375,0.6484375,0.00390625,3068
ENCSR828RNY,renal cortex interstitium | DNase-seq,0.00390625,BigWig,0.640625,0.64453125,0.00390625,3069
ENCSR851ZFT,renal cortex interstitium | DNase-seq,-0.00390625,BigWig,0.62109375,0.6171875,0.00390625,3070
ENCSR932DHT,renal cortex interstitium | DNase-seq,-0.00390625,BigWig,0.65625,0.65234375,0.00390625,3071
ENCSR301RCD,renal pelvis | DNase-seq,0.00390625,BigWig,0.703125,0.70703125,0.00390625,3072
ENCSR606UAR,renal pelvis | DNase-seq,0.00390625,BigWig,0.67578125,0.6796875,0.00390625,3073
ENCSR619DRM,renal pelvis | DNase-seq,0.00390625,BigWig,0.828125,0.83203125,0.00390625,3074
ENCSR474GZQ,retina | DNase-seq,0.00390625,BigWig,0.6796875,0.68359375,0.00390625,3075
ENCSR548LZS,right cardiac atrium | Histone ChIP-seq | H3K4me3,0.00390625,BigWig,0.578125,0.58203125,0.00390625,3076
ENCSR274SDO,right forelimb | DNase-seq,0.00390625,BigWig,0.91015625,0.9140625,0.00390625,3077
ENCSR017TFH,right kidney | DNase-seq,-0.00390625,BigWig,0.6328125,0.62890625,0.00390625,3078
ENCSR332BSB,right kidney | DNase-seq,0.00390625,BigWig,0.63671875,0.640625,0.00390625,3079
ENCSR414ZUA,right kidney | DNase-seq,-0.00390625,BigWig,0.6640625,0.66015625,0.00390625,3080
ENCSR765BSU,right kidney | DNase-seq,0.00390625,BigWig,0.6796875,0.68359375,0.00390625,3081
ENCSR871APX,right kidney | DNase-seq,0.00390625,BigWig,0.71484375,0.71875,0.00390625,3082
ENCSR884MCZ,right kidney | DNase-seq,0.00390625,BigWig,0.65625,0.66015625,0.00390625,3083
ENCSR990XXC,right kidney | DNase-seq,-0.00390625,BigWig,0.65234375,0.6484375,0.00390625,3084
ENCSR489DUV,right lobe of liver | Histone ChIP-seq | H3K4me1,0.00390625,BigWig,0.703125,0.70703125,0.00390625,3085
ENCSR614JFD,right lobe of liver | Histone ChIP-seq | H3K9me3,0.00390625,BigWig,0.69140625,0.6953125,0.00390625,3086
ENCSR263IGU,right lung | DNase-seq,0.00390625,BigWig,0.59765625,0.6015625,0.00390625,3087
ENCSR299INS,right lung | DNase-seq,-0.00390625,BigWig,0.65625,0.65234375,0.00390625,3088
ENCSR445XYW,right lung | DNase-seq,0.00390625,BigWig,0.6640625,0.66796875,0.00390625,3089
ENCSR964VVW,right lung | DNase-seq,-0.00390625,BigWig,0.6328125,0.62890625,0.00390625,3090
ENCSR540PVZ,right renal pelvis | DNase-seq,-0.00390625,BigWig,0.7109375,0.70703125,0.00390625,3091
ENCSR391YAV,sigmoid colon | DNase-seq,-0.00390625,BigWig,0.94921875,0.9453125,0.00390625,3092
ENCSR462XTM,sigmoid colon | DNase-seq,-0.00390625,BigWig,0.97265625,0.96875,0.00390625,3093
ENCSR213SMK,sigmoid colon | Histone ChIP-seq | H3K27ac,-0.00390625,BigWig,0.8125,0.80859375,0.00390625,3094
ENCSR042RIW,sigmoid colon | Histone ChIP-seq | H3K27me3,0.00390625,BigWig,0.89453125,0.8984375,0.00390625,3095
ENCSR445RFF,sigmoid colon | Histone ChIP-seq | H3K36me3,0.00390625,BigWig,0.9375,0.94140625,0.00390625,3096
ENCSR751JOQ,sigmoid colon | Histone ChIP-seq | H3K36me3,0.00390625,BigWig,0.87890625,0.8828125,0.00390625,3097
ENCSR504SKC,sigmoid colon | Histone ChIP-seq | H3K4me1,-0.00390625,BigWig,0.7109375,0.70703125,0.00390625,3098
ENCSR329DTQ,skeletal muscle tissue | Histone ChIP-seq | H3K27me3,-0.00390625,BigWig,0.85546875,0.8515625,0.00390625,3099
ENCSR344VNY,skeletal muscle tissue | Histone ChIP-seq | H3K27me3,-0.00390625,BigWig,0.89453125,0.890625,0.00390625,3100
ENCSR238LEG,skeletal muscle tissue | Histone ChIP-seq | H3K4me3,-0.00390625,BigWig,0.6796875,0.67578125,0.00390625,3101
ENCSR346KKE,skeletal muscle tissue | Histone ChIP-seq | H3K4me3,-0.00390625,BigWig,0.78125,0.77734375,0.00390625,3102
ENCSR591FTM,skeletal muscle tissue | Histone ChIP-seq | H3K9me3,0.00390625,BigWig,0.80859375,0.8125,0.00390625,3103
ENCSR116WWW,small intestine | DNase-seq,0.00390625,BigWig,0.7578125,0.76171875,0.00390625,3104
ENCSR133KBX,small intestine | DNase-seq,-0.00390625,BigWig,0.703125,0.69921875,0.00390625,3105
ENCSR188JLO,small intestine | DNase-seq,0.00390625,BigWig,0.69140625,0.6953125,0.00390625,3106
ENCSR945RWN,small intestine | DNase-seq,-0.00390625,BigWig,0.6953125,0.69140625,0.00390625,3107
ENCSR454VRA,small intestine | Histone ChIP-seq | H3K27ac,-0.00390625,BigWig,0.71875,0.71484375,0.00390625,3108
ENCSR543CPW,small intestine | Histone ChIP-seq | H3K27ac,0.00390625,BigWig,0.91015625,0.9140625,0.00390625,3109
ENCSR892XFG,small intestine | Histone ChIP-seq | H3K27ac,-0.00390625,BigWig,0.5859375,0.58203125,0.00390625,3110
ENCSR340OPI,small intestine | Histone ChIP-seq | H3K27me3,-0.00390625,BigWig,0.84765625,0.84375,0.00390625,3111
ENCSR958DEW,small intestine | Histone ChIP-seq | H3K36me3,0.00390625,BigWig,0.87109375,0.875,0.00390625,3112
ENCSR417RFS,small intestine | Histone ChIP-seq | H3K9me3,0.00390625,BigWig,0.6953125,0.69921875,0.00390625,3113
ENCSR678PDD,spinal cord | DNase-seq,-0.00390625,BigWig,0.74609375,0.7421875,0.00390625,3114
ENCSR235ZBF,spleen | Histone ChIP-seq | H3K27ac,-0.00390625,BigWig,0.703125,0.69921875,0.00390625,3115
ENCSR119HXE,stomach | DNase-seq,-0.00390625,BigWig,0.703125,0.69921875,0.00390625,3116
ENCSR608AHQ,stomach | DNase-seq,-0.00390625,BigWig,0.79296875,0.7890625,0.00390625,3117
ENCSR627KFV,stomach | DNase-seq,0.00390625,BigWig,0.71484375,0.71875,0.00390625,3118
ENCSR641ZPF,stomach | DNase-seq,-0.00390625,BigWig,0.96484375,0.9609375,0.00390625,3119
ENCSR437QMD,stomach | Histone ChIP-seq | H3K27ac,0.00390625,BigWig,0.75,0.75390625,0.00390625,3120
ENCSR357ROS,stomach | Histone ChIP-seq | H3K27me3,-0.00390625,BigWig,0.7734375,0.76953125,0.00390625,3121
ENCSR269GMC,stomach | Histone ChIP-seq | H3K36me3,-0.00390625,BigWig,0.9921875,0.98828125,0.00390625,3122
ENCSR257BCD,stomach | Histone ChIP-seq | H3K4me1,-0.00390625,BigWig,0.90234375,0.8984375,0.00390625,3123
ENCSR903QBX,stomach | Histone ChIP-seq | H3K4me1,0.00390625,BigWig,0.71484375,0.71875,0.00390625,3124
ENCSR639RKZ,stomach | Histone ChIP-seq | H3K9me3,0.00390625,BigWig,0.890625,0.89453125,0.00390625,3125
ENCSR272GZG,stomach smooth muscle | Histone ChIP-seq | H3K36me3,0.00390625,BigWig,0.98046875,0.984375,0.00390625,3126
ENCSR240LEQ,subcutaneous abdominal adipose tissue | Histone ChIP-se,0.00390625,BigWig,0.5234375,0.52734375,0.00390625,3127
ENCSR559RGT,subcutaneous abdominal adipose tissue | Histone ChIP-se,-0.00390625,BigWig,0.99609375,0.9921875,0.00390625,3128
ENCSR989POD,subcutaneous abdominal adipose tissue | Histone ChIP-se,-0.00390625,BigWig,0.9921875,0.98828125,0.00390625,3129
ENCSR923IIU,subcutaneous abdominal adipose tissue | Histone ChIP-se,0.00390625,BigWig,0.703125,0.70703125,0.00390625,3130
ENCSR213APK,subcutaneous abdominal adipose tissue | Histone ChIP-se,-0.00390625,BigWig,0.65625,0.65234375,0.00390625,3131
ENCSR568CDB,subcutaneous abdominal adipose tissue | Histone ChIP-se,-0.00390625,BigWig,0.6640625,0.66015625,0.00390625,3132
ENCSR726WVB,substantia nigra | Histone ChIP-seq | H3K27ac,0.00390625,BigWig,0.8828125,0.88671875,0.00390625,3133
ENCSR374OSU,substantia nigra | Histone ChIP-seq | H3K27me3,0.00390625,BigWig,0.78515625,0.7890625,0.00390625,3134
ENCSR568EZU,substantia nigra | Histone ChIP-seq | H3K9me3,0.00390625,BigWig,0.69140625,0.6953125,0.00390625,3135
ENCSR014TDK,temporal lobe | Histone ChIP-seq | H3K27ac,0.00390625,BigWig,0.88671875,0.890625,0.00390625,3136
ENCSR608XIG,temporal lobe | Histone ChIP-seq | H3K27ac,-0.00390625,BigWig,0.84765625,0.84375,0.00390625,3137
ENCSR358KID,temporal lobe | Histone ChIP-seq | H3K27me3,0.00390625,BigWig,0.76953125,0.7734375,0.00390625,3138
ENCSR569AGQ,temporal lobe | Histone ChIP-seq | H3K27me3,0.00390625,BigWig,0.80859375,0.8125,0.00390625,3139
ENCSR781OGI,temporal lobe | Histone ChIP-seq | H3K36me3,-0.00390625,BigWig,0.97265625,0.96875,0.00390625,3140
ENCSR901SCD,temporal lobe | Histone ChIP-seq | H3K4me1,-0.00390625,BigWig,0.796875,0.79296875,0.00390625,3141
ENCSR477BHF,temporal lobe | Histone ChIP-seq | H3K4me3,-0.00390625,BigWig,0.73046875,0.7265625,0.00390625,3142
ENCSR377MFD,temporal lobe | Histone ChIP-seq | H3K9me3,-0.00390625,BigWig,0.6875,0.68359375,0.00390625,3143
ENCSR278FHC,testis | DNase-seq,-0.00390625,BigWig,0.68359375,0.6796875,0.00390625,3144
ENCSR729DRB,testis | DNase-seq,-0.00390625,BigWig,0.7265625,0.72265625,0.00390625,3145
ENCSR015GFK,thoracic aorta | Histone ChIP-seq | H3K27ac,-0.00390625,BigWig,0.71484375,0.7109375,0.00390625,3146
ENCSR939RLS,thoracic aorta | Histone ChIP-seq | H3K27me3,-0.00390625,BigWig,0.71484375,0.7109375,0.00390625,3147
ENCSR988DFT,thoracic aorta | Histone ChIP-seq | H3K36me3,-0.00390625,BigWig,0.8125,0.80859375,0.00390625,3148
ENCSR930HLX,thoracic aorta | Histone ChIP-seq | H3K4me3,-0.00390625,BigWig,0.6484375,0.64453125,0.00390625,3149
ENCSR342NCX,thymus | DNase-seq,0.00390625,BigWig,0.703125,0.70703125,0.00390625,3150
ENCSR541UPY,thymus | DNase-seq,0.00390625,BigWig,0.78125,0.78515625,0.00390625,3151
ENCSR544KDB,thymus | DNase-seq,-0.00390625,BigWig,0.7734375,0.76953125,0.00390625,3152
ENCSR777USE,thymus | DNase-seq,-0.00390625,BigWig,0.671875,0.66796875,0.00390625,3153
ENCSR888UPQ,thymus | DNase-seq,-0.00390625,BigWig,0.6953125,0.69140625,0.00390625,3154
ENCSR952EID,thymus | Histone ChIP-seq | H3K27me3,-0.00390625,BigWig,0.81640625,0.8125,0.00390625,3155
ENCSR696TPW,thyroid gland | DNase-seq,-0.00390625,BigWig,0.95703125,0.953125,0.00390625,3156
ENCSR203KCB,thyroid gland | Histone ChIP-seq | H3K27ac,-0.00390625,BigWig,0.6796875,0.67578125,0.00390625,3157
ENCSR597BWL,thyroid gland | Histone ChIP-seq | H3K27ac,0.00390625,BigWig,0.73046875,0.734375,0.00390625,3158
ENCSR855XNQ,thyroid gland | Histone ChIP-seq | H3K36me3,-0.00390625,BigWig,0.84375,0.83984375,0.00390625,3159
ENCSR906YES,thyroid gland | Histone ChIP-seq | H3K4me1,0.00390625,BigWig,0.703125,0.70703125,0.00390625,3160
ENCSR761WVQ,thyroid gland | Histone ChIP-seq | H3K4me3,-0.00390625,BigWig,0.71484375,0.7109375,0.00390625,3161
ENCSR699FHH,thyroid gland | Histone ChIP-seq | H3K9me3,-0.00390625,BigWig,0.65625,0.65234375,0.00390625,3162
ENCSR080ISA,tibial artery | DNase-seq,-0.00390625,BigWig,0.9765625,0.97265625,0.00390625,3163
ENCSR332MRT,tibial artery | DNase-seq,-0.00390625,BigWig,0.95703125,0.953125,0.00390625,3164
ENCSR233LCT,tibial artery | Histone ChIP-seq | H3K4me1,0.00390625,BigWig,0.73828125,0.7421875,0.00390625,3165
ENCSR401ESD,tibial nerve | DNase-seq,-0.00390625,BigWig,0.98046875,0.9765625,0.00390625,3166
ENCSR157ZVP,tibial nerve | Histone ChIP-seq | H3K36me3,-0.00390625,BigWig,0.80859375,0.8046875,0.00390625,3167
ENCSR850RVA,tibial nerve | Histone ChIP-seq | H3K4me1,-0.00390625,BigWig,0.6875,0.68359375,0.00390625,3168
ENCSR314SPW,tibial nerve | Histone ChIP-seq | H3K4me3,-0.00390625,BigWig,0.68359375,0.6796875,0.00390625,3169
ENCSR069EGE,transverse colon | Histone ChIP-seq | H3K27ac,-0.00390625,BigWig,0.62890625,0.625,0.00390625,3170
ENCSR640XRV,transverse colon | Histone ChIP-seq | H3K27ac,-0.00390625,BigWig,0.65234375,0.6484375,0.00390625,3171
ENCSR643KID,transverse colon | Histone ChIP-seq | H3K27me3,0.00390625,BigWig,0.71875,0.72265625,0.00390625,3172
ENCSR840VWD,transverse colon | Histone ChIP-seq | H3K27me3,-0.00390625,BigWig,0.734375,0.73046875,0.00390625,3173
ENCSR791LZY,transverse colon | Histone ChIP-seq | H3K4me1,0.00390625,BigWig,0.66796875,0.671875,0.00390625,3174
ENCSR933BVL,transverse colon | Histone ChIP-seq | H3K4me3,0.00390625,BigWig,0.70703125,0.7109375,0.00390625,3175
ENCSR738SXD,upper lobe of left lung | Histone ChIP-seq | H3K27ac,0.00390625,BigWig,0.640625,0.64453125,0.00390625,3176
ENCSR208WDY,upper lobe of left lung | Histone ChIP-seq | H3K4me3,-0.00390625,BigWig,0.7421875,0.73828125,0.00390625,3177
ENCSR065IQH,urinary bladder | Histone ChIP-seq | H3K4me1,0.00390625,BigWig,0.703125,0.70703125,0.00390625,3178
CNhs12331_P,B lymphoblastoid cell line | CAGE,-0.00390625,BigWig,0.50390625,0.5,0.00390625,3179
CNhs11268_P,Burkitt's lymphoma cell line | CAGE,-0.00390625,BigWig,0.50390625,0.5,0.00390625,3180
CNhs11715_P,Hodgkin's lymphoma cell line | CAGE,-0.00390625,BigWig,0.50390625,0.5,0.00390625,3181
CNhs11822_P,Krukenberg tumor cell line | CAGE,-0.00390625,BigWig,0.50390625,0.5,0.00390625,3182
CNhs11728_P,Wilms' tumor cell line | CAGE,-0.00390625,BigWig,0.50390625,0.5,0.00390625,3183
CNhs11251_P,acute lymphoblastic leukemia (B-ALL) cell line | CAGE,-0.00390625,BigWig,0.50390625,0.5,0.00390625,3184
CNhs11282_P,acute lymphoblastic leukemia (B-ALL) cell line | CAGE,-0.00390625,BigWig,0.50390625,0.5,0.00390625,3185
CNhs10746_P,acute lymphoblastic leukemia (T-ALL) cell line | CAGE,-0.00390625,BigWig,0.50390625,0.5,0.00390625,3186
CNhs11253_P,acute lymphoblastic leukemia (T-ALL) cell line | CAGE,-0.00390625,BigWig,0.50390625,0.5,0.00390625,3187
CNhs13053_P,acute myeloid leukemia (FAB M0) cell line | CAGE,-0.00390625,BigWig,0.50390625,0.5,0.00390625,3188
CNhs13054_P,acute myeloid leukemia (FAB M1) cell line | CAGE,-0.00390625,BigWig,0.50390625,0.5,0.00390625,3189
CNhs13052_P,acute myeloid leukemia (FAB M2) cell line | CAGE,-0.00390625,BigWig,0.50390625,0.5,0.00390625,3190
CNhs13055_P,acute myeloid leukemia (FAB M3) cell line | CAGE,-0.00390625,BigWig,0.50390625,0.5,0.00390625,3191
CNhs13503_P,acute myeloid leukemia (FAB M4) cell line | CAGE,-0.00390625,BigWig,0.50390625,0.5,0.00390625,3192
CNhs13503_M,acute myeloid leukemia (FAB M4) cell line | CAGE,0.00390625,BigWig,0.51171875,0.515625,0.00390625,3193
CNhs13504_P,acute myeloid leukemia (FAB M4) cell line | CAGE,-0.00390625,BigWig,0.50390625,0.5,0.00390625,3194
CNhs13056_P,acute myeloid leukemia (FAB M4eo) cell line | CAGE,-0.00390625,BigWig,0.50390625,0.5,0.00390625,3195
CNhs13057_P,acute myeloid leukemia (FAB M4eo) cell line | CAGE,-0.00390625,BigWig,0.50390625,0.5,0.00390625,3196
CNhs13050_P,acute myeloid leukemia (FAB M5) cell line | CAGE,-0.00390625,BigWig,0.50390625,0.5,0.00390625,3197
CNhs13058_P,acute myeloid leukemia (FAB M5) cell line | CAGE,-0.00390625,BigWig,0.50390625,0.5,0.00390625,3198
CNhs13060_P,acute myeloid leukemia (FAB M6) cell line | CAGE,-0.00390625,BigWig,0.50390625,0.5,0.00390625,3199
CNhs11888_P,acute myeloid leukemia (FAB M7) cell line | CAGE,-0.00390625,BigWig,0.5078125,0.50390625,0.00390625,3200
CNhs13049_P,acute myeloid leukemia (FAB M7) cell line | CAGE,-0.00390625,BigWig,0.50390625,0.5,0.00390625,3201
CNhs11833_P,chondrosarcoma cell line | CAGE,-0.00390625,BigWig,0.50390625,0.5,0.00390625,3202
CNhs11714_P,chronic lymphocytic leukemia (T-CLL) cell line | CAGE,-0.00390625,BigWig,0.50390625,0.5,0.00390625,3203
CNhs10727_P,chronic myelogenous leukemia cell line | CAGE,-0.00390625,BigWig,0.50390625,0.5,0.00390625,3204
CNhs12334_P,chronic myelogenous leukemia cell line | CAGE,-0.00390625,BigWig,0.50390625,0.5,0.00390625,3205
CNhs10737_P,colon carcinoma cell line | CAGE,-0.00390625,BigWig,0.50390625,0.5,0.00390625,3206
CNhs11045_P,cord blood derived cell line | CAGE,-0.00390625,BigWig,0.5078125,0.50390625,0.00390625,3207
CNhs11741_P,diffuse large B-cell lymphoma cell line | CAGE,-0.00390625,BigWig,0.50390625,0.5,0.00390625,3208
CNhs11046_P,embryonic kidney cell line | CAGE,-0.00390625,BigWig,0.5078125,0.50390625,0.00390625,3209
CNhs11731_P,embryonic pancreas cell line | CAGE,-0.00390625,BigWig,0.50390625,0.5,0.00390625,3210
CNhs11733_P,embryonic pancreas cell line | CAGE,-0.00390625,BigWig,0.50390625,0.5,0.00390625,3211
CNhs11814_P,embryonic pancreas cell line | CAGE,-0.00390625,BigWig,0.50390625,0.5,0.00390625,3212
CNhs14239_P,epithelioid sarcoma cell line | CAGE,-0.00390625,BigWig,0.50390625,0.5,0.00390625,3213
CNhs10731_P,glioma cell line | CAGE,-0.00390625,BigWig,0.50390625,0.5,0.00390625,3214
CNhs11750_P,lens epithelial cell line | CAGE,-0.00390625,BigWig,0.50390625,0.5,0.00390625,3215
CNhs11870_P,liposarcoma cell line | CAGE,-0.00390625,BigWig,0.5078125,0.50390625,0.00390625,3216
CNhs12805_P,medulloblastoma cell line | CAGE,-0.00390625,BigWig,0.5078125,0.50390625,0.00390625,3217
CNhs12838_P,merkel cell carcinoma cell line | CAGE,-0.00390625,BigWig,0.5078125,0.50390625,0.00390625,3218
CNhs13063_P,mesothelioma cell line | CAGE,-0.00390625,BigWig,0.50390625,0.5,0.00390625,3219
CNhs13068_P,mesothelioma cell line | CAGE,-0.00390625,BigWig,0.5078125,0.50390625,0.00390625,3220
CNhs11729_P,myxofibrosarcoma cell line | CAGE,-0.00390625,BigWig,0.50390625,0.5,0.00390625,3221
CNhs11276_P,neuroblastoma cell line | CAGE,-0.00390625,BigWig,0.50390625,0.5,0.00390625,3222
CNhs11744_P,neuroectodermal tumor cell line | CAGE,-0.00390625,BigWig,0.50390625,0.5,0.00390625,3223
CNhs11853_P,neuroepithelioma cell line | CAGE,-0.00390625,BigWig,0.50390625,0.5,0.00390625,3224
CNhs10747_P,non T non B acute lymphoblastic leukemia (ALL) cell lin,-0.00390625,BigWig,0.50390625,0.5,0.00390625,3225
CNhs12193_P,non-small cell lung cancer cell line | CAGE,-0.00390625,BigWig,0.50390625,0.5,0.00390625,3226
CNhs12807_P,plasma cell leukemia cell line | CAGE,-0.00390625,BigWig,0.5078125,0.50390625,0.00390625,3227
CNhs11269_P,rhabdomyosarcoma cell line | CAGE,-0.00390625,BigWig,0.50390625,0.5,0.00390625,3228
CNhs11829_P,sacrococcigeal teratoma cell line | CAGE,-0.00390625,BigWig,0.50390625,0.5,0.00390625,3229
CNhs13099_P,serous adenocarcinoma cell line | CAGE,-0.00390625,BigWig,0.50390625,0.5,0.00390625,3230
CNhs12809_P,small cell lung carcinoma cell line | CAGE,-0.00390625,BigWig,0.50390625,0.5,0.00390625,3231
CNhs14240_P,squamous cell lung carcinoma cell line | CAGE,-0.00390625,BigWig,0.50390625,0.5,0.00390625,3232
CNhs12351_P,testicular germ cell embryonal carcinoma cell line | CA,-0.00390625,BigWig,0.50390625,0.5,0.00390625,3233
CNhs14139_P,thymic carcinoma cell line | CAGE,-0.00390625,BigWig,0.50390625,0.5,0.00390625,3234
CNhs11828_P,tridermal teratoma cell line | CAGE,-0.00390625,BigWig,0.50390625,0.5,0.00390625,3235
CNhs12546_P,Basophils | CAGE,-0.00390625,BigWig,0.50390625,0.5,0.00390625,3236
CNhs12552_P,"CD133+ stem cells - adult bone marrow derived, pool1 |",-0.00390625,BigWig,0.50390625,0.5,0.00390625,3237
CNhs12545_M,"CD133+ stem cells - cord blood derived, pool1 | CAGE",0.00390625,BigWig,0.5,0.50390625,0.00390625,3238
CNhs13473_P,CD14+ monocytes - treated with Candida | CAGE,-0.00390625,BigWig,0.50390625,0.5,0.00390625,3239
CNhs13469_P,CD14+ monocytes - treated with Group A streptococci | C,-0.00390625,BigWig,0.50390625,0.5,0.00390625,3240
CNhs12177_P,"CD19+ B Cells (pluriselect), donation1 | CAGE",-0.00390625,BigWig,0.50390625,0.5,0.00390625,3241
CNhs12181_P,"CD19+ B Cells (pluriselect), donation3 | CAGE",-0.00390625,BigWig,0.50390625,0.5,0.00390625,3242
CNhs12343_P,CD19+ B Cells | CAGE,-0.00390625,BigWig,0.50390625,0.5,0.00390625,3243
CNhs12205_P,CD34+ Progenitors | CAGE,-0.00390625,BigWig,0.50390625,0.5,0.00390625,3244
CNhs10853_P,CD4+ T Cells | CAGE,-0.00390625,BigWig,0.50390625,0.5,0.00390625,3245
CNhs13203_P,CD4+CD25+CD45RA+ naive regulatory T cells expanded | CA,-0.00390625,BigWig,0.5078125,0.50390625,0.00390625,3246
CNhs13204_P,CD4+CD25+CD45RA- memory regulatory T cells expanded | C,-0.00390625,BigWig,0.5078125,0.50390625,0.00390625,3247
CNhs13202_P,CD4+CD25-CD45RA+ naive conventional T cells expanded |,-0.00390625,BigWig,0.50390625,0.5,0.00390625,3248
CNhs12176_P,"CD8+ T Cells (pluriselect), donation1 | CAGE",-0.00390625,BigWig,0.50390625,0.5,0.00390625,3249
CNhs12178_P,"CD8+ T Cells (pluriselect), donation2 | CAGE",-0.00390625,BigWig,0.50390625,0.5,0.00390625,3250
CNhs10854_P,CD8+ T Cells | CAGE,-0.00390625,BigWig,0.50390625,0.5,0.00390625,3251
CNhs10848_P,"Fibroblast - Gingival,  (GFH2) | CAGE",-0.00390625,BigWig,0.50390625,0.5,0.00390625,3252
CNhs14128_P,"Fibroblast - Gingival,  (aggressive periodontitis) | CA",-0.00390625,BigWig,0.50390625,0.5,0.00390625,3253
CNhs14132_P,"Fibroblast - Gingival,  (chronic periodontitis) | CAGE",-0.00390625,BigWig,0.50390625,0.5,0.00390625,3254
CNhs14129_P,"Fibroblast - Gingival,  (control) | CAGE",-0.00390625,BigWig,0.50390625,0.5,0.00390625,3255
CNhs14135_P,"Fibroblast - Gingival,  (periodontitis) | CAGE",-0.00390625,BigWig,0.50390625,0.5,0.00390625,3256
CNhs11322_P,Fibroblast - Lymphatic | CAGE,-0.00390625,BigWig,0.50390625,0.5,0.00390625,3257
CNhs12493_P,"Fibroblast - Periodontal Ligament,  (PL29) | CAGE",-0.00390625,BigWig,0.50390625,0.5,0.00390625,3258
CNhs11353_P,Fibroblast - skin dystrophia myotonica | CAGE,-0.00390625,BigWig,0.5078125,0.50390625,0.00390625,3259
CNhs11074_P,Fibroblast - skin spinal muscular atrophy | CAGE,-0.00390625,BigWig,0.5078125,0.50390625,0.00390625,3260
CNhs11352_P,Fibroblast - skin walker warburg | CAGE,-0.00390625,BigWig,0.5078125,0.50390625,0.00390625,3261
CNhs12340_M,Hepatocyte | CAGE,0.00390625,BigWig,0.73828125,0.7421875,0.00390625,3262
CNhs10859_P,Natural Killer Cells | CAGE,-0.00390625,BigWig,0.50390625,0.5,0.00390625,3263
CNhs11063_P,Neural stem cells | CAGE,0.00390625,BigWig,0.515625,0.51953125,0.00390625,3264
CNhs10862_P,Neutrophils | CAGE,-0.00390625,BigWig,0.50390625,0.5,0.00390625,3265
CNhs10860_P,Peripheral Blood Mononuclear Cells | CAGE,-0.00390625,BigWig,0.50390625,0.5,0.00390625,3266
CNhs12065_M,Preadipocyte - perirenal | CAGE,0.00390625,BigWig,0.515625,0.51953125,0.00390625,3267
CNhs10851_P,Sertoli Cells | CAGE,-0.00390625,BigWig,0.50390625,0.5,0.00390625,3268
CNhs10839_P,Smooth Muscle Cells - Umbilical artery | CAGE,-0.00390625,BigWig,0.50390625,0.5,0.00390625,3269
CNhs13914_P,gamma delta positive T cells | CAGE,-0.00390625,BigWig,0.50390625,0.5,0.00390625,3270
CNhs12519_P,granulocyte macrophage progenitor | CAGE,-0.00390625,BigWig,0.50390625,0.5,0.00390625,3271
CNhs12520_P,promyelocytes/myelocytes PMC | CAGE,-0.00390625,BigWig,0.50390625,0.5,0.00390625,3272
CNhs14078_P,"amygdala, newborn | CAGE",-0.00390625,BigWig,0.50390625,0.5,0.00390625,3273
CNhs12842_P,"appendix, adult | CAGE",-0.00390625,BigWig,0.50390625,0.5,0.00390625,3274
CNhs13802_P,caudate nucleus - adult | CAGE,-0.00390625,BigWig,0.50390625,0.5,0.00390625,3275
CNhs13799_P,cerebellum - adult | CAGE,-0.00390625,BigWig,0.50390625,0.5,0.00390625,3276
CNhs14080_P,"locus coeruleus, newborn | CAGE",-0.00390625,BigWig,0.5078125,0.50390625,0.00390625,3277
CNhs14069_P,"medial frontal gyrus, newborn | CAGE",-0.00390625,BigWig,0.50390625,0.5,0.00390625,3278
CNhs12316_P,"medial temporal gyrus, adult | CAGE",-0.00390625,BigWig,0.5078125,0.50390625,0.00390625,3279
CNhs14229_P,"medial temporal gyrus, adult, tech  | CAGE",-0.00390625,BigWig,0.50390625,0.5,0.00390625,3280
CNhs13798_P,occipital cortex - adult | CAGE,-0.00390625,BigWig,0.50390625,0.5,0.00390625,3281
CNhs11784_P,"occipital lobe, fetal | CAGE",-0.00390625,BigWig,0.50390625,0.5,0.00390625,3282
CNhs14074_P,"parietal lobe, newborn | CAGE",-0.00390625,BigWig,0.50390625,0.5,0.00390625,3283
CNhs13805_M,pituitary gland - adult | CAGE,0.00390625,BigWig,0.59375,0.59765625,0.00390625,3284
CNhs14083_P,"putamen, newborn | CAGE",-0.00390625,BigWig,0.50390625,0.5,0.00390625,3285
CNhs11777_P,"rectum, fetal | CAGE",-0.00390625,BigWig,0.50390625,0.5,0.00390625,3286
CNhs12851_P,"seminal vesicle, adult | CAGE",-0.00390625,BigWig,0.50390625,0.5,0.00390625,3287
CNhs11776_P,"skeletal muscle, fetal | CAGE",-0.00390625,BigWig,0.50390625,0.5,0.00390625,3288
CNhs11772_P,"temporal lobe, fetal, tech  | CAGE",-0.00390625,BigWig,0.50390625,0.5,0.00390625,3289
CNhs14223_P,"thalamus, adult, tech  | CAGE",-0.00390625,BigWig,0.50390625,0.5,0.00390625,3290
GTEX-1GMR3-0826-SM-9WYT4.1,adipose tissue | RNA-seq,-0.00390625,BigWig,1.0,0.99609375,0.00390625,3291
GTEX-11GSP-0326-SM-5A5KW.1,adrenal gland | RNA-seq,-0.00390625,BigWig,1.0,0.99609375,0.00390625,3292
GTEX-13W3W-1226-SM-5LU4H.1,breast | RNA-seq,-0.00390625,BigWig,1.0,0.99609375,0.00390625,3293
GTEX-1GN1W-1926-SM-7P8TH.1,breast | RNA-seq,-0.00390625,BigWig,1.0,0.99609375,0.00390625,3294
GTEX-U3ZN-1626-SM-4DXTZ.1,cervix uteri | RNA-seq,-0.00390625,BigWig,1.0,0.99609375,0.00390625,3295
GTEX-ZDTT-1326-SM-4WKFH.1,esophagus | RNA-seq,-0.00390625,BigWig,1.0,0.99609375,0.00390625,3296
GTEX-1HKZK-0626-SM-ADEHP.1,nerve | RNA-seq,-0.00390625,BigWig,1.0,0.99609375,0.00390625,3297
GTEX-12WSC-3126-SM-5GCNB.1,pituitary | RNA-seq,-0.00390625,BigWig,1.0,0.99609375,0.00390625,3298
GTEX-P4PQ-2026-SM-E9U4E.1,prostate | RNA-seq,-0.00390625,BigWig,1.0,0.99609375,0.00390625,3299
GTEX-1J8QM-1826-SM-A96TA.1,salivary gland | RNA-seq,-0.00390625,BigWig,1.0,0.99609375,0.00390625,3300
GTEX-ZLWG-2026-SM-DO11F.1,salivary gland | RNA-seq,-0.00390625,BigWig,1.0,0.99609375,0.00390625,3301
GTEX-133LE-2326-SM-5K7W3.1,skin | RNA-seq,-0.00390625,BigWig,1.0,0.99609375,0.00390625,3302
GTEX-13U4I-0126-SM-5LU38.1,skin | RNA-seq,-0.00390625,BigWig,1.0,0.99609375,0.00390625,3303
GTEX-1MA7X-1526-SM-DHXJF.1,testis | RNA-seq,-0.00390625,BigWig,1.0,0.99609375,0.00390625,3304
GTEX-11EMC-1926-SM-5A5JU.1,vagina | RNA-seq,-0.00390625,BigWig,1.0,0.99609375,0.00390625,3305
GTEX-12WSB-2426-SM-5EGJC.1,vagina | RNA-seq,-0.00390625,BigWig,1.0,0.99609375,0.00390625,3306
skipped_exon,skipped exon,0.001953125,BED,0.228515625,0.23046875,0.001953125,3307
ENCSR778VGY,ACC112 | Histone ChIP-seq | H3K4me3,0.0,BigWig,0.58984375,0.58984375,0.0,3308
ENCSR000DPR,AG09309 | Histone ChIP-seq | H3K4me3,0.0,BigWig,0.58203125,0.58203125,0.0,3309
ENCSR000DPU,AG09319 | Histone ChIP-seq | H3K4me3,0.0,BigWig,0.5625,0.5625,0.0,3310
ENCSR000DQB,BE2C | Histone ChIP-seq | H3K4me3,0.0,BigWig,0.609375,0.609375,0.0,3311
ENCSR000DQG,BJ | Histone ChIP-seq | H3K27me3,0.0,BigWig,0.92578125,0.92578125,0.0,3312
ENCSR460SEN,DOHH2 | Histone ChIP-seq | H3K4me1,0.0,BigWig,0.62109375,0.62109375,0.0,3313
ENCSR627TNG,DOHH2 | Histone ChIP-seq | H3K9me3,0.0,BigWig,0.69921875,0.69921875,0.0,3314
ENCSR000EIT,GM03348 | DNase-seq,0.0,BigWig,0.875,0.875,0.0,3315
ENCSR000AKC,GM12878 | Histone ChIP-seq | H3K27ac,0.0,BigWig,0.61328125,0.61328125,0.0,3316
ENCSR000EJE,GM12891 | DNase-seq,0.0,BigWig,0.953125,0.953125,0.0,3317
ENCSR914AWT,GM23248 | Histone ChIP-seq | H3K36me3,0.0,BigWig,0.671875,0.671875,0.0,3318
ENCSR673OPX,GM23248 | Histone ChIP-seq | H3K9me3,0.0,BigWig,0.6015625,0.6015625,0.0,3319
ENCSR729ENO,GM23338 | Histone ChIP-seq | H3K27ac,0.0,BigWig,0.65234375,0.65234375,0.0,3320
ENCSR000ANP,H1 | Histone ChIP-seq | H3K27ac,0.0,BigWig,0.859375,0.859375,0.0,3321
ENCSR991BTY,H1 | Histone ChIP-seq | H3K4me1,0.0,BigWig,0.61328125,0.61328125,0.0,3322
ENCSR019SQX,H1 | Histone ChIP-seq | H3K4me3,0.0,BigWig,0.73828125,0.73828125,0.0,3323
ENCSR792GCH,H9 | Histone ChIP-seq | H3K27me3,0.0,BigWig,0.81640625,0.81640625,0.0,3324
ENCSR276HBK,H9 | Histone ChIP-seq | H3K4me1,0.0,BigWig,0.7734375,0.7734375,0.0,3325
ENCSR000DUK,HFF-Myc | Histone ChIP-seq | H3K4me3,0.0,BigWig,0.546875,0.546875,0.0,3326
ENCSR335ELI,HUES48 | Histone ChIP-seq | H3K9ac,0.0,BigWig,0.796875,0.796875,0.0,3327
ENCSR560OUF,HUES48 | Histone ChIP-seq | H3K9me3,0.0,BigWig,0.72265625,0.72265625,0.0,3328
ENCSR470PLJ,HUES64 | Histone ChIP-seq | H3K9ac,0.0,BigWig,0.796875,0.796875,0.0,3329
ENCSR002YRE,IMR-90 | Histone ChIP-seq | H3K27ac,0.0,BigWig,0.59375,0.59375,0.0,3330
ENCSR431UUY,IMR-90 | Histone ChIP-seq | H3K27me3,0.0,BigWig,0.96875,0.96875,0.0,3331
ENCSR831JSP,IMR-90 | Histone ChIP-seq | H3K4me1,0.0,BigWig,0.6015625,0.6015625,0.0,3332
ENCSR055ZZY,IMR-90 | Histone ChIP-seq | H3K9me3,0.0,BigWig,0.6953125,0.6953125,0.0,3333
ENCSR000EVZ,K562 | Histone ChIP-seq | H3K9ac,0.0,BigWig,0.984375,0.984375,0.0,3334
ENCSR660IQS,Karpas-422 | Histone ChIP-seq | H3K27ac,0.0,BigWig,0.6015625,0.6015625,0.0,3335
ENCSR910XKX,Karpas-422 | Histone ChIP-seq | H3K4me3,0.0,BigWig,0.625,0.625,0.0,3336
ENCSR183CQK,Loucy | Histone ChIP-seq | H3K27me3,0.0,BigWig,0.72265625,0.72265625,0.0,3337
ENCSR036KFJ,Loucy | Histone ChIP-seq | H3K4me1,0.0,BigWig,0.67578125,0.67578125,0.0,3338
ENCSR000EKZ,MCF-7 | DNase-seq,0.0,BigWig,0.859375,0.859375,0.0,3339
ENCSR056UBA,MCF-7 | Histone ChIP-seq | H3K9ac,0.0,BigWig,0.6875,0.6875,0.0,3340
ENCSR638HMQ,NCI-H460 | DNase-seq,0.0,BigWig,0.65625,0.65625,0.0,3341
ENCSR189AGR,OCI-LY1 | Histone ChIP-seq | H3K9me3,0.0,BigWig,0.7109375,0.7109375,0.0,3342
ENCSR441JWF,PC-9 | Histone ChIP-seq | H3K4me3,0.0,BigWig,0.640625,0.640625,0.0,3343
ENCSR000FCO,Panc1 | Histone ChIP-seq | H3K27me3,0.0,BigWig,0.7265625,0.7265625,0.0,3344
ENCSR008SDL,SK-MEL-5 | DNase-seq,0.0,BigWig,0.68359375,0.68359375,0.0,3345
ENCSR914QOK,SK-N-SH | Histone ChIP-seq | H3K27me3,0.0,BigWig,0.765625,0.765625,0.0,3346
ENCSR975GZA,SK-N-SH | Histone ChIP-seq | H3K4me3,0.0,BigWig,0.66015625,0.66015625,0.0,3347
ENCSR217SET,SW480 | DNase-seq,0.0,BigWig,0.6953125,0.6953125,0.0,3348
ENCSR734QPK,UCSF-4 | Histone ChIP-seq | H3K36me3,0.0,BigWig,0.90234375,0.90234375,0.0,3349
ENCSR595KPI,UCSF-4 | Histone ChIP-seq | H3K4me3,0.0,BigWig,0.71484375,0.71484375,0.0,3350
ENCSR857LLS,iPS DF 6.9 | Histone ChIP-seq | H3K4me1,0.0,BigWig,0.859375,0.859375,0.0,3351
ENCSR619YUY,iPS-15b | Histone ChIP-seq | H3K36me3,0.0,BigWig,0.953125,0.953125,0.0,3352
ENCSR429YAE,iPS-18a | Histone ChIP-seq | H3K27ac,0.0,BigWig,0.75,0.75,0.0,3353
ENCSR842ASU,iPS-18a | Histone ChIP-seq | H3K9ac,0.0,BigWig,0.66796875,0.66796875,0.0,3354
ENCSR214WRA,iPS-20b | Histone ChIP-seq | H3K9me3,0.0,BigWig,0.6953125,0.6953125,0.0,3355
ENCSR201GCJ,adipocyte | Histone ChIP-seq | H3K9me3,0.0,BigWig,0.6953125,0.6953125,0.0,3356
ENCSR375IXS,bipolar neuron | Histone ChIP-seq | H3K36me3,0.0,BigWig,0.7265625,0.7265625,0.0,3357
ENCSR247PYK,bipolar neuron | Histone ChIP-seq | H3K9me3,0.0,BigWig,0.640625,0.640625,0.0,3358
ENCSR000DSI,cardiac muscle cell | Histone ChIP-seq | H3K36me3,0.0,BigWig,0.828125,0.828125,0.0,3359
ENCSR652QNW,cardiac muscle cell | Histone ChIP-seq | H3K4me3,0.0,BigWig,0.6484375,0.6484375,0.0,3360
ENCSR235CEI,ectodermal cell | Histone ChIP-seq | H3K9me3,0.0,BigWig,0.69140625,0.69140625,0.0,3361
ENCSR446ZCY,endodermal cell | Histone ChIP-seq | H3K4me3,0.0,BigWig,0.6015625,0.6015625,0.0,3362
ENCSR832JVP,mesenchymal stem cell | Histone ChIP-seq | H3K27me3,0.0,BigWig,0.91015625,0.91015625,0.0,3363
ENCSR691BNO,mid-neurogenesis radial glial cells | Histone ChIP-seq,0.0,BigWig,0.73828125,0.73828125,0.0,3364
ENCSR000ANZ,myotube | Histone ChIP-seq | H3K4me3,0.0,BigWig,0.703125,0.703125,0.0,3365
ENCSR654VRX,neural cell | Histone ChIP-seq | H3K27me3,0.0,BigWig,0.71875,0.71875,0.0,3366
ENCSR405NQJ,neural cell | Histone ChIP-seq | H3K9me3,0.0,BigWig,0.74609375,0.74609375,0.0,3367
ENCSR890NXD,neuroepithelial stem cell | Histone ChIP-seq | H3K4me1,0.0,BigWig,0.78125,0.78125,0.0,3368
ENCSR694LBI,neuronal stem cell | Histone ChIP-seq | H3K27me3,0.0,BigWig,0.89453125,0.89453125,0.0,3369
ENCSR626UPW,neuronal stem cell | Histone ChIP-seq | H3K9ac,0.0,BigWig,0.984375,0.984375,0.0,3370
ENCSR104BSN,radial glial cell | Histone ChIP-seq | H3K9me3,0.0,BigWig,0.77734375,0.77734375,0.0,3371
ENCSR651JDA,smooth muscle cell | Histone ChIP-seq | H3K36me3,0.0,BigWig,0.734375,0.734375,0.0,3372
ENCSR090QTV,smooth muscle cell | Histone ChIP-seq | H3K9me3,0.0,BigWig,0.6953125,0.6953125,0.0,3373
ENCSR000DQP,B cell | Histone ChIP-seq | H3K4me3,0.0,BigWig,0.61328125,0.61328125,0.0,3374
ENCSR000DWL,CD14-positive monocyte | Histone ChIP-seq | H3K4me3,0.0,BigWig,0.54296875,0.54296875,0.0,3375
ENCSR000ASP,CD14-positive monocyte | Histone ChIP-seq | H3K9me3,0.0,BigWig,0.58984375,0.58984375,0.0,3376
ENCSR425MRQ,"CD4-positive, alpha-beta T cell | DNase-seq",0.0,BigWig,0.7578125,0.7578125,0.0,3377
ENCSR769SGQ,"CD4-positive, alpha-beta T cell | Histone ChIP-seq | H3",0.0,BigWig,0.8046875,0.8046875,0.0,3378
ENCSR692ICP,"CD4-positive, alpha-beta T cell | Histone ChIP-seq | H3",0.0,BigWig,0.65625,0.65625,0.0,3379
ENCSR314BEX,"CD4-positive, alpha-beta memory T cell | Histone ChIP-s",0.0,BigWig,0.703125,0.703125,0.0,3380
ENCSR580WRV,"CD4-positive, alpha-beta memory T cell | Histone ChIP-s",0.0,BigWig,0.78515625,0.78515625,0.0,3381
ENCSR117IQD,"CD4-positive, alpha-beta memory T cell | Histone ChIP-s",0.0,BigWig,0.640625,0.640625,0.0,3382
ENCSR333VFQ,"CD4-positive, alpha-beta memory T cell | Histone ChIP-s",0.0,BigWig,0.7421875,0.7421875,0.0,3383
ENCSR348UWU,"CD8-positive, alpha-beta T cell | Histone ChIP-seq | H3",0.0,BigWig,0.68359375,0.68359375,0.0,3384
ENCSR905SHH,"CD8-positive, alpha-beta T cell | Histone ChIP-seq | H3",0.0,BigWig,0.69921875,0.69921875,0.0,3385
ENCSR517SMA,"CD8-positive, alpha-beta memory T cell | Histone ChIP-s",0.0,BigWig,0.8203125,0.8203125,0.0,3386
ENCSR675EXE,T-helper 17 cell | Histone ChIP-seq | H3K27me3,0.0,BigWig,0.8125,0.8125,0.0,3387
ENCSR957XEV,T-helper 17 cell | Histone ChIP-seq | H3K4me3,0.0,BigWig,0.71484375,0.71484375,0.0,3388
ENCSR271QSV,"common myeloid progenitor, CD34-positive | DNase-seq",0.0,BigWig,0.640625,0.640625,0.0,3389
ENCSR320TUJ,"common myeloid progenitor, CD34-positive | DNase-seq",0.0,BigWig,0.65234375,0.65234375,0.0,3390
ENCSR862NIZ,"common myeloid progenitor, CD34-positive | Histone ChIP",0.0,BigWig,0.78515625,0.78515625,0.0,3391
ENCSR368ZJL,"effector memory CD4-positive, alpha-beta T cell | Histo",0.0,BigWig,0.7890625,0.7890625,0.0,3392
ENCSR291KBJ,"effector memory CD4-positive, alpha-beta T cell | Histo",0.0,BigWig,0.66015625,0.66015625,0.0,3393
ENCSR000AKK,endothelial cell of umbilical vein | Histone ChIP-seq |,0.0,BigWig,0.73046875,0.73046875,0.0,3394
ENCSR311XVL,fibroblast of breast | Histone ChIP-seq | H3K9me3,0.0,BigWig,0.74609375,0.74609375,0.0,3395
ENCSR000APR,fibroblast of dermis | Histone ChIP-seq | H3K4me3,0.0,BigWig,0.65234375,0.65234375,0.0,3396
ENCSR622TWS,fibroblast of skin of abdomen | DNase-seq,0.0,BigWig,0.6640625,0.6640625,0.0,3397
ENCSR371KRY,fibroblast of skin of left quadriceps | DNase-seq,0.0,BigWig,0.61328125,0.61328125,0.0,3398
ENCSR670VQZ,fibroblast of upper back skin | DNase-seq,0.0,BigWig,0.6953125,0.6953125,0.0,3399
ENCSR000DVS,fibroblast of villous mesenchyme | Histone ChIP-seq | H,0.0,BigWig,0.58203125,0.58203125,0.0,3400
ENCSR000DWS,foreskin fibroblast | Histone ChIP-seq | H3K4me3,0.0,BigWig,0.5859375,0.5859375,0.0,3401
ENCSR377MRR,foreskin keratinocyte | Histone ChIP-seq | H3K27me3,0.0,BigWig,0.68359375,0.68359375,0.0,3402
ENCSR027BAJ,foreskin keratinocyte | Histone ChIP-seq | H3K4me1,0.0,BigWig,0.9609375,0.9609375,0.0,3403
ENCSR172FMH,foreskin keratinocyte | Histone ChIP-seq | H3K4me3,0.0,BigWig,0.5625,0.5625,0.0,3404
ENCSR518JGY,foreskin melanocyte | DNase-seq,0.0,BigWig,0.76953125,0.76953125,0.0,3405
ENCSR693VHX,foreskin melanocyte | Histone ChIP-seq | H3K27ac,0.0,BigWig,0.91796875,0.91796875,0.0,3406
ENCSR000ELH,keratinocyte | DNase-seq,0.0,BigWig,0.89453125,0.89453125,0.0,3407
ENCSR000ALK,keratinocyte | Histone ChIP-seq | H3K27ac,0.0,BigWig,0.5703125,0.5703125,0.0,3408
ENCSR970FPM,keratinocyte | Histone ChIP-seq | H3K4me3,0.0,BigWig,0.62109375,0.62109375,0.0,3409
ENCSR000DVF,kidney epithelial cell | Histone ChIP-seq | H3K27me3,0.0,BigWig,0.91796875,0.91796875,0.0,3410
ENCSR212LIS,luminal epithelial cell of mammary gland | Histone ChIP,0.0,BigWig,0.98828125,0.98828125,0.0,3411
ENCSR668GKQ,mammary epithelial cell | Histone ChIP-seq | H3K9me3,0.0,BigWig,0.59765625,0.59765625,0.0,3412
ENCSR196LEI,mesenchymal stem cell | Histone ChIP-seq | H3K4me1,0.0,BigWig,0.52734375,0.52734375,0.0,3413
ENCSR517CFV,myoepithelial cell of mammary gland | Histone ChIP-seq,0.0,BigWig,0.71484375,0.71484375,0.0,3414
ENCSR160CPS,myoepithelial cell of mammary gland | Histone ChIP-seq,0.0,BigWig,0.9765625,0.9765625,0.0,3415
ENCSR089NBT,myoepithelial cell of mammary gland | Histone ChIP-seq,0.0,BigWig,0.8203125,0.8203125,0.0,3416
ENCSR207JOI,myoepithelial cell of mammary gland | Histone ChIP-seq,0.0,BigWig,0.66796875,0.66796875,0.0,3417
ENCSR815VLQ,neurosphere | Histone ChIP-seq | H3K36me3,0.0,BigWig,0.90234375,0.90234375,0.0,3418
ENCSR512CSM,neurosphere | Histone ChIP-seq | H3K4me1,0.0,BigWig,0.56640625,0.56640625,0.0,3419
ENCSR957CYJ,neurosphere | Histone ChIP-seq | H3K4me3,0.0,BigWig,0.6328125,0.6328125,0.0,3420
ENCSR694PCO,neurosphere | Histone ChIP-seq | H3K9me3,0.0,BigWig,0.58984375,0.58984375,0.0,3421
ENCSR420EWO,peripheral blood mononuclear cell | Histone ChIP-seq |,0.0,BigWig,0.8046875,0.8046875,0.0,3422
ENCSR819HSS,skeletal muscle satellite cell | Histone ChIP-seq | H3K,0.0,BigWig,0.62890625,0.62890625,0.0,3423
ENCSR964MZQ,trophoblast cell | DNase-seq,0.0,BigWig,0.7421875,0.7421875,0.0,3424
ENCSR954AJK,Peyer's patch | DNase-seq,0.0,BigWig,0.9765625,0.9765625,0.0,3425
ENCSR005UXZ,Peyer's patch | Histone ChIP-seq | H3K9me3,0.0,BigWig,0.7109375,0.7109375,0.0,3426
ENCSR728BAD,adrenal gland | DNase-seq,0.0,BigWig,0.73828125,0.73828125,0.0,3427
ENCSR181JFC,adrenal gland | Histone ChIP-seq | H3K27me3,0.0,BigWig,0.8203125,0.8203125,0.0,3428
ENCSR760LFY,adrenal gland | Histone ChIP-seq | H3K36me3,0.0,BigWig,0.98828125,0.98828125,0.0,3429
ENCSR857XRG,adrenal gland | Histone ChIP-seq | H3K36me3,0.0,BigWig,0.66796875,0.66796875,0.0,3430
ENCSR942XCE,adrenal gland | Histone ChIP-seq | H3K36me3,0.0,BigWig,0.96875,0.96875,0.0,3431
ENCSR207ZIA,adrenal gland | Histone ChIP-seq | H3K4me1,0.0,BigWig,0.7578125,0.7578125,0.0,3432
ENCSR715KGX,adrenal gland | Histone ChIP-seq | H3K4me3,0.0,BigWig,0.73828125,0.73828125,0.0,3433
ENCSR615PBJ,angular gyrus | Histone ChIP-seq | H3K27me3,0.0,BigWig,0.7578125,0.7578125,0.0,3434
ENCSR340DBD,angular gyrus | Histone ChIP-seq | H3K36me3,0.0,BigWig,0.94140625,0.94140625,0.0,3435
ENCSR263BGI,angular gyrus | Histone ChIP-seq | H3K4me1,0.0,BigWig,0.77734375,0.77734375,0.0,3436
ENCSR389SGO,angular gyrus | Histone ChIP-seq | H3K9me3,0.0,BigWig,0.73828125,0.73828125,0.0,3437
ENCSR196PGM,aorta | Histone ChIP-seq | H3K27me3,0.0,BigWig,0.71875,0.71875,0.0,3438
ENCSR957BPJ,aorta | Histone ChIP-seq | H3K4me3,0.0,BigWig,0.5703125,0.5703125,0.0,3439
ENCSR960EVO,aorta | Histone ChIP-seq | H3K4me3,0.0,BigWig,0.59375,0.59375,0.0,3440
ENCSR441YQA,ascending aorta | Histone ChIP-seq | H3K9me3,0.0,BigWig,0.6953125,0.6953125,0.0,3441
ENCSR723IKM,ascending aorta | Histone ChIP-seq | H3K9me3,0.0,BigWig,0.65234375,0.65234375,0.0,3442
ENCSR228IKB,body of pancreas | DNase-seq,0.0,BigWig,0.953125,0.953125,0.0,3443
ENCSR774CFO,body of pancreas | Histone ChIP-seq | H3K27me3,0.0,BigWig,0.703125,0.703125,0.0,3444
ENCSR719COF,body of pancreas | Histone ChIP-seq | H3K9me3,0.0,BigWig,0.6953125,0.6953125,0.0,3445
ENCSR760EGQ,body of pancreas | Histone ChIP-seq | H3K9me3,0.0,BigWig,0.68359375,0.68359375,0.0,3446
ENCSR118WIQ,brain | DNase-seq,0.0,BigWig,0.640625,0.640625,0.0,3447
ENCSR627STE,brain | Histone ChIP-seq | H3K27me3,0.0,BigWig,0.73828125,0.73828125,0.0,3448
ENCSR869WSC,brain | Histone ChIP-seq | H3K36me3,0.0,BigWig,0.9375,0.9375,0.0,3449
ENCSR770WSE,breast epithelium | Histone ChIP-seq | H3K27me3,0.0,BigWig,0.79296875,0.79296875,0.0,3450
ENCSR553IAW,breast epithelium | Histone ChIP-seq | H3K4me1,0.0,BigWig,0.74609375,0.74609375,0.0,3451
ENCSR403UOU,breast epithelium | Histone ChIP-seq | H3K9me3,0.0,BigWig,0.734375,0.734375,0.0,3452
ENCSR209WQN,caudate nucleus | Histone ChIP-seq | H3K27me3,0.0,BigWig,0.7734375,0.7734375,0.0,3453
ENCSR494OPF,caudate nucleus | Histone ChIP-seq | H3K27me3,0.0,BigWig,0.77734375,0.77734375,0.0,3454
ENCSR399SJE,caudate nucleus | Histone ChIP-seq | H3K36me3,0.0,BigWig,0.96484375,0.96484375,0.0,3455
ENCSR893MHU,caudate nucleus | Histone ChIP-seq | H3K36me3,0.0,BigWig,0.9765625,0.9765625,0.0,3456
ENCSR486QMV,caudate nucleus | Histone ChIP-seq | H3K4me3,0.0,BigWig,0.71875,0.71875,0.0,3457
ENCSR619POC,chorionic villus | Histone ChIP-seq | H3K27ac,0.0,BigWig,0.89453125,0.89453125,0.0,3458
ENCSR022LOH,cingulate gyrus | Histone ChIP-seq | H3K27me3,0.0,BigWig,0.7578125,0.7578125,0.0,3459
ENCSR323YPH,cingulate gyrus | Histone ChIP-seq | H3K36me3,0.0,BigWig,0.9765625,0.9765625,0.0,3460
ENCSR831LTX,colonic mucosa | Histone ChIP-seq | H3K27me3,0.0,BigWig,0.84375,0.84375,0.0,3461
ENCSR294GDI,colonic mucosa | Histone ChIP-seq | H3K9me3,0.0,BigWig,0.82421875,0.82421875,0.0,3462
ENCSR016XBE,dorsolateral prefrontal cortex | Histone ChIP-seq | H3K,0.0,BigWig,0.87109375,0.87109375,0.0,3463
ENCSR042ORP,dorsolateral prefrontal cortex | Histone ChIP-seq | H3K,0.0,BigWig,0.96875,0.96875,0.0,3464
ENCSR629RJB,dorsolateral prefrontal cortex | Histone ChIP-seq | H3K,0.0,BigWig,0.97265625,0.97265625,0.0,3465
ENCSR370RJP,endocrine pancreas | Histone ChIP-seq | H3K36me3,0.0,BigWig,0.87109375,0.87109375,0.0,3466
ENCSR372OTD,endocrine pancreas | Histone ChIP-seq | H3K36me3,0.0,BigWig,0.94921875,0.94921875,0.0,3467
ENCSR061NWO,endocrine pancreas | Histone ChIP-seq | H3K9ac,0.0,BigWig,0.75390625,0.75390625,0.0,3468
ENCSR034ZHF,esophagus | Histone ChIP-seq | H3K36me3,0.0,BigWig,0.9921875,0.9921875,0.0,3469
ENCSR697GPO,esophagus | Histone ChIP-seq | H3K4me3,0.0,BigWig,0.66015625,0.66015625,0.0,3470
ENCSR150GLE,esophagus | Histone ChIP-seq | H3K9me3,0.0,BigWig,0.94140625,0.94140625,0.0,3471
ENCSR121RSS,esophagus squamous epithelium | Histone ChIP-seq | H3K4,0.0,BigWig,0.67578125,0.67578125,0.0,3472
ENCSR127PWK,eye | DNase-seq,0.0,BigWig,0.6953125,0.6953125,0.0,3473
ENCSR105YNJ,gastrocnemius medialis | Histone ChIP-seq | H3K36me3,0.0,BigWig,0.86328125,0.86328125,0.0,3474
ENCSR380KNE,gastrocnemius medialis | Histone ChIP-seq | H3K36me3,0.0,BigWig,0.796875,0.796875,0.0,3475
ENCSR785DJD,gastrocnemius medialis | Histone ChIP-seq | H3K4me3,0.0,BigWig,0.63671875,0.63671875,0.0,3476
ENCSR690UYB,germinal matrix | Histone ChIP-seq | H3K36me3,0.0,BigWig,0.89453125,0.89453125,0.0,3477
ENCSR503YOF,heart left ventricle | Histone ChIP-seq | H3K27me3,0.0,BigWig,0.73046875,0.73046875,0.0,3478
ENCSR877RMK,heart left ventricle | Histone ChIP-seq | H3K36me3,0.0,BigWig,0.80078125,0.80078125,0.0,3479
ENCSR928HSI,heart right ventricle | Histone ChIP-seq | H3K27ac,0.0,BigWig,0.7578125,0.7578125,0.0,3480
ENCSR986YWZ,inferior parietal cortex | DNase-seq,0.0,BigWig,0.6796875,0.6796875,0.0,3481
ENCSR499PZA,kidney | DNase-seq,0.0,BigWig,0.71875,0.71875,0.0,3482
ENCSR761KZV,kidney | Histone ChIP-seq | H3K27me3,0.0,BigWig,0.75,0.75,0.0,3483
ENCSR659RHV,large intestine | Histone ChIP-seq | H3K27ac,0.0,BigWig,0.56640625,0.56640625,0.0,3484
ENCSR123HEE,layer of hippocampus | Histone ChIP-seq | H3K27ac,0.0,BigWig,0.86328125,0.86328125,0.0,3485
ENCSR912TVO,layer of hippocampus | Histone ChIP-seq | H3K27ac,0.0,BigWig,0.94140625,0.94140625,0.0,3486
ENCSR126FJY,layer of hippocampus | Histone ChIP-seq | H3K36me3,0.0,BigWig,0.96875,0.96875,0.0,3487
ENCSR040TUS,layer of hippocampus | Histone ChIP-seq | H3K4me1,0.0,BigWig,0.796875,0.796875,0.0,3488
ENCSR797IXN,layer of hippocampus | Histone ChIP-seq | H3K4me1,0.0,BigWig,0.7578125,0.7578125,0.0,3489
ENCSR418JIS,layer of hippocampus | Histone ChIP-seq | H3K4me3,0.0,BigWig,0.80859375,0.80859375,0.0,3490
ENCSR120LVW,left kidney | DNase-seq,0.0,BigWig,0.640625,0.640625,0.0,3491
ENCSR488PHT,left lung | DNase-seq,0.0,BigWig,0.69921875,0.69921875,0.0,3492
ENCSR541AVF,left lung | DNase-seq,0.0,BigWig,0.6953125,0.6953125,0.0,3493
ENCSR935EVZ,left lung | DNase-seq,0.0,BigWig,0.63671875,0.63671875,0.0,3494
ENCSR818JGZ,limb | DNase-seq,0.0,BigWig,0.69921875,0.69921875,0.0,3495
ENCSR562FNN,liver | DNase-seq,0.0,BigWig,0.96875,0.96875,0.0,3496
ENCSR230IMS,liver | Histone ChIP-seq | H3K27ac,0.0,BigWig,0.65625,0.65625,0.0,3497
ENCSR460RHN,liver | Histone ChIP-seq | H3K36me3,0.0,BigWig,0.9921875,0.9921875,0.0,3498
ENCSR803JYI,liver | Histone ChIP-seq | H3K4me3,0.0,BigWig,0.69921875,0.69921875,0.0,3499
ENCSR853JYB,liver | Histone ChIP-seq | H3K9me3,0.0,BigWig,0.66796875,0.66796875,0.0,3500
ENCSR550WUX,lung | Histone ChIP-seq | H3K27ac,0.0,BigWig,0.58984375,0.58984375,0.0,3501
ENCSR204NFO,lung | Histone ChIP-seq | H3K27me3,0.0,BigWig,0.8671875,0.8671875,0.0,3502
ENCSR429MNF,lung | Histone ChIP-seq | H3K36me3,0.0,BigWig,0.796875,0.796875,0.0,3503
ENCSR728FLA,lung | Histone ChIP-seq | H3K9me3,0.0,BigWig,0.98046875,0.98046875,0.0,3504
ENCSR497UIB,mucosa of rectum | Histone ChIP-seq | H3K36me3,0.0,BigWig,0.92578125,0.92578125,0.0,3505
ENCSR083QRE,mucosa of stomach | Histone ChIP-seq | H3K36me3,0.0,BigWig,0.8828125,0.8828125,0.0,3506
ENCSR004EKY,muscle layer of colon | Histone ChIP-seq | H3K27ac,0.0,BigWig,0.703125,0.703125,0.0,3507
ENCSR381EFC,muscle layer of colon | Histone ChIP-seq | H3K27me3,0.0,BigWig,0.76953125,0.76953125,0.0,3508
ENCSR011GVU,muscle layer of colon | Histone ChIP-seq | H3K36me3,0.0,BigWig,0.88671875,0.88671875,0.0,3509
ENCSR048JDL,muscle layer of colon | Histone ChIP-seq | H3K36me3,0.0,BigWig,0.91796875,0.91796875,0.0,3510
ENCSR385NUC,muscle layer of colon | Histone ChIP-seq | H3K4me1,0.0,BigWig,0.6953125,0.6953125,0.0,3511
ENCSR943PIR,muscle layer of colon | Histone ChIP-seq | H3K4me3,0.0,BigWig,0.73046875,0.73046875,0.0,3512
ENCSR929AXP,muscle layer of duodenum | Histone ChIP-seq | H3K27me3,0.0,BigWig,0.8203125,0.8203125,0.0,3513
ENCSR297YOC,muscle layer of duodenum | Histone ChIP-seq | H3K36me3,0.0,BigWig,0.89453125,0.89453125,0.0,3514
ENCSR270LZE,muscle of arm | DNase-seq,0.0,BigWig,0.70703125,0.70703125,0.0,3515
ENCSR303YII,muscle of arm | DNase-seq,0.0,BigWig,0.6875,0.6875,0.0,3516
ENCSR888GBS,muscle of arm | DNase-seq,0.0,BigWig,0.7109375,0.7109375,0.0,3517
ENCSR949JYS,muscle of arm | DNase-seq,0.0,BigWig,0.6875,0.6875,0.0,3518
ENCSR951XEN,muscle of arm | DNase-seq,0.0,BigWig,0.703125,0.703125,0.0,3519
ENCSR141NSQ,muscle of back | DNase-seq,0.0,BigWig,0.67578125,0.67578125,0.0,3520
ENCSR174GXG,muscle of back | DNase-seq,0.0,BigWig,0.640625,0.640625,0.0,3521
ENCSR193LYA,muscle of back | DNase-seq,0.0,BigWig,0.65234375,0.65234375,0.0,3522
ENCSR698CUE,muscle of back | DNase-seq,0.0,BigWig,0.68359375,0.68359375,0.0,3523
ENCSR937RVN,muscle of leg | DNase-seq,0.0,BigWig,0.640625,0.640625,0.0,3524
ENCSR150MZT,muscle of leg | Histone ChIP-seq | H3K36me3,0.0,BigWig,0.96484375,0.96484375,0.0,3525
ENCSR449EBF,muscle of leg | Histone ChIP-seq | H3K4me1,0.0,BigWig,0.81640625,0.81640625,0.0,3526
ENCSR244ZEJ,omental fat pad | DNase-seq,0.0,BigWig,0.97265625,0.97265625,0.0,3527
ENCSR595HZQ,pancreas | DNase-seq,0.0,BigWig,0.8125,0.8125,0.0,3528
ENCSR943JOF,pancreas | Histone ChIP-seq | H3K36me3,0.0,BigWig,0.98046875,0.98046875,0.0,3529
ENCSR035QNZ,pancreas | Histone ChIP-seq | H3K9me3,0.0,BigWig,0.93359375,0.93359375,0.0,3530
ENCSR533HDU,pancreas | Histone ChIP-seq | H3K9me3,0.0,BigWig,0.82421875,0.82421875,0.0,3531
ENCSR802AJE,placenta | DNase-seq,0.0,BigWig,0.796875,0.796875,0.0,3532
ENCSR066GUY,placental basal plate | Histone ChIP-seq | H3K27ac,0.0,BigWig,0.8203125,0.8203125,0.0,3533
ENCSR345QKG,placental basal plate | Histone ChIP-seq | H3K4me3,0.0,BigWig,0.68359375,0.68359375,0.0,3534
ENCSR949OYZ,psoas muscle | Histone ChIP-seq | H3K4me3,0.0,BigWig,0.59375,0.59375,0.0,3535
ENCSR692OFN,rectal smooth muscle tissue | Histone ChIP-seq | H3K36m,0.0,BigWig,0.90625,0.90625,0.0,3536
ENCSR913NYL,renal pelvis | DNase-seq,0.0,BigWig,0.72265625,0.72265625,0.0,3537
ENCSR777DXQ,right atrium auricular region | DNase-seq,0.0,BigWig,0.96484375,0.96484375,0.0,3538
ENCSR793PLF,right atrium auricular region | Histone ChIP-seq | H3K2,0.0,BigWig,0.69140625,0.69140625,0.0,3539
ENCSR967KZJ,right atrium auricular region | Histone ChIP-seq | H3K3,0.0,BigWig,0.86328125,0.86328125,0.0,3540
ENCSR368ORV,right atrium auricular region | Histone ChIP-seq | H3K4,0.0,BigWig,0.734375,0.734375,0.0,3541
ENCSR972RKX,right cardiac atrium | Histone ChIP-seq | H3K27me3,0.0,BigWig,0.66015625,0.66015625,0.0,3542
ENCSR596BHN,right cardiac atrium | Histone ChIP-seq | H3K9me3,0.0,BigWig,0.70703125,0.70703125,0.0,3543
ENCSR036VRV,right kidney | DNase-seq,0.0,BigWig,0.71484375,0.71484375,0.0,3544
ENCSR555QAY,right lobe of liver | DNase-seq,0.0,BigWig,0.95703125,0.95703125,0.0,3545
ENCSR080QVO,right lobe of liver | Histone ChIP-seq | H3K36me3,0.0,BigWig,0.80859375,0.80859375,0.0,3546
ENCSR859KGQ,right lung | DNase-seq,0.0,BigWig,0.625,0.625,0.0,3547
ENCSR014VAC,right renal cortex interstitium | DNase-seq,0.0,BigWig,0.68359375,0.68359375,0.0,3548
ENCSR268ZCF,sigmoid colon | Histone ChIP-seq | H3K27ac,0.0,BigWig,0.61328125,0.61328125,0.0,3549
ENCSR782OZZ,sigmoid colon | Histone ChIP-seq | H3K4me1,0.0,BigWig,0.71875,0.71875,0.0,3550
ENCSR682GOI,sigmoid colon | Histone ChIP-seq | H3K9me3,0.0,BigWig,0.70703125,0.70703125,0.0,3551
ENCSR925WMT,skeletal muscle tissue | Histone ChIP-seq | H3K36me3,0.0,BigWig,0.984375,0.984375,0.0,3552
ENCSR560IDY,skeletal muscle tissue | Histone ChIP-seq | H3K9ac,0.0,BigWig,0.80859375,0.80859375,0.0,3553
ENCSR666TSJ,skeletal muscle tissue | Histone ChIP-seq | H3K9ac,0.0,BigWig,0.83984375,0.83984375,0.0,3554
ENCSR092OFK,skin of body | DNase-seq,0.0,BigWig,0.66796875,0.66796875,0.0,3555
ENCSR859EIX,small intestine | Histone ChIP-seq | H3K27me3,0.0,BigWig,0.8359375,0.8359375,0.0,3556
ENCSR877PAS,small intestine | Histone ChIP-seq | H3K27me3,0.0,BigWig,0.80859375,0.80859375,0.0,3557
ENCSR205NEW,small intestine | Histone ChIP-seq | H3K36me3,0.0,BigWig,0.99609375,0.99609375,0.0,3558
ENCSR083RXV,spinal cord | Histone ChIP-seq | H3K36me3,0.0,BigWig,0.99609375,0.99609375,0.0,3559
ENCSR850YHJ,spleen | DNase-seq,0.0,BigWig,0.99609375,0.99609375,0.0,3560
ENCSR086XCT,spleen | Histone ChIP-seq | H3K27ac,0.0,BigWig,0.58984375,0.58984375,0.0,3561
ENCSR170MAJ,spleen | Histone ChIP-seq | H3K27ac,0.0,BigWig,0.57421875,0.57421875,0.0,3562
ENCSR161FEJ,spleen | Histone ChIP-seq | H3K27me3,0.0,BigWig,0.76171875,0.76171875,0.0,3563
ENCSR408ONP,spleen | Histone ChIP-seq | H3K27me3,0.0,BigWig,0.80859375,0.80859375,0.0,3564
ENCSR608FDQ,spleen | Histone ChIP-seq | H3K27me3,0.0,BigWig,0.80859375,0.80859375,0.0,3565
ENCSR466DUB,spleen | Histone ChIP-seq | H3K36me3,0.0,BigWig,0.99609375,0.99609375,0.0,3566
ENCSR115TSA,spleen | Histone ChIP-seq | H3K4me1,0.0,BigWig,0.5859375,0.5859375,0.0,3567
ENCSR432KIH,spleen | Histone ChIP-seq | H3K4me3,0.0,BigWig,0.9609375,0.9609375,0.0,3568
ENCSR421FPV,spleen | Histone ChIP-seq | H3K9me3,0.0,BigWig,0.9375,0.9375,0.0,3569
ENCSR131JVA,stomach | DNase-seq,0.0,BigWig,0.9765625,0.9765625,0.0,3570
ENCSR522FGG,stomach | DNase-seq,0.0,BigWig,0.8046875,0.8046875,0.0,3571
ENCSR133NBJ,stomach | Histone ChIP-seq | H3K27ac,0.0,BigWig,0.58984375,0.58984375,0.0,3572
ENCSR527BFF,stomach | Histone ChIP-seq | H3K27me3,0.0,BigWig,0.81640625,0.81640625,0.0,3573
ENCSR552MZH,stomach | Histone ChIP-seq | H3K36me3,0.0,BigWig,0.9921875,0.9921875,0.0,3574
ENCSR697YSL,stomach | Histone ChIP-seq | H3K36me3,0.0,BigWig,0.99609375,0.99609375,0.0,3575
ENCSR083ZUY,stomach smooth muscle | Histone ChIP-seq | H3K36me3,0.0,BigWig,0.921875,0.921875,0.0,3576
ENCSR339PHE,stomach smooth muscle | Histone ChIP-seq | H3K4me1,0.0,BigWig,0.78125,0.78125,0.0,3577
ENCSR214JUK,subcutaneous abdominal adipose tissue | Histone ChIP-se,0.0,BigWig,0.75390625,0.75390625,0.0,3578
ENCSR294PQF,subcutaneous abdominal adipose tissue | Histone ChIP-se,0.0,BigWig,0.62890625,0.62890625,0.0,3579
ENCSR501FTL,subcutaneous abdominal adipose tissue | Histone ChIP-se,0.0,BigWig,0.66015625,0.66015625,0.0,3580
ENCSR180CHR,substantia nigra | Histone ChIP-seq | H3K27me3,0.0,BigWig,0.78125,0.78125,0.0,3581
ENCSR313GUP,substantia nigra | Histone ChIP-seq | H3K36me3,0.0,BigWig,0.96875,0.96875,0.0,3582
ENCSR975RSD,substantia nigra | Histone ChIP-seq | H3K9me3,0.0,BigWig,0.7578125,0.7578125,0.0,3583
ENCSR382JUJ,superior temporal gyrus | DNase-seq,0.0,BigWig,0.6640625,0.6640625,0.0,3584
ENCSR113OKR,temporal lobe | Histone ChIP-seq | H3K36me3,0.0,BigWig,0.97265625,0.97265625,0.0,3585
ENCSR768DMK,temporal lobe | Histone ChIP-seq | H3K9ac,0.0,BigWig,0.84375,0.84375,0.0,3586
ENCSR405YYG,temporal lobe | Histone ChIP-seq | H3K9me3,0.0,BigWig,0.7734375,0.7734375,0.0,3587
ENCSR083MAZ,thoracic aorta | Histone ChIP-seq | H3K36me3,0.0,BigWig,0.875,0.875,0.0,3588
ENCSR984KWT,thoracic aorta | Histone ChIP-seq | H3K4me3,0.0,BigWig,0.65625,0.65625,0.0,3589
ENCSR962EAP,thymus | DNase-seq,0.0,BigWig,0.68359375,0.68359375,0.0,3590
ENCSR158VAT,thyroid gland | DNase-seq,0.0,BigWig,0.9140625,0.9140625,0.0,3591
ENCSR902XFY,thyroid gland | DNase-seq,0.0,BigWig,0.85546875,0.85546875,0.0,3592
ENCSR716FUH,thyroid gland | Histone ChIP-seq | H3K27ac,0.0,BigWig,0.69921875,0.69921875,0.0,3593
ENCSR225VCV,thyroid gland | Histone ChIP-seq | H3K36me3,0.0,BigWig,0.78125,0.78125,0.0,3594
ENCSR479GPU,tibial nerve | Histone ChIP-seq | H3K9me3,0.0,BigWig,0.625,0.625,0.0,3595
ENCSR208QRN,transverse colon | Histone ChIP-seq | H3K27ac,0.0,BigWig,0.640625,0.640625,0.0,3596
ENCSR164WOF,upper lobe of left lung | DNase-seq,0.0,BigWig,0.99609375,0.99609375,0.0,3597
ENCSR859MXQ,upper lobe of left lung | Histone ChIP-seq | H3K27me3,0.0,BigWig,0.75,0.75,0.0,3598
ENCSR437AYW,vagina | DNase-seq,0.0,BigWig,0.97265625,0.97265625,0.0,3599
ENCSR258UUX,vagina | Histone ChIP-seq | H3K4me3,0.0,BigWig,0.70703125,0.70703125,0.0,3600
CNhs10739_P,Burkitt's lymphoma cell line | CAGE,0.0,BigWig,0.50390625,0.50390625,0.0,3601
CNhs11931_P,bone marrow stromal cell line | CAGE,0.0,BigWig,0.5,0.5,0.0,3602
CNhs11880_M,keratoacanthoma cell line | CAGE,0.0,BigWig,0.6015625,0.6015625,0.0,3603
CNhs12192_P,leiomyosarcoma cell line | CAGE,0.0,BigWig,0.5,0.5,0.0,3604
CNhs12191_P,mesodermal tumor cell line | CAGE,0.0,BigWig,0.5,0.5,0.0,3605
CNhs13065_P,mesothelioma cell line | CAGE,0.0,BigWig,0.5,0.5,0.0,3606
CNhs11279_P,osteosarcoma cell line | CAGE,0.0,BigWig,0.5,0.5,0.0,3607
CNhs12545_P,"CD133+ stem cells - cord blood derived, pool1 | CAGE",0.0,BigWig,0.5,0.5,0.0,3608
CNhs12180_P,"CD8+ T Cells (pluriselect), donation3 | CAGE",0.0,BigWig,0.5,0.5,0.0,3609
CNhs12547_P,Eosinophils | CAGE,0.0,BigWig,0.5,0.5,0.0,3610
CNhs11380_M,Fibroblast - Lung | CAGE,0.0,BigWig,0.5703125,0.5703125,0.0,3611
CNhs11348_P,Fibroblast - Mammary | CAGE,0.0,BigWig,0.5,0.5,0.0,3612
CNhs11073_P,Mast cell - stimulated | CAGE,0.0,BigWig,0.5,0.5,0.0,3613
CNhs12586_M,Oligodendrocyte - precursors | CAGE,0.0,BigWig,0.5390625,0.5390625,0.0,3614
CNhs12518_P,common myeloid progenitor CMP | CAGE,0.0,BigWig,0.5,0.5,0.0,3615
CNhs12845_M,"bone marrow, adult | CAGE",0.0,BigWig,0.61328125,0.61328125,0.0,3616
CNhs11798_M,"liver, fetal, pool1 | CAGE",0.0,BigWig,0.5546875,0.5546875,0.0,3617
CNhs11680_P,"lung, fetal | CAGE",0.0,BigWig,0.5,0.5,0.0,3618
CNhs11756_M,"pancreas, adult | CAGE",0.0,BigWig,0.53125,0.53125,0.0,3619
CNhs11782_P,"parietal lobe, fetal | CAGE",0.0,BigWig,0.5,0.5,0.0,3620
CNhs14225_P,"putamen, adult, tech  | CAGE",0.0,BigWig,0.50390625,0.50390625,0.0,3621
CNhs13803_P,substantia nigra - adult | CAGE,0.0,BigWig,0.5,0.5,0.0,3622
CNhs13803_M,substantia nigra - adult | CAGE,0.0,BigWig,0.53515625,0.53515625,0.0,3623
