track_id,display_name,delta,track_type,ref_val,alt_val,abs_delta,rank
exon,exon,-0.56640625,BED,0.8671875,0.30078125,0.56640625,1
ORF,ORF,-0.537109375,BED,0.82421875,0.287109375,0.537109375,2
intron,intron,0.45703125,BED,0.18359375,0.640625,0.45703125,3
always_on_exon,Always-on exon,-0.4345703125,BED,0.6796875,0.2451171875,0.4345703125,4
CNhs11943_M,breast carcinoma cell line | CAGE,0.1796875,BigWig,0.62109375,0.80078125,0.1796875,5
CNhs12838_M,merkel cell carcinoma cell line | CAGE,0.1796875,BigWig,0.60546875,0.78515625,0.1796875,6
CNhs10884_M,Small Airway Epithelial Cells | CAGE,0.17578125,BigWig,0.640625,0.81640625,0.17578125,7
CNhs14245_M,"lung adenocarcinoma, papillary cell line | CAGE",0.15625,BigWig,0.6796875,0.8359375,0.15625,8
CNhs10632_M,"testis, adult, pool1 | CAGE",0.15625,BigWig,0.66796875,0.82421875,0.15625,9
protein_coding_gene,Protein-coding gene,-0.15234375,BED,0.828125,0.67578125,0.15234375,10
CNhs11944_M,mixed mullerian tumor cell line | CAGE,0.15234375,BigWig,0.55859375,0.7109375,0.15234375,11
CNhs14244_M,carcinoid cell line | CAGE,0.1484375,BigWig,0.55078125,0.69921875,0.1484375,12
GTEX-1I4MK-0002-SM-EZ6M9.1,blood | RNA-seq,-0.1484375,BigWig,0.98046875,0.83203125,0.1484375,13
CNhs11824_M,glassy cell carcinoma cell line | CAGE,0.140625,BigWig,0.6484375,0.7890625,0.140625,14
CNhs13809_M,medial temporal gyrus - adult | CAGE,0.140625,BigWig,0.59765625,0.73828125,0.140625,15
CNhs10627_M,"placenta, adult, pool1 | CAGE",0.13671875,BigWig,0.62109375,0.7578125,0.13671875,16
CNhs11876_M,testicular germ cell embryonal carcinoma cell line | CA [1],0.1328125,BigWig,0.57421875,0.70703125,0.1328125,17
CNhs12362_M,testicular germ cell embryonal carcinoma cell line | CA [2],0.1328125,BigWig,0.5859375,0.71875,0.1328125,18
CNhs10616_M,"bladder, adult, pool1 | CAGE",0.1328125,BigWig,0.60546875,0.73828125,0.1328125,19
CNhs12851_M,"seminal vesicle, adult | CAGE",0.1328125,BigWig,0.69921875,0.83203125,0.1328125,20
CNhs13477_M,"Hep-2 cells treated with Streptococci strain 5448, biol",0.12890625,BigWig,0.5859375,0.71484375,0.12890625,21
CNhs11892_M,Wilms' tumor cell line | CAGE,0.12890625,BigWig,0.578125,0.70703125,0.12890625,22
CNhs11869_M,somatostatinoma cell line | CAGE,0.12890625,BigWig,0.578125,0.70703125,0.12890625,23
CNhs11878_M,teratocarcinoma cell line | CAGE,0.12890625,BigWig,0.546875,0.67578125,0.12890625,24
CNhs10866_M,Fibroblast - Gingival | CAGE,0.12890625,BigWig,0.5234375,0.65234375,0.12890625,25
CNhs13816_M,Olfactory epithelial cells | CAGE,0.12890625,BigWig,0.5234375,0.65234375,0.12890625,26
splice_acceptor,splice acceptor,0.12548828125,BED,0.11279296875,0.23828125,0.12548828125,27
ENCSR221ZRM,trophoblast | Histone ChIP-seq | H3K27me3,0.125,BigWig,0.6640625,0.7890625,0.125,28
CNhs10617_M,"brain, adult, pool1 | CAGE",0.125,BigWig,0.69140625,0.81640625,0.125,29
CNhs12847_M,"epididymis, adult | CAGE",0.125,BigWig,0.6484375,0.7734375,0.125,30
CNhs11762_P,"eye, fetal | CAGE",-0.125,BigWig,0.62890625,0.50390625,0.125,31
CNhs10743_M,epidermoid carcinoma cell line | CAGE,0.12109375,BigWig,0.58984375,0.7109375,0.12109375,32
GTEX-1OKEX-0006-SM-DKPQ2.1,blood | RNA-seq,-0.12109375,BigWig,1.0,0.87890625,0.12109375,33
CNhs11047_M,embryonic kidney cell line | CAGE,0.1171875,BigWig,0.546875,0.6640625,0.1171875,34
CNhs11252_M,squamous cell carcinoma cell line | CAGE,0.1171875,BigWig,0.609375,0.7265625,0.1171875,35
CNhs10855_M,"Dendritic Cells - monocyte immature derived, tech  | CA",0.1171875,BigWig,0.6484375,0.765625,0.1171875,36
CNhs12324_M,"putamen, adult | CAGE",0.1171875,BigWig,0.6796875,0.796875,0.1171875,37
CNhs11972_M,Prostate Epithelial Cells | CAGE,0.11328125,BigWig,0.58984375,0.703125,0.11328125,38
CNhs10621_M,"heart, adult, pool1 | CAGE",0.11328125,BigWig,0.57421875,0.6875,0.11328125,39
GTEX-139TS-0008-SM-62LDG.1,skin | RNA-seq,-0.11328125,BigWig,0.9921875,0.87890625,0.11328125,40
CNhs13479_M,"Hep-2 cells mock treated, biol  | CAGE",0.109375,BigWig,0.5859375,0.6953125,0.109375,41
CNhs13478_M,"Hep-2 cells treated with Streptococci strain JRS4, biol",0.109375,BigWig,0.58984375,0.69921875,0.109375,42
CNhs11875_M,choriocarcinoma cell line | CAGE,0.109375,BigWig,0.625,0.734375,0.109375,43
CNhs11256_M,gall bladder carcinoma cell line | CAGE,0.109375,BigWig,0.56640625,0.67578125,0.109375,44
CNhs11856_M,pagetoid sarcoma cell line | CAGE,0.109375,BigWig,0.58203125,0.69140625,0.109375,45
CNhs12810_M,salivary acinar cells | CAGE,0.109375,BigWig,0.6484375,0.7578125,0.109375,46
CNhs12855_M,"heart - mitral valve, adult | CAGE",0.109375,BigWig,0.58203125,0.69140625,0.109375,47
CNhs10640_M,"pons, adult, pool1 | CAGE",0.109375,BigWig,0.62890625,0.73828125,0.109375,48
CNhs11840_M,bronchioalveolar carcinoma cell line | CAGE,0.10546875,BigWig,0.56640625,0.671875,0.10546875,49
CNhs11737_M,gastric adenocarcinoma cell line | CAGE,0.10546875,BigWig,0.5625,0.66796875,0.10546875,50
CNhs11255_M,rectal cancer cell line | CAGE,0.10546875,BigWig,0.58203125,0.6875,0.10546875,51
CNhs11884_M,teratocarcinoma cell line | CAGE,0.10546875,BigWig,0.5625,0.66796875,0.10546875,52
CNhs12379_M,amniotic membrane cells | CAGE,0.10546875,BigWig,0.69921875,0.8046875,0.10546875,53
CNhs10649_M,"corpus callosum, adult, pool1 | CAGE",0.10546875,BigWig,0.609375,0.71484375,0.10546875,54
CNhs12322_P,"locus coeruleus, adult | CAGE",-0.10546875,BigWig,0.61328125,0.5078125,0.10546875,55
CNhs12611_M,"olfactory region, adult | CAGE",0.10546875,BigWig,0.65234375,0.7578125,0.10546875,56
CNhs10635_M,"trachea, adult, pool1 | CAGE",0.10546875,BigWig,0.64453125,0.75,0.10546875,57
CNhs11051_M,Adipocyte - breast | CAGE,0.1015625,BigWig,0.53515625,0.63671875,0.1015625,58
CNhs10871_M,Ciliary Epithelial Cells | CAGE,0.1015625,BigWig,0.53125,0.6328125,0.1015625,59
CNhs12380_M,chorionic membrane cells | CAGE,0.1015625,BigWig,0.71484375,0.81640625,0.1015625,60
CNhs12846_M,"ductus deferens, adult | CAGE",0.1015625,BigWig,0.59375,0.6953125,0.1015625,61
CNhs10647_M,"frontal lobe, adult, pool1 | CAGE",0.1015625,BigWig,0.57421875,0.67578125,0.1015625,62
CNhs10625_M,"lung, adult, pool1 | CAGE",0.1015625,BigWig,0.6328125,0.734375,0.1015625,63
CNhs12320_M,"occipital cortex, adult | CAGE",0.1015625,BigWig,0.60546875,0.70703125,0.1015625,64
CNhs10643_M,"occipital pole, adult, pool1 | CAGE",0.1015625,BigWig,0.59765625,0.69921875,0.1015625,65
CNhs10736_M,breast carcinoma cell line | CAGE,0.09765625,BigWig,0.5703125,0.66796875,0.09765625,66
CNhs11247_M,epithelioid sarcoma cell line | CAGE,0.09765625,BigWig,0.54296875,0.640625,0.09765625,67
CNhs11243_M,prostate cancer cell line | CAGE,0.09765625,BigWig,0.56640625,0.6640625,0.09765625,68
CNhs11084_M,Skeletal muscle cells differentiated into Myotubes - mu,0.09765625,BigWig,0.51953125,0.6171875,0.09765625,69
CNhs13808_M,locus coeruleus - adult | CAGE,0.09765625,BigWig,0.64453125,0.7421875,0.09765625,70
CNhs12310_M,"medial frontal gyrus, adult | CAGE",0.09765625,BigWig,0.62109375,0.71875,0.09765625,71
CNhs10628_M,"prostate, adult, pool1 | CAGE",0.09765625,BigWig,0.5703125,0.66796875,0.09765625,72
CNhs10637_M,"temporal lobe, adult, pool1 | CAGE",0.09765625,BigWig,0.60546875,0.703125,0.09765625,73
CNhs12998_M,"testis, adult, pool2 | CAGE",0.09765625,BigWig,0.6171875,0.71484375,0.09765625,74
CNhs10634_M,"thyroid, adult, pool1 | CAGE",0.09765625,BigWig,0.64453125,0.7421875,0.09765625,75
ENCSR385SZQ,MCF 10A | DNase-seq,-0.09375,BigWig,0.75,0.65625,0.09375,76
CNhs10730_M,malignant trichilemmal cyst cell line | CAGE,0.09375,BigWig,0.53125,0.625,0.09375,77
CNhs12839_M,merkel cell carcinoma cell line | CAGE,0.09375,BigWig,0.55859375,0.65234375,0.09375,78
CNhs11378_M,Fibroblast - Cardiac | CAGE,0.09375,BigWig,0.53125,0.625,0.09375,79
CNhs11903_M,"Gingival epithelial cells,  (GEA15) | CAGE",0.09375,BigWig,0.5625,0.65625,0.09375,80
CNhs10645_M,"medulla oblongata, adult, pool1 | CAGE",0.09375,BigWig,0.61328125,0.70703125,0.09375,81
CNhs12850_M,"penis, adult | CAGE",0.09375,BigWig,0.66015625,0.75390625,0.09375,82
CNhs10634_P,"thyroid, adult, pool1 | CAGE",-0.09375,BigWig,0.59765625,0.50390625,0.09375,83
GTEX-1LB8K-0005-SM-DIPED.1,blood | RNA-seq,-0.09375,BigWig,0.99609375,0.90234375,0.09375,84
CNhs10740_M,choriocarcinoma cell line | CAGE,0.08984375,BigWig,0.58984375,0.6796875,0.08984375,85
CNhs11930_M,clear cell carcinoma cell line | CAGE,0.08984375,BigWig,0.5703125,0.66015625,0.08984375,86
CNhs11049_M,cord blood derived cell line | CAGE,0.08984375,BigWig,0.51953125,0.609375,0.08984375,87
CNhs11100_M,ductal cell carcinoma cell line | CAGE,0.08984375,BigWig,0.5390625,0.62890625,0.08984375,88
CNhs12325_M,epitheloid carcinoma cell line | CAGE,0.08984375,BigWig,0.546875,0.63671875,0.08984375,89
CNhs11851_M,liposarcoma cell line | CAGE,0.08984375,BigWig,0.546875,0.63671875,0.08984375,90
CNhs11726_M,testicular germ cell embryonal carcinoma cell line | CA,0.08984375,BigWig,0.546875,0.63671875,0.08984375,91
CNhs11061_M,"Gingival epithelial cells,  (GEA11) | CAGE",0.08984375,BigWig,0.59765625,0.6875,0.08984375,92
CNhs12346_P,Melanocyte - dark | CAGE,-0.08984375,BigWig,0.59765625,0.5078125,0.08984375,93
CNhs10838_M,Smooth Muscle Cells - Aortic | CAGE,0.08984375,BigWig,0.53515625,0.625,0.08984375,94
CNhs12840_M,"cerebral meninges, adult | CAGE",0.08984375,BigWig,0.64453125,0.734375,0.08984375,95
CNhs10618_M,"cervix, adult, pool1 | CAGE",0.08984375,BigWig,0.58984375,0.6796875,0.08984375,96
CNhs11757_M,"heart, adult, diseased post-infarction | CAGE",0.08984375,BigWig,0.5859375,0.67578125,0.08984375,97
CNhs12312_M,"hippocampus, adult | CAGE",0.08984375,BigWig,0.609375,0.69921875,0.08984375,98
CNhs10646_M,"insula, adult, pool1 | CAGE",0.08984375,BigWig,0.57421875,0.6640625,0.08984375,99
CNhs10626_M,"ovary, adult, pool1 | CAGE",0.08984375,BigWig,0.54296875,0.6328125,0.08984375,100
ENCSR000ELO,psoas muscle | DNase-seq,0.0859375,BigWig,0.7890625,0.875,0.0859375,101
CNhs11050_M,cord blood derived cell line | CAGE,0.0859375,BigWig,0.5234375,0.609375,0.0859375,102
CNhs11849_M,pharyngeal carcinoma cell line | CAGE,0.0859375,BigWig,0.62109375,0.70703125,0.0859375,103
CNhs10864_M,Astrocyte - cerebral cortex | CAGE,0.0859375,BigWig,0.5234375,0.609375,0.0859375,104
CNhs12000_M,Dendritic Cells - monocyte immature derived | CAGE,0.0859375,BigWig,0.62890625,0.71484375,0.0859375,105
CNhs11064_M,Keratinocyte - epidermal | CAGE,0.0859375,BigWig,0.625,0.7109375,0.0859375,106
CNhs10850_M,Mesothelial Cells | CAGE,0.0859375,BigWig,0.5546875,0.640625,0.0859375,107
CNhs13972_M,adipose | CAGE,0.0859375,BigWig,0.55078125,0.63671875,0.0859375,108
CNhs12311_M,"amygdala, adult | CAGE",0.0859375,BigWig,0.58203125,0.66796875,0.0859375,109
CNhs12321_M,"caudate nucleus, adult | CAGE",0.0859375,BigWig,0.62890625,0.71484375,0.0859375,110
CNhs12323_M,"cerebellum, adult | CAGE",0.0859375,BigWig,0.58984375,0.67578125,0.0859375,111
CNhs12610_M,"diencephalon, adult | CAGE",0.0859375,BigWig,0.71484375,0.80078125,0.0859375,112
CNhs11758_M,"heart, adult, diseased | CAGE",0.0859375,BigWig,0.546875,0.6328125,0.0859375,113
CNhs10638_M,"postcentral gyrus, adult, pool1 | CAGE",0.0859375,BigWig,0.60546875,0.69140625,0.0859375,114
CNhs10738_M,adult T-cell leukemia cell line | CAGE,0.08203125,BigWig,0.5546875,0.63671875,0.08203125,115
CNhs10733_M,gall bladder carcinoma cell line | CAGE,0.08203125,BigWig,0.57421875,0.65625,0.08203125,116
CNhs11848_M,leiomyoblastoma cell line | CAGE,0.08203125,BigWig,0.546875,0.62890625,0.08203125,117
CNhs11877_M,rhabdomyosarcoma cell line | CAGE,0.08203125,BigWig,0.546875,0.62890625,0.08203125,118
CNhs11890_M,teratocarcinoma cell line | CAGE,0.08203125,BigWig,0.53125,0.61328125,0.08203125,119
CNhs11341_M,Amniotic Epithelial Cells | CAGE,0.08203125,BigWig,0.5546875,0.63671875,0.08203125,120
CNhs11079_P,Placental Epithelial Cells | CAGE,-0.08203125,BigWig,0.59375,0.51171875,0.08203125,121
CNhs11079_M,Placental Epithelial Cells | CAGE,0.08203125,BigWig,0.58203125,0.6640625,0.08203125,122
CNhs11065_M,Preadipocyte - omental | CAGE,0.08203125,BigWig,0.53125,0.61328125,0.08203125,123
CNhs14081_M,"hippocampus, newborn | CAGE",0.08203125,BigWig,0.5390625,0.62109375,0.08203125,124
CNhs13454_M,skeletal muscle - soleus muscle | CAGE,0.08203125,BigWig,0.5390625,0.62109375,0.08203125,125
ENCSR752EPH,MCF 10A | DNase-seq,-0.078125,BigWig,0.66796875,0.58984375,0.078125,126
ENCSR789VGQ,MCF 10A | DNase-seq,-0.078125,BigWig,0.69921875,0.62109375,0.078125,127
ENCSR458LIB,MM.1S | DNase-seq,-0.078125,BigWig,0.8046875,0.7265625,0.078125,128
ENCSR301AEA,bipolar neuron | Histone ChIP-seq | H3K4me1,0.078125,BigWig,0.63671875,0.71484375,0.078125,129
CNhs11893_M,adrenal cortex adenocarcinoma cell line | CAGE,0.078125,BigWig,0.53515625,0.61328125,0.078125,130
CNhs11289_M,cervical cancer cell line | CAGE,0.078125,BigWig,0.5859375,0.6640625,0.078125,131
CNhs11875_P,choriocarcinoma cell line | CAGE,-0.078125,BigWig,0.58203125,0.50390625,0.078125,132
CNhs11865_M,chronic myelogenous leukemia (CML) cell line | CAGE,0.078125,BigWig,0.5390625,0.6171875,0.078125,133
CNhs11263_M,mesothelioma cell line | CAGE,0.078125,BigWig,0.5625,0.640625,0.078125,134
CNhs11873_M,mucinous cystadenocarcinoma cell line | CAGE,0.078125,BigWig,0.54296875,0.62109375,0.078125,135
CNhs11717_M,oral squamous cell carcinoma cell line | CAGE,0.078125,BigWig,0.5546875,0.6328125,0.078125,136
CNhs11832_M,pancreatic carcinoma cell line | CAGE,0.078125,BigWig,0.6015625,0.6796875,0.078125,137
CNhs12807_M,plasma cell leukemia cell line | CAGE,0.078125,BigWig,0.53515625,0.61328125,0.078125,138
CNhs11749_M,squamous cell carcinoma cell line | CAGE,0.078125,BigWig,0.57421875,0.65234375,0.078125,139
CNhs11303_M,Melanocyte - light | CAGE,0.078125,BigWig,0.609375,0.6875,0.078125,140
CNhs12338_M,Neurons | CAGE,0.078125,BigWig,0.57421875,0.65234375,0.078125,141
CNhs10869_M,Skeletal Muscle Satellite Cells | CAGE,0.078125,BigWig,0.515625,0.59375,0.078125,142
CNhs11089_M,Smooth Muscle Cells - Pulmonary Artery | CAGE,0.078125,BigWig,0.55859375,0.63671875,0.078125,143
CNhs11334_M,Urothelial Cells | CAGE,0.078125,BigWig,0.56640625,0.64453125,0.078125,144
CNhs12574_M,nasal epithelial cells | CAGE,0.078125,BigWig,0.59765625,0.67578125,0.078125,145
CNhs12639_M,tenocyte | CAGE,0.078125,BigWig,0.53515625,0.61328125,0.078125,146
CNhs13437_M,cerebrospinal fluid | CAGE,0.078125,BigWig,0.6171875,0.6953125,0.078125,147
CNhs14069_M,"medial frontal gyrus, newborn | CAGE",0.078125,BigWig,0.5546875,0.6328125,0.078125,148
CNhs10644_M,"nucleus accumbens, adult, pool1 | CAGE",0.078125,BigWig,0.58203125,0.66015625,0.078125,149
CNhs14074_M,"parietal lobe, newborn | CAGE",0.078125,BigWig,0.55078125,0.62890625,0.078125,150
CNhs10636_M,"retina, adult, pool1 | CAGE",0.078125,BigWig,0.64453125,0.72265625,0.078125,151
CNhs10629_M,"skeletal muscle, adult, pool1 | CAGE",0.078125,BigWig,0.54296875,0.62109375,0.078125,152
CNhs11768_P,"tongue, fetal | CAGE",-0.078125,BigWig,0.58203125,0.50390625,0.078125,153
ENCSR000ELW,A549 | DNase-seq,-0.07421875,BigWig,0.796875,0.72265625,0.07421875,154
ENCSR719FEJ,KOPT-K1 | Histone ChIP-seq | H3K27ac,-0.07421875,BigWig,0.69921875,0.625,0.07421875,155
ENCSR236JVK,CD14-positive monocyte | Histone ChIP-seq | H3K9me3,-0.07421875,BigWig,0.78125,0.70703125,0.07421875,156
ENCSR000EJU,hepatocyte | DNase-seq,0.07421875,BigWig,0.8359375,0.91015625,0.07421875,157
ENCSR642HHF,adrenal gland | Histone ChIP-seq | H3K27ac,-0.07421875,BigWig,0.8125,0.73828125,0.07421875,158
CNhs11841_M,bronchogenic carcinoma cell line | CAGE,0.07421875,BigWig,0.59375,0.66796875,0.07421875,159
CNhs11045_M,cord blood derived cell line | CAGE,0.07421875,BigWig,0.52734375,0.6015625,0.07421875,160
CNhs11266_M,endometrial carcinoma cell line | CAGE,0.07421875,BigWig,0.61328125,0.6875,0.07421875,161
CNhs10728_M,extraskeletal myxoid chondrosarcoma cell line | CAGE,0.07421875,BigWig,0.5390625,0.61328125,0.07421875,162
CNhs11880_P,keratoacanthoma cell line | CAGE,-0.07421875,BigWig,0.58203125,0.5078125,0.07421875,163
CNhs11861_M,medulloblastoma cell line | CAGE,0.07421875,BigWig,0.53515625,0.609375,0.07421875,164
CNhs11264_M,mesothelioma cell line | CAGE,0.07421875,BigWig,0.609375,0.68359375,0.07421875,165
CNhs11746_M,serous adenocarcinoma cell line | CAGE,0.07421875,BigWig,0.57421875,0.6484375,0.07421875,166
CNhs12808_M,small cell lung carcinoma cell line | CAGE,0.07421875,BigWig,0.53515625,0.609375,0.07421875,167
CNhs12809_M,small cell lung carcinoma cell line | CAGE,0.07421875,BigWig,0.53515625,0.609375,0.07421875,168
CNhs10870_M,Myoblast | CAGE,0.07421875,BigWig,0.515625,0.58984375,0.07421875,169
CNhs11311_M,Osteoblast - differentiated | CAGE,0.07421875,BigWig,0.5703125,0.64453125,0.07421875,170
CNhs10608_M,"Clontech Human Universal Reference Total RNA, pool1 | C",0.07421875,BigWig,0.640625,0.71484375,0.07421875,171
CNhs10648_M,"dura mater, adult | CAGE",0.07421875,BigWig,0.546875,0.62109375,0.07421875,172
CNhs10620_M,"esophagus, adult, pool1 | CAGE",0.07421875,BigWig,0.71484375,0.7890625,0.07421875,173
CNhs10622_P,"kidney, adult, pool1 | CAGE",-0.07421875,BigWig,0.578125,0.50390625,0.07421875,174
CNhs14073_M,"occipital cortex, newborn | CAGE",0.07421875,BigWig,0.5390625,0.61328125,0.07421875,175
CNhs10641_M,"parietal lobe, adult, pool1 | CAGE",0.07421875,BigWig,0.578125,0.65234375,0.07421875,176
CNhs10631_M,"spleen, adult, pool1 | CAGE",0.07421875,BigWig,0.5546875,0.62890625,0.07421875,177
CNhs11772_M,"temporal lobe, fetal, tech  | CAGE",0.07421875,BigWig,0.54296875,0.6171875,0.07421875,178
CNhs13460_M,tongue epidermis (fungiform papillae) | CAGE,0.07421875,BigWig,0.578125,0.65234375,0.07421875,179
CNhs10635_P,"trachea, adult, pool1 | CAGE",-0.07421875,BigWig,0.578125,0.50390625,0.07421875,180
GTEX-14PJ6-0926-SM-686ZA.1,pancreas | RNA-seq,-0.07421875,BigWig,1.0,0.92578125,0.07421875,181
ENCSR000EJN,H1 | DNase-seq,0.0703125,BigWig,0.73828125,0.80859375,0.0703125,182
CNhs10742_M,astrocytoma cell line | CAGE,0.0703125,BigWig,0.5625,0.6328125,0.0703125,183
CNhs11834_M,carcinoid cell line | CAGE,0.0703125,BigWig,0.54296875,0.61328125,0.0703125,184
CNhs11748_M,endometrioid adenocarcinoma cell line | CAGE,0.0703125,BigWig,0.56640625,0.63671875,0.0703125,185
CNhs11819_M,gastric adenocarcinoma cell line | CAGE,0.0703125,BigWig,0.55078125,0.62109375,0.0703125,186
CNhs11843_M,hairy cell leukemia cell line | CAGE,0.0703125,BigWig,0.546875,0.6171875,0.0703125,187
CNhs10732_M,maxillary sinus tumor cell line | CAGE,0.0703125,BigWig,0.54296875,0.61328125,0.0703125,188
CNhs10752_M,oral squamous cell carcinoma cell line | CAGE,0.0703125,BigWig,0.56640625,0.63671875,0.0703125,189
CNhs11273_M,squamous cell lung carcinoma cell line | CAGE,0.0703125,BigWig,0.53515625,0.60546875,0.0703125,190
CNhs12351_M,testicular germ cell embryonal carcinoma cell line | CA,0.0703125,BigWig,0.53515625,0.60546875,0.0703125,191
CNhs11872_M,thyroid carcinoma cell line | CAGE,0.0703125,BigWig,0.53515625,0.60546875,0.0703125,192
CNhs10735_M,transitional-cell carcinoma cell line | CAGE,0.0703125,BigWig,0.53125,0.6015625,0.0703125,193
CNhs10837_M,Endothelial Cells - Aortic | CAGE,0.0703125,BigWig,0.5390625,0.609375,0.0703125,194
CNhs10872_M,Endothelial Cells - Umbilical vein | CAGE,0.0703125,BigWig,0.5234375,0.59375,0.0703125,195
CNhs11377_M,Endothelial Cells - Vein | CAGE,0.0703125,BigWig,0.53125,0.6015625,0.0703125,196
CNhs10879_M,Keratinocyte - oral | CAGE,0.0703125,BigWig,0.55078125,0.62109375,0.0703125,197
CNhs12346_M,Melanocyte - dark | CAGE,0.0703125,BigWig,0.5625,0.6328125,0.0703125,198
CNhs12595_M,Smooth Muscle Cells - Intestinal | CAGE,0.0703125,BigWig,0.55859375,0.62890625,0.0703125,199
CNhs12379_P,amniotic membrane cells | CAGE,-0.0703125,BigWig,0.578125,0.5078125,0.0703125,200
CNhs12380_P,chorionic membrane cells | CAGE,-0.0703125,BigWig,0.578125,0.5078125,0.0703125,201
CNhs10608_P,"Clontech Human Universal Reference Total RNA, pool1 | C",-0.0703125,BigWig,0.58203125,0.51171875,0.0703125,202
CNhs10612_P,"Universal RNA - Human Normal Tissues Biochain, pool1 |",-0.0703125,BigWig,0.57421875,0.50390625,0.0703125,203
CNhs13442_M,eye - muscle lateral | CAGE,0.0703125,BigWig,0.55859375,0.62890625,0.0703125,204
CNhs12856_M,"heart - pulmonic valve, adult | CAGE",0.0703125,BigWig,0.578125,0.6484375,0.0703125,205
CNhs12316_M,"medial temporal gyrus, adult | CAGE",0.0703125,BigWig,0.5625,0.6328125,0.0703125,206
CNhs14070_M,"medial temporal gyrus, newborn | CAGE",0.0703125,BigWig,0.54296875,0.61328125,0.0703125,207
CNhs10642_M,"paracentral gyrus, adult, pool1 | CAGE",0.0703125,BigWig,0.58203125,0.65234375,0.0703125,208
CNhs12317_M,"parietal lobe, adult | CAGE",0.0703125,BigWig,0.57421875,0.64453125,0.0703125,209
CNhs10636_P,"retina, adult, pool1 | CAGE",-0.0703125,BigWig,0.578125,0.5078125,0.0703125,210
CNhs12858_M,"throat, adult | CAGE",0.0703125,BigWig,0.61328125,0.68359375,0.0703125,211
ENCSR630IBN,KOPT-K1 | Histone ChIP-seq | H3K4me1,-0.06640625,BigWig,0.65234375,0.5859375,0.06640625,212
ENCSR814TSD,neuron | Histone ChIP-seq | H3K4me1,0.06640625,BigWig,0.69140625,0.7578125,0.06640625,213
ENCSR452DCM,CD14-positive monocyte | DNase-seq,-0.06640625,BigWig,0.84765625,0.78125,0.06640625,214
ENCSR674JIL,CD14-positive monocyte | DNase-seq,-0.06640625,BigWig,0.828125,0.76171875,0.06640625,215
ENCSR268JEO,"common myeloid progenitor, CD34-positive | Histone ChIP",-0.06640625,BigWig,0.88671875,0.8203125,0.06640625,216
ENCSR479YCJ,thymus | Histone ChIP-seq | H3K4me1,-0.06640625,BigWig,0.828125,0.76171875,0.06640625,217
CNhs11862_M,bronchial squamous cell carcinoma cell line | CAGE,0.06640625,BigWig,0.58203125,0.6484375,0.06640625,218
CNhs11289_P,cervical cancer cell line | CAGE,-0.06640625,BigWig,0.57421875,0.5078125,0.06640625,219
CNhs11185_M,glioblastoma cell line | CAGE,0.06640625,BigWig,0.53125,0.59765625,0.06640625,220
CNhs12806_M,large cell lung carcinoma cell line | CAGE,0.06640625,BigWig,0.58984375,0.65625,0.06640625,221
CNhs13069_M,mesothelioma cell line | CAGE,0.06640625,BigWig,0.53125,0.59765625,0.06640625,222
CNhs11858_M,"mycosis fungoides, T cell lymphoma cell line | CAGE",0.06640625,BigWig,0.53125,0.59765625,0.06640625,223
CNhs11753_M,neuroectodermal tumor cell line | CAGE,0.06640625,BigWig,0.52734375,0.59375,0.06640625,224
CNhs11260_M,prostate cancer cell line | CAGE,0.06640625,BigWig,0.5390625,0.60546875,0.06640625,225
CNhs11734_M,small-cell gastrointestinal carcinoma cell line | CAGE,0.06640625,BigWig,0.6015625,0.66796875,0.06640625,226
CNhs11896_M,"Gingival epithelial cells,  (GEA14) | CAGE",0.06640625,BigWig,0.59375,0.66015625,0.06640625,227
CNhs11064_P,Keratinocyte - epidermal | CAGE,-0.06640625,BigWig,0.578125,0.51171875,0.06640625,228
CNhs11331_M,Renal Cortical Epithelial Cells | CAGE,0.06640625,BigWig,0.5546875,0.62109375,0.06640625,229
CNhs12074_M,Renal Glomerular Endothelial Cells | CAGE,0.06640625,BigWig,0.5390625,0.60546875,0.06640625,230
CNhs11329_M,Smooth Muscle Cells - Tracheal | CAGE,0.06640625,BigWig,0.53515625,0.6015625,0.06640625,231
CNhs11068_P,Synoviocyte | CAGE,-0.06640625,BigWig,0.5859375,0.51953125,0.06640625,232
CNhs12554_M,"nasal epithelial cells, tech  | CAGE",0.06640625,BigWig,0.57421875,0.640625,0.06640625,233
CNhs12842_M,"appendix, adult | CAGE",0.06640625,BigWig,0.53515625,0.6015625,0.06640625,234
CNhs10619_M,"colon, adult, pool1 | CAGE",0.06640625,BigWig,0.57421875,0.640625,0.06640625,235
CNhs11757_P,"heart, adult, diseased post-infarction | CAGE",-0.06640625,BigWig,0.5703125,0.50390625,0.06640625,236
CNhs10622_M,"kidney, adult, pool1 | CAGE",0.06640625,BigWig,0.6953125,0.76171875,0.06640625,237
CNhs14084_M,"thalamus, newborn | CAGE",0.06640625,BigWig,0.5703125,0.63671875,0.06640625,238
CNhs11769_M,"thyroid, fetal | CAGE",0.06640625,BigWig,0.63671875,0.703125,0.06640625,239
ENCSR000EMR,GM12864 | DNase-seq,-0.0625,BigWig,0.8359375,0.7734375,0.0625,240
ENCSR000APV,HepG2 | Histone ChIP-seq | H3K4me1,0.0625,BigWig,0.58984375,0.65234375,0.0625,241
ENCSR489NAM,OCI-LY7 | DNase-seq,-0.0625,BigWig,0.75390625,0.69140625,0.0625,242
ENCSR551QXE,substantia nigra | Histone ChIP-seq | H3K4me3,-0.0625,BigWig,0.92578125,0.86328125,0.0625,243
CNhs13051_M,acute myeloid leukemia (FAB M5) cell line | CAGE,0.0625,BigWig,0.5390625,0.6015625,0.0625,244
CNhs13059_M,acute myeloid leukemia (FAB M6) cell line | CAGE,0.0625,BigWig,0.53125,0.59375,0.0625,245
CNhs11882_M,adenocarcinoma cell line | CAGE,0.0625,BigWig,0.58203125,0.64453125,0.0625,246
CNhs11881_M,anaplastic large cell lymphoma cell line | CAGE,0.0625,BigWig,0.56640625,0.62890625,0.0625,247
CNhs11842_M,fibrous histiocytoma cell line | CAGE,0.0625,BigWig,0.5234375,0.5859375,0.0625,248
CNhs11825_M,large cell non-keratinizing squamous carcinoma cell lin,0.0625,BigWig,0.5546875,0.6171875,0.0625,249
CNhs13067_M,mesothelioma cell line | CAGE,0.0625,BigWig,0.52734375,0.58984375,0.0625,250
CNhs13075_M,mesothelioma cell line | CAGE,0.0625,BigWig,0.54296875,0.60546875,0.0625,251
CNhs10753_M,signet ring carcinoma cell line | CAGE,0.0625,BigWig,0.55859375,0.62109375,0.0625,252
CNhs11885_M,small cell cervical cancer cell line | CAGE,0.0625,BigWig,0.55859375,0.62109375,0.0625,253
CNhs11327_P,Bronchial Epithelial Cell | CAGE,-0.0625,BigWig,0.5703125,0.5078125,0.0625,254
CNhs13472_M,CD14+ monocytes - treated with Cryptococcus | CAGE,0.0625,BigWig,0.53515625,0.59765625,0.0625,255
CNhs13470_M,CD14+ monocytes - treated with lipopolysaccharide | CAG,0.0625,BigWig,0.56640625,0.62890625,0.0625,256
CNhs10861_M,Macrophage - monocyte derived | CAGE,0.0625,BigWig,0.6015625,0.6640625,0.0625,257
CNhs11330_M,Renal Proximal Tubular Epithelial Cell | CAGE,0.0625,BigWig,0.5390625,0.6015625,0.0625,258
CNhs10842_M,Retinal Pigment Epithelial Cells | CAGE,0.0625,BigWig,0.5703125,0.6328125,0.0625,259
CNhs11083_M,Skeletal Muscle Cells | CAGE,0.0625,BigWig,0.5234375,0.5859375,0.0625,260
CNhs10615_M,"adipose tissue, adult, pool1 | CAGE",0.0625,BigWig,0.55859375,0.62109375,0.0625,261
CNhs14078_M,"amygdala, newborn | CAGE",0.0625,BigWig,0.53515625,0.59765625,0.0625,262
CNhs11795_P,"cerebellum, adult, pool1 | CAGE",-0.0625,BigWig,0.56640625,0.50390625,0.0625,263
CNhs10620_P,"esophagus, adult, pool1 | CAGE",-0.0625,BigWig,0.56640625,0.50390625,0.0625,264
CNhs11762_M,"eye, fetal | CAGE",0.0625,BigWig,0.65625,0.71875,0.0625,265
CNhs12848_M,"gall bladder, adult | CAGE",0.0625,BigWig,0.55859375,0.62109375,0.0625,266
CNhs12315_M,"medulla oblongata, adult | CAGE",0.0625,BigWig,0.640625,0.703125,0.0625,267
CNhs14079_M,"medulla oblongata, newborn | CAGE",0.0625,BigWig,0.58203125,0.64453125,0.0625,268
CNhs13804_M,pineal gland - adult | CAGE,0.0625,BigWig,0.59765625,0.66015625,0.0625,269
ENCSR000EMN,CMK | DNase-seq,0.05859375,BigWig,0.59375,0.65234375,0.05859375,270
ENCSR496DCY,H1 | Histone ChIP-seq | H3K36me3,0.05859375,BigWig,0.67578125,0.734375,0.05859375,271
ENCSR000EJA,H54 | DNase-seq,0.05859375,BigWig,0.73828125,0.796875,0.05859375,272
ENCSR265TEK,NCI-H226 | DNase-seq,-0.05859375,BigWig,0.6953125,0.63671875,0.05859375,273
ENCSR000ASK,CD14-positive monocyte | Histone ChIP-seq | H3K27me3,0.05859375,BigWig,0.66015625,0.71875,0.05859375,274
ENCSR060YIB,"common myeloid progenitor, CD34-positive | Histone ChIP",-0.05859375,BigWig,0.8359375,0.77734375,0.05859375,275
ENCSR164ROX,"common myeloid progenitor, CD34-positive | Histone ChIP",-0.05859375,BigWig,0.8359375,0.77734375,0.05859375,276
ENCSR791ISZ,psoas muscle | Histone ChIP-seq | H3K27ac,-0.05859375,BigWig,0.71875,0.66015625,0.05859375,277
ENCSR146JFX,skeletal muscle tissue | Histone ChIP-seq | H3K4me1,-0.05859375,BigWig,0.7578125,0.69921875,0.05859375,278
CNhs13049_M,acute myeloid leukemia (FAB M7) cell line | CAGE,0.05859375,BigWig,0.51953125,0.578125,0.05859375,279
CNhs11838_M,alveolar cell carcinoma cell line | CAGE,0.05859375,BigWig,0.546875,0.60546875,0.05859375,280
CNhs10748_M,epidermoid carcinoma cell line | CAGE,0.05859375,BigWig,0.52734375,0.5859375,0.05859375,281
CNhs11738_M,gastrointestinal carcinoma cell line | CAGE,0.05859375,BigWig,0.54296875,0.6015625,0.05859375,282
CNhs11859_M,"leukemia, chronic megakaryoblastic cell line | CAGE",0.05859375,BigWig,0.52734375,0.5859375,0.05859375,283
CNhs11945_M,meningioma cell line | CAGE,0.05859375,BigWig,0.53515625,0.59375,0.05859375,284
CNhs13066_M,mesothelioma cell line | CAGE,0.05859375,BigWig,0.53125,0.58984375,0.05859375,285
CNhs13068_M,mesothelioma cell line | CAGE,0.05859375,BigWig,0.5234375,0.58203125,0.05859375,286
CNhs11284_M,neuroblastoma cell line | CAGE,0.05859375,BigWig,0.53125,0.58984375,0.05859375,287
CNhs11716_M,papillary adenocarcinoma cell line | CAGE,0.05859375,BigWig,0.5234375,0.58203125,0.05859375,288
CNhs10734_M,papillotubular adenocarcinoma cell line | CAGE,0.05859375,BigWig,0.546875,0.60546875,0.05859375,289
CNhs11849_P,pharyngeal carcinoma cell line | CAGE,-0.05859375,BigWig,0.5625,0.50390625,0.05859375,290
CNhs13550_M,Mallassez-derived cells | CAGE,0.05859375,BigWig,0.578125,0.63671875,0.05859375,291
CNhs11077_P,Mammary Epithelial Cell | CAGE,-0.05859375,BigWig,0.5703125,0.51171875,0.05859375,292
CNhs11088_M,Smooth Muscle Cells - Coronary Artery | CAGE,0.05859375,BigWig,0.53515625,0.59375,0.05859375,293
CNhs11092_M,Tracheal Epithelial Cells | CAGE,0.05859375,BigWig,0.5859375,0.64453125,0.05859375,294
CNhs13535_M,migratory langerhans cells | CAGE,0.05859375,BigWig,0.59765625,0.65625,0.05859375,295
CNhs10610_P,"SABiosciences XpressRef Human Universal Total RNA, pool",-0.05859375,BigWig,0.5625,0.50390625,0.05859375,296
CNhs13464_M,Urethra | CAGE,0.05859375,BigWig,0.5625,0.62109375,0.05859375,297
CNhs11760_M,"aorta, adult, pool1 | CAGE",0.05859375,BigWig,0.5703125,0.62890625,0.05859375,298
CNhs14080_M,"locus coeruleus, newborn | CAGE",0.05859375,BigWig,0.5625,0.62109375,0.05859375,299
CNhs10630_M,"small intestine, adult, pool1 | CAGE",0.05859375,BigWig,0.5625,0.62109375,0.05859375,300
CNhs14077_M,"spinal cord, newborn | CAGE",0.05859375,BigWig,0.6015625,0.66015625,0.05859375,301
CNhs10637_P,"temporal lobe, adult, pool1 | CAGE",-0.05859375,BigWig,0.5625,0.50390625,0.05859375,302
CNhs12314_M,"thalamus, adult | CAGE",0.05859375,BigWig,0.69140625,0.75,0.05859375,303
CNhs12853_M,"tongue, adult | CAGE",0.05859375,BigWig,0.64453125,0.703125,0.05859375,304
CNhs11766_P,"trachea, fetal | CAGE",-0.05859375,BigWig,0.55859375,0.5,0.05859375,305
ENCSR257BGZ,ACHN | DNase-seq,-0.0546875,BigWig,0.6953125,0.640625,0.0546875,306
ENCSR000DQT,GM06990 | Histone ChIP-seq | H3K36me3,-0.0546875,BigWig,0.875,0.8203125,0.0546875,307
ENCSR477RTP,IMR-90 | DNase-seq,-0.0546875,BigWig,0.7265625,0.671875,0.0546875,308
ENCSR835MMN,SK-N-MC | Histone ChIP-seq | H3K27ac,0.0546875,BigWig,0.57421875,0.62890625,0.0546875,309
ENCSR440QMR,iPS DF 19.7 | DNase-seq,-0.0546875,BigWig,0.83203125,0.77734375,0.0546875,310
ENCSR162VXO,adipocyte | Histone ChIP-seq | H3K9ac,0.0546875,BigWig,0.6328125,0.6875,0.0546875,311
ENCSR000EPK,CD14-positive monocyte | DNase-seq,-0.0546875,BigWig,0.828125,0.7734375,0.0546875,312
ENCSR401CJA,"common myeloid progenitor, CD34-positive | Histone ChIP",0.0546875,BigWig,0.68359375,0.73828125,0.0546875,313
ENCSR649KBB,brain | DNase-seq,0.0546875,BigWig,0.64453125,0.69921875,0.0546875,314
ENCSR329FXI,skeletal muscle tissue | Histone ChIP-seq | H3K27ac,-0.0546875,BigWig,0.6953125,0.640625,0.0546875,315
ENCSR668NXG,skeletal muscle tissue | Histone ChIP-seq | H3K4me1,-0.0546875,BigWig,0.83984375,0.78515625,0.0546875,316
CNhs11822_M,Krukenberg tumor cell line | CAGE,0.0546875,BigWig,0.53515625,0.58984375,0.0546875,317
CNhs10746_M,acute lymphoblastic leukemia (T-ALL) cell line | CAGE,0.0546875,BigWig,0.51953125,0.57421875,0.0546875,318
CNhs11250_M,chronic myelogenous leukemia cell line | CAGE,0.0546875,BigWig,0.5234375,0.578125,0.0546875,319
CNhs11046_M,embryonic kidney cell line | CAGE,0.0546875,BigWig,0.51953125,0.57421875,0.0546875,320
CNhs11870_M,liposarcoma cell line | CAGE,0.0546875,BigWig,0.515625,0.5703125,0.0546875,321
CNhs11852_M,lymphangiectasia cell line | CAGE,0.0546875,BigWig,0.56640625,0.62109375,0.0546875,322
CNhs12805_M,medulloblastoma cell line | CAGE,0.0546875,BigWig,0.53515625,0.58984375,0.0546875,323
CNhs11810_M,oral squamous cell carcinoma cell line | CAGE,0.0546875,BigWig,0.5390625,0.59375,0.0546875,324
CNhs11267_M,retinoblastoma cell line | CAGE,0.0546875,BigWig,0.53125,0.5859375,0.0546875,325
CNhs11269_M,rhabdomyosarcoma cell line | CAGE,0.0546875,BigWig,0.5234375,0.578125,0.0546875,326
CNhs11829_M,sacrococcigeal teratoma cell line | CAGE,0.0546875,BigWig,0.5234375,0.578125,0.0546875,327
CNhs11812_M,small cell lung carcinoma cell line | CAGE,0.0546875,BigWig,0.57421875,0.62890625,0.0546875,328
CNhs11857_M,spindle cell sarcoma cell line | CAGE,0.0546875,BigWig,0.51953125,0.57421875,0.0546875,329
CNhs11739_M,squamous cell carcinoma cell line | CAGE,0.0546875,BigWig,0.546875,0.6015625,0.0546875,330
CNhs11261_M,transitional-cell carcinoma cell line | CAGE,0.0546875,BigWig,0.54296875,0.59765625,0.0546875,331
CNhs13466_M,CD14+ monocytes - treated with IFN + N-hexane | CAGE,0.0546875,BigWig,0.54296875,0.59765625,0.0546875,332
CNhs13467_M,CD14+ monocytes - treated with Trehalose dimycolate (TD,0.0546875,BigWig,0.54296875,0.59765625,0.0546875,333
CNhs11319_M,Fibroblast - Choroid Plexus | CAGE,0.0546875,BigWig,0.53125,0.5859375,0.0546875,334
CNhs11379_M,Fibroblast - Dermal | CAGE,0.0546875,BigWig,0.5390625,0.59375,0.0546875,335
CNhs14129_M,"Fibroblast - Gingival,  (control) | CAGE",0.0546875,BigWig,0.515625,0.5703125,0.0546875,336
CNhs10867_M,Fibroblast - Periodontal Ligament | CAGE,0.0546875,BigWig,0.51171875,0.56640625,0.0546875,337
CNhs11077_M,Mammary Epithelial Cell | CAGE,0.0546875,BigWig,0.578125,0.6328125,0.0546875,338
CNhs11078_M,Osteoblast | CAGE,0.0546875,BigWig,0.55078125,0.60546875,0.0546875,339
CNhs11052_M,Preadipocyte - breast | CAGE,0.0546875,BigWig,0.51953125,0.57421875,0.0546875,340
CNhs11082_M,Preadipocyte - visceral | CAGE,0.0546875,BigWig,0.53125,0.5859375,0.0546875,341
CNhs11067_M,Smooth Muscle Cells - Internal Thoracic Artery | CAGE,0.0546875,BigWig,0.5390625,0.59375,0.0546875,342
CNhs12558_M,mature adipocyte | CAGE,0.0546875,BigWig,0.54296875,0.59765625,0.0546875,343
CNhs13439_P,cruciate ligament | CAGE,-0.0546875,BigWig,0.57421875,0.51953125,0.0546875,344
CNhs12610_P,"diencephalon, adult | CAGE",-0.0546875,BigWig,0.5546875,0.5,0.0546875,345
CNhs12857_M,"heart - tricuspid valve, adult | CAGE",0.0546875,BigWig,0.55859375,0.61328125,0.0546875,346
CNhs10653_M,"heart, fetal, pool1 | CAGE",0.0546875,BigWig,0.51953125,0.57421875,0.0546875,347
CNhs12322_M,"locus coeruleus, adult | CAGE",0.0546875,BigWig,0.734375,0.7890625,0.0546875,348
CNhs11787_M,"occipital lobe, adult | CAGE",0.0546875,BigWig,0.6796875,0.734375,0.0546875,349
CNhs11784_M,"occipital lobe, fetal | CAGE",0.0546875,BigWig,0.5234375,0.578125,0.0546875,350
CNhs12228_M,"pineal gland, adult | CAGE",0.0546875,BigWig,0.63671875,0.69140625,0.0546875,351
CNhs11755_M,"smooth muscle, adult, pool1 | CAGE",0.0546875,BigWig,0.52734375,0.58203125,0.0546875,352
CNhs13807_M,spinal cord - adult | CAGE,0.0546875,BigWig,0.6796875,0.734375,0.0546875,353
CNhs11764_M,"spinal cord, fetal | CAGE",0.0546875,BigWig,0.62890625,0.68359375,0.0546875,354
GTEX-11I78-0626-SM-5A5LZ.1,pancreas | RNA-seq,-0.0546875,BigWig,1.0,0.9453125,0.0546875,355
lncRNA,lncRNA,0.0517578125,BED,0.150390625,0.2021484375,0.0517578125,356
ENCSR714TJD,A673 | Histone ChIP-seq | H3K27ac,0.05078125,BigWig,0.65234375,0.703125,0.05078125,357
ENCSR000EME,BJ | DNase-seq,-0.05078125,BigWig,0.65234375,0.6015625,0.05078125,358
ENCSR000AQW,DND-41 | Histone ChIP-seq | H3K27ac,-0.05078125,BigWig,0.796875,0.74609375,0.05078125,359
ENCSR000AQY,DND-41 | Histone ChIP-seq | H3K4me1,-0.05078125,BigWig,0.6015625,0.55078125,0.05078125,360
ENCSR809CEA,H4 | DNase-seq,-0.05078125,BigWig,0.8359375,0.78515625,0.05078125,361
ENCSR959ZXU,HeLa-S3 | DNase-seq,-0.05078125,BigWig,0.6953125,0.64453125,0.05078125,362
ENCSR879WTY,KOPT-K1 | Histone ChIP-seq | H3K36me3,-0.05078125,BigWig,0.62890625,0.578125,0.05078125,363
ENCSR594NOE,RPMI8226 | DNase-seq,-0.05078125,BigWig,0.8046875,0.75390625,0.05078125,364
ENCSR292ZMG,"CD4-positive, CD25-positive, alpha-beta regulatory T ce",-0.05078125,BigWig,0.74609375,0.6953125,0.05078125,365
ENCSR920YBY,"common myeloid progenitor, CD34-positive | Histone ChIP",-0.05078125,BigWig,0.796875,0.74609375,0.05078125,366
ENCSR000EKF,endothelial cell of umbilical vein | DNase-seq,0.05078125,BigWig,0.7890625,0.83984375,0.05078125,367
ENCSR309FOO,brain | DNase-seq,0.05078125,BigWig,0.62890625,0.6796875,0.05078125,368
ENCSR512CWR,umbilical cord | DNase-seq,-0.05078125,BigWig,0.73828125,0.6875,0.05078125,369
CNhs13477_P,"Hep-2 cells treated with Streptococci strain 5448, biol",-0.05078125,BigWig,0.5546875,0.50390625,0.05078125,370
CNhs13057_M,acute myeloid leukemia (FAB M4eo) cell line | CAGE,0.05078125,BigWig,0.51953125,0.5703125,0.05078125,371
CNhs13060_M,acute myeloid leukemia (FAB M6) cell line | CAGE,0.05078125,BigWig,0.515625,0.56640625,0.05078125,372
CNhs13505_M,acute myeloid leukemia (FAB M6) cell line | CAGE,0.05078125,BigWig,0.53515625,0.5859375,0.05078125,373
CNhs11862_P,bronchial squamous cell carcinoma cell line | CAGE,-0.05078125,BigWig,0.55859375,0.5078125,0.05078125,374
CNhs11283_M,cholangiocellular carcinoma cell line | CAGE,0.05078125,BigWig,0.53515625,0.5859375,0.05078125,375
CNhs11732_M,embryonic pancreas cell line | CAGE,0.05078125,BigWig,0.546875,0.59765625,0.05078125,376
CNhs11860_M,fibrosarcoma cell line | CAGE,0.05078125,BigWig,0.53515625,0.5859375,0.05078125,377
CNhs12328_M,hepatocellular carcinoma cell line | CAGE,0.05078125,BigWig,0.52734375,0.578125,0.05078125,378
CNhs11818_M,neuroblastoma cell line | CAGE,0.05078125,BigWig,0.53515625,0.5859375,0.05078125,379
CNhs11933_M,pleomorphic hepatocellular carcinoma cell line | CAGE,0.05078125,BigWig,0.55859375,0.609375,0.05078125,380
CNhs11883_M,tubular adenocarcinoma cell line | CAGE,0.05078125,BigWig,0.5390625,0.58984375,0.05078125,381
CNhs10858_M,CD14+ monocyte derived endothelial progenitor cells | C,0.05078125,BigWig,0.6171875,0.66796875,0.05078125,382
CNhs13468_M,CD14+ monocytes - mock treated | CAGE,0.05078125,BigWig,0.53125,0.58203125,0.05078125,383
CNhs13474_M,CD14+ monocytes - treated with B-glucan | CAGE,0.05078125,BigWig,0.53125,0.58203125,0.05078125,384
CNhs10874_M,Fibroblast - Aortic Adventitial | CAGE,0.05078125,BigWig,0.51953125,0.5703125,0.05078125,385
CNhs11061_P,"Gingival epithelial cells,  (GEA11) | CAGE",-0.05078125,BigWig,0.55859375,0.5078125,0.05078125,386
CNhs10881_M,Nucleus Pulposus Cell | CAGE,0.05078125,BigWig,0.515625,0.56640625,0.05078125,387
CNhs12073_M,Schwann Cells | CAGE,0.05078125,BigWig,0.52734375,0.578125,0.05078125,388
CNhs10847_M,Sebocyte | CAGE,0.05078125,BigWig,0.5859375,0.63671875,0.05078125,389
CNhs10843_M,Urothelial cells | CAGE,0.05078125,BigWig,0.53125,0.58203125,0.05078125,390
CNhs12372_M,mesenchymal precursor cell - ovarian cancer left ovary,0.05078125,BigWig,0.51953125,0.5703125,0.05078125,391
CNhs11796_P,"brain, adult | CAGE",-0.05078125,BigWig,0.5546875,0.50390625,0.05078125,392
CNhs14071_M,"caudate nucleus, newborn | CAGE",0.05078125,BigWig,0.55078125,0.6015625,0.05078125,393
CNhs14075_M,"cerebellum, newborn | CAGE",0.05078125,BigWig,0.5703125,0.62109375,0.05078125,394
CNhs13439_M,cruciate ligament | CAGE,0.05078125,BigWig,0.5859375,0.63671875,0.05078125,395
CNhs13444_M,eye - muscle inferior rectus | CAGE,0.05078125,BigWig,0.546875,0.59765625,0.05078125,396
CNhs12849_M,"parotid gland, adult | CAGE",0.05078125,BigWig,0.58203125,0.6328125,0.05078125,397
CNhs10627_P,"placenta, adult, pool1 | CAGE",-0.05078125,BigWig,0.5546875,0.50390625,0.05078125,398
CNhs10638_P,"postcentral gyrus, adult, pool1 | CAGE",-0.05078125,BigWig,0.5546875,0.50390625,0.05078125,399
CNhs14083_M,"putamen, newborn | CAGE",0.05078125,BigWig,0.53515625,0.5859375,0.05078125,400
CNhs12314_P,"thalamus, adult | CAGE",-0.05078125,BigWig,0.5546875,0.50390625,0.05078125,401
CNhs10654_P,"tonsil, adult, pool1 | CAGE",-0.05078125,BigWig,0.55078125,0.5,0.05078125,402
CNhs10654_M,"tonsil, adult, pool1 | CAGE",0.05078125,BigWig,0.578125,0.62890625,0.05078125,403
CNhs11763_M,"uterus, fetal | CAGE",0.05078125,BigWig,0.58984375,0.640625,0.05078125,404
CNhs12844_M,"vein, adult | CAGE",0.05078125,BigWig,0.5703125,0.62109375,0.05078125,405
splice_donor,splice donor,0.0498046875,BED,0.1337890625,0.18359375,0.0498046875,406
enhancer_Tissue_invariant,enhancer Tissue invariant,0.0498046875,BED,0.099609375,0.1494140625,0.0498046875,407
ENCSR000AQX,DND-41 | Histone ChIP-seq | H3K36me3,-0.046875,BigWig,0.6796875,0.6328125,0.046875,408
ENCSR240TPI,ELR | DNase-seq,-0.046875,BigWig,0.6171875,0.5703125,0.046875,409
ENCSR000DRW,GM12878 | Histone ChIP-seq | H3K36me3,-0.046875,BigWig,0.88671875,0.83984375,0.046875,410
ENCSR883AQJ,H1 | Histone ChIP-seq | H3K9me3,0.046875,BigWig,0.83203125,0.87890625,0.046875,411
ENCSR000AMP,HepG2 | Histone ChIP-seq | H3K4me3,-0.046875,BigWig,0.6484375,0.6015625,0.046875,412
ENCSR337IRF,RCC | DNase-seq,-0.046875,BigWig,0.65625,0.609375,0.046875,413
ENCSR014FPY,iPS DF 4.7 | DNase-seq,-0.046875,BigWig,0.76953125,0.72265625,0.046875,414
ENCSR581YZL,iPS-15b | Histone ChIP-seq | H3K27me3,-0.046875,BigWig,0.79296875,0.74609375,0.046875,415
ENCSR695AUY,CD14-positive monocyte | DNase-seq,-0.046875,BigWig,0.87109375,0.82421875,0.046875,416
ENCSR080XUB,CD14-positive monocyte | Histone ChIP-seq | H3K27me3,0.046875,BigWig,0.66796875,0.71484375,0.046875,417
ENCSR851DHU,"CD8-positive, alpha-beta T cell | Histone ChIP-seq | H3",0.046875,BigWig,0.73828125,0.78515625,0.046875,418
ENCSR000ENF,brain pericyte | DNase-seq,-0.046875,BigWig,0.859375,0.8125,0.046875,419
ENCSR479BPF,brain | Histone ChIP-seq | H3K27me3,0.046875,BigWig,0.7109375,0.7578125,0.046875,420
ENCSR000EIL,chorion | DNase-seq,0.046875,BigWig,0.91015625,0.95703125,0.046875,421
ENCSR085FXN,heart | Histone ChIP-seq | H3K9ac,0.046875,BigWig,0.75390625,0.80078125,0.046875,422
ENCSR863GVT,spinal cord | Histone ChIP-seq | H3K4me1,-0.046875,BigWig,0.87109375,0.82421875,0.046875,423
ENCSR612MZB,trophoblast | Histone ChIP-seq | H3K9me3,0.046875,BigWig,0.57421875,0.62109375,0.046875,424
CNhs13479_P,"Hep-2 cells mock treated, biol  | CAGE",-0.046875,BigWig,0.55078125,0.50390625,0.046875,425
CNhs11867_M,NK T cell leukemia cell line | CAGE,0.046875,BigWig,0.515625,0.5625,0.046875,426
CNhs11728_M,Wilms' tumor cell line | CAGE,0.046875,BigWig,0.53125,0.578125,0.046875,427
CNhs11844_M,acantholytic squamous carcinoma cell line | CAGE,0.046875,BigWig,0.578125,0.625,0.046875,428
CNhs11932_M,basal cell carcinoma cell line | CAGE,0.046875,BigWig,0.5234375,0.5703125,0.046875,429
CNhs14138_M,bronchioalveolar carcinoma cell line | CAGE,0.046875,BigWig,0.5234375,0.5703125,0.046875,430
CNhs11280_M,colon carcinoma cell line | CAGE,0.046875,BigWig,0.5390625,0.5859375,0.046875,431
CNhs14239_M,epithelioid sarcoma cell line | CAGE,0.046875,BigWig,0.515625,0.5625,0.046875,432
CNhs13064_M,mesothelioma cell line | CAGE,0.046875,BigWig,0.53515625,0.58203125,0.046875,433
CNhs13072_M,mesothelioma cell line | CAGE,0.046875,BigWig,0.578125,0.625,0.046875,434
CNhs11752_P,mucinous adenocarcinoma cell line | CAGE,-0.046875,BigWig,0.55078125,0.50390625,0.046875,435
CNhs11258_M,myeloma cell line | CAGE,0.046875,BigWig,0.5390625,0.5859375,0.046875,436
CNhs11894_M,normal embryonic palatal mesenchymal cell line | CAGE,0.046875,BigWig,0.515625,0.5625,0.046875,437
CNhs10729_M,renal cell carcinoma cell line | CAGE,0.046875,BigWig,0.5546875,0.6015625,0.046875,438
CNhs11827_M,serous cystadenocarcinoma cell line | CAGE,0.046875,BigWig,0.55859375,0.60546875,0.046875,439
CNhs11270_M,signet ring carcinoma cell line | CAGE,0.046875,BigWig,0.53515625,0.58203125,0.046875,440
CNhs11244_M,synovial sarcoma cell line | CAGE,0.046875,BigWig,0.52734375,0.57421875,0.046875,441
CNhs11054_M,Adipocyte - omental | CAGE,0.046875,BigWig,0.53125,0.578125,0.046875,442
CNhs10876_M,Anulus Pulposus Cell | CAGE,0.046875,BigWig,0.51953125,0.56640625,0.046875,443
CNhs13465_M,CD14+ monocytes - treated with BCG | CAGE,0.046875,BigWig,0.53125,0.578125,0.046875,444
CNhs13204_M,CD4+CD25+CD45RA- memory regulatory T cells expanded | C,0.046875,BigWig,0.515625,0.5625,0.046875,445
CNhs13215_M,CD4+CD25-CD45RA- memory conventional T cells expanded |,0.046875,BigWig,0.51171875,0.55859375,0.046875,446
CNhs11977_M,Endothelial Cells - Artery | CAGE,0.046875,BigWig,0.51953125,0.56640625,0.046875,447
CNhs11952_M,"Fibroblast - Gingival,  (GFH3) | CAGE",0.046875,BigWig,0.51953125,0.56640625,0.046875,448
CNhs12340_P,Hepatocyte | CAGE,-0.046875,BigWig,0.5546875,0.5078125,0.046875,449
CNhs10875_M,Intestinal epithelial cells (polarized) | CAGE,0.046875,BigWig,0.54296875,0.58984375,0.046875,450
CNhs13924_M,"Mast cell, expanded | CAGE",0.046875,BigWig,0.578125,0.625,0.046875,451
CNhs11320_M,Meningeal Cells | CAGE,0.046875,BigWig,0.51953125,0.56640625,0.046875,452
CNhs11316_M,Mesenchymal Stem Cells - bone marrow | CAGE,0.046875,BigWig,0.52734375,0.57421875,0.046875,453
CNhs10863_M,Smooth Muscle Cells - Brain Vascular | CAGE,0.046875,BigWig,0.5234375,0.5703125,0.046875,454
CNhs10868_M,Smooth Muscle Cells - Colonic | CAGE,0.046875,BigWig,0.51953125,0.56640625,0.046875,455
CNhs11091_M,Smooth Muscle Cells - Umbilical Artery | CAGE,0.046875,BigWig,0.53125,0.578125,0.046875,456
CNhs11068_M,Synoviocyte | CAGE,0.046875,BigWig,0.5703125,0.6171875,0.046875,457
CNhs13480_M,immature langerhans cells | CAGE,0.046875,BigWig,0.5859375,0.6328125,0.046875,458
CNhs12373_M,mesenchymal precursor cell - ovarian cancer right ovary,0.046875,BigWig,0.51953125,0.56640625,0.046875,459
CNhs12574_P,nasal epithelial cells | CAGE,-0.046875,BigWig,0.5546875,0.5078125,0.046875,460
CNhs12639_P,tenocyte | CAGE,-0.046875,BigWig,0.55078125,0.50390625,0.046875,461
CNhs10649_P,"corpus callosum, adult, pool1 | CAGE",-0.046875,BigWig,0.55078125,0.50390625,0.046875,462
CNhs11781_M,"duodenum, fetal, tech  | CAGE",0.046875,BigWig,0.546875,0.59375,0.046875,463
CNhs13443_M,eye - muscle medial | CAGE,0.046875,BigWig,0.546875,0.59375,0.046875,464
CNhs13440_M,eye - vitreous humor | CAGE,0.046875,BigWig,0.55078125,0.59765625,0.046875,465
CNhs14082_M,"globus pallidus, newborn | CAGE",0.046875,BigWig,0.55078125,0.59765625,0.046875,466
CNhs12849_P,"parotid gland, adult | CAGE",-0.046875,BigWig,0.55078125,0.50390625,0.046875,467
CNhs12850_P,"penis, adult | CAGE",-0.046875,BigWig,0.5546875,0.5078125,0.046875,468
CNhs14225_M,"putamen, adult, tech  | CAGE",0.046875,BigWig,0.53125,0.578125,0.046875,469
CNhs10651_M,"spleen, fetal, pool1 | CAGE",0.046875,BigWig,0.5546875,0.6015625,0.046875,470
CNhs11771_M,"stomach, fetal | CAGE",0.046875,BigWig,0.54296875,0.58984375,0.046875,471
CNhs10633_M,"thymus, adult, pool1 | CAGE",0.046875,BigWig,0.52734375,0.57421875,0.046875,472
CNhs12853_P,"tongue, adult | CAGE",-0.046875,BigWig,0.55078125,0.50390625,0.046875,473
CNhs11766_M,"trachea, fetal | CAGE",0.046875,BigWig,0.59765625,0.64453125,0.046875,474
GTEX-1H1CY-2726-SM-9MQLR.1,muscle | RNA-seq,-0.046875,BigWig,1.0,0.953125,0.046875,475
ENCSR678ILN,ELF-1 | DNase-seq,0.04296875,BigWig,0.68359375,0.7265625,0.04296875,476
ENCSR000EUT,HCT116 | Histone ChIP-seq | H3K27ac,0.04296875,BigWig,0.76953125,0.8125,0.04296875,477
ENCSR000DWB,K562 | Histone ChIP-seq | H3K36me3,-0.04296875,BigWig,0.90625,0.86328125,0.04296875,478
ENCSR493NBY,MCF-7 | Histone ChIP-seq | H3K4me1,0.04296875,BigWig,0.66796875,0.7109375,0.04296875,479
ENCSR000EXK,Panc1 | Histone ChIP-seq | H3K27ac,0.04296875,BigWig,0.62890625,0.671875,0.04296875,480
ENCSR383SNM,iPS DF 19.11 | DNase-seq,-0.04296875,BigWig,0.84375,0.80078125,0.04296875,481
ENCSR000DSJ,cardiac myoblast | Histone ChIP-seq | H3K27me3,-0.04296875,BigWig,0.765625,0.72265625,0.04296875,482
ENCSR000DSL,mesodermal cell | Histone ChIP-seq | H3K27me3,-0.04296875,BigWig,0.8046875,0.76171875,0.04296875,483
ENCSR731OMG,"common myeloid progenitor, CD34-positive | Histone ChIP",-0.04296875,BigWig,0.8203125,0.77734375,0.04296875,484
ENCSR228VNQ,mammary epithelial cell | DNase-seq,-0.04296875,BigWig,0.71484375,0.671875,0.04296875,485
ENCSR801IPH,gastrocnemius medialis | Histone ChIP-seq | H3K27ac,-0.04296875,BigWig,0.6640625,0.62109375,0.04296875,486
ENCSR627NIF,lung | DNase-seq,-0.04296875,BigWig,0.77734375,0.734375,0.04296875,487
ENCSR775FTU,muscle of trunk | Histone ChIP-seq | H3K27ac,-0.04296875,BigWig,0.72265625,0.6796875,0.04296875,488
ENCSR034RQV,parathyroid adenoma | Histone ChIP-seq | H3K27ac,-0.04296875,BigWig,0.7890625,0.74609375,0.04296875,489
ENCSR768OLL,right kidney | DNase-seq,0.04296875,BigWig,0.71875,0.76171875,0.04296875,490
ENCSR782SSS,stomach | DNase-seq,-0.04296875,BigWig,0.78515625,0.7421875,0.04296875,491
ENCSR664RRY,subcutaneous abdominal adipose tissue | Histone ChIP-se,-0.04296875,BigWig,0.8671875,0.82421875,0.04296875,492
CNhs11836_M,Ewing's sarcoma cell line | CAGE,0.04296875,BigWig,0.5234375,0.56640625,0.04296875,493
CNhs11844_P,acantholytic squamous carcinoma cell line | CAGE,-0.04296875,BigWig,0.546875,0.50390625,0.04296875,494
CNhs13053_M,acute myeloid leukemia (FAB M0) cell line | CAGE,0.04296875,BigWig,0.51171875,0.5546875,0.04296875,495
CNhs13504_M,acute myeloid leukemia (FAB M4) cell line | CAGE,0.04296875,BigWig,0.53125,0.57421875,0.04296875,496
CNhs11265_M,bile duct carcinoma cell line | CAGE,0.04296875,BigWig,0.58203125,0.625,0.04296875,497
CNhs11846_M,carcinoid cell line | CAGE,0.04296875,BigWig,0.53125,0.57421875,0.04296875,498
CNhs11745_M,clear cell carcinoma cell line | CAGE,0.04296875,BigWig,0.546875,0.58984375,0.04296875,499
CNhs11277_M,large cell lung carcinoma cell line | CAGE,0.04296875,BigWig,0.515625,0.55859375,0.04296875,500
CNhs11724_M,leiomyoma cell line | CAGE,0.04296875,BigWig,0.515625,0.55859375,0.04296875,501
CNhs13063_M,mesothelioma cell line | CAGE,0.04296875,BigWig,0.5234375,0.56640625,0.04296875,502
CNhs11752_M,mucinous adenocarcinoma cell line | CAGE,0.04296875,BigWig,0.5703125,0.61328125,0.04296875,503
CNhs11934_M,myelodysplastic syndrome cell line | CAGE,0.04296875,BigWig,0.53125,0.57421875,0.04296875,504
CNhs11729_M,myxofibrosarcoma cell line | CAGE,0.04296875,BigWig,0.51953125,0.5625,0.04296875,505
CNhs11866_M,neuroectodermal tumor cell line | CAGE,0.04296875,BigWig,0.52734375,0.5703125,0.04296875,506
CNhs11950_M,normal intestinal epithelial cell line | CAGE,0.04296875,BigWig,0.53125,0.57421875,0.04296875,507
CNhs14240_M,squamous cell lung carcinoma cell line | CAGE,0.04296875,BigWig,0.51171875,0.5546875,0.04296875,508
CNhs11371_P,Adipocyte - subcutaneous | CAGE,-0.04296875,BigWig,0.55078125,0.5078125,0.04296875,509
CNhs11321_M,Astrocyte - cerebellum | CAGE,0.04296875,BigWig,0.5234375,0.56640625,0.04296875,510
CNhs11327_M,Bronchial Epithelial Cell | CAGE,0.04296875,BigWig,0.62890625,0.671875,0.04296875,511
CNhs13471_M,CD14+ monocytes - treated with Salmonella | CAGE,0.04296875,BigWig,0.52734375,0.5703125,0.04296875,512
CNhs11373_M,Chondrocyte - re diff | CAGE,0.04296875,BigWig,0.5859375,0.62890625,0.04296875,513
CNhs12000_P,Dendritic Cells - monocyte immature derived | CAGE,-0.04296875,BigWig,0.546875,0.50390625,0.04296875,514
CNhs12342_M,Lens Epithelial Cells | CAGE,0.04296875,BigWig,0.5390625,0.58203125,0.04296875,515
CNhs12566_M,Mast cell | CAGE,0.04296875,BigWig,0.61328125,0.65625,0.04296875,516
CNhs11057_M,Mesenchymal Stem Cells - Wharton's Jelly | CAGE,0.04296875,BigWig,0.51953125,0.5625,0.04296875,517
CNhs11063_M,Neural stem cells | CAGE,0.04296875,BigWig,0.61328125,0.65625,0.04296875,518
CNhs10883_M,Prostate Stromal Cells | CAGE,0.04296875,BigWig,0.515625,0.55859375,0.04296875,519
CNhs11332_M,Renal Epithelial Cells | CAGE,0.04296875,BigWig,0.54296875,0.5859375,0.04296875,520
CNhs10884_P,Small Airway Epithelial Cells | CAGE,-0.04296875,BigWig,0.546875,0.50390625,0.04296875,521
CNhs12569_M,Smooth Muscle Cells - Umbilical Vein | CAGE,0.04296875,BigWig,0.5234375,0.56640625,0.04296875,522
CNhs11760_P,"aorta, adult, pool1 | CAGE",-0.04296875,BigWig,0.546875,0.50390625,0.04296875,523
CNhs11795_M,"cerebellum, adult, pool1 | CAGE",0.04296875,BigWig,0.609375,0.65234375,0.04296875,524
CNhs12846_P,"ductus deferens, adult | CAGE",-0.04296875,BigWig,0.546875,0.50390625,0.04296875,525
CNhs12319_P,"globus pallidus, adult | CAGE",-0.04296875,BigWig,0.55078125,0.5078125,0.04296875,526
CNhs10652_M,"kidney, fetal, pool1 | CAGE",0.04296875,BigWig,0.55859375,0.6015625,0.04296875,527
CNhs12318_P,"substantia nigra, adult | CAGE",-0.04296875,BigWig,0.546875,0.50390625,0.04296875,528
CNhs12318_M,"substantia nigra, adult | CAGE",0.04296875,BigWig,0.66796875,0.7109375,0.04296875,529
CNhs10632_P,"testis, adult, pool1 | CAGE",-0.04296875,BigWig,0.58203125,0.5390625,0.04296875,530
CNhs11769_P,"thyroid, fetal | CAGE",-0.04296875,BigWig,0.546875,0.50390625,0.04296875,531
GTEX-11VI4-1026-SM-5EQM1.1,ovary | RNA-seq,-0.04296875,BigWig,1.0,0.95703125,0.04296875,532
GTEX-ZF2S-1726-SM-57WFT.1,small intestine | RNA-seq,-0.04296875,BigWig,1.0,0.95703125,0.04296875,533
ENCSR000AUK,A549 | Histone ChIP-seq | H3K27me3,0.0390625,BigWig,0.6796875,0.71875,0.0390625,534
ENCSR000ELY,AG04450 | DNase-seq,-0.0390625,BigWig,0.78125,0.7421875,0.0390625,535
ENCSR691MQJ,EL | DNase-seq,-0.0390625,BigWig,0.7109375,0.671875,0.0390625,536
ENCSR186OBR,H1 | Histone ChIP-seq | H3K27me3,-0.0390625,BigWig,0.87109375,0.83203125,0.0390625,537
ENCSR271TFS,H1 | Histone ChIP-seq | H3K4me1,-0.0390625,BigWig,0.83203125,0.79296875,0.0390625,538
ENCSR324UNL,H9 | Histone ChIP-seq | H3K36me3,0.0390625,BigWig,0.890625,0.9296875,0.0390625,539
ENCSR972SMV,H9 | Histone ChIP-seq | H3K9me3,0.0390625,BigWig,0.7265625,0.765625,0.0390625,540
ENCSR620QNS,HAP-1 | DNase-seq,0.0390625,BigWig,0.7109375,0.75,0.0390625,541
ENCSR661KMA,HCT116 | Histone ChIP-seq | H3K27ac,0.0390625,BigWig,0.640625,0.6796875,0.0390625,542
ENCSR404LJZ,MM.1S | Histone ChIP-seq | H3K27me3,0.0390625,BigWig,0.76953125,0.80859375,0.0390625,543
ENCSR169BGF,neuronal stem cell | Histone ChIP-seq | H3K4me1,0.0390625,BigWig,0.75390625,0.79296875,0.0390625,544
ENCSR179CDH,trophoblast cell | DNase-seq,0.0390625,BigWig,0.82421875,0.86328125,0.0390625,545
ENCSR012PII,CD14-positive monocyte | Histone ChIP-seq | H3K27ac,-0.0390625,BigWig,0.87890625,0.83984375,0.0390625,546
ENCSR000ASM,CD14-positive monocyte | Histone ChIP-seq | H3K4me1,0.0390625,BigWig,0.57421875,0.61328125,0.0390625,547
ENCSR400VWA,CD14-positive monocyte | Histone ChIP-seq | H3K4me1,0.0390625,BigWig,0.57421875,0.61328125,0.0390625,548
ENCSR810EPZ,"CD8-positive, alpha-beta memory T cell | Histone ChIP-s",0.0390625,BigWig,0.703125,0.7421875,0.0390625,549
ENCSR207TUX,amniotic stem cell | DNase-seq,-0.0390625,BigWig,0.765625,0.7265625,0.0390625,550
ENCSR972NUZ,foreskin melanocyte | Histone ChIP-seq | H3K4me1,0.0390625,BigWig,0.65234375,0.69140625,0.0390625,551
ENCSR988YKR,kidney capillary endothelial cell | DNase-seq,0.0390625,BigWig,0.6640625,0.703125,0.0390625,552
ENCSR042ITN,cerebellum | Histone ChIP-seq | H3K4me3,0.0390625,BigWig,0.8203125,0.859375,0.0390625,553
ENCSR203BQB,duodenal mucosa | Histone ChIP-seq | H3K9me3,0.0390625,BigWig,0.68359375,0.72265625,0.0390625,554
ENCSR588WOD,endocrine pancreas | Histone ChIP-seq | H3K27me3,0.0390625,BigWig,0.6640625,0.703125,0.0390625,555
ENCSR000EIY,frontal cortex | DNase-seq,0.0390625,BigWig,0.84765625,0.88671875,0.0390625,556
ENCSR948YYZ,gastrocnemius medialis | Histone ChIP-seq | H3K27ac,-0.0390625,BigWig,0.6484375,0.609375,0.0390625,557
ENCSR642HII,liver | Histone ChIP-seq | H3K4me1,-0.0390625,BigWig,0.734375,0.6953125,0.0390625,558
ENCSR622CAH,muscle of leg | DNase-seq,0.0390625,BigWig,0.69921875,0.73828125,0.0390625,559
ENCSR237QFJ,small intestine | Histone ChIP-seq | H3K4me3,0.0390625,BigWig,0.66796875,0.70703125,0.0390625,560
ENCSR773TWR,small intestine | Histone ChIP-seq | H3K9me3,-0.0390625,BigWig,0.828125,0.7890625,0.0390625,561
CNhs11253_M,acute lymphoblastic leukemia (T-ALL) cell line | CAGE,0.0390625,BigWig,0.51171875,0.55078125,0.0390625,562
CNhs13055_M,acute myeloid leukemia (FAB M3) cell line | CAGE,0.0390625,BigWig,0.515625,0.5546875,0.0390625,563
CNhs13050_M,acute myeloid leukemia (FAB M5) cell line | CAGE,0.0390625,BigWig,0.51953125,0.55859375,0.0390625,564
CNhs10750_M,bile duct carcinoma cell line | CAGE,0.0390625,BigWig,0.53125,0.5703125,0.0390625,565
CNhs11886_M,chronic myeloblastic leukemia (CML) cell line | CAGE,0.0390625,BigWig,0.53515625,0.57421875,0.0390625,566
CNhs10727_M,chronic myelogenous leukemia cell line | CAGE,0.0390625,BigWig,0.515625,0.5546875,0.0390625,567
CNhs11733_M,embryonic pancreas cell line | CAGE,0.0390625,BigWig,0.52734375,0.56640625,0.0390625,568
CNhs11249_M,endometrial stromal sarcoma cell line | CAGE,0.0390625,BigWig,0.53515625,0.57421875,0.0390625,569
CNhs11274_M,giant cell carcinoma cell line | CAGE,0.0390625,BigWig,0.53125,0.5703125,0.0390625,570
CNhs11272_M,glioblastoma cell line | CAGE,0.0390625,BigWig,0.515625,0.5546875,0.0390625,571
CNhs11275_M,lung adenocarcinoma cell line | CAGE,0.0390625,BigWig,0.5703125,0.609375,0.0390625,572
CNhs11935_M,"lymphoma, malignant, hairy B-cell cell line | CAGE",0.0390625,BigWig,0.53125,0.5703125,0.0390625,573
CNhs11281_M,melanoma cell line | CAGE,0.0390625,BigWig,0.5546875,0.59375,0.0390625,574
CNhs13070_M,mesothelioma cell line | CAGE,0.0390625,BigWig,0.515625,0.5546875,0.0390625,575
CNhs13073_M,mesothelioma cell line | CAGE,0.0390625,BigWig,0.55078125,0.58984375,0.0390625,576
CNhs11853_M,neuroepithelioma cell line | CAGE,0.0390625,BigWig,0.515625,0.5546875,0.0390625,577
CNhs11252_P,squamous cell carcinoma cell line | CAGE,-0.0390625,BigWig,0.54296875,0.50390625,0.0390625,578
CNhs14140_M,thyroid carcinoma cell line | CAGE,0.0390625,BigWig,0.5234375,0.5625,0.0390625,579
CNhs13203_M,CD4+CD25+CD45RA+ naive regulatory T cells expanded | CA,0.0390625,BigWig,0.515625,0.5546875,0.0390625,580
CNhs12341_M,Cardiac Myocyte | CAGE,0.0390625,BigWig,0.52734375,0.56640625,0.0390625,581
CNhs10865_M,Endothelial Cells - Lymphatic | CAGE,0.0390625,BigWig,0.53125,0.5703125,0.0390625,582
CNhs11376_P,Endothelial Cells - Microvascular | CAGE,-0.0390625,BigWig,0.54296875,0.50390625,0.0390625,583
CNhs11376_M,Endothelial Cells - Microvascular | CAGE,0.0390625,BigWig,0.53515625,0.57421875,0.0390625,584
CNhs11339_M,Fibroblast - Conjunctival | CAGE,0.0390625,BigWig,0.54296875,0.58203125,0.0390625,585
CNhs14132_M,"Fibroblast - Gingival,  (chronic periodontitis) | CAGE",0.0390625,BigWig,0.51171875,0.55078125,0.0390625,586
CNhs11996_M,"Fibroblast - Periodontal Ligament,  (PLH3) | CAGE",0.0390625,BigWig,0.52734375,0.56640625,0.0390625,587
CNhs10878_M,Fibroblast - Pulmonary Artery | CAGE,0.0390625,BigWig,0.51953125,0.55859375,0.0390625,588
CNhs11074_M,Fibroblast - skin spinal muscular atrophy | CAGE,0.0390625,BigWig,0.51171875,0.55078125,0.0390625,589
CNhs11335_M,Hepatic Stellate Cells (lipocyte) | CAGE,0.0390625,BigWig,0.5234375,0.5625,0.0390625,590
CNhs10861_P,Macrophage - monocyte derived | CAGE,-0.0390625,BigWig,0.54296875,0.50390625,0.0390625,591
CNhs11346_M,Mesenchymal Stem Cells - hepatic | CAGE,0.0390625,BigWig,0.5546875,0.59375,0.0390625,592
CNhs12338_P,Neurons | CAGE,-0.0390625,BigWig,0.55078125,0.51171875,0.0390625,593
CNhs13816_P,Olfactory epithelial cells | CAGE,-0.0390625,BigWig,0.54296875,0.50390625,0.0390625,594
CNhs11317_M,Pericytes | CAGE,0.0390625,BigWig,0.53515625,0.57421875,0.0390625,595
CNhs12587_M,Perineurial Cells | CAGE,0.0390625,BigWig,0.51953125,0.55859375,0.0390625,596
CNhs11333_M,Renal Mesangial Cells | CAGE,0.0390625,BigWig,0.52734375,0.56640625,0.0390625,597
CNhs12368_M,mesenchymal precursor cell - cardiac | CAGE,0.0390625,BigWig,0.51171875,0.55078125,0.0390625,598
CNhs12554_P,"nasal epithelial cells, tech  | CAGE",-0.0390625,BigWig,0.54296875,0.50390625,0.0390625,599
CNhs13445_P,"Fingernail (including nail plate, eponychium and hypony",-0.0390625,BigWig,0.546875,0.5078125,0.0390625,600
CNhs10617_P,"brain, adult, pool1 | CAGE",-0.0390625,BigWig,0.54296875,0.50390625,0.0390625,601
CNhs10618_P,"cervix, adult, pool1 | CAGE",-0.0390625,BigWig,0.54296875,0.50390625,0.0390625,602
CNhs12847_P,"epididymis, adult | CAGE",-0.0390625,BigWig,0.54296875,0.50390625,0.0390625,603
CNhs13441_P,eye - muscle superior | CAGE,-0.0390625,BigWig,0.55078125,0.51171875,0.0390625,604
CNhs10652_P,"kidney, fetal, pool1 | CAGE",-0.0390625,BigWig,0.5390625,0.5,0.0390625,605
CNhs11680_M,"lung, fetal | CAGE",0.0390625,BigWig,0.54296875,0.58203125,0.0390625,606
CNhs11782_M,"parietal lobe, fetal | CAGE",0.0390625,BigWig,0.515625,0.5546875,0.0390625,607
CNhs12852_M,"submaxillary gland, adult | CAGE",0.0390625,BigWig,0.6875,0.7265625,0.0390625,608
CNhs14076_M,"substantia nigra, newborn | CAGE",0.0390625,BigWig,0.56640625,0.60546875,0.0390625,609
CNhs11770_M,"throat, fetal | CAGE",0.0390625,BigWig,0.55078125,0.58984375,0.0390625,610
K-562-SM-5KM2I.1,bone marrow | RNA-seq,-0.0390625,BigWig,1.0,0.9609375,0.0390625,611
GTEX-11P81-1426-SM-5P9JN.1,colon | RNA-seq,-0.0390625,BigWig,1.0,0.9609375,0.0390625,612
promoter_Tissue_specific,promoter Tissue specific,0.03564453125,BED,0.12158203125,0.1572265625,0.03564453125,613
ENCSR000AUM,A549 | Histone ChIP-seq | H3K4me1,0.03515625,BigWig,0.6015625,0.63671875,0.03515625,614
ENCSR059MVB,ACC112 | Histone ChIP-seq | H3K27ac,0.03515625,BigWig,0.55078125,0.5859375,0.03515625,615
ENCSR000DPL,AG04450 | Histone ChIP-seq | H3K27ac,-0.03515625,BigWig,0.86328125,0.828125,0.03515625,616
ENCSR346IHH,Daoy | DNase-seq,-0.03515625,BigWig,0.70703125,0.671875,0.03515625,617
ENCSR634MAK,HUES64 | Histone ChIP-seq | H3K27me3,-0.03515625,BigWig,0.7734375,0.73828125,0.03515625,618
ENCSR000DUD,HepG2 | Histone ChIP-seq | H3K36me3,-0.03515625,BigWig,0.8671875,0.83203125,0.03515625,619
ENCSR011CSR,NCI-H929 | Histone ChIP-seq | H3K4me1,0.03515625,BigWig,0.640625,0.67578125,0.03515625,620
ENCSR261SMF,iPS DF 6.9 | DNase-seq,-0.03515625,BigWig,0.81640625,0.78125,0.03515625,621
ENCSR352UID,iPS-20b | Histone ChIP-seq | H3K27me3,-0.03515625,BigWig,0.78125,0.74609375,0.03515625,622
ENCSR000DSM,cardiac muscle cell | Histone ChIP-seq | H3K27me3,-0.03515625,BigWig,0.84765625,0.8125,0.03515625,623
ENCSR364MFN,hepatocyte | DNase-seq,-0.03515625,BigWig,0.84765625,0.8125,0.03515625,624
ENCSR410FIQ,mesodermal cell | Histone ChIP-seq | H3K4me1,0.03515625,BigWig,0.640625,0.67578125,0.03515625,625
ENCSR724GUS,"CD4-positive, alpha-beta memory T cell | Histone ChIP-s",0.03515625,BigWig,0.69921875,0.734375,0.03515625,626
ENCSR007HLH,"CD8-positive, alpha-beta T cell | Histone ChIP-seq | H3",0.03515625,BigWig,0.64453125,0.6796875,0.03515625,627
ENCSR000EQH,T-helper 2 cell | DNase-seq,-0.03515625,BigWig,0.72265625,0.6875,0.03515625,628
ENCSR505THJ,foreskin melanocyte | Histone ChIP-seq | H3K36me3,-0.03515625,BigWig,0.85546875,0.8203125,0.03515625,629
ENCSR785BDQ,glomerular visceral epithelial cell | DNase-seq,-0.03515625,BigWig,0.76171875,0.7265625,0.03515625,630
ENCSR000ARG,mammary epithelial cell | Histone ChIP-seq | H3K9me3,0.03515625,BigWig,0.65234375,0.6875,0.03515625,631
ENCSR997YTW,brain | Histone ChIP-seq | H3K27me3,0.03515625,BigWig,0.75390625,0.7890625,0.03515625,632
ENCSR264YGM,caudate nucleus | Histone ChIP-seq | H3K4me1,-0.03515625,BigWig,0.81640625,0.78125,0.03515625,633
ENCSR244MNY,chorion | Histone ChIP-seq | H3K4me1,0.03515625,BigWig,0.73828125,0.7734375,0.03515625,634
ENCSR673XMI,chorionic villus | Histone ChIP-seq | H3K27me3,0.03515625,BigWig,0.8125,0.84765625,0.03515625,635
ENCSR191OEG,duodenal mucosa | Histone ChIP-seq | H3K9ac,0.03515625,BigWig,0.69921875,0.734375,0.03515625,636
ENCSR884EVT,endocrine pancreas | Histone ChIP-seq | H3K4me3,-0.03515625,BigWig,0.671875,0.63671875,0.03515625,637
ENCSR487BEW,heart left ventricle | Histone ChIP-seq | H3K4me3,0.03515625,BigWig,0.69921875,0.734375,0.03515625,638
ENCSR986XLW,lung | DNase-seq,-0.03515625,BigWig,0.60546875,0.5703125,0.03515625,639
ENCSR100YTJ,lung | Histone ChIP-seq | H3K36me3,-0.03515625,BigWig,0.84765625,0.8125,0.03515625,640
ENCSR823QYQ,skeletal muscle tissue | Histone ChIP-seq | H3K4me1,-0.03515625,BigWig,0.83203125,0.796875,0.03515625,641
ENCSR003WKF,stomach smooth muscle | Histone ChIP-seq | H3K9me3,0.03515625,BigWig,0.57421875,0.609375,0.03515625,642
ENCSR645QZT,thymus | Histone ChIP-seq | H3K36me3,-0.03515625,BigWig,0.796875,0.76171875,0.03515625,643
ENCSR762ZLM,thymus | Histone ChIP-seq | H3K4me1,-0.03515625,BigWig,0.78515625,0.75,0.03515625,644
ENCSR050SCZ,trophoblast | Histone ChIP-seq | H3K4me1,0.03515625,BigWig,0.671875,0.70703125,0.03515625,645
ENCSR813CKU,urinary bladder | DNase-seq,-0.03515625,BigWig,0.72265625,0.6875,0.03515625,646
CNhs13478_P,"Hep-2 cells treated with Streptococci strain JRS4, biol",-0.03515625,BigWig,0.5390625,0.50390625,0.03515625,647
CNhs13054_M,acute myeloid leukemia (FAB M1) cell line | CAGE,0.03515625,BigWig,0.5234375,0.55859375,0.03515625,648
CNhs11864_M,acute myeloid leukemia (FAB M2) cell line | CAGE,0.03515625,BigWig,0.515625,0.55078125,0.03515625,649
CNhs13052_M,acute myeloid leukemia (FAB M2) cell line | CAGE,0.03515625,BigWig,0.51953125,0.5546875,0.03515625,650
CNhs11882_P,adenocarcinoma cell line | CAGE,-0.03515625,BigWig,0.5390625,0.50390625,0.03515625,651
CNhs11889_M,anaplastic squamous cell carcinoma cell line | CAGE,0.03515625,BigWig,0.54296875,0.578125,0.03515625,652
CNhs11265_P,bile duct carcinoma cell line | CAGE,-0.03515625,BigWig,0.5390625,0.50390625,0.03515625,653
CNhs11271_M,hepatoma cell line | CAGE,0.03515625,BigWig,0.53125,0.56640625,0.03515625,654
CNhs11254_M,melanoma cell line | CAGE,0.03515625,BigWig,0.57421875,0.609375,0.03515625,655
CNhs13062_M,mesothelioma cell line | CAGE,0.03515625,BigWig,0.53125,0.56640625,0.03515625,656
CNhs13074_M,mesothelioma cell line | CAGE,0.03515625,BigWig,0.53515625,0.5703125,0.03515625,657
CNhs11744_M,neuroectodermal tumor cell line | CAGE,0.03515625,BigWig,0.515625,0.55078125,0.03515625,658
CNhs11854_M,neurofibroma cell line | CAGE,0.03515625,BigWig,0.53515625,0.5703125,0.03515625,659
CNhs12193_M,non-small cell lung cancer cell line | CAGE,0.03515625,BigWig,0.51171875,0.546875,0.03515625,660
CNhs11832_P,pancreatic carcinoma cell line | CAGE,-0.03515625,BigWig,0.5390625,0.50390625,0.03515625,661
CNhs13508_M,serous adenocarcinoma cell line | CAGE,0.03515625,BigWig,0.53125,0.56640625,0.03515625,662
CNhs11285_M,small cell lung carcinoma cell line | CAGE,0.03515625,BigWig,0.53515625,0.5703125,0.03515625,663
CNhs11812_P,small cell lung carcinoma cell line | CAGE,-0.03515625,BigWig,0.5390625,0.50390625,0.03515625,664
CNhs11054_P,Adipocyte - omental | CAGE,-0.03515625,BigWig,0.5390625,0.50390625,0.03515625,665
CNhs11325_M,Alveolar Epithelial Cells | CAGE,0.03515625,BigWig,0.5390625,0.57421875,0.03515625,666
CNhs10858_P,CD14+ monocyte derived endothelial progenitor cells | C,-0.03515625,BigWig,0.5390625,0.50390625,0.03515625,667
CNhs13195_M,CD4+CD25+CD45RA- memory regulatory T cells | CAGE,0.03515625,BigWig,0.5234375,0.55859375,0.03515625,668
CNhs11372_P,Chondrocyte - de diff | CAGE,-0.03515625,BigWig,0.54296875,0.5078125,0.03515625,669
CNhs11372_M,Chondrocyte - de diff | CAGE,0.03515625,BigWig,0.55078125,0.5859375,0.03515625,670
CNhs11336_M,Corneal Epithelial Cells | CAGE,0.03515625,BigWig,0.6015625,0.63671875,0.03515625,671
CNhs14135_M,"Fibroblast - Gingival,  (periodontitis) | CAGE",0.03515625,BigWig,0.51171875,0.546875,0.03515625,672
CNhs11343_M,Fibroblast - Villous Mesenchymal | CAGE,0.03515625,BigWig,0.52734375,0.5625,0.03515625,673
CNhs11353_M,Fibroblast - skin dystrophia myotonica | CAGE,0.03515625,BigWig,0.51171875,0.546875,0.03515625,674
CNhs12596_M,Iris Pigment Epithelial Cells | CAGE,0.03515625,BigWig,0.54296875,0.578125,0.03515625,675
CNhs13925_M,"Mast cell, expanded and stimulated | CAGE",0.03515625,BigWig,0.546875,0.58203125,0.03515625,676
CNhs10850_P,Mesothelial Cells | CAGE,-0.03515625,BigWig,0.5390625,0.50390625,0.03515625,677
CNhs11081_M,Preadipocyte - subcutaneous | CAGE,0.03515625,BigWig,0.53125,0.56640625,0.03515625,678
CNhs10882_M,Prostate Epithelial Cells (polarized) | CAGE,0.03515625,BigWig,0.53515625,0.5703125,0.03515625,679
CNhs10842_P,Retinal Pigment Epithelial Cells | CAGE,-0.03515625,BigWig,0.5390625,0.50390625,0.03515625,680
CNhs11324_M,Smooth Muscle Cells - Esophageal | CAGE,0.03515625,BigWig,0.5234375,0.55859375,0.03515625,681
CNhs11090_M,Smooth Muscle Cells - Subclavian Artery | CAGE,0.03515625,BigWig,0.51953125,0.5546875,0.03515625,682
CNhs12374_M,mesenchymal precursor cell - ovarian cancer metastasis,0.03515625,BigWig,0.51953125,0.5546875,0.03515625,683
CNhs13458_M,Skin - palm | CAGE,0.03515625,BigWig,0.56640625,0.6015625,0.03515625,684
CNhs13435_P,achilles tendon | CAGE,-0.03515625,BigWig,0.546875,0.51171875,0.03515625,685
CNhs13435_M,achilles tendon | CAGE,0.03515625,BigWig,0.57421875,0.609375,0.03515625,686
CNhs11780_M,"colon, fetal | CAGE",0.03515625,BigWig,0.53515625,0.5703125,0.03515625,687
CNhs13441_M,eye - muscle superior | CAGE,0.03515625,BigWig,0.5546875,0.58984375,0.03515625,688
CNhs11790_M,"left atrium, adult | CAGE",0.03515625,BigWig,0.5390625,0.57421875,0.03515625,689
CNhs11789_M,"left ventricle, adult | CAGE",0.03515625,BigWig,0.55078125,0.5859375,0.03515625,690
CNhs11768_M,"tongue, fetal | CAGE",0.03515625,BigWig,0.578125,0.61328125,0.03515625,691
GTEX-14DAR-2126-SM-5RQID.1,blood vessel | RNA-seq,-0.03515625,BigWig,1.0,0.96484375,0.03515625,692
K-562-SM-7LG4B.1,bone marrow | RNA-seq,-0.03515625,BigWig,1.0,0.96484375,0.03515625,693
GTEX-13QJ3-0726-SM-5SI68.1,muscle | RNA-seq,-0.03515625,BigWig,1.0,0.96484375,0.03515625,694
GTEX-1HKZK-1126-SM-9WG82.1,pancreas | RNA-seq,-0.03515625,BigWig,1.0,0.96484375,0.03515625,695
GTEX-14PKV-1826-SM-69LO9.1,stomach | RNA-seq,-0.03515625,BigWig,1.0,0.96484375,0.03515625,696
3UTR+,3UTR+,0.03375244140625,BED,0.01361083984375,0.04736328125,0.03375244140625,697
ENCSR784AQY,DOHH2 | Histone ChIP-seq | H3K36me3,-0.03125,BigWig,0.65234375,0.62109375,0.03125,698
ENCSR880SUY,H1 | Histone ChIP-seq | H3K27ac,0.03125,BigWig,0.76171875,0.79296875,0.03125,699
ENCSR216OGD,H1 | Histone ChIP-seq | H3K27me3,-0.03125,BigWig,0.84765625,0.81640625,0.03125,700
ENCSR964WHY,H9 | DNase-seq,-0.03125,BigWig,0.75390625,0.72265625,0.03125,701
ENCSR410GUN,HUES6 | Histone ChIP-seq | H3K27me3,-0.03125,BigWig,0.8046875,0.7734375,0.03125,702
ENCSR237OBF,HUES6 | Histone ChIP-seq | H3K36me3,0.03125,BigWig,0.86328125,0.89453125,0.03125,703
ENCSR000AOF,HeLa-S3 | Histone ChIP-seq | H3K4me3,0.03125,BigWig,0.78125,0.8125,0.03125,704
ENCSR000AKR,K562 | Histone ChIP-seq | H3K36me3,-0.03125,BigWig,0.80859375,0.77734375,0.03125,705
ENCSR668LDD,K562 | Histone ChIP-seq | H3K4me3,0.03125,BigWig,0.65234375,0.68359375,0.03125,706
ENCSR976JHS,KMS-11 | Histone ChIP-seq | H3K4me1,0.03125,BigWig,0.65625,0.6875,0.03125,707
ENCSR503BEM,LoVo | DNase-seq,-0.03125,BigWig,0.75,0.71875,0.03125,708
ENCSR000EXE,NT2/D1 | Histone ChIP-seq | H3K27me3,-0.03125,BigWig,0.8828125,0.8515625,0.03125,709
ENCSR449AYM,OCI-LY1 | Histone ChIP-seq | H3K36me3,-0.03125,BigWig,0.67578125,0.64453125,0.03125,710
ENCSR867TPP,OCI-LY3 | Histone ChIP-seq | H3K27me3,0.03125,BigWig,0.76953125,0.80078125,0.03125,711
ENCSR243AIS,OCI-LY7 | Histone ChIP-seq | H3K36me3,-0.03125,BigWig,0.6171875,0.5859375,0.03125,712
ENCSR726LZG,PC-9 | Histone ChIP-seq | H3K27me3,0.03125,BigWig,0.6796875,0.7109375,0.03125,713
ENCSR000DXB,Panc1 | Histone ChIP-seq | H3K4me3,0.03125,BigWig,0.59375,0.625,0.03125,714
ENCSR000DXL,SK-N-MC | Histone ChIP-seq | H3K4me3,0.03125,BigWig,0.625,0.65625,0.03125,715
ENCSR111QAW,SK-N-MC | Histone ChIP-seq | H3K9ac,0.03125,BigWig,0.69140625,0.72265625,0.03125,716
ENCSR000FCR,SK-N-SH | Histone ChIP-seq | H3K4me1,-0.03125,BigWig,0.70703125,0.67578125,0.03125,717
ENCSR743JIT,iPS-18a | Histone ChIP-seq | H3K27me3,-0.03125,BigWig,0.69921875,0.66796875,0.03125,718
ENCSR000EMV,cardiac myoblast | DNase-seq,0.03125,BigWig,0.8203125,0.8515625,0.03125,719
ENCSR731QLJ,mesenchymal stem cell | DNase-seq,-0.03125,BigWig,0.5859375,0.5546875,0.03125,720
ENCSR746CUY,mesenchymal stem cell | Histone ChIP-seq | H3K9me3,0.03125,BigWig,0.75390625,0.78515625,0.03125,721
ENCSR000ANV,myotube | Histone ChIP-seq | H3K27ac,-0.03125,BigWig,0.6484375,0.6171875,0.03125,722
ENCSR238WMO,neuronal stem cell | Histone ChIP-seq | H3K36me3,-0.03125,BigWig,0.75,0.71875,0.03125,723
ENCSR425PQI,trophoblast cell | Histone ChIP-seq | H3K27ac,0.03125,BigWig,0.78125,0.8125,0.03125,724
ENCSR441RDQ,"CD4-positive, CD25-positive, alpha-beta regulatory T ce",0.03125,BigWig,0.53515625,0.56640625,0.03125,725
ENCSR000EQF,T-helper 17 cell | DNase-seq,-0.03125,BigWig,0.71484375,0.68359375,0.03125,726
ENCSR512BHQ,foreskin fibroblast | Histone ChIP-seq | H3K9me3,-0.03125,BigWig,0.765625,0.734375,0.03125,727
ENCSR000EXW,mononuclear cell | Histone ChIP-seq | H3K27me3,0.03125,BigWig,0.67578125,0.70703125,0.03125,728
ENCSR391EQV,natural killer cell | Histone ChIP-seq | H3K27ac,0.03125,BigWig,0.63671875,0.66796875,0.03125,729
ENCSR963TKB,natural killer cell | Histone ChIP-seq | H3K4me1,0.03125,BigWig,0.77734375,0.80859375,0.03125,730
ENCSR028IND,neurosphere | Histone ChIP-seq | H3K27me3,0.03125,BigWig,0.828125,0.859375,0.03125,731
ENCSR955OBN,neurosphere | Histone ChIP-seq | H3K27me3,0.03125,BigWig,0.77734375,0.80859375,0.03125,732
ENCSR804FSU,peripheral blood mononuclear cell | Histone ChIP-seq |,-0.03125,BigWig,0.76953125,0.73828125,0.03125,733
ENCSR000ANF,skeletal muscle myoblast | Histone ChIP-seq | H3K27ac,-0.03125,BigWig,0.65625,0.625,0.03125,734
ENCSR189QAD,adrenal gland | Histone ChIP-seq | H3K27ac,-0.03125,BigWig,0.64453125,0.61328125,0.03125,735
ENCSR820XRX,brain | DNase-seq,0.03125,BigWig,0.73828125,0.76953125,0.03125,736
ENCSR780FXX,brain | Histone ChIP-seq | H3K4me3,0.03125,BigWig,0.625,0.65625,0.03125,737
ENCSR499IIR,chorion | Histone ChIP-seq | H3K27ac,0.03125,BigWig,0.74609375,0.77734375,0.03125,738
ENCSR149XIH,duodenal mucosa | Histone ChIP-seq | H3K4me3,0.03125,BigWig,0.65234375,0.68359375,0.03125,739
ENCSR799TMR,duodenal mucosa | Histone ChIP-seq | H3K4me3,0.03125,BigWig,0.640625,0.671875,0.03125,740
ENCSR324JDC,endocrine pancreas | Histone ChIP-seq | H3K27ac,-0.03125,BigWig,0.734375,0.703125,0.03125,741
ENCSR478BKA,esophagus | Histone ChIP-seq | H3K4me1,-0.03125,BigWig,0.87109375,0.83984375,0.03125,742
ENCSR736ALU,gastrocnemius medialis | Histone ChIP-seq | H3K27ac,-0.03125,BigWig,0.63671875,0.60546875,0.03125,743
ENCSR820ABR,germinal matrix | Histone ChIP-seq | H3K9me3,-0.03125,BigWig,0.75390625,0.72265625,0.03125,744
ENCSR911LTI,heart | DNase-seq,0.03125,BigWig,0.67578125,0.70703125,0.03125,745
ENCSR096EZX,kidney | Histone ChIP-seq | H3K4me3,0.03125,BigWig,0.671875,0.703125,0.03125,746
ENCSR638HSG,layer of hippocampus | Histone ChIP-seq | H3K4me1,-0.03125,BigWig,0.92578125,0.89453125,0.03125,747
ENCSR097BWW,left kidney | DNase-seq,0.03125,BigWig,0.71484375,0.74609375,0.03125,748
ENCSR275DXO,liver | Histone ChIP-seq | H3K27me3,0.03125,BigWig,0.64453125,0.67578125,0.03125,749
ENCSR218ZMU,liver | Histone ChIP-seq | H3K4me1,-0.03125,BigWig,0.74609375,0.71484375,0.03125,750
ENCSR805OWG,muscle layer of duodenum | Histone ChIP-seq | H3K27me3,0.03125,BigWig,0.76171875,0.79296875,0.03125,751
ENCSR402HFW,pancreas | Histone ChIP-seq | H3K27ac,-0.03125,BigWig,0.88671875,0.85546875,0.03125,752
ENCSR028QEA,placenta | Histone ChIP-seq | H3K27ac,0.03125,BigWig,0.7890625,0.8203125,0.03125,753
ENCSR512GFQ,placenta | Histone ChIP-seq | H3K27me3,0.03125,BigWig,0.73828125,0.76953125,0.03125,754
ENCSR321SZE,sigmoid colon | Histone ChIP-seq | H3K4me3,0.03125,BigWig,0.7265625,0.7578125,0.03125,755
ENCSR944QSH,small intestine | Histone ChIP-seq | H3K4me3,0.03125,BigWig,0.640625,0.671875,0.03125,756
ENCSR098YIU,stomach | Histone ChIP-seq | H3K4me1,0.03125,BigWig,0.69140625,0.72265625,0.03125,757
ENCSR202RXT,stomach | Histone ChIP-seq | H3K4me3,0.03125,BigWig,0.6875,0.71875,0.03125,758
ENCSR761AKF,stomach smooth muscle | Histone ChIP-seq | H3K9ac,0.03125,BigWig,0.8125,0.84375,0.03125,759
ENCSR776KLS,thymus | Histone ChIP-seq | H3K27ac,-0.03125,BigWig,0.7109375,0.6796875,0.03125,760
CNhs13058_M,acute myeloid leukemia (FAB M5) cell line | CAGE,0.03125,BigWig,0.51953125,0.55078125,0.03125,761
CNhs11888_M,acute myeloid leukemia (FAB M7) cell line | CAGE,0.03125,BigWig,0.51171875,0.54296875,0.03125,762
CNhs11747_M,carcinosarcoma cell line | CAGE,0.03125,BigWig,0.51953125,0.55078125,0.03125,763
CNhs12334_M,chronic myelogenous leukemia cell line | CAGE,0.03125,BigWig,0.51953125,0.55078125,0.03125,764
CNhs11259_M,ductal cell carcinoma cell line | CAGE,0.03125,BigWig,0.54296875,0.57421875,0.03125,765
CNhs11731_M,embryonic pancreas cell line | CAGE,0.03125,BigWig,0.5234375,0.5546875,0.03125,766
CNhs11286_M,gastric cancer cell line | CAGE,0.03125,BigWig,0.5234375,0.5546875,0.03125,767
CNhs11740_M,granulosa cell tumor cell line | CAGE,0.03125,BigWig,0.5234375,0.5546875,0.03125,768
CNhs11891_M,hereditary spherocytic anemia cell line | CAGE,0.03125,BigWig,0.515625,0.546875,0.03125,769
CNhs11722_M,leiomyoma cell line | CAGE,0.03125,BigWig,0.51953125,0.55078125,0.03125,770
CNhs10726_M,lung adenocarcinoma cell line | CAGE,0.03125,BigWig,0.5390625,0.5703125,0.03125,771
CNhs11945_P,meningioma cell line | CAGE,-0.03125,BigWig,0.53515625,0.50390625,0.03125,772
CNhs11276_M,neuroblastoma cell line | CAGE,0.03125,BigWig,0.51953125,0.55078125,0.03125,773
CNhs10752_P,oral squamous cell carcinoma cell line | CAGE,-0.03125,BigWig,0.53515625,0.50390625,0.03125,774
CNhs11287_M,oral squamous cell carcinoma cell line | CAGE,0.03125,BigWig,0.546875,0.578125,0.03125,775
CNhs11835_M,osteoclastoma cell line | CAGE,0.03125,BigWig,0.515625,0.546875,0.03125,776
CNhs11830_M,peripheral neuroectodermal tumor cell line | CAGE,0.03125,BigWig,0.5390625,0.5703125,0.03125,777
CNhs11746_P,serous adenocarcinoma cell line | CAGE,-0.03125,BigWig,0.53515625,0.50390625,0.03125,778
CNhs11734_P,small-cell gastrointestinal carcinoma cell line | CAGE,-0.03125,BigWig,0.53515625,0.50390625,0.03125,779
CNhs11837_M,transitional cell carcinoma cell line | CAGE,0.03125,BigWig,0.51171875,0.54296875,0.03125,780
CNhs11051_P,Adipocyte - breast | CAGE,-0.03125,BigWig,0.53515625,0.50390625,0.03125,781
CNhs12069_P,Adipocyte - perirenal | CAGE,-0.03125,BigWig,0.53125,0.5,0.03125,782
CNhs11371_M,Adipocyte - subcutaneous | CAGE,0.03125,BigWig,0.5546875,0.5859375,0.03125,783
CNhs13202_M,CD4+CD25-CD45RA+ naive conventional T cells expanded |,0.03125,BigWig,0.51171875,0.54296875,0.03125,784
CNhs11336_P,Corneal Epithelial Cells | CAGE,-0.03125,BigWig,0.53515625,0.50390625,0.03125,785
CNhs10855_P,"Dendritic Cells - monocyte immature derived, tech  | CA",-0.03125,BigWig,0.53515625,0.50390625,0.03125,786
CNhs11977_P,Endothelial Cells - Artery | CAGE,-0.03125,BigWig,0.53515625,0.50390625,0.03125,787
CNhs11379_P,Fibroblast - Dermal | CAGE,-0.03125,BigWig,0.5390625,0.5078125,0.03125,788
CNhs14128_M,"Fibroblast - Gingival,  (aggressive periodontitis) | CA",0.03125,BigWig,0.515625,0.546875,0.03125,789
CNhs12538_M,"Mallassez-derived cells,  (MZH3) | CAGE",0.03125,BigWig,0.515625,0.546875,0.03125,790
CNhs11349_M,Mesenchymal Stem Cells - amniotic membrane | CAGE,0.03125,BigWig,0.515625,0.546875,0.03125,791
CNhs10881_P,Nucleus Pulposus Cell | CAGE,-0.03125,BigWig,0.53515625,0.50390625,0.03125,792
CNhs10877_M,Pancreatic stromal cells | CAGE,0.03125,BigWig,0.5078125,0.5390625,0.03125,793
CNhs11972_P,Prostate Epithelial Cells | CAGE,-0.03125,BigWig,0.53515625,0.50390625,0.03125,794
CNhs11086_M,Smooth Muscle Cells - Brachiocephalic | CAGE,0.03125,BigWig,0.53515625,0.56640625,0.03125,795
CNhs11328_M,Smooth Muscle Cells - Bronchial | CAGE,0.03125,BigWig,0.515625,0.546875,0.03125,796
CNhs11087_M,Smooth Muscle Cells - Carotid | CAGE,0.03125,BigWig,0.5234375,0.5546875,0.03125,797
CNhs11910_M,Smooth Muscle Cells - Prostate | CAGE,0.03125,BigWig,0.51953125,0.55078125,0.03125,798
CNhs14183_M,"Smooth muscle cells - airway, asthmatic | CAGE",0.03125,BigWig,0.515625,0.546875,0.03125,799
CNhs14190_M,"Smooth muscle cells - airway, control | CAGE",0.03125,BigWig,0.51953125,0.55078125,0.03125,800
CNhs12363_M,mesenchymal precursor cell - adipose | CAGE,0.03125,BigWig,0.515625,0.546875,0.03125,801
CNhs12377_M,mesenchymal precursor cell - ovarian cancer right ovary,0.03125,BigWig,0.515625,0.546875,0.03125,802
CNhs12843_M,"artery, adult | CAGE",0.03125,BigWig,0.53125,0.5625,0.03125,803
CNhs11798_P,"liver, fetal, pool1 | CAGE",-0.03125,BigWig,0.53125,0.5,0.03125,804
CNhs10645_P,"medulla oblongata, adult, pool1 | CAGE",-0.03125,BigWig,0.53515625,0.50390625,0.03125,805
CNhs13798_M,occipital cortex - adult | CAGE,0.03125,BigWig,0.54296875,0.57421875,0.03125,806
CNhs10643_P,"occipital pole, adult, pool1 | CAGE",-0.03125,BigWig,0.53515625,0.50390625,0.03125,807
CNhs10642_P,"paracentral gyrus, adult, pool1 | CAGE",-0.03125,BigWig,0.53515625,0.50390625,0.03125,808
CNhs14226_M,"parietal cortex, adult | CAGE",0.03125,BigWig,0.58984375,0.62109375,0.03125,809
CNhs13797_M,parietal lobe - adult | CAGE,0.03125,BigWig,0.5703125,0.6015625,0.03125,810
CNhs10628_P,"prostate, adult, pool1 | CAGE",-0.03125,BigWig,0.53125,0.5,0.03125,811
CNhs12324_P,"putamen, adult | CAGE",-0.03125,BigWig,0.53515625,0.50390625,0.03125,812
CNhs11777_M,"rectum, fetal | CAGE",0.03125,BigWig,0.52734375,0.55859375,0.03125,813
CNhs12227_M,"spinal cord, adult | CAGE",0.03125,BigWig,0.609375,0.640625,0.03125,814
CNhs13460_P,tongue epidermis (fungiform papillae) | CAGE,-0.03125,BigWig,0.54296875,0.51171875,0.03125,815
GTEX-1JK1U-0426-SM-CYPSP.1,blood vessel | RNA-seq,-0.03125,BigWig,1.0,0.96875,0.03125,816
CTCF-bound,CTCF-bound,0.031005859375,BED,0.046142578125,0.0771484375,0.031005859375,817
ENCSR897FOZ,ACC112 | Histone ChIP-seq | H3K36me3,-0.02734375,BigWig,0.76171875,0.734375,0.02734375,818
ENCSR000DQF,BJ | Histone ChIP-seq | H3K36me3,-0.02734375,BigWig,0.92578125,0.8984375,0.02734375,819
ENCSR269SIA,G401 | DNase-seq,-0.02734375,BigWig,0.7109375,0.68359375,0.02734375,820
ENCSR754LIN,H9 | DNase-seq,-0.02734375,BigWig,0.73828125,0.7109375,0.02734375,821
ENCSR943SYS,H9 | DNase-seq,-0.02734375,BigWig,0.7265625,0.69921875,0.02734375,822
ENCSR876RGF,H9 | Histone ChIP-seq | H3K27ac,0.02734375,BigWig,0.79296875,0.8203125,0.02734375,823
ENCSR333OPW,HCT116 | Histone ChIP-seq | H3K4me3,0.02734375,BigWig,0.625,0.65234375,0.02734375,824
ENCSR814KRX,HT-29 | DNase-seq,-0.02734375,BigWig,0.65625,0.62890625,0.02734375,825
ENCSR000EKC,HTR-8/SVneo | DNase-seq,-0.02734375,BigWig,0.81640625,0.7890625,0.02734375,826
ENCSR426UWA,HUES64 | Histone ChIP-seq | H3K36me3,0.02734375,BigWig,0.79296875,0.8203125,0.02734375,827
ENCSR921NMD,K562 | DNase-seq,0.02734375,BigWig,0.921875,0.94921875,0.02734375,828
ENCSR000EWC,K562 | Histone ChIP-seq | H3K4me1,0.02734375,BigWig,0.94140625,0.96875,0.02734375,829
ENCSR000DWD,K562 | Histone ChIP-seq | H3K4me3,0.02734375,BigWig,0.62890625,0.65625,0.02734375,830
ENCSR867UKC,Karpas-422 | Histone ChIP-seq | H3K36me3,-0.02734375,BigWig,0.671875,0.64453125,0.02734375,831
ENCSR000EWP,MCF-7 | Histone ChIP-seq | H3K27me3,0.02734375,BigWig,0.6484375,0.67578125,0.02734375,832
ENCSR287VPM,SK-N-MC | Histone ChIP-seq | H3K4me3,0.02734375,BigWig,0.5859375,0.61328125,0.02734375,833
ENCSR000DXP,SK-N-SH | Histone ChIP-seq | H3K27me3,0.02734375,BigWig,0.81640625,0.84375,0.02734375,834
ENCSR000DXO,SK-N-SH | Histone ChIP-seq | H3K36me3,-0.02734375,BigWig,0.90234375,0.875,0.02734375,835
ENCSR511OIE,SU-DHL-6 | Histone ChIP-seq | H3K27me3,0.02734375,BigWig,0.80078125,0.828125,0.02734375,836
ENCSR000DSH,mesodermal cell | Histone ChIP-seq | H3K36me3,-0.02734375,BigWig,0.84765625,0.8203125,0.02734375,837
ENCSR000AOY,myotube | Histone ChIP-seq | H3K9ac,-0.02734375,BigWig,0.69140625,0.6640625,0.02734375,838
ENCSR139PIA,neural progenitor cell | Histone ChIP-seq | H3K27me3,-0.02734375,BigWig,0.68359375,0.65625,0.02734375,839
ENCSR278FVO,neuronal stem cell | DNase-seq,0.02734375,BigWig,0.7734375,0.80078125,0.02734375,840
ENCSR000AUP,B cell | Histone ChIP-seq | H3K27ac,0.02734375,BigWig,0.62890625,0.65625,0.02734375,841
ENCSR816NKX,B cell | Histone ChIP-seq | H3K36me3,-0.02734375,BigWig,0.8359375,0.80859375,0.02734375,842
ENCSR890QGK,B cell | Histone ChIP-seq | H3K9me3,0.02734375,BigWig,0.6484375,0.67578125,0.02734375,843
ENCSR000ASJ,CD14-positive monocyte | Histone ChIP-seq | H3K27ac,0.02734375,BigWig,0.6953125,0.72265625,0.02734375,844
ENCSR000EQJ,"CD4-positive, CD25-positive, alpha-beta regulatory T ce",-0.02734375,BigWig,0.65625,0.62890625,0.02734375,845
ENCSR523BMU,"CD4-positive, CD25-positive, alpha-beta regulatory T ce",0.02734375,BigWig,0.66015625,0.6875,0.02734375,846
ENCSR316UDN,"CD8-positive, alpha-beta T cell | DNase-seq",0.02734375,BigWig,0.69140625,0.71875,0.02734375,847
ENCSR840TVG,"CD8-positive, alpha-beta T cell | DNase-seq",0.02734375,BigWig,0.73828125,0.765625,0.02734375,848
ENCSR422LQX,"CD8-positive, alpha-beta T cell | Histone ChIP-seq | H3",0.02734375,BigWig,0.65234375,0.6796875,0.02734375,849
ENCSR892HPQ,"effector memory CD4-positive, alpha-beta T cell | Histo",0.02734375,BigWig,0.6796875,0.70703125,0.02734375,850
ENCSR000ATB,endothelial cell of umbilical vein | Histone ChIP-seq |,0.02734375,BigWig,0.59375,0.62109375,0.02734375,851
ENCSR595FWR,fibroblast of breast | Histone ChIP-seq | H3K27me3,0.02734375,BigWig,0.66796875,0.6953125,0.02734375,852
ENCSR889OUV,foreskin fibroblast | Histone ChIP-seq | H3K36me3,-0.02734375,BigWig,0.9375,0.91015625,0.02734375,853
ENCSR115BXL,foreskin keratinocyte | Histone ChIP-seq | H3K4me1,0.02734375,BigWig,0.7109375,0.73828125,0.02734375,854
ENCSR678WMQ,foreskin keratinocyte | Histone ChIP-seq | H3K9me3,-0.02734375,BigWig,0.72265625,0.6953125,0.02734375,855
ENCSR636FCX,myoepithelial cell of mammary gland | Histone ChIP-seq,0.02734375,BigWig,0.7265625,0.75390625,0.02734375,856
ENCSR674VPA,"naive thymus-derived CD4-positive, alpha-beta T cell |",0.02734375,BigWig,0.65234375,0.6796875,0.02734375,857
ENCSR444TQQ,neurosphere | Histone ChIP-seq | H3K27me3,0.02734375,BigWig,0.80078125,0.828125,0.02734375,858
ENCSR434AFF,neutrophil | Histone ChIP-seq | H3K4me3,-0.02734375,BigWig,0.72265625,0.6953125,0.02734375,859
ENCSR000ELJ,osteoblast | DNase-seq,0.02734375,BigWig,0.90625,0.93359375,0.02734375,860
ENCSR878KIY,Peyer's patch | Histone ChIP-seq | H3K4me3,0.02734375,BigWig,0.69140625,0.71875,0.02734375,861
ENCSR865ICK,adrenal gland | DNase-seq,-0.02734375,BigWig,0.8671875,0.83984375,0.02734375,862
ENCSR065ZNA,aorta | Histone ChIP-seq | H3K9me3,0.02734375,BigWig,0.74609375,0.7734375,0.02734375,863
ENCSR018OGF,brain | Histone ChIP-seq | H3K9me3,-0.02734375,BigWig,0.76953125,0.7421875,0.02734375,864
ENCSR241JLU,chorion | Histone ChIP-seq | H3K27me3,0.02734375,BigWig,0.76171875,0.7890625,0.02734375,865
ENCSR577DVK,colonic mucosa | Histone ChIP-seq | H3K4me3,0.02734375,BigWig,0.68359375,0.7109375,0.02734375,866
ENCSR189YJQ,heart | DNase-seq,0.02734375,BigWig,0.640625,0.66796875,0.02734375,867
ENCSR366EGE,heart | DNase-seq,0.02734375,BigWig,0.671875,0.69921875,0.02734375,868
ENCSR749BWV,heart | DNase-seq,0.02734375,BigWig,0.7109375,0.73828125,0.02734375,869
ENCSR358RVW,heart | Histone ChIP-seq | H3K4me3,0.02734375,BigWig,0.64453125,0.671875,0.02734375,870
ENCSR591JZS,large intestine | Histone ChIP-seq | H3K9me3,-0.02734375,BigWig,0.734375,0.70703125,0.02734375,871
ENCSR318WOD,lung | DNase-seq,-0.02734375,BigWig,0.63671875,0.609375,0.02734375,872
ENCSR322BLC,lung | Histone ChIP-seq | H3K9me3,-0.02734375,BigWig,0.6953125,0.66796875,0.02734375,873
ENCSR276BXF,mucosa of rectum | Histone ChIP-seq | H3K4me3,0.02734375,BigWig,0.625,0.65234375,0.02734375,874
ENCSR756RGW,muscle layer of colon | Histone ChIP-seq | H3K9ac,0.02734375,BigWig,0.7109375,0.73828125,0.02734375,875
ENCSR954ZUG,muscle of leg | Histone ChIP-seq | H3K27me3,0.02734375,BigWig,0.90625,0.93359375,0.02734375,876
ENCSR629RBC,placental basal plate | Histone ChIP-seq | H3K36me3,-0.02734375,BigWig,0.90234375,0.875,0.02734375,877
ENCSR820ICX,retina | DNase-seq,0.02734375,BigWig,0.62890625,0.65625,0.02734375,878
ENCSR986HEN,right renal pelvis | DNase-seq,-0.02734375,BigWig,0.73828125,0.7109375,0.02734375,879
ENCSR860NDZ,small intestine | DNase-seq,-0.02734375,BigWig,0.6953125,0.66796875,0.02734375,880
ENCSR855JPU,spinal cord | Histone ChIP-seq | H3K27me3,0.02734375,BigWig,0.80859375,0.8359375,0.02734375,881
ENCSR078BHK,spleen | Histone ChIP-seq | H3K36me3,-0.02734375,BigWig,0.8203125,0.79296875,0.02734375,882
ENCSR511GQA,stomach | DNase-seq,-0.02734375,BigWig,0.7265625,0.69921875,0.02734375,883
ENCSR447GWQ,stomach | Histone ChIP-seq | H3K9me3,-0.02734375,BigWig,0.94140625,0.9140625,0.02734375,884
ENCSR703CYD,subcutaneous abdominal adipose tissue | Histone ChIP-se,-0.02734375,BigWig,0.7265625,0.69921875,0.02734375,885
ENCSR243UVC,subcutaneous abdominal adipose tissue | Histone ChIP-se,-0.02734375,BigWig,0.8359375,0.80859375,0.02734375,886
ENCSR923WPP,thymus | Histone ChIP-seq | H3K36me3,-0.02734375,BigWig,0.89453125,0.8671875,0.02734375,887
ENCSR495OEG,trophoblast | Histone ChIP-seq | H3K27me3,0.02734375,BigWig,0.5625,0.58984375,0.02734375,888
ENCSR054BKO,urinary bladder | Histone ChIP-seq | H3K27ac,0.02734375,BigWig,0.66796875,0.6953125,0.02734375,889
CNhs13241_M,acute myeloid leukemia (FAB M0) cell line | CAGE,0.02734375,BigWig,0.515625,0.54296875,0.02734375,890
CNhs11725_M,argyrophil small cell carcinoma cell line | CAGE,0.02734375,BigWig,0.53125,0.55859375,0.02734375,891
CNhs11841_P,bronchogenic carcinoma cell line | CAGE,-0.02734375,BigWig,0.53125,0.50390625,0.02734375,892
CNhs11288_M,cervical cancer cell line | CAGE,0.02734375,BigWig,0.53515625,0.5625,0.02734375,893
CNhs11283_P,cholangiocellular carcinoma cell line | CAGE,-0.02734375,BigWig,0.53125,0.50390625,0.02734375,894
CNhs11820_P,choriocarcinoma cell line | CAGE,-0.02734375,BigWig,0.53125,0.50390625,0.02734375,895
CNhs11748_P,endometrioid adenocarcinoma cell line | CAGE,-0.02734375,BigWig,0.53125,0.50390625,0.02734375,896
CNhs10751_M,giant cell carcinoma cell line | CAGE,0.02734375,BigWig,0.51953125,0.546875,0.02734375,897
CNhs11868_M,hepatic mesenchymal tumor cell line | CAGE,0.02734375,BigWig,0.5234375,0.55078125,0.02734375,898
CNhs11271_P,hepatoma cell line | CAGE,-0.02734375,BigWig,0.53125,0.50390625,0.02734375,899
CNhs11750_M,lens epithelial cell line | CAGE,0.02734375,BigWig,0.51953125,0.546875,0.02734375,900
CNhs11851_P,liposarcoma cell line | CAGE,-0.02734375,BigWig,0.52734375,0.5,0.02734375,901
CNhs11852_P,lymphangiectasia cell line | CAGE,-0.02734375,BigWig,0.53125,0.50390625,0.02734375,902
CNhs11718_M,mesenchymal stem cell line | CAGE,0.02734375,BigWig,0.51171875,0.5390625,0.02734375,903
CNhs13061_M,mesothelioma cell line | CAGE,0.02734375,BigWig,0.53125,0.55859375,0.02734375,904
CNhs11821_M,myxofibrosarcoma cell line | CAGE,0.02734375,BigWig,0.51953125,0.546875,0.02734375,905
CNhs10747_M,non T non B acute lymphoblastic leukemia (ALL) cell lin,0.02734375,BigWig,0.5078125,0.53515625,0.02734375,906
CNhs11279_M,osteosarcoma cell line | CAGE,0.02734375,BigWig,0.515625,0.54296875,0.02734375,907
CNhs11183_M,schwannoma cell line | CAGE,0.02734375,BigWig,0.51953125,0.546875,0.02734375,908
CNhs11827_P,serous cystadenocarcinoma cell line | CAGE,-0.02734375,BigWig,0.53125,0.50390625,0.02734375,909
CNhs11736_M,small cell gastrointestinal carcinoma cell line | CAGE,0.02734375,BigWig,0.52734375,0.5546875,0.02734375,910
CNhs14238_M,squamous cell lung carcinoma cell line | CAGE,0.02734375,BigWig,0.55859375,0.5859375,0.02734375,911
CNhs11828_M,tridermal teratoma cell line | CAGE,0.02734375,BigWig,0.51171875,0.5390625,0.02734375,912
CNhs11341_P,Amniotic Epithelial Cells | CAGE,-0.02734375,BigWig,0.53125,0.50390625,0.02734375,913
CNhs13216_M,CD14+CD16- Monocytes | CAGE,0.02734375,BigWig,0.54296875,0.5703125,0.02734375,914
CNhs13207_M,CD14-CD16+ Monocytes | CAGE,0.02734375,BigWig,0.51953125,0.546875,0.02734375,915
CNhs13552_M,"CD34 cells differentiated to erythrocyte lineage, biol ",0.02734375,BigWig,0.5625,0.58984375,0.02734375,916
CNhs10853_M,CD4+ T Cells | CAGE,0.02734375,BigWig,0.50390625,0.53125,0.02734375,917
CNhs13205_M,CD4+CD25-CD45RA+ naive conventional T cells | CAGE,0.02734375,BigWig,0.515625,0.54296875,0.02734375,918
CNhs11373_P,Chondrocyte - re diff | CAGE,-0.02734375,BigWig,0.53125,0.50390625,0.02734375,919
CNhs10857_M,Dendritic Cells - plasmacytoid | CAGE,0.02734375,BigWig,0.515625,0.54296875,0.02734375,920
CNhs11979_M,Hair Follicle Dermal Papilla Cells | CAGE,0.02734375,BigWig,0.515625,0.54296875,0.02734375,921
CNhs12342_P,Lens Epithelial Cells | CAGE,-0.02734375,BigWig,0.53515625,0.5078125,0.02734375,922
CNhs11303_P,Melanocyte - light | CAGE,-0.02734375,BigWig,0.53515625,0.5078125,0.02734375,923
CNhs10844_M,Mesenchymal stem cells - adipose | CAGE,0.02734375,BigWig,0.5234375,0.55078125,0.02734375,924
CNhs11350_M,Multipotent Cord Blood Unrestricted Somatic Stem Cells,0.02734375,BigWig,0.515625,0.54296875,0.02734375,925
CNhs10860_M,Peripheral Blood Mononuclear Cells | CAGE,0.02734375,BigWig,0.515625,0.54296875,0.02734375,926
CNhs12074_P,Renal Glomerular Endothelial Cells | CAGE,-0.02734375,BigWig,0.53125,0.50390625,0.02734375,927
CNhs11083_P,Skeletal Muscle Cells | CAGE,-0.02734375,BigWig,0.53125,0.50390625,0.02734375,928
CNhs11084_P,Skeletal muscle cells differentiated into Myotubes - mu,-0.02734375,BigWig,0.53125,0.50390625,0.02734375,929
CNhs11921_M,Smooth Muscle Cells - Uterine | CAGE,0.02734375,BigWig,0.51171875,0.5390625,0.02734375,930
CNhs11334_P,Urothelial Cells | CAGE,-0.02734375,BigWig,0.53125,0.50390625,0.02734375,931
CNhs10843_P,Urothelial cells | CAGE,-0.02734375,BigWig,0.53125,0.50390625,0.02734375,932
CNhs11075_M,"Whole blood (ribopure), donation1 | CAGE",0.02734375,BigWig,0.5234375,0.55078125,0.02734375,933
CNhs13480_P,immature langerhans cells | CAGE,-0.02734375,BigWig,0.53125,0.50390625,0.02734375,934
CNhs12520_M,promyelocytes/myelocytes PMC | CAGE,0.02734375,BigWig,0.51171875,0.5390625,0.02734375,935
CNhs13445_M,"Fingernail (including nail plate, eponychium and hypony",0.02734375,BigWig,0.6328125,0.66015625,0.02734375,936
CNhs11792_P,"breast, adult | CAGE",-0.02734375,BigWig,0.52734375,0.5,0.02734375,937
CNhs12321_P,"caudate nucleus, adult | CAGE",-0.02734375,BigWig,0.53125,0.50390625,0.02734375,938
CNhs13443_P,eye - muscle medial | CAGE,-0.02734375,BigWig,0.5390625,0.51171875,0.02734375,939
CNhs13795_M,hippocampus - adult | CAGE,0.02734375,BigWig,0.54296875,0.5703125,0.02734375,940
CNhs10624_M,"liver, adult, pool1 | CAGE",0.02734375,BigWig,0.6015625,0.62890625,0.02734375,941
CNhs10625_P,"lung, adult, pool1 | CAGE",-0.02734375,BigWig,0.52734375,0.5,0.02734375,942
CNhs11786_M,"lung, right lower lobe, adult | CAGE",0.02734375,BigWig,0.59765625,0.625,0.02734375,943
CNhs12315_P,"medulla oblongata, adult | CAGE",-0.02734375,BigWig,0.53125,0.50390625,0.02734375,944
CNhs10644_P,"nucleus accumbens, adult, pool1 | CAGE",-0.02734375,BigWig,0.53125,0.50390625,0.02734375,945
CNhs12611_P,"olfactory region, adult | CAGE",-0.02734375,BigWig,0.53125,0.50390625,0.02734375,946
CNhs13449_M,optic nerve | CAGE,0.02734375,BigWig,0.5546875,0.58203125,0.02734375,947
CNhs10641_P,"parietal lobe, adult, pool1 | CAGE",-0.02734375,BigWig,0.53125,0.50390625,0.02734375,948
CNhs12229_M,"pituitary gland, adult | CAGE",0.02734375,BigWig,0.625,0.65234375,0.02734375,949
CNhs11774_M,"skin, fetal | CAGE",0.02734375,BigWig,0.61328125,0.640625,0.02734375,950
CNhs11773_P,"small intestine, fetal | CAGE",-0.02734375,BigWig,0.52734375,0.5,0.02734375,951
CNhs12852_P,"submaxillary gland, adult | CAGE",-0.02734375,BigWig,0.52734375,0.5,0.02734375,952
CNhs12858_P,"throat, adult | CAGE",-0.02734375,BigWig,0.52734375,0.5,0.02734375,953
CNhs11770_P,"throat, fetal | CAGE",-0.02734375,BigWig,0.52734375,0.5,0.02734375,954
CNhs10650_M,"thymus, fetal, pool1 | CAGE",0.02734375,BigWig,0.53125,0.55859375,0.02734375,955
CNhs11763_P,"uterus, fetal | CAGE",-0.02734375,BigWig,0.52734375,0.5,0.02734375,956
GTEX-Y3IK-2826-SM-4WWDW.1,blood vessel | RNA-seq,-0.02734375,BigWig,1.0,0.97265625,0.02734375,957
GTEX-1269C-1826-SM-5N9E1.1,ovary | RNA-seq,-0.02734375,BigWig,1.0,0.97265625,0.02734375,958
GTEX-1399S-2126-SM-5J2MH.1,ovary | RNA-seq,-0.02734375,BigWig,1.0,0.97265625,0.02734375,959
GTEX-1PDJ9-1826-SM-E9U66.1,small intestine | RNA-seq,-0.02734375,BigWig,1.0,0.97265625,0.02734375,960
GTEX-1MA7W-1526-SM-DHXKS.1,uterus | RNA-seq,-0.02734375,BigWig,1.0,0.97265625,0.02734375,961
promoter_Tissue_invariant,promoter Tissue invariant,0.02587890625,BED,0.032470703125,0.058349609375,0.02587890625,962
5UTR+,5UTR+,0.02362060546875,BED,0.01202392578125,0.03564453125,0.02362060546875,963
ENCSR932KWJ,A172 | DNase-seq,-0.0234375,BigWig,0.6953125,0.671875,0.0234375,964
ENCSR346JWH,A673 | DNase-seq,0.0234375,BigWig,0.6328125,0.65625,0.0234375,965
ENCSR747BYL,A673 | Histone ChIP-seq | H3K27me3,0.0234375,BigWig,0.671875,0.6953125,0.0234375,966
ENCSR000ELZ,AG09309 | DNase-seq,-0.0234375,BigWig,0.68359375,0.66015625,0.0234375,967
ENCSR000EMB,AG10803 | DNase-seq,0.0234375,BigWig,0.6171875,0.640625,0.0234375,968
ENCSR844DRI,ES-I3 | Histone ChIP-seq | H3K36me3,0.0234375,BigWig,0.82421875,0.84765625,0.0234375,969
ENCSR000DRS,GM12875 | Histone ChIP-seq | H3K4me3,-0.0234375,BigWig,0.78125,0.7578125,0.0234375,970
ENCSR794OFW,H1 | DNase-seq,-0.0234375,BigWig,0.80859375,0.78515625,0.0234375,971
ENCSR928HYM,H1 | Histone ChIP-seq | H3K27me3,-0.0234375,BigWig,0.8828125,0.859375,0.0234375,972
ENCSR000FCG,HEK293 | Histone ChIP-seq | H3K4me1,0.0234375,BigWig,0.6328125,0.65625,0.0234375,973
ENCSR775GZI,HUES48 | Histone ChIP-seq | H3K36me3,0.0234375,BigWig,0.8203125,0.84375,0.0234375,974
ENCSR316MNI,HUES64 | Histone ChIP-seq | H3K9me3,0.0234375,BigWig,0.68359375,0.70703125,0.0234375,975
ENCSR000EJT,HeLa-S3 | DNase-seq,-0.0234375,BigWig,0.93359375,0.91015625,0.0234375,976
ENCSR000DTY,HeLa-S3 | Histone ChIP-seq | H3K27me3,0.0234375,BigWig,0.8046875,0.828125,0.0234375,977
ENCSR340WQU,HeLa-S3 | Histone ChIP-seq | H3K4me3,0.0234375,BigWig,0.69921875,0.72265625,0.0234375,978
ENCSR000AOH,HeLa-S3 | Histone ChIP-seq | H3K9ac,0.0234375,BigWig,0.828125,0.8515625,0.0234375,979
ENCSR000DUF,HepG2 | Histone ChIP-seq | H3K4me3,-0.0234375,BigWig,0.6015625,0.578125,0.0234375,980
ENCSR575RRX,HepG2 | Histone ChIP-seq | H3K4me3,-0.0234375,BigWig,0.64453125,0.62109375,0.0234375,981
ENCSR000EIP,Ishikawa | DNase-seq,-0.0234375,BigWig,0.8515625,0.828125,0.0234375,982
ENCSR000EKP,K562 | DNase-seq,0.0234375,BigWig,0.8515625,0.875,0.0234375,983
ENCSR000AKU,K562 | Histone ChIP-seq | H3K4me3,0.0234375,BigWig,0.69140625,0.71484375,0.0234375,984
ENCSR963HAR,Karpas-422 | Histone ChIP-seq | H3K27me3,0.0234375,BigWig,0.8125,0.8359375,0.0234375,985
ENCSR761DLU,MCF-7 | Histone ChIP-seq | H3K27me3,0.0234375,BigWig,0.69921875,0.72265625,0.0234375,986
ENCSR361FWQ,MM.1S | Histone ChIP-seq | H3K4me3,-0.0234375,BigWig,0.7109375,0.6875,0.0234375,987
ENCSR301OGM,NAMALWA | DNase-seq,-0.0234375,BigWig,0.7734375,0.75,0.0234375,988
ENCSR000EXJ,Panc1 | Histone ChIP-seq | H3K4me1,0.0234375,BigWig,0.671875,0.6953125,0.0234375,989
ENCSR987PNT,RWPE2 | Histone ChIP-seq | H3K27ac,0.0234375,BigWig,0.6015625,0.625,0.0234375,990
ENCSR152QRE,SK-N-MC | Histone ChIP-seq | H3K4me1,0.0234375,BigWig,0.59375,0.6171875,0.0234375,991
ENCSR978CNH,SK-N-SH | Histone ChIP-seq | H3K36me3,-0.0234375,BigWig,0.671875,0.6484375,0.0234375,992
ENCSR467FMR,iPS-18a | Histone ChIP-seq | H3K36me3,0.0234375,BigWig,0.7890625,0.8125,0.0234375,993
ENCSR034LMV,iPS-18c | Histone ChIP-seq | H3K9me3,-0.0234375,BigWig,0.8359375,0.8125,0.0234375,994
ENCSR499WAQ,iPS-20b | Histone ChIP-seq | H3K36me3,0.0234375,BigWig,0.80078125,0.82421875,0.0234375,995
ENCSR905TYC,bipolar neuron | Histone ChIP-seq | H3K27ac,0.0234375,BigWig,0.54296875,0.56640625,0.0234375,996
ENCSR000DSF,cardiac myoblast | Histone ChIP-seq | H3K36me3,-0.0234375,BigWig,0.86328125,0.83984375,0.0234375,997
ENCSR000DSK,cardiovascular progenitor cell | Histone ChIP-seq | H3K,-0.0234375,BigWig,0.875,0.8515625,0.0234375,998
ENCSR677EZB,endodermal cell | Histone ChIP-seq | H3K36me3,0.0234375,BigWig,0.765625,0.7890625,0.0234375,999
ENCSR823BHO,endodermal cell | Histone ChIP-seq | H3K9me3,0.0234375,BigWig,0.609375,0.6328125,0.0234375,1000
ENCSR420NOA,hematopoietic multipotent progenitor cell | DNase-seq,-0.0234375,BigWig,0.71484375,0.69140625,0.0234375,1001
ENCSR931WLE,mesodermal cell | Histone ChIP-seq | H3K27ac,-0.0234375,BigWig,0.66796875,0.64453125,0.0234375,1002
ENCSR274OIJ,neural progenitor cell | Histone ChIP-seq | H3K4me1,-0.0234375,BigWig,0.67578125,0.65234375,0.0234375,1003
ENCSR661MUS,neural progenitor cell | Histone ChIP-seq | H3K4me3,-0.0234375,BigWig,0.625,0.6015625,0.0234375,1004
ENCSR842NGQ,neuroepithelial stem cell | Histone ChIP-seq | H3K27ac,0.0234375,BigWig,0.69140625,0.71484375,0.0234375,1005
ENCSR799SRL,neuronal stem cell | Histone ChIP-seq | H3K27ac,0.0234375,BigWig,0.8203125,0.84375,0.0234375,1006
ENCSR800IIW,neuronal stem cell | Histone ChIP-seq | H3K9me3,-0.0234375,BigWig,0.8125,0.7890625,0.0234375,1007
ENCSR191ZQT,B cell | Histone ChIP-seq | H3K27ac,0.0234375,BigWig,0.66796875,0.69140625,0.0234375,1008
ENCSR214VUB,B cell | Histone ChIP-seq | H3K4me1,0.0234375,BigWig,0.67578125,0.69921875,0.0234375,1009
ENCSR005WWZ,B cell | Histone ChIP-seq | H3K9me3,0.0234375,BigWig,0.6640625,0.6875,0.0234375,1010
ENCSR435WPP,"CD4-positive, CD25-positive, alpha-beta regulatory T ce",-0.0234375,BigWig,0.77734375,0.75390625,0.0234375,1011
ENCSR138DOM,"CD4-positive, alpha-beta T cell | Histone ChIP-seq | H3",0.0234375,BigWig,0.609375,0.6328125,0.0234375,1012
ENCSR466XPN,"CD4-positive, alpha-beta T cell | Histone ChIP-seq | H3",0.0234375,BigWig,0.7578125,0.78125,0.0234375,1013
ENCSR166ZZZ,"CD8-positive, alpha-beta T cell | Histone ChIP-seq | H3",-0.0234375,BigWig,0.78515625,0.76171875,0.0234375,1014
ENCSR796CSH,"CD8-positive, alpha-beta T cell | Histone ChIP-seq | H3",0.0234375,BigWig,0.640625,0.6640625,0.0234375,1015
ENCSR824PXG,"CD8-positive, alpha-beta T cell | Histone ChIP-seq | H3",0.0234375,BigWig,0.72265625,0.74609375,0.0234375,1016
ENCSR366YTD,T-cell | DNase-seq,0.0234375,BigWig,0.734375,0.7578125,0.0234375,1017
ENCSR628IRM,T-cell | DNase-seq,0.0234375,BigWig,0.6796875,0.703125,0.0234375,1018
ENCSR716VIQ,T-cell | Histone ChIP-seq | H3K36me3,-0.0234375,BigWig,0.8046875,0.78125,0.0234375,1019
ENCSR115GFR,T-cell | Histone ChIP-seq | H3K9me3,0.0234375,BigWig,0.62890625,0.65234375,0.0234375,1020
ENCSR000EQD,T-helper 1 cell | DNase-seq,-0.0234375,BigWig,0.72265625,0.69921875,0.0234375,1021
ENCSR170NCG,"common myeloid progenitor, CD34-positive | Histone ChIP",0.0234375,BigWig,0.68359375,0.70703125,0.0234375,1022
ENCSR691CSS,"common myeloid progenitor, CD34-positive | Histone ChIP",0.0234375,BigWig,0.57421875,0.59765625,0.0234375,1023
ENCSR179MIQ,"common myeloid progenitor, CD34-positive | Histone ChIP",-0.0234375,BigWig,0.6171875,0.59375,0.0234375,1024
ENCSR957WQX,"common myeloid progenitor, CD34-positive | Histone ChIP",-0.0234375,BigWig,0.73046875,0.70703125,0.0234375,1025
ENCSR000ELD,epidermal melanocyte | DNase-seq,0.0234375,BigWig,0.796875,0.8203125,0.0234375,1026
ENCSR910PDW,epithelial cell of prostate | Histone ChIP-seq | H3K27a,0.0234375,BigWig,0.5703125,0.59375,0.0234375,1027
ENCSR953ULK,fibroblast of breast | Histone ChIP-seq | H3K27ac,0.0234375,BigWig,0.6953125,0.71875,0.0234375,1028
ENCSR648GDP,fibroblast of skin of left biceps | DNase-seq,0.0234375,BigWig,0.6328125,0.65625,0.0234375,1029
ENCSR344WLV,foreskin fibroblast | Histone ChIP-seq | H3K4me1,0.0234375,BigWig,0.73046875,0.75390625,0.0234375,1030
ENCSR423AKG,foreskin melanocyte | Histone ChIP-seq | H3K4me3,-0.0234375,BigWig,0.65625,0.6328125,0.0234375,1031
ENCSR006GPM,mesenchymal stem cell | Histone ChIP-seq | H3K9ac,0.0234375,BigWig,0.62109375,0.64453125,0.0234375,1032
ENCSR519SOC,natural killer cell | Histone ChIP-seq | H3K36me3,-0.0234375,BigWig,0.76953125,0.74609375,0.0234375,1033
ENCSR570AUC,natural killer cell | Histone ChIP-seq | H3K4me3,0.0234375,BigWig,0.62109375,0.64453125,0.0234375,1034
ENCSR438ZIS,neurosphere | Histone ChIP-seq | H3K27me3,0.0234375,BigWig,0.78515625,0.80859375,0.0234375,1035
ENCSR586POT,neutrophil | Histone ChIP-seq | H3K4me1,0.0234375,BigWig,0.66796875,0.69140625,0.0234375,1036
ENCSR156XNC,peripheral blood mononuclear cell | Histone ChIP-seq |,0.0234375,BigWig,0.75,0.7734375,0.0234375,1037
ENCSR000ANL,skeletal muscle myoblast | Histone ChIP-seq | H3K9ac,-0.0234375,BigWig,0.65234375,0.62890625,0.0234375,1038
ENCSR651IVN,adrenal gland | Histone ChIP-seq | H3K9me3,0.0234375,BigWig,0.62890625,0.65234375,0.0234375,1039
ENCSR325VOA,aorta | Histone ChIP-seq | H3K4me1,-0.0234375,BigWig,0.69921875,0.67578125,0.0234375,1040
ENCSR982QIF,ascending aorta | Histone ChIP-seq | H3K27ac,-0.0234375,BigWig,0.6875,0.6640625,0.0234375,1041
ENCSR524OCB,body of pancreas | DNase-seq,-0.0234375,BigWig,0.8828125,0.859375,0.0234375,1042
ENCSR143MZL,brain | Histone ChIP-seq | H3K4me3,0.0234375,BigWig,0.640625,0.6640625,0.0234375,1043
ENCSR829NJE,brain | Histone ChIP-seq | H3K9me3,0.0234375,BigWig,0.69921875,0.72265625,0.0234375,1044
ENCSR840KVX,caudate nucleus | Histone ChIP-seq | H3K4me3,0.0234375,BigWig,0.65234375,0.67578125,0.0234375,1045
ENCSR000EIJ,cerebellum | DNase-seq,-0.0234375,BigWig,0.87109375,0.84765625,0.0234375,1046
ENCSR963LVX,chorionic villus | Histone ChIP-seq | H3K27ac,0.0234375,BigWig,0.83203125,0.85546875,0.0234375,1047
ENCSR671JMQ,chorionic villus | Histone ChIP-seq | H3K9me3,0.0234375,BigWig,0.65625,0.6796875,0.0234375,1048
ENCSR117IJB,cingulate gyrus | Histone ChIP-seq | H3K4me1,-0.0234375,BigWig,0.8203125,0.796875,0.0234375,1049
ENCSR328KRD,colonic mucosa | Histone ChIP-seq | H3K9ac,0.0234375,BigWig,0.765625,0.7890625,0.0234375,1050
ENCSR435NHO,embryonic facial prominence | DNase-seq,0.0234375,BigWig,0.73046875,0.75390625,0.0234375,1051
ENCSR161HZJ,gastrocnemius medialis | Histone ChIP-seq | H3K4me1,-0.0234375,BigWig,0.6875,0.6640625,0.0234375,1052
ENCSR677LBH,gastroesophageal sphincter | Histone ChIP-seq | H3K27ac,0.0234375,BigWig,0.62890625,0.65234375,0.0234375,1053
ENCSR575ICR,germinal matrix | Histone ChIP-seq | H3K4me3,0.0234375,BigWig,0.65625,0.6796875,0.0234375,1054
ENCSR000EJQ,heart | DNase-seq,0.0234375,BigWig,0.859375,0.8828125,0.0234375,1055
ENCSR320PGJ,heart | DNase-seq,0.0234375,BigWig,0.703125,0.7265625,0.0234375,1056
ENCSR392GCE,heart | DNase-seq,0.0234375,BigWig,0.66015625,0.68359375,0.0234375,1057
ENCSR621WQY,heart | Histone ChIP-seq | H3K36me3,0.0234375,BigWig,0.76953125,0.79296875,0.0234375,1058
ENCSR712WTM,heart | Histone ChIP-seq | H3K9me3,0.0234375,BigWig,0.6640625,0.6875,0.0234375,1059
ENCSR757EPJ,kidney | DNase-seq,-0.0234375,BigWig,0.66015625,0.63671875,0.0234375,1060
ENCSR800QGE,large intestine | DNase-seq,-0.0234375,BigWig,0.74609375,0.72265625,0.0234375,1061
ENCSR582IPV,lung | DNase-seq,-0.0234375,BigWig,0.64453125,0.62109375,0.0234375,1062
ENCSR936FAH,lung | Histone ChIP-seq | H3K4me3,0.0234375,BigWig,0.6484375,0.671875,0.0234375,1063
ENCSR826ZCF,mucosa of rectum | Histone ChIP-seq | H3K4me1,-0.0234375,BigWig,0.6484375,0.625,0.0234375,1064
ENCSR384LKH,mucosa of stomach | Histone ChIP-seq | H3K9ac,0.0234375,BigWig,0.73828125,0.76171875,0.0234375,1065
ENCSR357PMV,muscle of arm | DNase-seq,0.0234375,BigWig,0.734375,0.7578125,0.0234375,1066
ENCSR072NBR,muscle of back | DNase-seq,0.0234375,BigWig,0.6953125,0.71875,0.0234375,1067
ENCSR272RQX,muscle of leg | DNase-seq,0.0234375,BigWig,0.69140625,0.71484375,0.0234375,1068
ENCSR747VED,pancreas | Histone ChIP-seq | H3K4me3,0.0234375,BigWig,0.8515625,0.875,0.0234375,1069
ENCSR735SLW,parathyroid adenoma | Histone ChIP-seq | H3K27ac,-0.0234375,BigWig,0.77734375,0.75390625,0.0234375,1070
ENCSR498ZRC,placenta | Histone ChIP-seq | H3K27ac,0.0234375,BigWig,0.71875,0.7421875,0.0234375,1071
ENCSR480WMC,placenta | Histone ChIP-seq | H3K4me1,0.0234375,BigWig,0.796875,0.8203125,0.0234375,1072
ENCSR426TPQ,psoas muscle | DNase-seq,0.0234375,BigWig,0.8359375,0.859375,0.0234375,1073
ENCSR656QYL,renal cortex interstitium | DNase-seq,-0.0234375,BigWig,0.75390625,0.73046875,0.0234375,1074
ENCSR621ENC,retina | DNase-seq,0.0234375,BigWig,0.71875,0.7421875,0.0234375,1075
ENCSR791KFQ,right atrium auricular region | Histone ChIP-seq | H3K4,0.0234375,BigWig,0.66015625,0.68359375,0.0234375,1076
ENCSR671BOA,right cardiac atrium | Histone ChIP-seq | H3K4me1,-0.0234375,BigWig,0.78125,0.7578125,0.0234375,1077
ENCSR561YSH,sigmoid colon | Histone ChIP-seq | H3K27ac,0.0234375,BigWig,0.78515625,0.80859375,0.0234375,1078
ENCSR973MKT,spinal cord | DNase-seq,-0.0234375,BigWig,0.66015625,0.63671875,0.0234375,1079
ENCSR679IFH,spleen | DNase-seq,0.0234375,BigWig,0.69921875,0.72265625,0.0234375,1080
ENCSR197QDK,spleen | Histone ChIP-seq | H3K4me3,0.0234375,BigWig,0.62890625,0.65234375,0.0234375,1081
ENCSR582UTE,stomach | Histone ChIP-seq | H3K27ac,0.0234375,BigWig,0.6796875,0.703125,0.0234375,1082
ENCSR036AQX,stomach smooth muscle | Histone ChIP-seq | H3K9me3,-0.0234375,BigWig,0.78125,0.7578125,0.0234375,1083
ENCSR199VMI,subcutaneous abdominal adipose tissue | Histone ChIP-se,0.0234375,BigWig,0.58984375,0.61328125,0.0234375,1084
ENCSR632QHJ,subcutaneous abdominal adipose tissue | Histone ChIP-se,-0.0234375,BigWig,0.66015625,0.63671875,0.0234375,1085
ENCSR152UWC,subcutaneous abdominal adipose tissue | Histone ChIP-se,0.0234375,BigWig,0.67578125,0.69921875,0.0234375,1086
ENCSR286WUR,subcutaneous abdominal adipose tissue | Histone ChIP-se,-0.0234375,BigWig,0.7578125,0.734375,0.0234375,1087
ENCSR803IBD,thoracic aorta | Histone ChIP-seq | H3K4me1,-0.0234375,BigWig,0.69921875,0.67578125,0.0234375,1088
ENCSR303IKJ,thymus | Histone ChIP-seq | H3K27ac,-0.0234375,BigWig,0.81640625,0.79296875,0.0234375,1089
ENCSR308ZMD,thymus | Histone ChIP-seq | H3K4me3,0.0234375,BigWig,0.6875,0.7109375,0.0234375,1090
ENCSR506QLL,trophoblast | Histone ChIP-seq | H3K4me1,0.0234375,BigWig,0.84375,0.8671875,0.0234375,1091
CNhs12331_M,B lymphoblastoid cell line | CAGE,0.0234375,BigWig,0.51171875,0.53515625,0.0234375,1092
CNhs11251_M,acute lymphoblastic leukemia (B-ALL) cell line | CAGE,0.0234375,BigWig,0.5078125,0.53125,0.0234375,1093
CNhs13056_M,acute myeloid leukemia (FAB M4eo) cell line | CAGE,0.0234375,BigWig,0.51171875,0.53515625,0.0234375,1094
CNhs10722_M,acute myeloid leukemia (FAB M5) cell line | CAGE,0.0234375,BigWig,0.515625,0.5390625,0.0234375,1095
CNhs10723_M,acute myeloid leukemia (FAB M5) cell line | CAGE,0.0234375,BigWig,0.515625,0.5390625,0.0234375,1096
CNhs10724_M,acute myeloid leukemia (FAB M5) cell line | CAGE,0.0234375,BigWig,0.515625,0.5390625,0.0234375,1097
CNhs11845_M,biphenotypic B myelomonocytic leukemia cell line | CAGE,0.0234375,BigWig,0.515625,0.5390625,0.0234375,1098
CNhs11834_P,carcinoid cell line | CAGE,-0.0234375,BigWig,0.52734375,0.50390625,0.0234375,1099
CNhs11288_P,cervical cancer cell line | CAGE,-0.0234375,BigWig,0.52734375,0.50390625,0.0234375,1100
CNhs11833_M,chondrosarcoma cell line | CAGE,0.0234375,BigWig,0.5234375,0.546875,0.0234375,1101
CNhs11820_M,choriocarcinoma cell line | CAGE,0.0234375,BigWig,0.640625,0.6640625,0.0234375,1102
CNhs11745_P,clear cell carcinoma cell line | CAGE,-0.0234375,BigWig,0.52734375,0.50390625,0.0234375,1103
CNhs10737_M,colon carcinoma cell line | CAGE,0.0234375,BigWig,0.51171875,0.53515625,0.0234375,1104
CNhs11741_M,diffuse large B-cell lymphoma cell line | CAGE,0.0234375,BigWig,0.5078125,0.53125,0.0234375,1105
CNhs11266_P,endometrial carcinoma cell line | CAGE,-0.0234375,BigWig,0.5234375,0.5,0.0234375,1106
CNhs11249_P,endometrial stromal sarcoma cell line | CAGE,-0.0234375,BigWig,0.5234375,0.5,0.0234375,1107
CNhs12325_P,epitheloid carcinoma cell line | CAGE,-0.0234375,BigWig,0.52734375,0.50390625,0.0234375,1108
CNhs11737_P,gastric adenocarcinoma cell line | CAGE,-0.0234375,BigWig,0.52734375,0.50390625,0.0234375,1109
CNhs12806_P,large cell lung carcinoma cell line | CAGE,-0.0234375,BigWig,0.52734375,0.50390625,0.0234375,1110
CNhs11723_M,leiomyoma cell line | CAGE,0.0234375,BigWig,0.515625,0.5390625,0.0234375,1111
CNhs11263_P,mesothelioma cell line | CAGE,-0.0234375,BigWig,0.5234375,0.5,0.0234375,1112
CNhs11264_P,mesothelioma cell line | CAGE,-0.0234375,BigWig,0.52734375,0.50390625,0.0234375,1113
CNhs11944_P,mixed mullerian tumor cell line | CAGE,-0.0234375,BigWig,0.52734375,0.50390625,0.0234375,1114
CNhs11287_P,oral squamous cell carcinoma cell line | CAGE,-0.0234375,BigWig,0.52734375,0.50390625,0.0234375,1115
CNhs10729_P,renal cell carcinoma cell line | CAGE,-0.0234375,BigWig,0.5234375,0.5,0.0234375,1116
CNhs10741_M,splenic lymphoma with villous lymphocytes cell line | C,0.0234375,BigWig,0.5234375,0.546875,0.0234375,1117
CNhs11749_P,squamous cell carcinoma cell line | CAGE,-0.0234375,BigWig,0.52734375,0.50390625,0.0234375,1118
CNhs11884_P,teratocarcinoma cell line | CAGE,-0.0234375,BigWig,0.52734375,0.50390625,0.0234375,1119
CNhs13469_M,CD14+ monocytes - treated with Group A streptococci | C,0.0234375,BigWig,0.51953125,0.54296875,0.0234375,1120
CNhs10854_M,CD8+ T Cells | CAGE,0.0234375,BigWig,0.50390625,0.52734375,0.0234375,1121
CNhs11380_P,Fibroblast - Lung | CAGE,-0.0234375,BigWig,0.53515625,0.51171875,0.0234375,1122
CNhs11322_M,Fibroblast - Lymphatic | CAGE,0.0234375,BigWig,0.515625,0.5390625,0.0234375,1123
CNhs11953_M,"Fibroblast - Periodontal Ligament,  (PL30) | CAGE",0.0234375,BigWig,0.5078125,0.53125,0.0234375,1124
CNhs10878_P,Fibroblast - Pulmonary Artery | CAGE,-0.0234375,BigWig,0.52734375,0.50390625,0.0234375,1125
CNhs11351_M,Fibroblast - skin normal | CAGE,0.0234375,BigWig,0.51171875,0.53515625,0.0234375,1126
CNhs12339_M,Hair Follicle Outer Root Sheath Cells | CAGE,0.0234375,BigWig,0.51953125,0.54296875,0.0234375,1127
CNhs11337_M,Keratocytes | CAGE,0.0234375,BigWig,0.51953125,0.54296875,0.0234375,1128
CNhs13550_P,Mallassez-derived cells | CAGE,-0.0234375,BigWig,0.52734375,0.50390625,0.0234375,1129
CNhs11073_M,Mast cell - stimulated | CAGE,0.0234375,BigWig,0.51171875,0.53515625,0.0234375,1130
CNhs12566_P,Mast cell | CAGE,-0.0234375,BigWig,0.53125,0.5078125,0.0234375,1131
CNhs13924_P,"Mast cell, expanded | CAGE",-0.0234375,BigWig,0.52734375,0.50390625,0.0234375,1132
CNhs11346_P,Mesenchymal Stem Cells - hepatic | CAGE,-0.0234375,BigWig,0.53125,0.5078125,0.0234375,1133
CNhs11347_M,Mesenchymal Stem Cells - umbilical | CAGE,0.0234375,BigWig,0.5234375,0.546875,0.0234375,1134
CNhs10859_M,Natural Killer Cells | CAGE,0.0234375,BigWig,0.50390625,0.52734375,0.0234375,1135
CNhs10862_M,Neutrophils | CAGE,0.0234375,BigWig,0.51171875,0.53515625,0.0234375,1136
CNhs12587_P,Perineurial Cells | CAGE,-0.0234375,BigWig,0.52734375,0.50390625,0.0234375,1137
CNhs10851_M,Sertoli Cells | CAGE,0.0234375,BigWig,0.515625,0.5390625,0.0234375,1138
CNhs11086_P,Smooth Muscle Cells - Brachiocephalic | CAGE,-0.0234375,BigWig,0.53125,0.5078125,0.0234375,1139
CNhs11340_M,Trabecular Meshwork Cells | CAGE,0.0234375,BigWig,0.515625,0.5390625,0.0234375,1140
CNhs13914_M,gamma delta positive T cells | CAGE,0.0234375,BigWig,0.5078125,0.53125,0.0234375,1141
CNhs12519_M,granulocyte macrophage progenitor | CAGE,0.0234375,BigWig,0.50390625,0.52734375,0.0234375,1142
CNhs12558_P,mature adipocyte | CAGE,-0.0234375,BigWig,0.5234375,0.5,0.0234375,1143
CNhs12366_M,mesenchymal precursor cell - bone marrow | CAGE,0.0234375,BigWig,0.51953125,0.54296875,0.0234375,1144
CNhs12522_M,neutrophil PMN | CAGE,0.0234375,BigWig,0.51953125,0.54296875,0.0234375,1145
CNhs13464_P,Urethra | CAGE,-0.0234375,BigWig,0.53515625,0.51171875,0.0234375,1146
CNhs10615_P,"adipose tissue, adult, pool1 | CAGE",-0.0234375,BigWig,0.5234375,0.5,0.0234375,1147
CNhs11793_P,"adrenal gland, adult, pool1 | CAGE",-0.0234375,BigWig,0.5234375,0.5,0.0234375,1148
CNhs13793_M,amygdala - adult | CAGE,0.0234375,BigWig,0.56640625,0.58984375,0.0234375,1149
CNhs10647_P,"frontal lobe, adult, pool1 | CAGE",-0.0234375,BigWig,0.52734375,0.50390625,0.0234375,1150
CNhs11758_P,"heart, adult, diseased | CAGE",-0.0234375,BigWig,0.5234375,0.5,0.0234375,1151
CNhs11790_P,"left atrium, adult | CAGE",-0.0234375,BigWig,0.5234375,0.5,0.0234375,1152
CNhs10624_P,"liver, adult, pool1 | CAGE",-0.0234375,BigWig,0.5234375,0.5,0.0234375,1153
CNhs11786_P,"lung, right lower lobe, adult | CAGE",-0.0234375,BigWig,0.5234375,0.5,0.0234375,1154
CNhs13800_M,medulla oblongata - adult | CAGE,0.0234375,BigWig,0.62109375,0.64453125,0.0234375,1155
CNhs14079_P,"medulla oblongata, newborn | CAGE",-0.0234375,BigWig,0.5234375,0.5,0.0234375,1156
CNhs11785_P,"skin, adult | CAGE",-0.0234375,BigWig,0.5234375,0.5,0.0234375,1157
CNhs11764_P,"spinal cord, fetal | CAGE",-0.0234375,BigWig,0.5234375,0.5,0.0234375,1158
CNhs13794_M,thalamus - adult | CAGE,0.0234375,BigWig,0.5703125,0.59375,0.0234375,1159
CNhs11676_M,"uterus, adult, pool1 | CAGE",0.0234375,BigWig,0.5390625,0.5625,0.0234375,1160
GTEX-1RAZR-1426-SM-EVR4M.1,esophagus | RNA-seq,-0.0234375,BigWig,1.0,0.9765625,0.0234375,1161
GTEX-14PJ4-2426-SM-6EU1U.1,muscle | RNA-seq,-0.0234375,BigWig,1.0,0.9765625,0.0234375,1162
GTEX-1KXAM-1126-SM-E9TJU.1,prostate | RNA-seq,-0.0234375,BigWig,1.0,0.9765625,0.0234375,1163
GTEX-14PJN-0826-SM-686ZL.1,small intestine | RNA-seq,-0.0234375,BigWig,1.0,0.9765625,0.0234375,1164
GTEX-1399U-1626-SM-5P9J3.1,stomach | RNA-seq,-0.0234375,BigWig,1.0,0.9765625,0.0234375,1165
GTEX-13FTX-1026-SM-5J2O5.1,uterus | RNA-seq,-0.0234375,BigWig,1.0,0.9765625,0.0234375,1166
3UTR-,3UTR-,-0.021484375,BED,0.11572265625,0.09423828125,0.021484375,1167
stop_codon,stop codon,0.021484375,BED,0.0634765625,0.0849609375,0.021484375,1168
ENCSR391NPE,22Rv1 | Histone ChIP-seq | H3K27ac,0.01953125,BigWig,0.66015625,0.6796875,0.01953125,1169
ENCSR279KIX,C4-2B | Histone ChIP-seq | H3K27ac,0.01953125,BigWig,0.7421875,0.76171875,0.01953125,1170
ENCSR000DQL,Caco-2 | Histone ChIP-seq | H3K27me3,0.01953125,BigWig,0.80859375,0.828125,0.01953125,1171
ENCSR741STU,DOHH2 | Histone ChIP-seq | H3K27ac,0.01953125,BigWig,0.5625,0.58203125,0.01953125,1172
ENCSR548MMD,EH | DNase-seq,-0.01953125,BigWig,0.578125,0.55859375,0.01953125,1173
ENCSR000DRC,GM12865 | Histone ChIP-seq | H3K4me3,-0.01953125,BigWig,0.60546875,0.5859375,0.01953125,1174
ENCSR000AKF,GM12878 | Histone ChIP-seq | H3K4me1,0.01953125,BigWig,0.6796875,0.69921875,0.01953125,1175
ENCSR000EJI,GM18507 | DNase-seq,-0.01953125,BigWig,0.89453125,0.875,0.01953125,1176
ENCSR007YOT,GM23248 | Histone ChIP-seq | H3K27ac,0.01953125,BigWig,0.5703125,0.58984375,0.01953125,1177
ENCSR386RIJ,GM23338 | Histone ChIP-seq | H3K27me3,-0.01953125,BigWig,0.64453125,0.625,0.01953125,1178
ENCSR925LJZ,H1 | Histone ChIP-seq | H3K36me3,0.01953125,BigWig,0.859375,0.87890625,0.01953125,1179
ENCSR814XPE,H1 | Histone ChIP-seq | H3K4me3,-0.01953125,BigWig,0.6171875,0.59765625,0.01953125,1180
ENCSR000DSR,H7 | Histone ChIP-seq | H3K4me3,-0.01953125,BigWig,0.62109375,0.6015625,0.01953125,1181
ENCSR000EUS,HCT116 | Histone ChIP-seq | H3K4me1,0.01953125,BigWig,0.64453125,0.6640625,0.01953125,1182
ENCSR179BUC,HCT116 | Histone ChIP-seq | H3K9me3,0.01953125,BigWig,0.66796875,0.6875,0.01953125,1183
ENCSR000EMF,HS-27A | DNase-seq,-0.01953125,BigWig,0.7265625,0.70703125,0.01953125,1184
ENCSR262NQD,HUES48 | Histone ChIP-seq | H3K27me3,-0.01953125,BigWig,0.7734375,0.75390625,0.01953125,1185
ENCSR583ALI,HUES6 | Histone ChIP-seq | H3K9ac,0.01953125,BigWig,0.8203125,0.83984375,0.01953125,1186
ENCSR000EJS,HeLa-S3 | DNase-seq,-0.01953125,BigWig,0.87109375,0.8515625,0.01953125,1187
ENCSR149XIL,HepG2 | DNase-seq,-0.01953125,BigWig,0.76953125,0.75,0.01953125,1188
ENCSR000ATD,HepG2 | Histone ChIP-seq | H3K9me3,0.01953125,BigWig,0.625,0.64453125,0.01953125,1189
ENCSR000DVU,"Jurkat, Clone E6-1 | Histone ChIP-seq | H3K4me3",0.01953125,BigWig,0.609375,0.62890625,0.01953125,1190
ENCSR000EKQ,K562 | DNase-seq,0.01953125,BigWig,0.85546875,0.875,0.01953125,1191
ENCSR000AKQ,K562 | Histone ChIP-seq | H3K27me3,-0.01953125,BigWig,0.91796875,0.8984375,0.01953125,1192
ENCSR000EWQ,MCF-7 | Histone ChIP-seq | H3K9me3,0.01953125,BigWig,0.69921875,0.71875,0.01953125,1193
ENCSR094VCE,MM.1S | Histone ChIP-seq | H3K4me1,0.01953125,BigWig,0.7265625,0.74609375,0.01953125,1194
ENCSR562JTY,NCI-H929 | Histone ChIP-seq | H3K36me3,-0.01953125,BigWig,0.734375,0.71484375,0.01953125,1195
ENCSR000EWZ,NT2/D1 | Histone ChIP-seq | H3K9me3,0.01953125,BigWig,0.734375,0.75390625,0.01953125,1196
ENCSR638FRE,OCI-LY3 | Histone ChIP-seq | H3K36me3,-0.01953125,BigWig,0.6875,0.66796875,0.01953125,1197
ENCSR581LZU,OCI-LY3 | Histone ChIP-seq | H3K4me1,0.01953125,BigWig,0.609375,0.62890625,0.01953125,1198
ENCSR000DXU,WERI-Rb-1 | Histone ChIP-seq | H3K4me3,-0.01953125,BigWig,0.5859375,0.56640625,0.01953125,1199
ENCSR888WZL,iPS DF 19.11 | Histone ChIP-seq | H3K4me3,0.01953125,BigWig,0.8671875,0.88671875,0.01953125,1200
ENCSR681AIW,iPS DF 6.9 | Histone ChIP-seq | H3K9me3,0.01953125,BigWig,0.828125,0.84765625,0.01953125,1201
ENCSR000EKJ,iPS-NIHi11 | DNase-seq,-0.01953125,BigWig,0.87109375,0.8515625,0.01953125,1202
ENCSR115VDV,adipocyte | Histone ChIP-seq | H3K4me1,0.01953125,BigWig,0.546875,0.56640625,0.01953125,1203
ENCSR690GLT,ectodermal cell | Histone ChIP-seq | H3K27me3,-0.01953125,BigWig,0.7109375,0.69140625,0.01953125,1204
ENCSR166KPV,endodermal cell | DNase-seq,-0.01953125,BigWig,0.90234375,0.8828125,0.01953125,1205
ENCSR701KJD,mesenchymal stem cell | Histone ChIP-seq | H3K9ac,0.01953125,BigWig,0.80078125,0.8203125,0.01953125,1206
ENCSR000ATI,myotube | Histone ChIP-seq | H3K27me3,0.01953125,BigWig,0.875,0.89453125,0.01953125,1207
ENCSR000AQM,myotube | Histone ChIP-seq | H3K9me3,0.01953125,BigWig,0.78125,0.80078125,0.01953125,1208
ENCSR486ZKB,neuron | Histone ChIP-seq | H3K36me3,-0.01953125,BigWig,0.8046875,0.78515625,0.01953125,1209
ENCSR130IMV,smooth muscle cell | Histone ChIP-seq | H3K4me1,-0.01953125,BigWig,0.66796875,0.6484375,0.01953125,1210
ENCSR515PKY,smooth muscle cell | Histone ChIP-seq | H3K4me3,-0.01953125,BigWig,0.59765625,0.578125,0.01953125,1211
ENCSR564GWG,trophoblast cell | Histone ChIP-seq | H3K4me1,0.01953125,BigWig,0.89453125,0.9140625,0.01953125,1212
ENCSR404MOX,B cell | Histone ChIP-seq | H3K27me3,0.01953125,BigWig,0.83203125,0.8515625,0.01953125,1213
ENCSR000DWM,CD14-positive monocyte | Histone ChIP-seq | H3K27me3,0.01953125,BigWig,0.5546875,0.57421875,0.01953125,1214
ENCSR000EQK,"CD4-positive, CD25-positive, alpha-beta regulatory T ce",-0.01953125,BigWig,0.71484375,0.6953125,0.01953125,1215
ENCSR643GHI,"CD4-positive, alpha-beta T cell | DNase-seq",0.01953125,BigWig,0.69140625,0.7109375,0.01953125,1216
ENCSR561KOM,"CD4-positive, alpha-beta T cell | Histone ChIP-seq | H3",0.01953125,BigWig,0.7109375,0.73046875,0.01953125,1217
ENCSR020LUD,"CD8-positive, alpha-beta T cell | DNase-seq",0.01953125,BigWig,0.6328125,0.65234375,0.01953125,1218
ENCSR218OEZ,T-cell | Histone ChIP-seq | H3K4me1,0.01953125,BigWig,0.77734375,0.796875,0.01953125,1219
ENCSR041UZZ,T-helper 17 cell | Histone ChIP-seq | H3K27ac,0.01953125,BigWig,0.66796875,0.6875,0.01953125,1220
ENCSR000AOU,astrocyte | Histone ChIP-seq | H3K4me3,0.01953125,BigWig,0.6328125,0.65234375,0.01953125,1221
ENCSR045QJH,"common myeloid progenitor, CD34-positive | Histone ChIP",-0.01953125,BigWig,0.7265625,0.70703125,0.01953125,1222
ENCSR000DVM,endothelial cell of umbilical vein | Histone ChIP-seq |,-0.01953125,BigWig,0.91015625,0.890625,0.01953125,1223
ENCSR000DVN,endothelial cell of umbilical vein | Histone ChIP-seq |,0.01953125,BigWig,0.62109375,0.640625,0.01953125,1224
ENCSR578QSO,endothelial cell of umbilical vein | Histone ChIP-seq |,0.01953125,BigWig,0.59765625,0.6171875,0.01953125,1225
ENCSR579YLO,fibroblast of breast | Histone ChIP-seq | H3K27ac,0.01953125,BigWig,0.578125,0.59765625,0.01953125,1226
ENCSR347HBG,fibroblast of breast | Histone ChIP-seq | H3K36me3,-0.01953125,BigWig,0.91796875,0.8984375,0.01953125,1227
ENCSR728GTL,fibroblast of breast | Histone ChIP-seq | H3K36me3,-0.01953125,BigWig,0.671875,0.65234375,0.01953125,1228
ENCSR000DQA,fibroblast of the aortic adventitia | Histone ChIP-seq,0.01953125,BigWig,0.59765625,0.6171875,0.01953125,1229
ENCSR108NVQ,foreskin fibroblast | Histone ChIP-seq | H3K27ac,0.01953125,BigWig,0.80859375,0.828125,0.01953125,1230
ENCSR917QEH,foreskin fibroblast | Histone ChIP-seq | H3K27ac,0.01953125,BigWig,0.78515625,0.8046875,0.01953125,1231
ENCSR227FYJ,foreskin melanocyte | Histone ChIP-seq | H3K27ac,0.01953125,BigWig,0.7578125,0.77734375,0.01953125,1232
ENCSR000DVE,kidney epithelial cell | Histone ChIP-seq | H3K36me3,-0.01953125,BigWig,0.8828125,0.86328125,0.01953125,1233
ENCSR136KEL,kidney glomerular epithelial cell | DNase-seq,-0.01953125,BigWig,0.796875,0.77734375,0.01953125,1234
ENCSR113OII,luminal epithelial cell of mammary gland | Histone ChIP,0.01953125,BigWig,0.6953125,0.71484375,0.01953125,1235
ENCSR293UEB,luminal epithelial cell of mammary gland | Histone ChIP,0.01953125,BigWig,0.734375,0.75390625,0.01953125,1236
ENCSR000ALW,mammary epithelial cell | Histone ChIP-seq | H3K27ac,-0.01953125,BigWig,0.62890625,0.609375,0.01953125,1237
ENCSR000DUQ,mammary epithelial cell | Histone ChIP-seq | H3K4me3,-0.01953125,BigWig,0.61328125,0.59375,0.01953125,1238
ENCSR807YQE,mammary epithelial cell | Histone ChIP-seq | H3K4me3,-0.01953125,BigWig,0.640625,0.62109375,0.01953125,1239
ENCSR555QHZ,mesenchymal stem cell | Histone ChIP-seq | H3K36me3,-0.01953125,BigWig,0.9453125,0.92578125,0.01953125,1240
ENCSR000EXV,mononuclear cell | Histone ChIP-seq | H3K4me1,0.01953125,BigWig,0.671875,0.69140625,0.01953125,1241
ENCSR727TQS,neurosphere | Histone ChIP-seq | H3K4me1,-0.01953125,BigWig,0.62890625,0.609375,0.01953125,1242
ENCSR741FTW,neurosphere | Histone ChIP-seq | H3K9me3,0.01953125,BigWig,0.6875,0.70703125,0.01953125,1243
ENCSR267YXV,neutrophil | Histone ChIP-seq | H3K27ac,-0.01953125,BigWig,0.7109375,0.69140625,0.01953125,1244
ENCSR254XTB,neutrophil | Histone ChIP-seq | H3K27me3,0.01953125,BigWig,0.8046875,0.82421875,0.01953125,1245
ENCSR000APL,osteoblast | Histone ChIP-seq | H3K9me3,0.01953125,BigWig,0.734375,0.75390625,0.01953125,1246
ENCSR615HXA,peripheral blood mononuclear cell | Histone ChIP-seq |,0.01953125,BigWig,0.7578125,0.77734375,0.01953125,1247
ENCSR442BHP,peripheral blood mononuclear cell | Histone ChIP-seq |,0.01953125,BigWig,0.80859375,0.828125,0.01953125,1248
ENCSR482QXO,peripheral blood mononuclear cell | Histone ChIP-seq |,0.01953125,BigWig,0.73046875,0.75,0.01953125,1249
ENCSR969DAF,peripheral blood mononuclear cell | Histone ChIP-seq |,0.01953125,BigWig,0.875,0.89453125,0.01953125,1250
ENCSR489TBW,peripheral blood mononuclear cell | Histone ChIP-seq |,0.01953125,BigWig,0.58984375,0.609375,0.01953125,1251
ENCSR000ANH,skeletal muscle myoblast | Histone ChIP-seq | H3K36me3,-0.01953125,BigWig,0.765625,0.74609375,0.01953125,1252
ENCSR837SGJ,Peyer's patch | Histone ChIP-seq | H3K27ac,0.01953125,BigWig,0.67578125,0.6953125,0.01953125,1253
ENCSR080PZL,adrenal gland | DNase-seq,0.01953125,BigWig,0.671875,0.69140625,0.01953125,1254
ENCSR597NVK,adrenal gland | DNase-seq,-0.01953125,BigWig,0.9453125,0.92578125,0.01953125,1255
ENCSR696XSJ,adrenal gland | DNase-seq,0.01953125,BigWig,0.60546875,0.625,0.01953125,1256
ENCSR094VJC,adrenal gland | Histone ChIP-seq | H3K27ac,-0.01953125,BigWig,0.6640625,0.64453125,0.01953125,1257
ENCSR333ZAR,adrenal gland | Histone ChIP-seq | H3K4me1,-0.01953125,BigWig,0.703125,0.68359375,0.01953125,1258
ENCSR249AWJ,amnion | Histone ChIP-seq | H3K4me1,0.01953125,BigWig,0.81640625,0.8359375,0.01953125,1259
ENCSR848TLB,aorta | Histone ChIP-seq | H3K4me1,-0.01953125,BigWig,0.66796875,0.6484375,0.01953125,1260
ENCSR596PFU,body of pancreas | Histone ChIP-seq | H3K27ac,-0.01953125,BigWig,0.68359375,0.6640625,0.01953125,1261
ENCSR947POC,brain | DNase-seq,0.01953125,BigWig,0.7265625,0.74609375,0.01953125,1262
ENCSR503HIB,cerebellar cortex | DNase-seq,-0.01953125,BigWig,0.6875,0.66796875,0.01953125,1263
ENCSR746ZXP,chorionic villus | Histone ChIP-seq | H3K27me3,0.01953125,BigWig,0.796875,0.81640625,0.01953125,1264
ENCSR649FAP,chorionic villus | Histone ChIP-seq | H3K36me3,-0.01953125,BigWig,0.9296875,0.91015625,0.01953125,1265
ENCSR836KDL,chorionic villus | Histone ChIP-seq | H3K36me3,-0.01953125,BigWig,0.94921875,0.9296875,0.01953125,1266
ENCSR957TGI,chorionic villus | Histone ChIP-seq | H3K9me3,0.01953125,BigWig,0.640625,0.66015625,0.01953125,1267
ENCSR485FST,duodenal mucosa | Histone ChIP-seq | H3K9ac,0.01953125,BigWig,0.78125,0.80078125,0.01953125,1268
ENCSR957UQS,endocrine pancreas | Histone ChIP-seq | H3K4me3,-0.01953125,BigWig,0.703125,0.68359375,0.01953125,1269
ENCSR645SYH,esophagus | Histone ChIP-seq | H3K27ac,-0.01953125,BigWig,0.71484375,0.6953125,0.01953125,1270
ENCSR607ARN,esophagus muscularis mucosa | Histone ChIP-seq | H3K4me,0.01953125,BigWig,0.65234375,0.671875,0.01953125,1271
ENCSR000EIK,frontal cortex | DNase-seq,0.01953125,BigWig,0.8359375,0.85546875,0.01953125,1272
ENCSR148FWR,gastrocnemius medialis | Histone ChIP-seq | H3K4me1,-0.01953125,BigWig,0.6953125,0.67578125,0.01953125,1273
ENCSR776EAH,gastrocnemius medialis | Histone ChIP-seq | H3K4me1,-0.01953125,BigWig,0.703125,0.68359375,0.01953125,1274
ENCSR911WPA,germinal matrix | Histone ChIP-seq | H3K27me3,0.01953125,BigWig,0.796875,0.81640625,0.01953125,1275
ENCSR528QDT,germinal matrix | Histone ChIP-seq | H3K4me3,0.01953125,BigWig,0.62890625,0.6484375,0.01953125,1276
ENCSR174JMM,heart | DNase-seq,0.01953125,BigWig,0.6171875,0.63671875,0.01953125,1277
ENCSR480OFK,heart | Histone ChIP-seq | H3K4me1,0.01953125,BigWig,0.76953125,0.7890625,0.01953125,1278
ENCSR676ZKW,heart | Histone ChIP-seq | H3K4me1,0.01953125,BigWig,0.6953125,0.71484375,0.01953125,1279
ENCSR377KDN,heart left ventricle | Histone ChIP-seq | H3K4me3,0.01953125,BigWig,0.64453125,0.6640625,0.01953125,1280
ENCSR068CQX,heart right ventricle | Histone ChIP-seq | H3K27me3,-0.01953125,BigWig,0.765625,0.74609375,0.01953125,1281
ENCSR385AMY,hindlimb muscle | DNase-seq,0.01953125,BigWig,0.71484375,0.734375,0.01953125,1282
ENCSR066WZJ,kidney | DNase-seq,-0.01953125,BigWig,0.64453125,0.625,0.01953125,1283
ENCSR082JCE,kidney | DNase-seq,-0.01953125,BigWig,0.6796875,0.66015625,0.01953125,1284
ENCSR941DTJ,kidney | DNase-seq,0.01953125,BigWig,0.765625,0.78515625,0.01953125,1285
ENCSR366AOJ,kidney | Histone ChIP-seq | H3K36me3,-0.01953125,BigWig,0.78515625,0.765625,0.01953125,1286
ENCSR000HPR,kidney | Histone ChIP-seq | H3K9me3,0.01953125,BigWig,0.6484375,0.66796875,0.01953125,1287
ENCSR563XRP,large intestine | DNase-seq,-0.01953125,BigWig,0.6875,0.66796875,0.01953125,1288
ENCSR666YVE,large intestine | DNase-seq,-0.01953125,BigWig,0.6875,0.66796875,0.01953125,1289
ENCSR413QXO,large intestine | Histone ChIP-seq | H3K4me3,0.01953125,BigWig,0.62109375,0.640625,0.01953125,1290
ENCSR456KDF,left lung | DNase-seq,0.01953125,BigWig,0.63671875,0.65625,0.01953125,1291
ENCSR266OIG,liver | Histone ChIP-seq | H3K27me3,0.01953125,BigWig,0.7421875,0.76171875,0.01953125,1292
ENCSR904LIL,liver | Histone ChIP-seq | H3K27me3,0.01953125,BigWig,0.64453125,0.6640625,0.01953125,1293
ENCSR213DKS,liver | Histone ChIP-seq | H3K36me3,-0.01953125,BigWig,0.9453125,0.92578125,0.01953125,1294
ENCSR585KLQ,liver | Histone ChIP-seq | H3K36me3,-0.01953125,BigWig,0.94140625,0.921875,0.01953125,1295
ENCSR458WIH,liver | Histone ChIP-seq | H3K4me3,0.01953125,BigWig,0.68359375,0.703125,0.01953125,1296
ENCSR351DLF,liver | Histone ChIP-seq | H3K9me3,0.01953125,BigWig,0.640625,0.66015625,0.01953125,1297
ENCSR214XJO,lung | DNase-seq,0.01953125,BigWig,0.7109375,0.73046875,0.01953125,1298
ENCSR067BMB,lung | Histone ChIP-seq | H3K4me1,0.01953125,BigWig,0.6171875,0.63671875,0.01953125,1299
ENCSR005LTG,mucosa of stomach | Histone ChIP-seq | H3K9me3,0.01953125,BigWig,0.73828125,0.7578125,0.01953125,1300
ENCSR054PMB,muscle layer of duodenum | Histone ChIP-seq | H3K4me1,0.01953125,BigWig,0.6328125,0.65234375,0.01953125,1301
ENCSR168WTY,muscle layer of duodenum | Histone ChIP-seq | H3K9me3,-0.01953125,BigWig,0.63671875,0.6171875,0.01953125,1302
ENCSR786FWF,muscle of back | DNase-seq,0.01953125,BigWig,0.6796875,0.69921875,0.01953125,1303
ENCSR859CZM,occipital lobe | DNase-seq,-0.01953125,BigWig,0.68359375,0.6640625,0.01953125,1304
ENCSR984UHU,pancreas | Histone ChIP-seq | H3K4me1,-0.01953125,BigWig,0.828125,0.80859375,0.01953125,1305
ENCSR033OKS,parathyroid adenoma | Histone ChIP-seq | H3K4me3,-0.01953125,BigWig,0.69140625,0.671875,0.01953125,1306
ENCSR648RAX,placenta | DNase-seq,0.01953125,BigWig,0.7734375,0.79296875,0.01953125,1307
ENCSR717HIA,placenta | Histone ChIP-seq | H3K27ac,0.01953125,BigWig,0.82421875,0.84375,0.01953125,1308
ENCSR273NXD,placenta | Histone ChIP-seq | H3K27me3,0.01953125,BigWig,0.87109375,0.890625,0.01953125,1309
ENCSR832LMT,placenta | Histone ChIP-seq | H3K36me3,-0.01953125,BigWig,0.94921875,0.9296875,0.01953125,1310
ENCSR720SAS,psoas muscle | Histone ChIP-seq | H3K27me3,0.01953125,BigWig,0.79296875,0.8125,0.01953125,1311
ENCSR493VDS,putamen | DNase-seq,-0.01953125,BigWig,0.8203125,0.80078125,0.01953125,1312
ENCSR475HRT,rectal smooth muscle tissue | Histone ChIP-seq | H3K4me,-0.01953125,BigWig,0.69921875,0.6796875,0.01953125,1313
ENCSR580OAH,renal pelvis | DNase-seq,0.01953125,BigWig,0.7734375,0.79296875,0.01953125,1314
ENCSR074ECR,right cardiac atrium | Histone ChIP-seq | H3K27ac,-0.01953125,BigWig,0.73046875,0.7109375,0.01953125,1315
ENCSR981UJA,right lobe of liver | Histone ChIP-seq | H3K27ac,0.01953125,BigWig,0.640625,0.66015625,0.01953125,1316
ENCSR344TLI,right lobe of liver | Histone ChIP-seq | H3K4me3,0.01953125,BigWig,0.66015625,0.6796875,0.01953125,1317
ENCSR421HUB,sigmoid colon | Histone ChIP-seq | H3K4me3,0.01953125,BigWig,0.6015625,0.62109375,0.01953125,1318
ENCSR636IDR,sigmoid colon | Histone ChIP-seq | H3K9me3,0.01953125,BigWig,0.71484375,0.734375,0.01953125,1319
ENCSR737NLJ,sigmoid colon | Histone ChIP-seq | H3K9me3,0.01953125,BigWig,0.7578125,0.77734375,0.01953125,1320
ENCSR429EVA,skeletal muscle tissue | Histone ChIP-seq | H3K9me3,0.01953125,BigWig,0.640625,0.66015625,0.01953125,1321
ENCSR503UUB,skeletal muscle tissue | Histone ChIP-seq | H3K9me3,0.01953125,BigWig,0.72265625,0.7421875,0.01953125,1322
ENCSR931UQB,small intestine | DNase-seq,-0.01953125,BigWig,0.6875,0.66796875,0.01953125,1323
ENCSR726HTS,spleen | Histone ChIP-seq | H3K27ac,0.01953125,BigWig,0.609375,0.62890625,0.01953125,1324
ENCSR589TCU,spleen | Histone ChIP-seq | H3K36me3,-0.01953125,BigWig,0.88671875,0.8671875,0.01953125,1325
ENCSR095GWE,stomach | DNase-seq,-0.01953125,BigWig,0.80078125,0.78125,0.01953125,1326
ENCSR172PVJ,stomach | DNase-seq,-0.01953125,BigWig,0.6875,0.66796875,0.01953125,1327
ENCSR246PXX,stomach | DNase-seq,-0.01953125,BigWig,0.7890625,0.76953125,0.01953125,1328
ENCSR282QFE,stomach | DNase-seq,-0.01953125,BigWig,0.6796875,0.66015625,0.01953125,1329
ENCSR001SHB,stomach | Histone ChIP-seq | H3K27ac,0.01953125,BigWig,0.7421875,0.76171875,0.01953125,1330
ENCSR245QTD,stomach | Histone ChIP-seq | H3K4me1,-0.01953125,BigWig,0.97265625,0.953125,0.01953125,1331
ENCSR971ETA,stomach smooth muscle | Histone ChIP-seq | H3K27ac,0.01953125,BigWig,0.7890625,0.80859375,0.01953125,1332
ENCSR532FEO,stomach smooth muscle | Histone ChIP-seq | H3K4me3,0.01953125,BigWig,0.6796875,0.69921875,0.01953125,1333
ENCSR598AGY,subcutaneous abdominal adipose tissue | Histone ChIP-se,0.01953125,BigWig,0.56640625,0.5859375,0.01953125,1334
ENCSR922JMI,subcutaneous abdominal adipose tissue | Histone ChIP-se,0.01953125,BigWig,0.75,0.76953125,0.01953125,1335
ENCSR318HUC,thoracic aorta | Histone ChIP-seq | H3K27ac,-0.01953125,BigWig,0.67578125,0.65625,0.01953125,1336
ENCSR582PKH,thyroid gland | Histone ChIP-seq | H3K27me3,-0.01953125,BigWig,0.72265625,0.703125,0.01953125,1337
ENCSR611YUJ,tibial nerve | Histone ChIP-seq | H3K27me3,-0.01953125,BigWig,0.73046875,0.7109375,0.01953125,1338
ENCSR504WYA,transverse colon | DNase-seq,-0.01953125,BigWig,0.8203125,0.80078125,0.01953125,1339
CNhs10739_M,Burkitt's lymphoma cell line | CAGE,0.01953125,BigWig,0.5078125,0.52734375,0.01953125,1340
CNhs11892_P,Wilms' tumor cell line | CAGE,-0.01953125,BigWig,0.5234375,0.50390625,0.01953125,1341
CNhs11282_M,acute lymphoblastic leukemia (B-ALL) cell line | CAGE,0.01953125,BigWig,0.5078125,0.52734375,0.01953125,1342
CNhs13502_M,acute myeloid leukemia (FAB M2) cell line | CAGE,0.01953125,BigWig,0.5234375,0.54296875,0.01953125,1343
CNhs10745_M,anaplastic carcinoma cell line | CAGE,0.01953125,BigWig,0.515625,0.53515625,0.01953125,1344
CNhs11881_P,anaplastic large cell lymphoma cell line | CAGE,-0.01953125,BigWig,0.5234375,0.50390625,0.01953125,1345
CNhs10744_M,b cell line | CAGE,0.01953125,BigWig,0.51953125,0.5390625,0.01953125,1346
CNhs10740_P,choriocarcinoma cell line | CAGE,-0.01953125,BigWig,0.5234375,0.50390625,0.01953125,1347
CNhs11930_P,clear cell carcinoma cell line | CAGE,-0.01953125,BigWig,0.5234375,0.50390625,0.01953125,1348
CNhs10743_P,epidermoid carcinoma cell line | CAGE,-0.01953125,BigWig,0.5234375,0.50390625,0.01953125,1349
CNhs10733_P,gall bladder carcinoma cell line | CAGE,-0.01953125,BigWig,0.51953125,0.5,0.01953125,1350
CNhs11819_P,gastric adenocarcinoma cell line | CAGE,-0.01953125,BigWig,0.5234375,0.50390625,0.01953125,1351
CNhs14241_M,gastric cancer cell line | CAGE,0.01953125,BigWig,0.52734375,0.546875,0.01953125,1352
CNhs11824_P,glassy cell carcinoma cell line | CAGE,-0.01953125,BigWig,0.5234375,0.50390625,0.01953125,1353
CNhs11742_M,hepatoblastoma cell line | CAGE,0.01953125,BigWig,0.515625,0.53515625,0.01953125,1354
CNhs11825_P,large cell non-keratinizing squamous carcinoma cell lin,-0.01953125,BigWig,0.51953125,0.5,0.01953125,1355
CNhs12191_M,mesodermal tumor cell line | CAGE,0.01953125,BigWig,0.51171875,0.53125,0.01953125,1356
CNhs11258_P,myeloma cell line | CAGE,-0.01953125,BigWig,0.5234375,0.50390625,0.01953125,1357
CNhs11811_M,neuroblastoma cell line | CAGE,0.01953125,BigWig,0.51171875,0.53125,0.01953125,1358
CNhs11950_P,normal intestinal epithelial cell line | CAGE,-0.01953125,BigWig,0.51953125,0.5,0.01953125,1359
CNhs11717_P,oral squamous cell carcinoma cell line | CAGE,-0.01953125,BigWig,0.51953125,0.5,0.01953125,1360
CNhs11810_P,oral squamous cell carcinoma cell line | CAGE,-0.01953125,BigWig,0.5234375,0.50390625,0.01953125,1361
CNhs11290_M,osteosarcoma cell line | CAGE,0.01953125,BigWig,0.5234375,0.54296875,0.01953125,1362
CNhs11856_P,pagetoid sarcoma cell line | CAGE,-0.01953125,BigWig,0.5234375,0.50390625,0.01953125,1363
CNhs11243_P,prostate cancer cell line | CAGE,-0.01953125,BigWig,0.5234375,0.50390625,0.01953125,1364
CNhs11260_P,prostate cancer cell line | CAGE,-0.01953125,BigWig,0.5234375,0.50390625,0.01953125,1365
CNhs11257_P,renal cell carcinoma cell line | CAGE,-0.01953125,BigWig,0.51953125,0.5,0.01953125,1366
CNhs13099_M,serous adenocarcinoma cell line | CAGE,0.01953125,BigWig,0.51171875,0.53125,0.01953125,1367
CNhs11885_P,small cell cervical cancer cell line | CAGE,-0.01953125,BigWig,0.5234375,0.50390625,0.01953125,1368
CNhs11869_P,somatostatinoma cell line | CAGE,-0.01953125,BigWig,0.51953125,0.5,0.01953125,1369
CNhs11273_P,squamous cell lung carcinoma cell line | CAGE,-0.01953125,BigWig,0.5234375,0.50390625,0.01953125,1370
CNhs14238_P,squamous cell lung carcinoma cell line | CAGE,-0.01953125,BigWig,0.5234375,0.50390625,0.01953125,1371
CNhs11883_P,tubular adenocarcinoma cell line | CAGE,-0.01953125,BigWig,0.51953125,0.5,0.01953125,1372
CNhs10876_P,Anulus Pulposus Cell | CAGE,-0.01953125,BigWig,0.5234375,0.50390625,0.01953125,1373
CNhs13473_M,CD14+ monocytes - treated with Candida | CAGE,0.01953125,BigWig,0.51953125,0.5390625,0.01953125,1374
CNhs13208_M,CD14+CD16+ Monocytes | CAGE,0.01953125,BigWig,0.53125,0.55078125,0.01953125,1375
CNhs12175_M,"CD19+ B Cells (pluriselect), donation2 | CAGE",0.01953125,BigWig,0.515625,0.53515625,0.01953125,1376
CNhs12343_M,CD19+ B Cells | CAGE,0.01953125,BigWig,0.5078125,0.52734375,0.01953125,1377
CNhs13235_M,CD4+CD25+CD45RA+ naive regulatory T cells | CAGE,0.01953125,BigWig,0.51171875,0.53125,0.01953125,1378
CNhs13237_M,CD4+CD25-CD45RA- memory conventional T cells | CAGE,0.01953125,BigWig,0.51171875,0.53125,0.01953125,1379
CNhs10865_P,Endothelial Cells - Lymphatic | CAGE,-0.01953125,BigWig,0.51953125,0.5,0.01953125,1380
CNhs11926_P,Endothelial Cells - Thoracic | CAGE,-0.01953125,BigWig,0.51953125,0.5,0.01953125,1381
CNhs11926_M,Endothelial Cells - Thoracic | CAGE,0.01953125,BigWig,0.51953125,0.5390625,0.01953125,1382
CNhs11377_P,Endothelial Cells - Vein | CAGE,-0.01953125,BigWig,0.5234375,0.50390625,0.01953125,1383
CNhs11323_P,Esophageal Epithelial Cells | CAGE,-0.01953125,BigWig,0.5234375,0.50390625,0.01953125,1384
CNhs11323_M,Esophageal Epithelial Cells | CAGE,0.01953125,BigWig,0.54296875,0.5625,0.01953125,1385
CNhs11378_P,Fibroblast - Cardiac | CAGE,-0.01953125,BigWig,0.5234375,0.50390625,0.01953125,1386
CNhs11339_P,Fibroblast - Conjunctival | CAGE,-0.01953125,BigWig,0.52734375,0.5078125,0.01953125,1387
CNhs11996_P,"Fibroblast - Periodontal Ligament,  (PLH3) | CAGE",-0.01953125,BigWig,0.51953125,0.5,0.01953125,1388
CNhs11352_M,Fibroblast - skin walker warburg | CAGE,0.01953125,BigWig,0.5078125,0.52734375,0.01953125,1389
CNhs12339_P,Hair Follicle Outer Root Sheath Cells | CAGE,-0.01953125,BigWig,0.5234375,0.50390625,0.01953125,1390
CNhs12596_P,Iris Pigment Epithelial Cells | CAGE,-0.01953125,BigWig,0.52734375,0.5078125,0.01953125,1391
CNhs10879_P,Keratinocyte - oral | CAGE,-0.01953125,BigWig,0.5234375,0.50390625,0.01953125,1392
CNhs11345_M,Mesenchymal Stem Cells - adipose | CAGE,0.01953125,BigWig,0.51953125,0.5390625,0.01953125,1393
CNhs12586_P,Oligodendrocyte - precursors | CAGE,-0.01953125,BigWig,0.5234375,0.50390625,0.01953125,1394
CNhs11082_P,Preadipocyte - visceral | CAGE,-0.01953125,BigWig,0.52734375,0.5078125,0.01953125,1395
CNhs11331_P,Renal Cortical Epithelial Cells | CAGE,-0.01953125,BigWig,0.5234375,0.50390625,0.01953125,1396
CNhs10847_P,Sebocyte | CAGE,-0.01953125,BigWig,0.5234375,0.50390625,0.01953125,1397
CNhs10863_P,Smooth Muscle Cells - Brain Vascular | CAGE,-0.01953125,BigWig,0.51953125,0.5,0.01953125,1398
CNhs10839_M,Smooth Muscle Cells - Umbilical artery | CAGE,0.01953125,BigWig,0.515625,0.53515625,0.01953125,1399
CNhs11092_P,Tracheal Epithelial Cells | CAGE,-0.01953125,BigWig,0.52734375,0.5078125,0.01953125,1400
CNhs11948_M,"Whole blood (ribopure), donation3 | CAGE",0.01953125,BigWig,0.53515625,0.5546875,0.01953125,1401
CNhs13458_P,Skin - palm | CAGE,-0.01953125,BigWig,0.52734375,0.5078125,0.01953125,1402
CNhs10612_M,"Universal RNA - Human Normal Tissues Biochain, pool1 |",-0.01953125,BigWig,0.73046875,0.7109375,0.01953125,1403
CNhs12311_P,"amygdala, adult | CAGE",-0.01953125,BigWig,0.5234375,0.50390625,0.01953125,1404
CNhs10616_P,"bladder, adult, pool1 | CAGE",-0.01953125,BigWig,0.51953125,0.5,0.01953125,1405
CNhs12845_P,"bone marrow, adult | CAGE",-0.01953125,BigWig,0.5234375,0.50390625,0.01953125,1406
CNhs13802_M,caudate nucleus - adult | CAGE,0.01953125,BigWig,0.56640625,0.5859375,0.01953125,1407
CNhs11794_P,"colon, adult | CAGE",-0.01953125,BigWig,0.51953125,0.5,0.01953125,1408
CNhs11779_P,"diaphragm, fetal | CAGE",-0.01953125,BigWig,0.51953125,0.5,0.01953125,1409
CNhs11779_M,"diaphragm, fetal | CAGE",0.01953125,BigWig,0.54296875,0.5625,0.01953125,1410
CNhs10648_P,"dura mater, adult | CAGE",-0.01953125,BigWig,0.5234375,0.50390625,0.01953125,1411
CNhs13442_P,eye - muscle lateral | CAGE,-0.01953125,BigWig,0.52734375,0.5078125,0.01953125,1412
CNhs13440_P,eye - vitreous humor | CAGE,-0.01953125,BigWig,0.52734375,0.5078125,0.01953125,1413
CNhs12856_P,"heart - pulmonic valve, adult | CAGE",-0.01953125,BigWig,0.53125,0.51171875,0.01953125,1414
CNhs12857_P,"heart - tricuspid valve, adult | CAGE",-0.01953125,BigWig,0.5234375,0.50390625,0.01953125,1415
CNhs10646_P,"insula, adult, pool1 | CAGE",-0.01953125,BigWig,0.5234375,0.50390625,0.01953125,1416
CNhs13796_M,medial frontal gyrus - adult | CAGE,0.01953125,BigWig,0.55859375,0.578125,0.01953125,1417
CNhs12310_P,"medial frontal gyrus, adult | CAGE",-0.01953125,BigWig,0.5234375,0.50390625,0.01953125,1418
CNhs13800_P,medulla oblongata - adult | CAGE,-0.01953125,BigWig,0.51953125,0.5,0.01953125,1419
CNhs13449_P,optic nerve | CAGE,-0.01953125,BigWig,0.52734375,0.5078125,0.01953125,1420
CNhs12229_P,"pituitary gland, adult | CAGE",-0.01953125,BigWig,0.5234375,0.50390625,0.01953125,1421
CNhs10640_P,"pons, adult, pool1 | CAGE",-0.01953125,BigWig,0.5234375,0.50390625,0.01953125,1422
CNhs10629_P,"skeletal muscle, adult, pool1 | CAGE",-0.01953125,BigWig,0.5234375,0.50390625,0.01953125,1423
CNhs11785_M,"skin, adult | CAGE",0.01953125,BigWig,0.53515625,0.5546875,0.01953125,1424
CNhs10630_P,"small intestine, adult, pool1 | CAGE",-0.01953125,BigWig,0.51953125,0.5,0.01953125,1425
CNhs11773_M,"small intestine, fetal | CAGE",0.01953125,BigWig,0.53125,0.55078125,0.01953125,1426
CNhs11755_P,"smooth muscle, adult, pool1 | CAGE",-0.01953125,BigWig,0.51953125,0.5,0.01953125,1427
CNhs10651_P,"spleen, fetal, pool1 | CAGE",-0.01953125,BigWig,0.51953125,0.5,0.01953125,1428
CNhs12854_M,"vagina, adult | CAGE",0.01953125,BigWig,0.53515625,0.5546875,0.01953125,1429
GTEX-U4B1-1226-SM-4DXT7.1,bladder | RNA-seq,-0.01953125,BigWig,1.0,0.98046875,0.01953125,1430
GTEX-13FTY-0011-R11a-SM-5IJEA.1,brain | RNA-seq,-0.01953125,BigWig,1.0,0.98046875,0.01953125,1431
GTEX-13W3W-2226-SM-5LU4M.1,colon | RNA-seq,-0.01953125,BigWig,1.0,0.98046875,0.01953125,1432
GTEX-14DAR-0726-SM-5RQIA.1,esophagus | RNA-seq,-0.01953125,BigWig,1.0,0.98046875,0.01953125,1433
GTEX-1IDJU-1526-SM-CNNR3.1,stomach | RNA-seq,-0.01953125,BigWig,1.0,0.98046875,0.01953125,1434
enhancer_Tissue_specific,enhancer Tissue specific,0.017578125,BED,0.47265625,0.490234375,0.017578125,1435
ENCSR777CQW,22Rv1 | Histone ChIP-seq | H3K27ac,0.015625,BigWig,0.66796875,0.68359375,0.015625,1436
ENCSR000DPD,A549 | Histone ChIP-seq | H3K4me3,0.015625,BigWig,0.55078125,0.56640625,0.015625,1437
ENCSR000EIW,AG08396 | DNase-seq,0.015625,BigWig,0.8671875,0.8828125,0.015625,1438
ENCSR564VIX,DND-41 | Histone ChIP-seq | H3K4me3,0.015625,BigWig,0.65234375,0.66796875,0.015625,1439
ENCSR000ARY,DND-41 | Histone ChIP-seq | H3K9ac,-0.015625,BigWig,0.71484375,0.69921875,0.015625,1440
ENCSR052WRV,DOHH2 | Histone ChIP-seq | H3K4me3,0.015625,BigWig,0.609375,0.625,0.015625,1441
ENCSR000EJB,GM10248 | DNase-seq,-0.015625,BigWig,0.9296875,0.9140625,0.015625,1442
ENCSR000AKH,GM12878 | Histone ChIP-seq | H3K9ac,-0.015625,BigWig,0.71484375,0.69921875,0.015625,1443
ENCSR657DYL,GM23338 | Histone ChIP-seq | H3K4me3,-0.015625,BigWig,0.58984375,0.57421875,0.015625,1444
ENCSR000EMU,H1 | DNase-seq,-0.015625,BigWig,0.91015625,0.89453125,0.015625,1445
ENCSR000DSS,H7 | Histone ChIP-seq | H3K36me3,0.015625,BigWig,0.875,0.890625,0.015625,1446
ENCSR000EJP,H9 | DNase-seq,-0.015625,BigWig,0.8359375,0.8203125,0.015625,1447
ENCSR754VAJ,H9 | Histone ChIP-seq | H3K27me3,-0.015625,BigWig,0.6953125,0.6796875,0.015625,1448
ENCSR716ZJH,H9 | Histone ChIP-seq | H3K4me3,-0.015625,BigWig,0.66796875,0.65234375,0.015625,1449
ENCSR888OSH,HUES48 | Histone ChIP-seq | H3K4me1,0.015625,BigWig,0.68359375,0.69921875,0.015625,1450
ENCSR176ABZ,HUES6 | Histone ChIP-seq | H3K4me3,-0.015625,BigWig,0.62109375,0.60546875,0.015625,1451
ENCSR000DUA,HeLa-S3 | Histone ChIP-seq | H3K4me3,0.015625,BigWig,0.65234375,0.66796875,0.015625,1452
ENCSR000EJV,HepG2 | DNase-seq,-0.015625,BigWig,0.91796875,0.90234375,0.015625,1453
ENCSR000AMD,HepG2 | Histone ChIP-seq | H3K9ac,-0.015625,BigWig,0.75390625,0.73828125,0.015625,1454
ENCSR000EWA,K562 | Histone ChIP-seq | H3K4me3,0.015625,BigWig,0.828125,0.84375,0.015625,1455
ENCSR000AKV,K562 | Histone ChIP-seq | H3K9ac,0.015625,BigWig,0.73046875,0.74609375,0.015625,1456
ENCSR521AIV,KMS-11 | Histone ChIP-seq | H3K9ac,-0.015625,BigWig,0.6875,0.671875,0.015625,1457
ENCSR058SHN,Karpas-422 | Histone ChIP-seq | H3K9ac,0.015625,BigWig,0.73828125,0.75390625,0.015625,1458
ENCSR314EZY,L1-S8 | DNase-seq,-0.015625,BigWig,0.6484375,0.6328125,0.015625,1459
ENCSR837SUQ,Loucy | Histone ChIP-seq | H3K36me3,-0.015625,BigWig,0.69140625,0.67578125,0.015625,1460
ENCSR657RRI,Loucy | Histone ChIP-seq | H3K4me3,0.015625,BigWig,0.58203125,0.59765625,0.015625,1461
ENCSR752UOD,MCF-7 | Histone ChIP-seq | H3K27ac,0.015625,BigWig,0.64453125,0.66015625,0.015625,1462
ENCSR758OEC,MM.1S | Histone ChIP-seq | H3K27ac,-0.015625,BigWig,0.73828125,0.72265625,0.015625,1463
ENCSR461LTR,MM.1S | Histone ChIP-seq | H3K9me3,0.015625,BigWig,0.71875,0.734375,0.015625,1464
ENCSR662HMO,NAMALWA | DNase-seq,-0.015625,BigWig,0.7421875,0.7265625,0.015625,1465
ENCSR000EXD,NT2/D1 | Histone ChIP-seq | H3K4me3,-0.015625,BigWig,0.7890625,0.7734375,0.015625,1466
ENCSR826UTD,PC-3 | Histone ChIP-seq | H3K27ac,0.015625,BigWig,0.6171875,0.6328125,0.015625,1467
ENCSR881TWJ,PC-3 | Histone ChIP-seq | H3K27me3,0.015625,BigWig,0.67578125,0.69140625,0.015625,1468
ENCSR913MGR,PC-9 | Histone ChIP-seq | H3K4me1,-0.015625,BigWig,0.671875,0.65625,0.015625,1469
ENCSR000EXI,Panc1 | Histone ChIP-seq | H3K4me3,0.015625,BigWig,0.54296875,0.55859375,0.015625,1470
ENCSR316KHQ,SU-DHL-6 | Histone ChIP-seq | H3K36me3,-0.015625,BigWig,0.63671875,0.62109375,0.015625,1471
ENCSR505OPZ,iPS DF 19.11 | Histone ChIP-seq | H3K27ac,0.015625,BigWig,0.78515625,0.80078125,0.015625,1472
ENCSR236XRR,iPS-15b | Histone ChIP-seq | H3K4me3,-0.015625,BigWig,0.6953125,0.6796875,0.015625,1473
ENCSR792NZO,iPS-18c | Histone ChIP-seq | H3K4me3,-0.015625,BigWig,0.80859375,0.79296875,0.015625,1474
ENCSR000EKK,iPS-NIHi7 | DNase-seq,-0.015625,BigWig,0.890625,0.875,0.015625,1475
ENCSR472SEY,bipolar neuron | Histone ChIP-seq | H3K27me3,-0.015625,BigWig,0.79296875,0.77734375,0.015625,1476
ENCSR864LRY,cardiac muscle cell | Histone ChIP-seq | H3K27me3,-0.015625,BigWig,0.73828125,0.72265625,0.015625,1477
ENCSR000DSD,cardiac myoblast | Histone ChIP-seq | H3K4me3,-0.015625,BigWig,0.63671875,0.62109375,0.015625,1478
ENCSR136ZLJ,ectodermal cell | Histone ChIP-seq | H3K4me1,0.015625,BigWig,0.73046875,0.74609375,0.015625,1479
ENCSR037RJI,endodermal cell | Histone ChIP-seq | H3K4me1,0.015625,BigWig,0.72265625,0.73828125,0.015625,1480
ENCSR000EMK,hematopoietic multipotent progenitor cell | DNase-seq,0.015625,BigWig,0.63671875,0.65234375,0.015625,1481
ENCSR328UMC,hematopoietic multipotent progenitor cell | DNase-seq,0.015625,BigWig,0.8125,0.828125,0.015625,1482
ENCSR493IAY,hematopoietic multipotent progenitor cell | DNase-seq,-0.015625,BigWig,0.74609375,0.73046875,0.015625,1483
ENCSR850ODD,hepatocyte | Histone ChIP-seq | H3K9ac,0.015625,BigWig,0.65625,0.671875,0.015625,1484
ENCSR714DIF,mesendoderm | DNase-seq,-0.015625,BigWig,0.6875,0.671875,0.015625,1485
ENCSR144RXL,mesendoderm | Histone ChIP-seq | H3K36me3,0.015625,BigWig,0.87890625,0.89453125,0.015625,1486
ENCSR314WYC,neuron | Histone ChIP-seq | H3K4me3,-0.015625,BigWig,0.66015625,0.64453125,0.015625,1487
ENCSR000GGX,neuron | Histone ChIP-seq | H3K9me3,-0.015625,BigWig,0.87890625,0.86328125,0.015625,1488
ENCSR035DUS,trophoblast cell | Histone ChIP-seq | H3K4me1,0.015625,BigWig,0.87890625,0.89453125,0.015625,1489
ENCSR424XBP,B cell | Histone ChIP-seq | H3K36me3,-0.015625,BigWig,0.73828125,0.72265625,0.015625,1490
ENCSR203GEP,"CD4-positive, CD25-positive, alpha-beta regulatory T ce",0.015625,BigWig,0.8125,0.828125,0.015625,1491
ENCSR630LQO,"CD4-positive, CD25-positive, alpha-beta regulatory T ce",0.015625,BigWig,0.76171875,0.77734375,0.015625,1492
ENCSR167JFX,"CD4-positive, alpha-beta T cell | DNase-seq",-0.015625,BigWig,0.76953125,0.75390625,0.015625,1493
ENCSR774OKQ,"CD4-positive, alpha-beta T cell | Histone ChIP-seq | H3",-0.015625,BigWig,0.80078125,0.78515625,0.015625,1494
ENCSR828WZG,"CD4-positive, alpha-beta T cell | Histone ChIP-seq | H3",-0.015625,BigWig,0.76953125,0.75390625,0.015625,1495
ENCSR877ZUK,"CD4-positive, alpha-beta T cell | Histone ChIP-seq | H3",-0.015625,BigWig,0.76171875,0.74609375,0.015625,1496
ENCSR777RWW,"CD4-positive, alpha-beta T cell | Histone ChIP-seq | H3",0.015625,BigWig,0.63671875,0.65234375,0.015625,1497
ENCSR852FRR,"CD4-positive, alpha-beta T cell | Histone ChIP-seq | H3",0.015625,BigWig,0.6171875,0.6328125,0.015625,1498
ENCSR453GNY,"CD4-positive, alpha-beta T cell | Histone ChIP-seq | H3",0.015625,BigWig,0.6484375,0.6640625,0.015625,1499
ENCSR887ESB,"CD4-positive, alpha-beta memory T cell | Histone ChIP-s",0.015625,BigWig,0.6875,0.703125,0.015625,1500
ENCSR239SNR,"CD4-positive, alpha-beta memory T cell | Histone ChIP-s",0.015625,BigWig,0.6953125,0.7109375,0.015625,1501
ENCSR414IHC,T-cell | DNase-seq,0.015625,BigWig,0.7578125,0.7734375,0.015625,1502
ENCSR627UDJ,T-cell | DNase-seq,0.015625,BigWig,0.7421875,0.7578125,0.015625,1503
ENCSR395YXN,T-cell | Histone ChIP-seq | H3K4me3,0.015625,BigWig,0.6875,0.703125,0.015625,1504
ENCSR891KSP,"common myeloid progenitor, CD34-positive | Histone ChIP",0.015625,BigWig,0.70703125,0.72265625,0.015625,1505
ENCSR011QFP,"common myeloid progenitor, CD34-positive | Histone ChIP",0.015625,BigWig,0.7578125,0.7734375,0.015625,1506
ENCSR038GYF,"common myeloid progenitor, CD34-positive | Histone ChIP",-0.015625,BigWig,0.62890625,0.61328125,0.015625,1507
ENCSR340SGE,"common myeloid progenitor, CD34-positive | Histone ChIP",0.015625,BigWig,0.5859375,0.6015625,0.015625,1508
ENCSR136VLK,fibroblast of breast | Histone ChIP-seq | H3K27me3,0.015625,BigWig,0.80859375,0.82421875,0.015625,1509
ENCSR912IDH,fibroblast of breast | Histone ChIP-seq | H3K4me1,-0.015625,BigWig,0.71484375,0.69921875,0.015625,1510
ENCSR000AMT,fibroblast of lung | Histone ChIP-seq | H3K36me3,-0.015625,BigWig,0.87890625,0.86328125,0.015625,1511
ENCSR184LMY,fibroblast of skin of back | DNase-seq,-0.015625,BigWig,0.640625,0.625,0.015625,1512
ENCSR562ACY,fibroblast of skin of left biceps | DNase-seq,0.015625,BigWig,0.61328125,0.62890625,0.015625,1513
ENCSR786ESI,foreskin fibroblast | Histone ChIP-seq | H3K27me3,-0.015625,BigWig,0.921875,0.90625,0.015625,1514
ENCSR019ZRR,foreskin fibroblast | Histone ChIP-seq | H3K36me3,-0.015625,BigWig,0.76171875,0.74609375,0.015625,1515
ENCSR079ZQI,foreskin fibroblast | Histone ChIP-seq | H3K4me3,0.015625,BigWig,0.67578125,0.69140625,0.015625,1516
ENCSR666TFS,foreskin keratinocyte | Histone ChIP-seq | H3K27ac,0.015625,BigWig,0.72265625,0.73828125,0.015625,1517
ENCSR014BTW,foreskin keratinocyte | Histone ChIP-seq | H3K4me1,0.015625,BigWig,0.75,0.765625,0.015625,1518
ENCSR801FWU,foreskin melanocyte | Histone ChIP-seq | H3K36me3,-0.015625,BigWig,0.953125,0.9375,0.015625,1519
ENCSR382VAU,foreskin melanocyte | Histone ChIP-seq | H3K4me1,0.015625,BigWig,0.79296875,0.80859375,0.015625,1520
ENCSR350JZR,foreskin melanocyte | Histone ChIP-seq | H3K4me3,-0.015625,BigWig,0.87890625,0.86328125,0.015625,1521
ENCSR004AKD,mesenchymal stem cell | Histone ChIP-seq | H3K4me3,-0.015625,BigWig,0.5625,0.546875,0.015625,1522
ENCSR000EXU,mononuclear cell | Histone ChIP-seq | H3K9me3,0.015625,BigWig,0.56640625,0.58203125,0.015625,1523
ENCSR287YDU,myoepithelial cell of mammary gland | Histone ChIP-seq,-0.015625,BigWig,0.67578125,0.66015625,0.015625,1524
ENCSR175HIV,myoepithelial cell of mammary gland | Histone ChIP-seq,0.015625,BigWig,0.8671875,0.8828125,0.015625,1525
ENCSR000EML,"naive thymus-derived CD4-positive, alpha-beta T cell |",0.015625,BigWig,0.6171875,0.6328125,0.015625,1526
ENCSR718AAB,natural killer cell | DNase-seq,0.015625,BigWig,0.75,0.765625,0.015625,1527
ENCSR939JZW,natural killer cell | Histone ChIP-seq | H3K27me3,0.015625,BigWig,0.7890625,0.8046875,0.015625,1528
ENCSR100QDR,neurosphere | Histone ChIP-seq | H3K4me1,-0.015625,BigWig,0.64453125,0.62890625,0.015625,1529
ENCSR409RGJ,neurosphere | Histone ChIP-seq | H3K4me1,-0.015625,BigWig,0.640625,0.625,0.015625,1530
ENCSR293MTQ,neurosphere | Histone ChIP-seq | H3K4me3,-0.015625,BigWig,0.9375,0.921875,0.015625,1531
ENCSR826VJY,neutrophil | Histone ChIP-seq | H3K4me1,0.015625,BigWig,0.671875,0.6875,0.015625,1532
ENCSR393SYU,neutrophil | Histone ChIP-seq | H3K4me3,-0.015625,BigWig,0.66796875,0.65234375,0.015625,1533
ENCSR105EMQ,peripheral blood mononuclear cell | Histone ChIP-seq |,0.015625,BigWig,0.7578125,0.7734375,0.015625,1534
ENCSR553XBX,peripheral blood mononuclear cell | Histone ChIP-seq |,-0.015625,BigWig,0.8125,0.796875,0.015625,1535
ENCSR336ZSZ,peripheral blood mononuclear cell | Histone ChIP-seq |,0.015625,BigWig,0.8515625,0.8671875,0.015625,1536
ENCSR443SLY,peripheral blood mononuclear cell | Histone ChIP-seq |,-0.015625,BigWig,0.96875,0.953125,0.015625,1537
ENCSR980XMX,peripheral blood mononuclear cell | Histone ChIP-seq |,0.015625,BigWig,0.69140625,0.70703125,0.015625,1538
ENCSR000ANI,skeletal muscle myoblast | Histone ChIP-seq | H3K4me1,-0.015625,BigWig,0.67578125,0.66015625,0.015625,1539
ENCSR596NOF,skeletal muscle myoblast | Histone ChIP-seq | H3K4me3,-0.015625,BigWig,0.6171875,0.6015625,0.015625,1540
ENCSR584LUZ,Ammon's horn | DNase-seq,-0.015625,BigWig,0.87890625,0.86328125,0.015625,1541
ENCSR363CJF,Peyer's patch | Histone ChIP-seq | H3K36me3,0.015625,BigWig,0.75390625,0.76953125,0.015625,1542
ENCSR060BFU,adrenal gland | DNase-seq,0.015625,BigWig,0.69921875,0.71484375,0.015625,1543
ENCSR848XIY,adrenal gland | DNase-seq,-0.015625,BigWig,0.77734375,0.76171875,0.015625,1544
ENCSR899MFS,adrenal gland | Histone ChIP-seq | H3K36me3,-0.015625,BigWig,0.90625,0.890625,0.015625,1545
ENCSR425NQT,adrenal gland | Histone ChIP-seq | H3K4me3,-0.015625,BigWig,0.62109375,0.60546875,0.015625,1546
ENCSR620TXL,adrenal gland | Histone ChIP-seq | H3K4me3,-0.015625,BigWig,0.7265625,0.7109375,0.015625,1547
ENCSR724TOA,angular gyrus | Histone ChIP-seq | H3K4me1,-0.015625,BigWig,0.80078125,0.78515625,0.015625,1548
ENCSR673JYT,aorta | Histone ChIP-seq | H3K36me3,0.015625,BigWig,0.88671875,0.90234375,0.015625,1549
ENCSR520BIM,body of pancreas | Histone ChIP-seq | H3K27ac,-0.015625,BigWig,0.63671875,0.62109375,0.015625,1550
ENCSR348TQM,body of pancreas | Histone ChIP-seq | H3K4me1,-0.015625,BigWig,0.70703125,0.69140625,0.015625,1551
ENCSR156CLC,brain | DNase-seq,0.015625,BigWig,0.66796875,0.68359375,0.015625,1552
ENCSR344FLH,brain | DNase-seq,0.015625,BigWig,0.78125,0.796875,0.015625,1553
ENCSR600KUR,breast epithelium | DNase-seq,-0.015625,BigWig,0.9453125,0.9296875,0.015625,1554
ENCSR034ZKE,breast epithelium | Histone ChIP-seq | H3K27ac,0.015625,BigWig,0.68359375,0.69921875,0.015625,1555
ENCSR543YQF,breast epithelium | Histone ChIP-seq | H3K36me3,-0.015625,BigWig,0.9609375,0.9453125,0.015625,1556
ENCSR960AIZ,chorion | Histone ChIP-seq | H3K36me3,-0.015625,BigWig,0.9609375,0.9453125,0.015625,1557
ENCSR215EFA,chorion | Histone ChIP-seq | H3K4me3,-0.015625,BigWig,0.7109375,0.6953125,0.015625,1558
ENCSR606WJA,chorionic villus | Histone ChIP-seq | H3K27ac,0.015625,BigWig,0.8671875,0.8828125,0.015625,1559
ENCSR853JJZ,chorionic villus | Histone ChIP-seq | H3K27me3,0.015625,BigWig,0.81640625,0.83203125,0.015625,1560
ENCSR203BOA,chorionic villus | Histone ChIP-seq | H3K36me3,-0.015625,BigWig,0.96484375,0.94921875,0.015625,1561
ENCSR646YBA,chorionic villus | Histone ChIP-seq | H3K36me3,-0.015625,BigWig,0.94140625,0.92578125,0.015625,1562
ENCSR579OVQ,chorionic villus | Histone ChIP-seq | H3K4me1,0.015625,BigWig,0.82421875,0.83984375,0.015625,1563
ENCSR097PJQ,chorionic villus | Histone ChIP-seq | H3K4me3,-0.015625,BigWig,0.8046875,0.7890625,0.015625,1564
ENCSR069KYE,cingulate gyrus | Histone ChIP-seq | H3K9me3,0.015625,BigWig,0.7578125,0.7734375,0.015625,1565
ENCSR175XPY,colonic mucosa | Histone ChIP-seq | H3K27ac,0.015625,BigWig,0.7734375,0.7890625,0.015625,1566
ENCSR375DWY,colonic mucosa | Histone ChIP-seq | H3K9ac,0.015625,BigWig,0.8125,0.828125,0.015625,1567
ENCSR253JFN,dorsolateral prefrontal cortex | Histone ChIP-seq | H3K,-0.015625,BigWig,0.84375,0.828125,0.015625,1568
ENCSR349III,dorsolateral prefrontal cortex | Histone ChIP-seq | H3K,0.015625,BigWig,0.7734375,0.7890625,0.015625,1569
ENCSR062ARL,duodenal mucosa | Histone ChIP-seq | H3K27me3,0.015625,BigWig,0.77734375,0.79296875,0.015625,1570
ENCSR279MCN,esophagus | Histone ChIP-seq | H3K36me3,-0.015625,BigWig,0.86328125,0.84765625,0.015625,1571
ENCSR095YMD,esophagus muscularis mucosa | Histone ChIP-seq | H3K27a,0.015625,BigWig,0.60546875,0.62109375,0.015625,1572
ENCSR508UPW,esophagus squamous epithelium | Histone ChIP-seq | H3K4,0.015625,BigWig,0.62890625,0.64453125,0.015625,1573
ENCSR101NFY,gastrocnemius medialis | Histone ChIP-seq | H3K36me3,0.015625,BigWig,0.74609375,0.76171875,0.015625,1574
ENCSR064GBK,heart | DNase-seq,0.015625,BigWig,0.6484375,0.6640625,0.015625,1575
ENCSR154ZNQ,heart | DNase-seq,0.015625,BigWig,0.703125,0.71875,0.015625,1576
ENCSR311LLZ,heart | DNase-seq,0.015625,BigWig,0.6171875,0.6328125,0.015625,1577
ENCSR804RSI,heart | DNase-seq,0.015625,BigWig,0.67578125,0.69140625,0.015625,1578
ENCSR557DFM,heart left ventricle | Histone ChIP-seq | H3K27ac,-0.015625,BigWig,0.62890625,0.61328125,0.015625,1579
ENCSR111WGZ,heart left ventricle | Histone ChIP-seq | H3K4me1,-0.015625,BigWig,0.90625,0.890625,0.015625,1580
ENCSR438QZN,heart left ventricle | Histone ChIP-seq | H3K4me1,-0.015625,BigWig,0.734375,0.71875,0.015625,1581
ENCSR442JTA,heart left ventricle | Histone ChIP-seq | H3K9me3,-0.015625,BigWig,0.64453125,0.62890625,0.015625,1582
ENCSR076CZA,heart right ventricle | Histone ChIP-seq | H3K4me1,-0.015625,BigWig,0.9375,0.921875,0.015625,1583
ENCSR107RDP,heart right ventricle | Histone ChIP-seq | H3K4me3,0.015625,BigWig,0.57421875,0.58984375,0.015625,1584
ENCSR791GCO,heart right ventricle | Histone ChIP-seq | H3K4me3,0.015625,BigWig,0.6015625,0.6171875,0.015625,1585
ENCSR774RCO,kidney | DNase-seq,-0.015625,BigWig,0.68359375,0.66796875,0.015625,1586
ENCSR009MUF,kidney | Histone ChIP-seq | H3K4me1,-0.015625,BigWig,0.8125,0.796875,0.015625,1587
ENCSR317MKR,kidney | Histone ChIP-seq | H3K9ac,0.015625,BigWig,0.6484375,0.6640625,0.015625,1588
ENCSR533DRE,kidney | Histone ChIP-seq | H3K9me3,0.015625,BigWig,0.68359375,0.69921875,0.015625,1589
ENCSR154YPL,large intestine | DNase-seq,-0.015625,BigWig,0.703125,0.6875,0.015625,1590
ENCSR444VTC,large intestine | DNase-seq,0.015625,BigWig,0.69921875,0.71484375,0.015625,1591
ENCSR321LKT,layer of hippocampus | Histone ChIP-seq | H3K27ac,0.015625,BigWig,0.74609375,0.76171875,0.015625,1592
ENCSR412NMI,left cardiac atrium | DNase-seq,0.015625,BigWig,0.75390625,0.76953125,0.015625,1593
ENCSR953XJU,left kidney | DNase-seq,0.015625,BigWig,0.68359375,0.69921875,0.015625,1594
ENCSR468OVW,left lung | DNase-seq,-0.015625,BigWig,0.671875,0.65625,0.015625,1595
ENCSR639XWF,left lung | DNase-seq,-0.015625,BigWig,0.66015625,0.64453125,0.015625,1596
ENCSR588JXI,left renal cortex interstitium | DNase-seq,0.015625,BigWig,0.6484375,0.6640625,0.015625,1597
ENCSR016THC,left renal pelvis | DNase-seq,0.015625,BigWig,0.68359375,0.69921875,0.015625,1598
ENCSR532CRI,limb | DNase-seq,0.015625,BigWig,0.75390625,0.76953125,0.015625,1599
ENCSR482HQE,lung | DNase-seq,0.015625,BigWig,0.640625,0.65625,0.015625,1600
ENCSR504KZE,lung | DNase-seq,-0.015625,BigWig,0.6484375,0.6328125,0.015625,1601
ENCSR240ZWZ,lung | Histone ChIP-seq | H3K36me3,-0.015625,BigWig,0.8046875,0.7890625,0.015625,1602
ENCSR500GXT,lung | Histone ChIP-seq | H3K4me3,0.015625,BigWig,0.5546875,0.5703125,0.015625,1603
ENCSR447OHF,mucosa of rectum | Histone ChIP-seq | H3K27ac,-0.015625,BigWig,0.61328125,0.59765625,0.015625,1604
ENCSR275GBW,mucosa of rectum | Histone ChIP-seq | H3K9ac,0.015625,BigWig,0.7421875,0.7578125,0.015625,1605
ENCSR585GLZ,mucosa of rectum | Histone ChIP-seq | H3K9ac,0.015625,BigWig,0.68359375,0.69921875,0.015625,1606
ENCSR170VSJ,muscle layer of colon | Histone ChIP-seq | H3K4me3,-0.015625,BigWig,0.74609375,0.73046875,0.015625,1607
ENCSR452EGE,muscle of arm | DNase-seq,0.015625,BigWig,0.73828125,0.75390625,0.015625,1608
ENCSR198JXW,muscle of leg | DNase-seq,-0.015625,BigWig,0.7265625,0.7109375,0.015625,1609
ENCSR217YRJ,muscle of trunk | DNase-seq,0.015625,BigWig,0.72265625,0.73828125,0.015625,1610
ENCSR499IFY,placenta | DNase-seq,0.015625,BigWig,0.8125,0.828125,0.015625,1611
ENCSR839ICQ,placenta | Histone ChIP-seq | H3K27me3,0.015625,BigWig,0.9453125,0.9609375,0.015625,1612
ENCSR977TKR,placenta | Histone ChIP-seq | H3K4me1,0.015625,BigWig,0.86328125,0.87890625,0.015625,1613
ENCSR419BDT,placenta | Histone ChIP-seq | H3K4me3,-0.015625,BigWig,0.74609375,0.73046875,0.015625,1614
ENCSR478UIR,placenta | Histone ChIP-seq | H3K9me3,0.015625,BigWig,0.7109375,0.7265625,0.015625,1615
ENCSR047AFY,placental basal plate | Histone ChIP-seq | H3K27me3,0.015625,BigWig,0.83984375,0.85546875,0.015625,1616
ENCSR566ZFQ,placental basal plate | Histone ChIP-seq | H3K9me3,0.015625,BigWig,0.76171875,0.77734375,0.015625,1617
ENCSR843KHS,psoas muscle | Histone ChIP-seq | H3K27me3,0.015625,BigWig,0.6484375,0.6640625,0.015625,1618
ENCSR410UUH,psoas muscle | Histone ChIP-seq | H3K4me1,-0.015625,BigWig,0.8203125,0.8046875,0.015625,1619
ENCSR344YYP,rectal smooth muscle tissue | Histone ChIP-seq | H3K9ac,0.015625,BigWig,0.79296875,0.80859375,0.015625,1620
ENCSR364TKL,renal pelvis | DNase-seq,-0.015625,BigWig,0.68359375,0.66796875,0.015625,1621
ENCSR554WUJ,renal pelvis | DNase-seq,-0.015625,BigWig,0.64453125,0.62890625,0.015625,1622
ENCSR228BOM,right lung | DNase-seq,-0.015625,BigWig,0.734375,0.71875,0.015625,1623
ENCSR846CTA,right lung | DNase-seq,-0.015625,BigWig,0.60546875,0.58984375,0.015625,1624
ENCSR947VPG,right lung | DNase-seq,-0.015625,BigWig,0.62109375,0.60546875,0.015625,1625
ENCSR268QCH,right renal cortex interstitium | DNase-seq,-0.015625,BigWig,0.62890625,0.61328125,0.015625,1626
ENCSR752NTF,right renal pelvis | DNase-seq,0.015625,BigWig,0.703125,0.71875,0.015625,1627
ENCSR087MJR,skeletal muscle tissue | Histone ChIP-seq | H3K9ac,-0.015625,BigWig,0.76953125,0.75390625,0.015625,1628
ENCSR083FBK,small intestine | DNase-seq,-0.015625,BigWig,0.67578125,0.66015625,0.015625,1629
ENCSR594OWA,small intestine | DNase-seq,-0.015625,BigWig,0.640625,0.625,0.015625,1630
ENCSR538JMW,small intestine | Histone ChIP-seq | H3K4me1,-0.015625,BigWig,0.68359375,0.66796875,0.015625,1631
ENCSR615WIN,spinal cord | DNase-seq,-0.015625,BigWig,0.66015625,0.64453125,0.015625,1632
ENCSR788SOI,spinal cord | DNase-seq,-0.015625,BigWig,0.703125,0.6875,0.015625,1633
ENCSR910OQF,spinal cord | DNase-seq,-0.015625,BigWig,0.6328125,0.6171875,0.015625,1634
ENCSR036HAT,spinal cord | Histone ChIP-seq | H3K4me3,0.015625,BigWig,0.65234375,0.66796875,0.015625,1635
ENCSR489ZLL,stomach | Histone ChIP-seq | H3K4me3,0.015625,BigWig,0.671875,0.6875,0.015625,1636
ENCSR885CMN,stomach | Histone ChIP-seq | H3K9me3,-0.015625,BigWig,0.94140625,0.92578125,0.015625,1637
ENCSR941WHT,stomach smooth muscle | Histone ChIP-seq | H3K27me3,0.015625,BigWig,0.89453125,0.91015625,0.015625,1638
ENCSR902OPY,subcutaneous abdominal adipose tissue | Histone ChIP-se,0.015625,BigWig,0.7421875,0.7578125,0.015625,1639
ENCSR150GWJ,substantia nigra | Histone ChIP-seq | H3K4me1,-0.015625,BigWig,0.796875,0.78125,0.015625,1640
ENCSR479GJI,temporal lobe | Histone ChIP-seq | H3K4me1,-0.015625,BigWig,0.83203125,0.81640625,0.015625,1641
ENCSR717AJD,temporal lobe | Histone ChIP-seq | H3K4me3,0.015625,BigWig,0.65234375,0.66796875,0.015625,1642
ENCSR298PMB,thymus | Histone ChIP-seq | H3K9me3,-0.015625,BigWig,0.8984375,0.8828125,0.015625,1643
ENCSR406VUH,thymus | Histone ChIP-seq | H3K9me3,-0.015625,BigWig,0.9453125,0.9296875,0.015625,1644
ENCSR559WMK,tongue | DNase-seq,-0.015625,BigWig,0.67578125,0.66015625,0.015625,1645
ENCSR759UNY,tongue | DNase-seq,-0.015625,BigWig,0.6875,0.671875,0.015625,1646
ENCSR979ZJS,transverse colon | DNase-seq,-0.015625,BigWig,0.796875,0.78125,0.015625,1647
ENCSR749ABB,transverse colon | Histone ChIP-seq | H3K36me3,0.015625,BigWig,0.75390625,0.76953125,0.015625,1648
ENCSR813ZEY,transverse colon | Histone ChIP-seq | H3K4me3,0.015625,BigWig,0.66015625,0.67578125,0.015625,1649
ENCSR507SRD,trophoblast | Histone ChIP-seq | H3K27ac,0.015625,BigWig,0.62890625,0.64453125,0.015625,1650
ENCSR955XFL,trophoblast | Histone ChIP-seq | H3K27ac,0.015625,BigWig,0.60546875,0.62109375,0.015625,1651
ENCSR482KJD,trophoblast | Histone ChIP-seq | H3K36me3,-0.015625,BigWig,0.76953125,0.75390625,0.015625,1652
ENCSR490JVQ,upper lobe of left lung | DNase-seq,-0.015625,BigWig,0.97265625,0.95703125,0.015625,1653
ENCSR869GBP,upper lobe of left lung | Histone ChIP-seq | H3K36me3,-0.015625,BigWig,0.92578125,0.91015625,0.015625,1654
ENCSR237WJY,uterus | DNase-seq,-0.015625,BigWig,0.87890625,0.86328125,0.015625,1655
CNhs11268_M,Burkitt's lymphoma cell line | CAGE,0.015625,BigWig,0.51171875,0.52734375,0.015625,1656
CNhs11836_P,Ewing's sarcoma cell line | CAGE,-0.015625,BigWig,0.515625,0.5,0.015625,1657
CNhs10738_P,adult T-cell leukemia cell line | CAGE,-0.015625,BigWig,0.51953125,0.50390625,0.015625,1658
CNhs11838_P,alveolar cell carcinoma cell line | CAGE,-0.015625,BigWig,0.51953125,0.50390625,0.015625,1659
CNhs10742_P,astrocytoma cell line | CAGE,-0.015625,BigWig,0.515625,0.5,0.015625,1660
CNhs10750_P,bile duct carcinoma cell line | CAGE,-0.015625,BigWig,0.515625,0.5,0.015625,1661
CNhs10736_P,breast carcinoma cell line | CAGE,-0.015625,BigWig,0.51953125,0.50390625,0.015625,1662
CNhs11840_P,bronchioalveolar carcinoma cell line | CAGE,-0.015625,BigWig,0.51953125,0.50390625,0.015625,1663
CNhs11886_P,chronic myeloblastic leukemia (CML) cell line | CAGE,-0.015625,BigWig,0.51953125,0.50390625,0.015625,1664
CNhs11865_P,chronic myelogenous leukemia (CML) cell line | CAGE,-0.015625,BigWig,0.51953125,0.50390625,0.015625,1665
CNhs11100_P,ductal cell carcinoma cell line | CAGE,-0.015625,BigWig,0.515625,0.5,0.015625,1666
CNhs11047_P,embryonic kidney cell line | CAGE,-0.015625,BigWig,0.51953125,0.50390625,0.015625,1667
CNhs11732_P,embryonic pancreas cell line | CAGE,-0.015625,BigWig,0.515625,0.5,0.015625,1668
CNhs11814_M,embryonic pancreas cell line | CAGE,0.015625,BigWig,0.51953125,0.53515625,0.015625,1669
CNhs11247_P,epithelioid sarcoma cell line | CAGE,-0.015625,BigWig,0.515625,0.5,0.015625,1670
CNhs11860_P,fibrosarcoma cell line | CAGE,-0.015625,BigWig,0.51953125,0.50390625,0.015625,1671
CNhs11738_P,gastrointestinal carcinoma cell line | CAGE,-0.015625,BigWig,0.515625,0.5,0.015625,1672
CNhs11274_P,giant cell carcinoma cell line | CAGE,-0.015625,BigWig,0.515625,0.5,0.015625,1673
CNhs10731_M,glioma cell line | CAGE,0.015625,BigWig,0.515625,0.53125,0.015625,1674
CNhs11281_P,melanoma cell line | CAGE,-0.015625,BigWig,0.51953125,0.50390625,0.015625,1675
CNhs12839_P,merkel cell carcinoma cell line | CAGE,-0.015625,BigWig,0.51953125,0.50390625,0.015625,1676
CNhs13065_M,mesothelioma cell line | CAGE,0.015625,BigWig,0.50390625,0.51953125,0.015625,1677
CNhs13072_P,mesothelioma cell line | CAGE,-0.015625,BigWig,0.515625,0.5,0.015625,1678
CNhs13073_P,mesothelioma cell line | CAGE,-0.015625,BigWig,0.515625,0.5,0.015625,1679
CNhs11873_P,mucinous cystadenocarcinoma cell line | CAGE,-0.015625,BigWig,0.515625,0.5,0.015625,1680
CNhs11821_P,myxofibrosarcoma cell line | CAGE,-0.015625,BigWig,0.515625,0.5,0.015625,1681
CNhs11818_P,neuroblastoma cell line | CAGE,-0.015625,BigWig,0.51953125,0.50390625,0.015625,1682
CNhs11753_P,neuroectodermal tumor cell line | CAGE,-0.015625,BigWig,0.51953125,0.50390625,0.015625,1683
CNhs11866_P,neuroectodermal tumor cell line | CAGE,-0.015625,BigWig,0.51953125,0.50390625,0.015625,1684
CNhs11894_P,normal embryonic palatal mesenchymal cell line | CAGE,-0.015625,BigWig,0.51953125,0.50390625,0.015625,1685
CNhs11716_P,papillary adenocarcinoma cell line | CAGE,-0.015625,BigWig,0.515625,0.5,0.015625,1686
CNhs11933_P,pleomorphic hepatocellular carcinoma cell line | CAGE,-0.015625,BigWig,0.51953125,0.50390625,0.015625,1687
CNhs13508_P,serous adenocarcinoma cell line | CAGE,-0.015625,BigWig,0.515625,0.5,0.015625,1688
CNhs11270_P,signet ring carcinoma cell line | CAGE,-0.015625,BigWig,0.515625,0.5,0.015625,1689
CNhs11876_P,testicular germ cell embryonal carcinoma cell line | CA,-0.015625,BigWig,0.51953125,0.50390625,0.015625,1690
CNhs14139_M,thymic carcinoma cell line | CAGE,0.015625,BigWig,0.515625,0.53125,0.015625,1691
CNhs11813_M,xeroderma pigentosum b cell line | CAGE,0.015625,BigWig,0.51953125,0.53515625,0.015625,1692
CNhs12069_M,Adipocyte - perirenal | CAGE,0.015625,BigWig,0.515625,0.53125,0.015625,1693
CNhs10864_P,Astrocyte - cerebral cortex | CAGE,-0.015625,BigWig,0.51953125,0.50390625,0.015625,1694
CNhs12546_M,Basophils | CAGE,0.015625,BigWig,0.5078125,0.5234375,0.015625,1695
CNhs10852_M,CD14+ Monocytes | CAGE,0.015625,BigWig,0.515625,0.53125,0.015625,1696
CNhs13208_P,CD14+CD16+ Monocytes | CAGE,-0.015625,BigWig,0.51953125,0.50390625,0.015625,1697
CNhs13216_P,CD14+CD16- Monocytes | CAGE,-0.015625,BigWig,0.51953125,0.50390625,0.015625,1698
CNhs13207_P,CD14-CD16+ Monocytes | CAGE,-0.015625,BigWig,0.51953125,0.50390625,0.015625,1699
CNhs12177_M,"CD19+ B Cells (pluriselect), donation1 | CAGE",0.015625,BigWig,0.5078125,0.5234375,0.015625,1700
CNhs12205_M,CD34+ Progenitors | CAGE,0.015625,BigWig,0.5078125,0.5234375,0.015625,1701
CNhs12553_M,"CD34+ stem cells - adult bone marrow derived, tech  | C",0.015625,BigWig,0.5078125,0.5234375,0.015625,1702
CNhs12176_M,"CD8+ T Cells (pluriselect), donation1 | CAGE",0.015625,BigWig,0.5078125,0.5234375,0.015625,1703
CNhs12341_P,Cardiac Myocyte | CAGE,-0.015625,BigWig,0.515625,0.5,0.015625,1704
CNhs10871_P,Ciliary Epithelial Cells | CAGE,-0.015625,BigWig,0.51953125,0.50390625,0.015625,1705
CNhs10872_P,Endothelial Cells - Umbilical vein | CAGE,-0.015625,BigWig,0.515625,0.5,0.015625,1706
CNhs10866_P,Fibroblast - Gingival | CAGE,-0.015625,BigWig,0.51953125,0.50390625,0.015625,1707
CNhs11348_M,Fibroblast - Mammary | CAGE,0.015625,BigWig,0.51953125,0.53515625,0.015625,1708
CNhs12493_M,"Fibroblast - Periodontal Ligament,  (PL29) | CAGE",0.015625,BigWig,0.51171875,0.52734375,0.015625,1709
CNhs11896_P,"Gingival epithelial cells,  (GEA14) | CAGE",-0.015625,BigWig,0.51953125,0.50390625,0.015625,1710
CNhs11903_P,"Gingival epithelial cells,  (GEA15) | CAGE",-0.015625,BigWig,0.51953125,0.50390625,0.015625,1711
CNhs12075_P,Hepatic Sinusoidal Endothelial Cells | CAGE,-0.015625,BigWig,0.515625,0.5,0.015625,1712
CNhs10846_M,Mesenchymal Stem Cells - Vertebral | CAGE,0.015625,BigWig,0.5078125,0.5234375,0.015625,1713
CNhs11316_P,Mesenchymal Stem Cells - bone marrow | CAGE,-0.015625,BigWig,0.51953125,0.50390625,0.015625,1714
CNhs10845_P,Mesenchymal stem cells - hepatic | CAGE,-0.015625,BigWig,0.51953125,0.50390625,0.015625,1715
CNhs10845_M,Mesenchymal stem cells - hepatic | CAGE,0.015625,BigWig,0.5234375,0.5390625,0.015625,1716
CNhs11317_P,Pericytes | CAGE,-0.015625,BigWig,0.51953125,0.50390625,0.015625,1717
CNhs11052_P,Preadipocyte - breast | CAGE,-0.015625,BigWig,0.515625,0.5,0.015625,1718
CNhs11065_P,Preadipocyte - omental | CAGE,-0.015625,BigWig,0.51953125,0.50390625,0.015625,1719
CNhs12065_P,Preadipocyte - perirenal | CAGE,-0.015625,BigWig,0.515625,0.5,0.015625,1720
CNhs11332_P,Renal Epithelial Cells | CAGE,-0.015625,BigWig,0.51953125,0.50390625,0.015625,1721
CNhs11333_P,Renal Mesangial Cells | CAGE,-0.015625,BigWig,0.515625,0.5,0.015625,1722
CNhs11330_P,Renal Proximal Tubular Epithelial Cell | CAGE,-0.015625,BigWig,0.51953125,0.50390625,0.015625,1723
CNhs12073_P,Schwann Cells | CAGE,-0.015625,BigWig,0.51953125,0.50390625,0.015625,1724
CNhs11088_P,Smooth Muscle Cells - Coronary Artery | CAGE,-0.015625,BigWig,0.51953125,0.50390625,0.015625,1725
CNhs12595_P,Smooth Muscle Cells - Intestinal | CAGE,-0.015625,BigWig,0.5234375,0.5078125,0.015625,1726
CNhs11089_P,Smooth Muscle Cells - Pulmonary Artery | CAGE,-0.015625,BigWig,0.51953125,0.50390625,0.015625,1727
CNhs11091_P,Smooth Muscle Cells - Umbilical Artery | CAGE,-0.015625,BigWig,0.51953125,0.50390625,0.015625,1728
CNhs12569_P,Smooth Muscle Cells - Umbilical Vein | CAGE,-0.015625,BigWig,0.51953125,0.50390625,0.015625,1729
CNhs14190_P,"Smooth muscle cells - airway, control | CAGE",-0.015625,BigWig,0.515625,0.5,0.015625,1730
CNhs11076_M,"Whole blood (ribopure), donation2 | CAGE",0.015625,BigWig,0.515625,0.53125,0.015625,1731
CNhs12518_M,common myeloid progenitor CMP | CAGE,0.015625,BigWig,0.5078125,0.5234375,0.015625,1732
CNhs12366_P,mesenchymal precursor cell - bone marrow | CAGE,-0.015625,BigWig,0.515625,0.5,0.015625,1733
CNhs12374_P,mesenchymal precursor cell - ovarian cancer metastasis,-0.015625,BigWig,0.515625,0.5,0.015625,1734
CNhs12810_P,salivary acinar cells | CAGE,-0.015625,BigWig,0.51953125,0.50390625,0.015625,1735
CNhs11797_P,"brain, fetal, pool1 | CAGE",-0.015625,BigWig,0.515625,0.5,0.015625,1736
CNhs11797_M,"brain, fetal, pool1 | CAGE",0.015625,BigWig,0.51171875,0.52734375,0.015625,1737
CNhs11792_M,"breast, adult | CAGE",0.015625,BigWig,0.546875,0.5625,0.015625,1738
CNhs12323_P,"cerebellum, adult | CAGE",-0.015625,BigWig,0.51953125,0.50390625,0.015625,1739
CNhs13437_P,cerebrospinal fluid | CAGE,-0.015625,BigWig,0.51953125,0.50390625,0.015625,1740
CNhs10619_P,"colon, adult, pool1 | CAGE",-0.015625,BigWig,0.515625,0.5,0.015625,1741
CNhs11781_P,"duodenum, fetal, tech  | CAGE",-0.015625,BigWig,0.515625,0.5,0.015625,1742
CNhs12848_P,"gall bladder, adult | CAGE",-0.015625,BigWig,0.515625,0.5,0.015625,1743
CNhs12319_M,"globus pallidus, adult | CAGE",0.015625,BigWig,0.703125,0.71875,0.015625,1744
CNhs14082_P,"globus pallidus, newborn | CAGE",-0.015625,BigWig,0.515625,0.5,0.015625,1745
CNhs10653_P,"heart, fetal, pool1 | CAGE",-0.015625,BigWig,0.515625,0.5,0.015625,1746
CNhs11788_M,"lymph node, adult | CAGE",0.015625,BigWig,0.52734375,0.54296875,0.015625,1747
CNhs10626_P,"ovary, adult, pool1 | CAGE",-0.015625,BigWig,0.51953125,0.50390625,0.015625,1748
CNhs11756_P,"pancreas, adult | CAGE",-0.015625,BigWig,0.515625,0.5,0.015625,1749
CNhs11677_P,"salivary gland, adult, pool1 | CAGE",-0.015625,BigWig,0.515625,0.5,0.015625,1750
CNhs13454_P,skeletal muscle - soleus muscle | CAGE,-0.015625,BigWig,0.51953125,0.50390625,0.015625,1751
CNhs11776_M,"skeletal muscle, fetal | CAGE",0.015625,BigWig,0.51171875,0.52734375,0.015625,1752
CNhs13807_P,spinal cord - adult | CAGE,-0.015625,BigWig,0.515625,0.5,0.015625,1753
CNhs12227_P,"spinal cord, adult | CAGE",-0.015625,BigWig,0.515625,0.5,0.015625,1754
CNhs12998_P,"testis, adult, pool2 | CAGE",-0.015625,BigWig,0.5234375,0.5078125,0.015625,1755
CNhs11765_P,"umbilical cord, fetal | CAGE",-0.015625,BigWig,0.51953125,0.50390625,0.015625,1756
CNhs12844_P,"vein, adult | CAGE",-0.015625,BigWig,0.515625,0.5,0.015625,1757
GTEX-13PVR-0226-SM-5RQJI.1,adrenal gland | RNA-seq,-0.015625,BigWig,1.0,0.984375,0.015625,1758
GTEX-14PKV-0726-SM-686ZF.1,adrenal gland | RNA-seq,-0.015625,BigWig,1.0,0.984375,0.015625,1759
GTEX-1EX96-0011-R4a-SM-ARU82.1,brain | RNA-seq,-0.015625,BigWig,1.0,0.984375,0.015625,1760
GTEX-S32W-1326-SM-4AD5Q.1,fallopian tube | RNA-seq,-0.015625,BigWig,1.0,0.984375,0.015625,1761
GTEX-T6MO-1026-SM-4DM72.1,fallopian tube | RNA-seq,-0.015625,BigWig,1.0,0.984375,0.015625,1762
GTEX-14PJ4-0526-SM-6871G.1,spleen | RNA-seq,-0.015625,BigWig,1.0,0.984375,0.015625,1763
GTEX-15DYW-1426-SM-6LPIW.1,spleen | RNA-seq,-0.015625,BigWig,1.0,0.984375,0.015625,1764
GTEX-1F75I-0226-SM-7MKHQ.1,spleen | RNA-seq,-0.015625,BigWig,1.0,0.984375,0.015625,1765
start_codon,start codon,0.01318359375,BED,0.0849609375,0.09814453125,0.01318359375,1766
polyA_signal,polyA signal,-0.011962890625,BED,0.057373046875,0.04541015625,0.011962890625,1767
5UTR-,5UTR-,0.01171875,BED,0.1875,0.19921875,0.01171875,1768
ENCSR000ASH,A549 | Histone ChIP-seq | H3K4me3,0.01171875,BigWig,0.62109375,0.6328125,0.01171875,1769
ENCSR000AUN,A549 | Histone ChIP-seq | H3K9me3,0.01171875,BigWig,0.67578125,0.6875,0.01171875,1770
ENCSR521IZK,A673 | Histone ChIP-seq | H3K4me1,0.01171875,BigWig,0.53125,0.54296875,0.01171875,1771
ENCSR435FGK,A673 | Histone ChIP-seq | H3K4me3,0.01171875,BigWig,0.5625,0.57421875,0.01171875,1772
ENCSR475NLR,ACC112 | Histone ChIP-seq | H3K27me3,-0.01171875,BigWig,0.81640625,0.8046875,0.01171875,1773
ENCSR726ZZX,ACC112 | Histone ChIP-seq | H3K4me1,0.01171875,BigWig,0.5625,0.57421875,0.01171875,1774
ENCSR000ELX,AG04449 | DNase-seq,-0.01171875,BigWig,0.76171875,0.75,0.01171875,1775
ENCSR000EIV,AG08395 | DNase-seq,-0.01171875,BigWig,0.82421875,0.8125,0.01171875,1776
ENCSR000EMA,AG09319 | DNase-seq,-0.01171875,BigWig,0.6875,0.67578125,0.01171875,1777
ENCSR000EKI,CWRU1 | DNase-seq,-0.01171875,BigWig,0.86328125,0.8515625,0.01171875,1778
ENCSR000DQM,Caco-2 | Histone ChIP-seq | H3K4me3,-0.01171875,BigWig,0.58203125,0.5703125,0.01171875,1779
ENCSR000ASX,DND-41 | Histone ChIP-seq | H3K27me3,0.01171875,BigWig,0.8359375,0.84765625,0.01171875,1780
ENCSR000ARA,DND-41 | Histone ChIP-seq | H3K4me3,-0.01171875,BigWig,0.66796875,0.65625,0.01171875,1781
ENCSR730FLZ,ES-I3 | Histone ChIP-seq | H3K4me1,-0.01171875,BigWig,0.6796875,0.66796875,0.01171875,1782
ENCSR097ORD,ES-I3 | Histone ChIP-seq | H3K9ac,-0.01171875,BigWig,0.6484375,0.63671875,0.01171875,1783
ENCSR000DQV,GM06990 | Histone ChIP-seq | H3K4me3,-0.01171875,BigWig,0.58984375,0.578125,0.01171875,1784
ENCSR000EJJ,GM19238 | DNase-seq,-0.01171875,BigWig,0.93359375,0.921875,0.01171875,1785
ENCSR395USV,H1 | Histone ChIP-seq | H3K9me3,-0.01171875,BigWig,0.6953125,0.68359375,0.01171875,1786
ENCSR000EJO,H7 | DNase-seq,0.01171875,BigWig,0.8984375,0.91015625,0.01171875,1787
ENCSR275ICP,H9 | DNase-seq,-0.01171875,BigWig,0.91796875,0.90625,0.01171875,1788
ENCSR161MXP,HCT116 | Histone ChIP-seq | H3K4me1,0.01171875,BigWig,0.625,0.63671875,0.01171875,1789
ENCSR093SHE,HCT116 | Histone ChIP-seq | H3K9ac,0.01171875,BigWig,0.68359375,0.6953125,0.01171875,1790
ENCSR315IRO,HUES6 | Histone ChIP-seq | H3K27ac,0.01171875,BigWig,0.74609375,0.7578125,0.01171875,1791
ENCSR919DBC,HUES6 | Histone ChIP-seq | H3K4me1,-0.01171875,BigWig,0.74609375,0.734375,0.01171875,1792
ENCSR894OYM,HUES64 | Histone ChIP-seq | H3K4me3,-0.01171875,BigWig,0.5703125,0.55859375,0.01171875,1793
ENCSR000AQO,HeLa-S3 | Histone ChIP-seq | H3K9me3,0.01171875,BigWig,0.8359375,0.84765625,0.01171875,1794
ENCSR000DUE,HepG2 | Histone ChIP-seq | H3K27me3,0.01171875,BigWig,0.90234375,0.9140625,0.01171875,1795
ENCSR437ORF,IMR-90 | Histone ChIP-seq | H3K36me3,-0.01171875,BigWig,0.91015625,0.8984375,0.01171875,1796
ENCSR426IEA,KBM-7 | DNase-seq,0.01171875,BigWig,0.58203125,0.59375,0.01171875,1797
ENCSR746ZPP,L1-S8R | DNase-seq,-0.01171875,BigWig,0.78515625,0.7734375,0.01171875,1798
ENCSR000EKU,LNCaP clone FGC | DNase-seq,0.01171875,BigWig,0.80859375,0.8203125,0.01171875,1799
ENCSR543IKB,Loucy | Histone ChIP-seq | H3K9ac,0.01171875,BigWig,0.72265625,0.734375,0.01171875,1800
ENCSR000EWR,MCF-7 | Histone ChIP-seq | H3K27ac,0.01171875,BigWig,0.703125,0.71484375,0.01171875,1801
ENCSR985MIB,MCF-7 | Histone ChIP-seq | H3K4me3,0.01171875,BigWig,0.6640625,0.67578125,0.01171875,1802
ENCSR872PRJ,MM.1S | Histone ChIP-seq | H3K9ac,-0.01171875,BigWig,0.734375,0.72265625,0.01171875,1803
ENCSR082NQB,NCI-H929 | Histone ChIP-seq | H3K4me3,-0.01171875,BigWig,0.66015625,0.6484375,0.01171875,1804
ENCSR327OGS,NCI-H929 | Histone ChIP-seq | H3K9ac,-0.01171875,BigWig,0.6640625,0.65234375,0.01171875,1805
ENCSR000EXA,NT2/D1 | Histone ChIP-seq | H3K4me1,-0.01171875,BigWig,0.91015625,0.8984375,0.01171875,1806
ENCSR597UDW,OCI-LY1 | Histone ChIP-seq | H3K27ac,0.01171875,BigWig,0.60546875,0.6171875,0.01171875,1807
ENCSR859JNA,OCI-LY1 | Histone ChIP-seq | H3K27me3,0.01171875,BigWig,0.9140625,0.92578125,0.01171875,1808
ENCSR184QUS,OCI-LY1 | Histone ChIP-seq | H3K4me1,0.01171875,BigWig,0.65625,0.66796875,0.01171875,1809
ENCSR076JBA,OCI-LY1 | Histone ChIP-seq | H3K9ac,0.01171875,BigWig,0.70703125,0.71875,0.01171875,1810
ENCSR548PZS,OCI-LY3 | Histone ChIP-seq | H3K4me3,-0.01171875,BigWig,0.61328125,0.6015625,0.01171875,1811
ENCSR996GHD,OCI-LY3 | Histone ChIP-seq | H3K9ac,-0.01171875,BigWig,0.65234375,0.640625,0.01171875,1812
ENCSR060WGK,OCI-LY7 | Histone ChIP-seq | H3K4me1,-0.01171875,BigWig,0.6015625,0.58984375,0.01171875,1813
ENCSR005SXO,OCI-LY7 | Histone ChIP-seq | H3K4me3,-0.01171875,BigWig,0.58203125,0.5703125,0.01171875,1814
ENCSR275NCH,PC-3 | Histone ChIP-seq | H3K4me3,0.01171875,BigWig,0.61328125,0.625,0.01171875,1815
ENCSR197QXT,PC-3 | Histone ChIP-seq | H3K9ac,0.01171875,BigWig,0.65234375,0.6640625,0.01171875,1816
ENCSR940NLN,PC-9 | DNase-seq,-0.01171875,BigWig,0.64453125,0.6328125,0.01171875,1817
ENCSR000FCM,Panc1 | Histone ChIP-seq | H3K36me3,-0.01171875,BigWig,0.72265625,0.7109375,0.01171875,1818
ENCSR203KEU,RWPE1 | Histone ChIP-seq | H3K27ac,-0.01171875,BigWig,0.765625,0.75390625,0.01171875,1819
ENCSR620WAR,SJSA1 | DNase-seq,-0.01171875,BigWig,0.67578125,0.6640625,0.01171875,1820
ENCSR946MVP,SK-N-DZ | DNase-seq,0.01171875,BigWig,0.76171875,0.7734375,0.01171875,1821
ENCSR564IGJ,SK-N-SH | Histone ChIP-seq | H3K27ac,-0.01171875,BigWig,0.5859375,0.57421875,0.01171875,1822
ENCSR307DQT,SU-DHL-6 | Histone ChIP-seq | H3K27ac,0.01171875,BigWig,0.578125,0.58984375,0.01171875,1823
ENCSR587FCM,SU-DHL-6 | Histone ChIP-seq | H3K9me3,0.01171875,BigWig,0.67578125,0.6875,0.01171875,1824
ENCSR000ELS,T47D | DNase-seq,-0.01171875,BigWig,0.88671875,0.875,0.01171875,1825
ENCSR656PGJ,UCSF-4 | Histone ChIP-seq | H3K27ac,0.01171875,BigWig,0.87890625,0.890625,0.01171875,1826
ENCSR875QDS,iPS DF 6.9 | Histone ChIP-seq | H3K27ac,0.01171875,BigWig,0.8203125,0.83203125,0.01171875,1827
ENCSR173ZMH,iPS DF 6.9 | Histone ChIP-seq | H3K36me3,0.01171875,BigWig,0.890625,0.90234375,0.01171875,1828
ENCSR263ELQ,iPS DF 6.9 | Histone ChIP-seq | H3K4me3,-0.01171875,BigWig,0.84765625,0.8359375,0.01171875,1829
ENCSR276ZBE,iPS-15b | Histone ChIP-seq | H3K4me1,-0.01171875,BigWig,0.69140625,0.6796875,0.01171875,1830
ENCSR166KLM,iPS-20b | Histone ChIP-seq | H3K9ac,0.01171875,BigWig,0.73828125,0.75,0.01171875,1831
ENCSR769HUN,adipocyte | Histone ChIP-seq | H3K27me3,0.01171875,BigWig,0.8984375,0.91015625,0.01171875,1832
ENCSR136ZNV,adipocyte | Histone ChIP-seq | H3K36me3,-0.01171875,BigWig,0.94140625,0.9296875,0.01171875,1833
ENCSR842KCP,cardiac muscle cell | DNase-seq,-0.01171875,BigWig,0.85546875,0.84375,0.01171875,1834
ENCSR000DSG,cardiovascular progenitor cell | Histone ChIP-seq | H3K,0.01171875,BigWig,0.83984375,0.8515625,0.01171875,1835
ENCSR000DSO,cardiovascular progenitor cell | Histone ChIP-seq | H3K,0.01171875,BigWig,0.6015625,0.61328125,0.01171875,1836
ENCSR194TFK,endodermal cell | Histone ChIP-seq | H3K4me1,0.01171875,BigWig,0.76953125,0.78125,0.01171875,1837
ENCSR115YPI,hematopoietic multipotent progenitor cell | DNase-seq,-0.01171875,BigWig,0.77734375,0.765625,0.01171875,1838
ENCSR362JSZ,hematopoietic multipotent progenitor cell | DNase-seq,-0.01171875,BigWig,0.74609375,0.734375,0.01171875,1839
ENCSR845CFB,hematopoietic multipotent progenitor cell | DNase-seq,-0.01171875,BigWig,0.640625,0.62890625,0.01171875,1840
ENCSR855FOP,hematopoietic multipotent progenitor cell | DNase-seq,-0.01171875,BigWig,0.765625,0.75390625,0.01171875,1841
ENCSR637RLN,hepatocyte | Histone ChIP-seq | H3K27me3,0.01171875,BigWig,0.703125,0.71484375,0.01171875,1842
ENCSR689QUB,hepatocyte | Histone ChIP-seq | H3K4me1,0.01171875,BigWig,0.62890625,0.640625,0.01171875,1843
ENCSR013KEC,mesenchymal stem cell | Histone ChIP-seq | H3K27ac,0.01171875,BigWig,0.70703125,0.71875,0.01171875,1844
ENCSR501JET,mesenchymal stem cell | Histone ChIP-seq | H3K4me3,-0.01171875,BigWig,0.921875,0.91015625,0.01171875,1845
ENCSR405AXO,mesendoderm | Histone ChIP-seq | H3K27me3,0.01171875,BigWig,0.71875,0.73046875,0.01171875,1846
ENCSR839PUY,mesendoderm | Histone ChIP-seq | H3K9ac,0.01171875,BigWig,0.828125,0.83984375,0.01171875,1847
ENCSR000DSE,mesodermal cell | Histone ChIP-seq | H3K4me3,0.01171875,BigWig,0.62890625,0.640625,0.01171875,1848
ENCSR124VOE,neural cell | Histone ChIP-seq | H3K27ac,0.01171875,BigWig,0.68359375,0.6953125,0.01171875,1849
ENCSR573CWZ,neural progenitor cell | Histone ChIP-seq | H3K36me3,-0.01171875,BigWig,0.6484375,0.63671875,0.01171875,1850
ENCSR256ESY,neuronal stem cell | Histone ChIP-seq | H3K36me3,0.01171875,BigWig,0.89453125,0.90625,0.01171875,1851
ENCSR433PUR,radial glial cell | Histone ChIP-seq | H3K4me3,-0.01171875,BigWig,0.6796875,0.66796875,0.01171875,1852
ENCSR162DGX,B cell | Histone ChIP-seq | H3K27me3,0.01171875,BigWig,0.70703125,0.71875,0.01171875,1853
ENCSR290YLQ,B cell | Histone ChIP-seq | H3K4me1,0.01171875,BigWig,0.7109375,0.72265625,0.01171875,1854
ENCSR939UQD,B cell | Histone ChIP-seq | H3K4me3,0.01171875,BigWig,0.6875,0.69921875,0.01171875,1855
ENCSR768SPE,B cell | Histone ChIP-seq | H3K9me3,-0.01171875,BigWig,0.9375,0.92578125,0.01171875,1856
ENCSR244XWL,CD14-positive monocyte | Histone ChIP-seq | H3K36me3,-0.01171875,BigWig,0.8515625,0.83984375,0.01171875,1857
ENCSR373BIX,CD1c-positive myeloid dendritic cell | DNase-seq,-0.01171875,BigWig,0.8984375,0.88671875,0.01171875,1858
ENCSR860MYX,"CD4-positive, CD25-positive, alpha-beta regulatory T ce",0.01171875,BigWig,0.65625,0.66796875,0.01171875,1859
ENCSR569ATD,"CD4-positive, alpha-beta T cell | DNase-seq",0.01171875,BigWig,0.73828125,0.75,0.01171875,1860
ENCSR609DDQ,"CD8-positive, alpha-beta T cell | DNase-seq",0.01171875,BigWig,0.74609375,0.7578125,0.01171875,1861
ENCSR835OJV,"CD8-positive, alpha-beta T cell | Histone ChIP-seq | H3",0.01171875,BigWig,0.69140625,0.703125,0.01171875,1862
ENCSR103GGR,"CD8-positive, alpha-beta T cell | Histone ChIP-seq | H3",-0.01171875,BigWig,0.87109375,0.859375,0.01171875,1863
ENCSR797GOJ,"CD8-positive, alpha-beta T cell | Histone ChIP-seq | H3",-0.01171875,BigWig,0.78515625,0.7734375,0.01171875,1864
ENCSR782NOO,"CD8-positive, alpha-beta T cell | Histone ChIP-seq | H3",-0.01171875,BigWig,0.80078125,0.7890625,0.01171875,1865
ENCSR944RKI,"CD8-positive, alpha-beta memory T cell | Histone ChIP-s",-0.01171875,BigWig,0.7734375,0.76171875,0.01171875,1866
ENCSR962AKF,"CD8-positive, alpha-beta memory T cell | Histone ChIP-s",0.01171875,BigWig,0.69140625,0.703125,0.01171875,1867
ENCSR043SJS,"CD8-positive, alpha-beta memory T cell | Histone ChIP-s",0.01171875,BigWig,0.6953125,0.70703125,0.01171875,1868
ENCSR998RVD,T-helper 17 cell | Histone ChIP-seq | H3K36me3,-0.01171875,BigWig,0.80078125,0.7890625,0.01171875,1869
ENCSR091TTT,T-helper 17 cell | Histone ChIP-seq | H3K4me1,0.01171875,BigWig,0.6796875,0.69140625,0.01171875,1870
ENCSR000DXK,bronchial epithelial cell | Histone ChIP-seq | H3K27me3,-0.01171875,BigWig,0.90234375,0.890625,0.01171875,1871
ENCSR000DXJ,bronchial epithelial cell | Histone ChIP-seq | H3K4me3,-0.01171875,BigWig,0.58203125,0.5703125,0.01171875,1872
ENCSR122VUW,"common myeloid progenitor, CD34-positive | DNase-seq",-0.01171875,BigWig,0.65625,0.64453125,0.01171875,1873
ENCSR191EII,"common myeloid progenitor, CD34-positive | DNase-seq",0.01171875,BigWig,0.609375,0.62109375,0.01171875,1874
ENCSR468ZXN,"common myeloid progenitor, CD34-positive | DNase-seq",0.01171875,BigWig,0.55859375,0.5703125,0.01171875,1875
ENCSR495INQ,"common myeloid progenitor, CD34-positive | DNase-seq",0.01171875,BigWig,0.71875,0.73046875,0.01171875,1876
ENCSR564TUY,"common myeloid progenitor, CD34-positive | DNase-seq",-0.01171875,BigWig,0.734375,0.72265625,0.01171875,1877
ENCSR355PUX,"common myeloid progenitor, CD34-positive | Histone ChIP",0.01171875,BigWig,0.8203125,0.83203125,0.01171875,1878
ENCSR196KYU,"common myeloid progenitor, CD34-positive | Histone ChIP",0.01171875,BigWig,0.59375,0.60546875,0.01171875,1879
ENCSR438DSO,"common myeloid progenitor, CD34-positive | Histone ChIP",-0.01171875,BigWig,0.546875,0.53515625,0.01171875,1880
ENCSR681HMF,"common myeloid progenitor, CD34-positive | Histone ChIP",0.01171875,BigWig,0.70703125,0.71875,0.01171875,1881
ENCSR734ESI,"common myeloid progenitor, CD34-positive | Histone ChIP",-0.01171875,BigWig,0.72265625,0.7109375,0.01171875,1882
ENCSR979RHZ,"common myeloid progenitor, CD34-positive | Histone ChIP",-0.01171875,BigWig,0.79296875,0.78125,0.01171875,1883
ENCSR000DVO,endothelial cell of umbilical vein | Histone ChIP-seq |,-0.01171875,BigWig,0.859375,0.84765625,0.01171875,1884
ENCSR000AMW,fibroblast of lung | Histone ChIP-seq | H3K4me3,0.01171875,BigWig,0.65625,0.66796875,0.01171875,1885
ENCSR000AMX,fibroblast of lung | Histone ChIP-seq | H3K9ac,0.01171875,BigWig,0.74609375,0.7578125,0.01171875,1886
ENCSR000ARQ,fibroblast of lung | Histone ChIP-seq | H3K9me3,0.01171875,BigWig,0.7265625,0.73828125,0.01171875,1887
ENCSR000DUW,fibroblast of mammary gland | Histone ChIP-seq | H3K4me,0.01171875,BigWig,0.56640625,0.578125,0.01171875,1888
ENCSR217RVH,fibroblast of skin of right quadriceps | DNase-seq,-0.01171875,BigWig,0.6953125,0.68359375,0.01171875,1889
ENCSR153LHP,foreskin fibroblast | DNase-seq,-0.01171875,BigWig,0.63671875,0.625,0.01171875,1890
ENCSR251UPG,foreskin fibroblast | DNase-seq,-0.01171875,BigWig,0.609375,0.59765625,0.01171875,1891
ENCSR822ZIG,foreskin fibroblast | Histone ChIP-seq | H3K27ac,0.01171875,BigWig,0.83203125,0.84375,0.01171875,1892
ENCSR621EXD,foreskin fibroblast | Histone ChIP-seq | H3K36me3,-0.01171875,BigWig,0.9375,0.92578125,0.01171875,1893
ENCSR813CFB,foreskin fibroblast | Histone ChIP-seq | H3K4me3,0.01171875,BigWig,0.80078125,0.8125,0.01171875,1894
ENCSR089TWS,foreskin keratinocyte | Histone ChIP-seq | H3K36me3,0.01171875,BigWig,0.734375,0.74609375,0.01171875,1895
ENCSR498PMM,foreskin keratinocyte | Histone ChIP-seq | H3K9me3,-0.01171875,BigWig,0.66015625,0.6484375,0.01171875,1896
ENCSR708IFN,foreskin melanocyte | Histone ChIP-seq | H3K27me3,-0.01171875,BigWig,0.859375,0.84765625,0.01171875,1897
ENCSR000DWV,keratinocyte | Histone ChIP-seq | H3K4me3,-0.01171875,BigWig,0.578125,0.56640625,0.01171875,1898
ENCSR529ECZ,luminal epithelial cell of mammary gland | Histone ChIP,0.01171875,BigWig,0.66796875,0.6796875,0.01171875,1899
ENCSR016JWS,mammary epithelial cell | Histone ChIP-seq | H3K4me3,-0.01171875,BigWig,0.640625,0.62890625,0.01171875,1900
ENCSR439EHQ,mesenchymal stem cell | Histone ChIP-seq | H3K9me3,-0.01171875,BigWig,0.67578125,0.6640625,0.01171875,1901
ENCSR365DWX,myoepithelial cell of mammary gland | Histone ChIP-seq,0.01171875,BigWig,0.828125,0.83984375,0.01171875,1902
ENCSR605SXJ,"naive thymus-derived CD4-positive, alpha-beta T cell |",-0.01171875,BigWig,0.78515625,0.7734375,0.01171875,1903
ENCSR716CWA,"naive thymus-derived CD4-positive, alpha-beta T cell |",-0.01171875,BigWig,0.82421875,0.8125,0.01171875,1904
ENCSR657SQM,"naive thymus-derived CD4-positive, alpha-beta T cell |",0.01171875,BigWig,0.66015625,0.671875,0.01171875,1905
ENCSR276ZSL,"naive thymus-derived CD4-positive, alpha-beta T cell |",0.01171875,BigWig,0.67578125,0.6875,0.01171875,1906
ENCSR379WXM,neurosphere | Histone ChIP-seq | H3K27ac,0.01171875,BigWig,0.66796875,0.6796875,0.01171875,1907
ENCSR671WZX,neurosphere | Histone ChIP-seq | H3K27me3,0.01171875,BigWig,0.6484375,0.66015625,0.01171875,1908
ENCSR765SCM,neurosphere | Histone ChIP-seq | H3K36me3,0.01171875,BigWig,0.77734375,0.7890625,0.01171875,1909
ENCSR393HDC,neurosphere | Histone ChIP-seq | H3K9me3,0.01171875,BigWig,0.671875,0.68359375,0.01171875,1910
ENCSR058FCG,neutrophil | Histone ChIP-seq | H3K27me3,0.01171875,BigWig,0.7109375,0.72265625,0.01171875,1911
ENCSR000API,osteoblast | Histone ChIP-seq | H3K36me3,-0.01171875,BigWig,0.80078125,0.7890625,0.01171875,1912
ENCSR275EAG,peripheral blood mononuclear cell | Histone ChIP-seq |,0.01171875,BigWig,0.72265625,0.734375,0.01171875,1913
ENCSR389IVA,peripheral blood mononuclear cell | Histone ChIP-seq |,0.01171875,BigWig,0.76171875,0.7734375,0.01171875,1914
ENCSR995UTR,skeletal muscle satellite cell | Histone ChIP-seq | H3K,-0.01171875,BigWig,0.8203125,0.80859375,0.01171875,1915
ENCSR023MFG,skeletal muscle satellite cell | Histone ChIP-seq | H3K,-0.01171875,BigWig,0.59375,0.58203125,0.01171875,1916
ENCSR525XER,skeletal muscle satellite cell | Histone ChIP-seq | H3K,0.01171875,BigWig,0.6953125,0.70703125,0.01171875,1917
ENCSR593LTJ,trophoblast cell | DNase-seq,-0.01171875,BigWig,0.6953125,0.68359375,0.01171875,1918
ENCSR322UXF,Peyer's patch | DNase-seq,-0.01171875,BigWig,0.94921875,0.9375,0.01171875,1919
ENCSR406PCK,adrenal gland | Histone ChIP-seq | H3K4me1,-0.01171875,BigWig,0.67578125,0.6640625,0.01171875,1920
ENCSR455JUO,adrenal gland | Histone ChIP-seq | H3K4me1,-0.01171875,BigWig,0.66015625,0.6484375,0.01171875,1921
ENCSR605QAV,adrenal gland | Histone ChIP-seq | H3K4me3,-0.01171875,BigWig,0.63671875,0.625,0.01171875,1922
ENCSR786DQB,amnion | Histone ChIP-seq | H3K36me3,-0.01171875,BigWig,0.921875,0.91015625,0.01171875,1923
ENCSR535XRY,angular gyrus | Histone ChIP-seq | H3K4me3,0.01171875,BigWig,0.65625,0.66796875,0.01171875,1924
ENCSR322TJD,aorta | Histone ChIP-seq | H3K27ac,-0.01171875,BigWig,0.65625,0.64453125,0.01171875,1925
ENCSR707AEW,ascending aorta | Histone ChIP-seq | H3K4me1,-0.01171875,BigWig,0.71875,0.70703125,0.01171875,1926
ENCSR421KNA,body of pancreas | DNase-seq,-0.01171875,BigWig,0.9296875,0.91796875,0.01171875,1927
ENCSR863TAL,body of pancreas | Histone ChIP-seq | H3K9me3,-0.01171875,BigWig,0.72265625,0.7109375,0.01171875,1928
ENCSR475VQD,brain | DNase-seq,-0.01171875,BigWig,0.62890625,0.6171875,0.01171875,1929
ENCSR507GFJ,brain | DNase-seq,-0.01171875,BigWig,0.59765625,0.5859375,0.01171875,1930
ENCSR146KXZ,brain | Histone ChIP-seq | H3K9me3,-0.01171875,BigWig,0.7265625,0.71484375,0.01171875,1931
ENCSR552TQB,caudate nucleus | Histone ChIP-seq | H3K9me3,0.01171875,BigWig,0.69140625,0.703125,0.01171875,1932
ENCSR449FFA,chorion | Histone ChIP-seq | H3K36me3,-0.01171875,BigWig,0.9375,0.92578125,0.01171875,1933
ENCSR313SEO,chorionic villus | Histone ChIP-seq | H3K4me3,-0.01171875,BigWig,0.703125,0.69140625,0.01171875,1934
ENCSR070GTK,cingulate gyrus | Histone ChIP-seq | H3K9me3,-0.01171875,BigWig,0.7109375,0.69921875,0.01171875,1935
ENCSR322FGP,colonic mucosa | Histone ChIP-seq | H3K4me3,0.01171875,BigWig,0.78515625,0.796875,0.01171875,1936
ENCSR999TSD,coronary artery | DNase-seq,-0.01171875,BigWig,0.96484375,0.953125,0.01171875,1937
ENCSR195CFR,dorsolateral prefrontal cortex | Histone ChIP-seq | H3K,0.01171875,BigWig,0.87890625,0.890625,0.01171875,1938
ENCSR051FXN,dorsolateral prefrontal cortex | Histone ChIP-seq | H3K,0.01171875,BigWig,0.8125,0.82421875,0.01171875,1939
ENCSR992DEK,dorsolateral prefrontal cortex | Histone ChIP-seq | H3K,-0.01171875,BigWig,0.76171875,0.75,0.01171875,1940
ENCSR405FZE,duodenal mucosa | Histone ChIP-seq | H3K27ac,0.01171875,BigWig,0.74609375,0.7578125,0.01171875,1941
ENCSR746QFI,duodenal mucosa | Histone ChIP-seq | H3K9me3,0.01171875,BigWig,0.64453125,0.65625,0.01171875,1942
ENCSR849NQE,endocrine pancreas | Histone ChIP-seq | H3K9me3,0.01171875,BigWig,0.6171875,0.62890625,0.01171875,1943
ENCSR306ZBD,esophagus | Histone ChIP-seq | H3K4me1,-0.01171875,BigWig,0.9375,0.92578125,0.01171875,1944
ENCSR200WDD,esophagus | Histone ChIP-seq | H3K9me3,-0.01171875,BigWig,0.8125,0.80078125,0.01171875,1945
ENCSR782XFY,eye | DNase-seq,0.01171875,BigWig,0.61328125,0.625,0.01171875,1946
ENCSR805XIF,femur | DNase-seq,0.01171875,BigWig,0.86328125,0.875,0.01171875,1947
ENCSR166TEE,forelimb muscle | DNase-seq,0.01171875,BigWig,0.65234375,0.6640625,0.01171875,1948
ENCSR171ADO,gastrocnemius medialis | DNase-seq,-0.01171875,BigWig,0.84375,0.83203125,0.01171875,1949
ENCSR236SFP,gastrocnemius medialis | DNase-seq,-0.01171875,BigWig,0.98046875,0.96875,0.01171875,1950
ENCSR519WQH,gastrocnemius medialis | Histone ChIP-seq | H3K27me3,0.01171875,BigWig,0.6953125,0.70703125,0.01171875,1951
ENCSR510NXV,gastroesophageal sphincter | Histone ChIP-seq | H3K4me3,0.01171875,BigWig,0.66015625,0.671875,0.01171875,1952
ENCSR533VAF,heart | DNase-seq,0.01171875,BigWig,0.63671875,0.6484375,0.01171875,1953
ENCSR070CMW,heart left ventricle | DNase-seq,-0.01171875,BigWig,0.96875,0.95703125,0.01171875,1954
ENCSR150QXE,heart left ventricle | Histone ChIP-seq | H3K27ac,-0.01171875,BigWig,0.80859375,0.796875,0.01171875,1955
ENCSR854OXF,heart left ventricle | Histone ChIP-seq | H3K27ac,0.01171875,BigWig,0.58984375,0.6015625,0.01171875,1956
ENCSR230VEM,heart left ventricle | Histone ChIP-seq | H3K4me1,-0.01171875,BigWig,0.6796875,0.66796875,0.01171875,1957
ENCSR901SIL,heart left ventricle | Histone ChIP-seq | H3K4me3,0.01171875,BigWig,0.6796875,0.69140625,0.01171875,1958
ENCSR000XAA,heart left ventricle | Histone ChIP-seq | H3K9me3,-0.01171875,BigWig,0.66015625,0.6484375,0.01171875,1959
ENCSR023ALV,heart right ventricle | Histone ChIP-seq | H3K4me1,0.01171875,BigWig,0.66015625,0.671875,0.01171875,1960
ENCSR086JMA,heart right ventricle | Histone ChIP-seq | H3K9me3,0.01171875,BigWig,0.58984375,0.6015625,0.01171875,1961
ENCSR792ZXA,kidney | DNase-seq,0.01171875,BigWig,0.93359375,0.9453125,0.01171875,1962
ENCSR331CRR,kidney | Histone ChIP-seq | H3K36me3,-0.01171875,BigWig,0.93359375,0.921875,0.01171875,1963
ENCSR100OZR,kidney | Histone ChIP-seq | H3K4me3,0.01171875,BigWig,0.6875,0.69921875,0.01171875,1964
ENCSR716YIT,kidney | Histone ChIP-seq | H3K4me3,0.01171875,BigWig,0.66796875,0.6796875,0.01171875,1965
ENCSR047FNH,large intestine | DNase-seq,-0.01171875,BigWig,0.73046875,0.71875,0.01171875,1966
ENCSR366EQH,large intestine | DNase-seq,0.01171875,BigWig,0.734375,0.74609375,0.01171875,1967
ENCSR531HPD,large intestine | DNase-seq,-0.01171875,BigWig,0.6953125,0.68359375,0.01171875,1968
ENCSR076STK,layer of hippocampus | Histone ChIP-seq | H3K27me3,0.01171875,BigWig,0.75390625,0.765625,0.01171875,1969
ENCSR956CFX,layer of hippocampus | Histone ChIP-seq | H3K4me3,0.01171875,BigWig,0.703125,0.71484375,0.01171875,1970
ENCSR295DUI,left kidney | DNase-seq,-0.01171875,BigWig,0.640625,0.62890625,0.01171875,1971
ENCSR600RAA,left kidney | DNase-seq,0.01171875,BigWig,0.65234375,0.6640625,0.01171875,1972
ENCSR953WJO,left lung | DNase-seq,-0.01171875,BigWig,0.609375,0.59765625,0.01171875,1973
ENCSR039ZVQ,left renal cortex interstitium | DNase-seq,0.01171875,BigWig,0.66015625,0.671875,0.01171875,1974
ENCSR092WMD,left renal cortex interstitium | DNase-seq,0.01171875,BigWig,0.6640625,0.67578125,0.01171875,1975
ENCSR928SYE,left renal cortex interstitium | DNase-seq,-0.01171875,BigWig,0.62890625,0.6171875,0.01171875,1976
ENCSR258IBL,left renal pelvis | DNase-seq,-0.01171875,BigWig,0.69140625,0.6796875,0.01171875,1977
ENCSR666FYM,liver | Histone ChIP-seq | H3K27me3,0.01171875,BigWig,0.6484375,0.66015625,0.01171875,1978
ENCSR892MHG,liver | Histone ChIP-seq | H3K36me3,-0.01171875,BigWig,0.9296875,0.91796875,0.01171875,1979
ENCSR111OHT,liver | Histone ChIP-seq | H3K4me1,-0.01171875,BigWig,0.6796875,0.66796875,0.01171875,1980
ENCSR203RKZ,liver | Histone ChIP-seq | H3K4me1,-0.01171875,BigWig,0.7578125,0.74609375,0.01171875,1981
ENCSR795VEN,liver | Histone ChIP-seq | H3K4me3,0.01171875,BigWig,0.60546875,0.6171875,0.01171875,1982
ENCSR021BCU,liver | Histone ChIP-seq | H3K9ac,0.01171875,BigWig,0.62890625,0.640625,0.01171875,1983
ENCSR489RQV,liver | Histone ChIP-seq | H3K9me3,0.01171875,BigWig,0.609375,0.62109375,0.01171875,1984
ENCSR076YBB,lung | DNase-seq,-0.01171875,BigWig,0.65234375,0.640625,0.01171875,1985
ENCSR141VGA,lung | DNase-seq,0.01171875,BigWig,0.59375,0.60546875,0.01171875,1986
ENCSR356ANC,lung | Histone ChIP-seq | H3K4me1,-0.01171875,BigWig,0.94921875,0.9375,0.01171875,1987
ENCSR567ILB,lung | Histone ChIP-seq | H3K9ac,0.01171875,BigWig,0.77734375,0.7890625,0.01171875,1988
ENCSR318PRQ,middle frontal gyrus | DNase-seq,-0.01171875,BigWig,0.6875,0.67578125,0.01171875,1989
ENCSR146DAL,mucosa of rectum | Histone ChIP-seq | H3K4me3,0.01171875,BigWig,0.6875,0.69921875,0.01171875,1990
ENCSR368YAQ,mucosa of stomach | Histone ChIP-seq | H3K4me1,0.01171875,BigWig,0.67578125,0.6875,0.01171875,1991
ENCSR438BEX,mucosa of stomach | Histone ChIP-seq | H3K4me3,0.01171875,BigWig,0.7421875,0.75390625,0.01171875,1992
ENCSR328CWP,muscle layer of colon | Histone ChIP-seq | H3K9me3,-0.01171875,BigWig,0.7421875,0.73046875,0.01171875,1993
ENCSR576YAD,muscle layer of colon | Histone ChIP-seq | H3K9me3,-0.01171875,BigWig,0.73046875,0.71875,0.01171875,1994
ENCSR264APD,muscle layer of duodenum | Histone ChIP-seq | H3K4me3,0.01171875,BigWig,0.67578125,0.6875,0.01171875,1995
ENCSR619BNL,muscle of arm | DNase-seq,-0.01171875,BigWig,0.703125,0.69140625,0.01171875,1996
ENCSR753QKD,muscle of arm | DNase-seq,0.01171875,BigWig,0.73828125,0.75,0.01171875,1997
ENCSR826ERZ,muscle of arm | DNase-seq,0.01171875,BigWig,0.6484375,0.66015625,0.01171875,1998
ENCSR033STL,muscle of back | DNase-seq,0.01171875,BigWig,0.68359375,0.6953125,0.01171875,1999
ENCSR317SIH,muscle of back | DNase-seq,0.01171875,BigWig,0.6640625,0.67578125,0.01171875,2000
ENCSR476SDZ,muscle of back | DNase-seq,0.01171875,BigWig,0.66796875,0.6796875,0.01171875,2001
ENCSR585CGU,muscle of back | DNase-seq,0.01171875,BigWig,0.71875,0.73046875,0.01171875,2002
ENCSR834BXU,muscle of leg | Histone ChIP-seq | H3K9me3,-0.01171875,BigWig,0.6875,0.67578125,0.01171875,2003
ENCSR440FZS,muscle of trunk | DNase-seq,0.01171875,BigWig,0.65234375,0.6640625,0.01171875,2004
ENCSR183LNU,muscle of trunk | Histone ChIP-seq | H3K9me3,-0.01171875,BigWig,0.6875,0.67578125,0.01171875,2005
ENCSR855DJV,ovary | DNase-seq,-0.01171875,BigWig,0.85546875,0.84375,0.01171875,2006
ENCSR178JBL,pancreas | DNase-seq,-0.01171875,BigWig,0.78125,0.76953125,0.01171875,2007
ENCSR612BWE,pancreas | Histone ChIP-seq | H3K27ac,0.01171875,BigWig,0.77734375,0.7890625,0.01171875,2008
ENCSR186QKH,pancreas | Histone ChIP-seq | H3K27me3,0.01171875,BigWig,0.76953125,0.78125,0.01171875,2009
ENCSR393HBQ,pancreas | Histone ChIP-seq | H3K36me3,-0.01171875,BigWig,0.94140625,0.9296875,0.01171875,2010
ENCSR449PYI,pancreas | Histone ChIP-seq | H3K4me1,-0.01171875,BigWig,0.921875,0.91015625,0.01171875,2011
ENCSR370KYM,parathyroid adenoma | Histone ChIP-seq | H3K27me3,0.01171875,BigWig,0.734375,0.74609375,0.01171875,2012
ENCSR035QHH,placenta | DNase-seq,0.01171875,BigWig,0.8203125,0.83203125,0.01171875,2013
ENCSR129TSG,placenta | DNase-seq,0.01171875,BigWig,0.83984375,0.8515625,0.01171875,2014
ENCSR545KQR,placenta | DNase-seq,0.01171875,BigWig,0.7578125,0.76953125,0.01171875,2015
ENCSR989YIV,placenta | DNase-seq,0.01171875,BigWig,0.8125,0.82421875,0.01171875,2016
ENCSR194ZHE,placenta | Histone ChIP-seq | H3K4me1,0.01171875,BigWig,0.78515625,0.796875,0.01171875,2017
ENCSR120ZZJ,placenta | Histone ChIP-seq | H3K4me3,-0.01171875,BigWig,0.65234375,0.640625,0.01171875,2018
ENCSR312NYS,placental basal plate | Histone ChIP-seq | H3K36me3,-0.01171875,BigWig,0.97265625,0.9609375,0.01171875,2019
ENCSR250NHD,psoas muscle | Histone ChIP-seq | H3K27ac,-0.01171875,BigWig,0.5625,0.55078125,0.01171875,2020
ENCSR953GFW,rectal smooth muscle tissue | Histone ChIP-seq | H3K4me,0.01171875,BigWig,0.6875,0.69921875,0.01171875,2021
ENCSR129KIV,renal cortex interstitium | DNase-seq,0.01171875,BigWig,0.64453125,0.65625,0.01171875,2022
ENCSR155NPL,renal cortex interstitium | DNase-seq,-0.01171875,BigWig,0.65234375,0.640625,0.01171875,2023
ENCSR524DWS,renal cortex interstitium | DNase-seq,-0.01171875,BigWig,0.68359375,0.671875,0.01171875,2024
ENCSR849OKE,renal cortex interstitium | DNase-seq,0.01171875,BigWig,0.66015625,0.671875,0.01171875,2025
ENCSR956ZHU,renal pelvis | DNase-seq,0.01171875,BigWig,0.71875,0.73046875,0.01171875,2026
ENCSR593KDJ,right atrium auricular region | Histone ChIP-seq | H3K2,-0.01171875,BigWig,0.625,0.61328125,0.01171875,2027
ENCSR670ZSA,right kidney | DNase-seq,0.01171875,BigWig,0.6875,0.69921875,0.01171875,2028
ENCSR930AUG,right lung | DNase-seq,0.01171875,BigWig,0.71484375,0.7265625,0.01171875,2029
ENCSR900UIP,sigmoid colon | Histone ChIP-seq | H3K4me3,0.01171875,BigWig,0.67578125,0.6875,0.01171875,2030
ENCSR454ERY,skeletal muscle tissue | Histone ChIP-seq | H3K27me3,0.01171875,BigWig,0.80859375,0.8203125,0.01171875,2031
ENCSR457ILW,small intestine | DNase-seq,-0.01171875,BigWig,0.66015625,0.6484375,0.01171875,2032
ENCSR502NDK,small intestine | DNase-seq,-0.01171875,BigWig,0.71875,0.70703125,0.01171875,2033
ENCSR970ZLG,small intestine | DNase-seq,-0.01171875,BigWig,0.70703125,0.6953125,0.01171875,2034
ENCSR655XLM,small intestine | Histone ChIP-seq | H3K27ac,-0.01171875,BigWig,0.68359375,0.671875,0.01171875,2035
ENCSR330NKU,small intestine | Histone ChIP-seq | H3K4me1,0.01171875,BigWig,0.66015625,0.671875,0.01171875,2036
ENCSR792IJA,small intestine | Histone ChIP-seq | H3K4me3,0.01171875,BigWig,0.73046875,0.7421875,0.01171875,2037
ENCSR262LFG,spinal cord | Histone ChIP-seq | H3K9me3,0.01171875,BigWig,0.66796875,0.6796875,0.01171875,2038
ENCSR490YCL,spleen | Histone ChIP-seq | H3K4me1,-0.01171875,BigWig,0.94921875,0.9375,0.01171875,2039
ENCSR105URN,spleen | Histone ChIP-seq | H3K9me3,0.01171875,BigWig,0.625,0.63671875,0.01171875,2040
ENCSR249XEB,spleen | Histone ChIP-seq | H3K9me3,0.01171875,BigWig,0.71484375,0.7265625,0.01171875,2041
ENCSR208DMX,stomach | DNase-seq,0.01171875,BigWig,0.71484375,0.7265625,0.01171875,2042
ENCSR683YLO,stomach | DNase-seq,-0.01171875,BigWig,0.7109375,0.69921875,0.01171875,2043
ENCSR726YMS,stomach | DNase-seq,-0.01171875,BigWig,0.69921875,0.6875,0.01171875,2044
ENCSR166CNR,stomach | Histone ChIP-seq | H3K36me3,-0.01171875,BigWig,0.91796875,0.90625,0.01171875,2045
ENCSR546HZF,stomach | Histone ChIP-seq | H3K9me3,-0.01171875,BigWig,0.68359375,0.671875,0.01171875,2046
ENCSR168PQI,stomach smooth muscle | Histone ChIP-seq | H3K4me3,-0.01171875,BigWig,0.68359375,0.671875,0.01171875,2047
ENCSR011MGQ,subcutaneous abdominal adipose tissue | Histone ChIP-se,0.01171875,BigWig,0.66796875,0.6796875,0.01171875,2048
ENCSR110UIN,subcutaneous abdominal adipose tissue | Histone ChIP-se,-0.01171875,BigWig,0.8203125,0.80859375,0.01171875,2049
ENCSR566VBK,subcutaneous abdominal adipose tissue | Histone ChIP-se,0.01171875,BigWig,0.76953125,0.78125,0.01171875,2050
ENCSR263WGU,subcutaneous abdominal adipose tissue | Histone ChIP-se,-0.01171875,BigWig,0.984375,0.97265625,0.01171875,2051
ENCSR605NNZ,subcutaneous abdominal adipose tissue | Histone ChIP-se,-0.01171875,BigWig,0.6796875,0.66796875,0.01171875,2052
ENCSR883QMZ,substantia nigra | Histone ChIP-seq | H3K4me3,0.01171875,BigWig,0.7109375,0.72265625,0.01171875,2053
ENCSR416CYZ,thoracic aorta | Histone ChIP-seq | H3K4me1,-0.01171875,BigWig,0.69140625,0.6796875,0.01171875,2054
ENCSR909VUB,thoracic aorta | Histone ChIP-seq | H3K9me3,-0.01171875,BigWig,0.6875,0.67578125,0.01171875,2055
ENCSR974OMC,thoracic aorta | Histone ChIP-seq | H3K9me3,-0.01171875,BigWig,0.72265625,0.7109375,0.01171875,2056
ENCSR838IPF,thymus | DNase-seq,0.01171875,BigWig,0.8046875,0.81640625,0.01171875,2057
ENCSR381XDC,thymus | Histone ChIP-seq | H3K27me3,0.01171875,BigWig,0.859375,0.87109375,0.01171875,2058
ENCSR657DFR,thyroid gland | DNase-seq,-0.01171875,BigWig,0.78515625,0.7734375,0.01171875,2059
ENCSR266EYO,thyroid gland | Histone ChIP-seq | H3K9me3,0.01171875,BigWig,0.640625,0.65234375,0.01171875,2060
ENCSR558AXI,thyroid gland | Histone ChIP-seq | H3K9me3,0.01171875,BigWig,0.671875,0.68359375,0.01171875,2061
ENCSR127ZSP,tibial artery | Histone ChIP-seq | H3K36me3,-0.01171875,BigWig,0.91796875,0.90625,0.01171875,2062
ENCSR771YJT,tibial nerve | Histone ChIP-seq | H3K27ac,0.01171875,BigWig,0.6484375,0.66015625,0.01171875,2063
ENCSR790FIS,transverse colon | DNase-seq,-0.01171875,BigWig,0.80859375,0.796875,0.01171875,2064
ENCSR101EEJ,transverse colon | Histone ChIP-seq | H3K36me3,0.01171875,BigWig,0.75390625,0.765625,0.01171875,2065
ENCSR356JTB,trophoblast | Histone ChIP-seq | H3K9me3,0.01171875,BigWig,0.52734375,0.5390625,0.01171875,2066
ENCSR820WNB,upper lobe of left lung | DNase-seq,-0.01171875,BigWig,0.9609375,0.94921875,0.01171875,2067
ENCSR632OWD,urinary bladder | Histone ChIP-seq | H3K4me3,0.01171875,BigWig,0.65625,0.66796875,0.01171875,2068
ENCSR249INE,uterus | Histone ChIP-seq | H3K27ac,-0.01171875,BigWig,0.67578125,0.6640625,0.01171875,2069
CNhs11715_M,Hodgkin's lymphoma cell line | CAGE,0.01171875,BigWig,0.50390625,0.515625,0.01171875,2070
CNhs11889_P,anaplastic squamous cell carcinoma cell line | CAGE,-0.01171875,BigWig,0.51171875,0.5,0.01171875,2071
CNhs11725_P,argyrophil small cell carcinoma cell line | CAGE,-0.01171875,BigWig,0.51171875,0.5,0.01171875,2072
CNhs11931_M,bone marrow stromal cell line | CAGE,0.01171875,BigWig,0.515625,0.52734375,0.01171875,2073
CNhs11943_P,breast carcinoma cell line | CAGE,-0.01171875,BigWig,0.51171875,0.5,0.01171875,2074
CNhs11846_P,carcinoid cell line | CAGE,-0.01171875,BigWig,0.51171875,0.5,0.01171875,2075
CNhs11714_M,chronic lymphocytic leukemia (T-CLL) cell line | CAGE,0.01171875,BigWig,0.5078125,0.51953125,0.01171875,2076
CNhs11050_P,cord blood derived cell line | CAGE,-0.01171875,BigWig,0.515625,0.50390625,0.01171875,2077
CNhs11259_P,ductal cell carcinoma cell line | CAGE,-0.01171875,BigWig,0.51171875,0.5,0.01171875,2078
CNhs10748_P,epidermoid carcinoma cell line | CAGE,-0.01171875,BigWig,0.515625,0.50390625,0.01171875,2079
CNhs11842_P,fibrous histiocytoma cell line | CAGE,-0.01171875,BigWig,0.51171875,0.5,0.01171875,2080
CNhs11256_P,gall bladder carcinoma cell line | CAGE,-0.01171875,BigWig,0.515625,0.50390625,0.01171875,2081
CNhs11286_P,gastric cancer cell line | CAGE,-0.01171875,BigWig,0.51171875,0.5,0.01171875,2082
CNhs11272_P,glioblastoma cell line | CAGE,-0.01171875,BigWig,0.515625,0.50390625,0.01171875,2083
CNhs11868_P,hepatic mesenchymal tumor cell line | CAGE,-0.01171875,BigWig,0.51171875,0.5,0.01171875,2084
CNhs12328_P,hepatocellular carcinoma cell line | CAGE,-0.01171875,BigWig,0.51171875,0.5,0.01171875,2085
CNhs11891_P,hereditary spherocytic anemia cell line | CAGE,-0.01171875,BigWig,0.51171875,0.5,0.01171875,2086
CNhs11848_P,leiomyoblastoma cell line | CAGE,-0.01171875,BigWig,0.51171875,0.5,0.01171875,2087
CNhs11275_P,lung adenocarcinoma cell line | CAGE,-0.01171875,BigWig,0.515625,0.50390625,0.01171875,2088
CNhs14245_P,"lung adenocarcinoma, papillary cell line | CAGE",-0.01171875,BigWig,0.51171875,0.5,0.01171875,2089
CNhs10732_P,maxillary sinus tumor cell line | CAGE,-0.01171875,BigWig,0.51171875,0.5,0.01171875,2090
CNhs11861_P,medulloblastoma cell line | CAGE,-0.01171875,BigWig,0.51171875,0.5,0.01171875,2091
CNhs11254_P,melanoma cell line | CAGE,-0.01171875,BigWig,0.515625,0.50390625,0.01171875,2092
CNhs13069_P,mesothelioma cell line | CAGE,-0.01171875,BigWig,0.51171875,0.5,0.01171875,2093
CNhs13074_P,mesothelioma cell line | CAGE,-0.01171875,BigWig,0.51171875,0.5,0.01171875,2094
CNhs11858_P,"mycosis fungoides, T cell lymphoma cell line | CAGE",-0.01171875,BigWig,0.515625,0.50390625,0.01171875,2095
CNhs11934_P,myelodysplastic syndrome cell line | CAGE,-0.01171875,BigWig,0.51171875,0.5,0.01171875,2096
CNhs11854_P,neurofibroma cell line | CAGE,-0.01171875,BigWig,0.51171875,0.5,0.01171875,2097
CNhs10734_P,papillotubular adenocarcinoma cell line | CAGE,-0.01171875,BigWig,0.515625,0.50390625,0.01171875,2098
CNhs11255_P,rectal cancer cell line | CAGE,-0.01171875,BigWig,0.51171875,0.5,0.01171875,2099
CNhs11257_M,renal cell carcinoma cell line | CAGE,0.01171875,BigWig,0.56640625,0.578125,0.01171875,2100
CNhs10753_P,signet ring carcinoma cell line | CAGE,-0.01171875,BigWig,0.515625,0.50390625,0.01171875,2101
CNhs11285_P,small cell lung carcinoma cell line | CAGE,-0.01171875,BigWig,0.51171875,0.5,0.01171875,2102
CNhs12808_P,small cell lung carcinoma cell line | CAGE,-0.01171875,BigWig,0.515625,0.50390625,0.01171875,2103
CNhs11739_P,squamous cell carcinoma cell line | CAGE,-0.01171875,BigWig,0.51171875,0.5,0.01171875,2104
CNhs11890_P,teratocarcinoma cell line | CAGE,-0.01171875,BigWig,0.51171875,0.5,0.01171875,2105
CNhs11872_P,thyroid carcinoma cell line | CAGE,-0.01171875,BigWig,0.515625,0.50390625,0.01171875,2106
CNhs14140_P,thyroid carcinoma cell line | CAGE,-0.01171875,BigWig,0.51171875,0.5,0.01171875,2107
CNhs10735_P,transitional-cell carcinoma cell line | CAGE,-0.01171875,BigWig,0.515625,0.50390625,0.01171875,2108
CNhs11261_P,transitional-cell carcinoma cell line | CAGE,-0.01171875,BigWig,0.515625,0.50390625,0.01171875,2109
CNhs11325_P,Alveolar Epithelial Cells | CAGE,-0.01171875,BigWig,0.515625,0.50390625,0.01171875,2110
CNhs11321_P,Astrocyte - cerebellum | CAGE,-0.01171875,BigWig,0.515625,0.50390625,0.01171875,2111
CNhs13465_P,CD14+ monocytes - treated with BCG | CAGE,-0.01171875,BigWig,0.51171875,0.5,0.01171875,2112
CNhs13466_P,CD14+ monocytes - treated with IFN + N-hexane | CAGE,-0.01171875,BigWig,0.51171875,0.5,0.01171875,2113
CNhs13470_P,CD14+ monocytes - treated with lipopolysaccharide | CAG,-0.01171875,BigWig,0.515625,0.50390625,0.01171875,2114
CNhs12181_M,"CD19+ B Cells (pluriselect), donation3 | CAGE",0.01171875,BigWig,0.50390625,0.515625,0.01171875,2115
CNhs13552_P,"CD34 cells differentiated to erythrocyte lineage, biol ",-0.01171875,BigWig,0.515625,0.50390625,0.01171875,2116
CNhs12178_M,"CD8+ T Cells (pluriselect), donation2 | CAGE",0.01171875,BigWig,0.50390625,0.515625,0.01171875,2117
CNhs12180_M,"CD8+ T Cells (pluriselect), donation3 | CAGE",0.01171875,BigWig,0.50390625,0.515625,0.01171875,2118
CNhs10837_P,Endothelial Cells - Aortic | CAGE,-0.01171875,BigWig,0.515625,0.50390625,0.01171875,2119
CNhs10848_M,"Fibroblast - Gingival,  (GFH2) | CAGE",0.01171875,BigWig,0.5078125,0.51953125,0.01171875,2120
CNhs11952_P,"Fibroblast - Gingival,  (GFH3) | CAGE",-0.01171875,BigWig,0.51171875,0.5,0.01171875,2121
CNhs10867_P,Fibroblast - Periodontal Ligament | CAGE,-0.01171875,BigWig,0.515625,0.50390625,0.01171875,2122
CNhs11953_P,"Fibroblast - Periodontal Ligament,  (PL30) | CAGE",-0.01171875,BigWig,0.51171875,0.5,0.01171875,2123
CNhs11343_P,Fibroblast - Villous Mesenchymal | CAGE,-0.01171875,BigWig,0.51171875,0.5,0.01171875,2124
CNhs11979_P,Hair Follicle Dermal Papilla Cells | CAGE,-0.01171875,BigWig,0.515625,0.50390625,0.01171875,2125
CNhs11335_P,Hepatic Stellate Cells (lipocyte) | CAGE,-0.01171875,BigWig,0.515625,0.50390625,0.01171875,2126
CNhs10875_P,Intestinal epithelial cells (polarized) | CAGE,-0.01171875,BigWig,0.51171875,0.5,0.01171875,2127
CNhs11337_P,Keratocytes | CAGE,-0.01171875,BigWig,0.51171875,0.5,0.01171875,2128
CNhs12538_P,"Mallassez-derived cells,  (MZH3) | CAGE",-0.01171875,BigWig,0.51171875,0.5,0.01171875,2129
CNhs10846_P,Mesenchymal Stem Cells - Vertebral | CAGE,-0.01171875,BigWig,0.51171875,0.5,0.01171875,2130
CNhs10844_P,Mesenchymal stem cells - adipose | CAGE,-0.01171875,BigWig,0.515625,0.50390625,0.01171875,2131
CNhs12492_P,Mesenchymal stem cells - umbilical | CAGE,-0.01171875,BigWig,0.51171875,0.5,0.01171875,2132
CNhs12492_M,Mesenchymal stem cells - umbilical | CAGE,0.01171875,BigWig,0.5078125,0.51953125,0.01171875,2133
CNhs10870_P,Myoblast | CAGE,-0.01171875,BigWig,0.51171875,0.5,0.01171875,2134
CNhs11311_P,Osteoblast - differentiated | CAGE,-0.01171875,BigWig,0.51953125,0.5078125,0.01171875,2135
CNhs11078_P,Osteoblast | CAGE,-0.01171875,BigWig,0.5234375,0.51171875,0.01171875,2136
CNhs11081_P,Preadipocyte - subcutaneous | CAGE,-0.01171875,BigWig,0.51953125,0.5078125,0.01171875,2137
CNhs10882_P,Prostate Epithelial Cells (polarized) | CAGE,-0.01171875,BigWig,0.51171875,0.5,0.01171875,2138
CNhs10883_P,Prostate Stromal Cells | CAGE,-0.01171875,BigWig,0.515625,0.50390625,0.01171875,2139
CNhs10869_P,Skeletal Muscle Satellite Cells | CAGE,-0.01171875,BigWig,0.515625,0.50390625,0.01171875,2140
CNhs12893_M,Smooth Muscle Cells - Bladder | CAGE,0.01171875,BigWig,0.51171875,0.5234375,0.01171875,2141
CNhs10868_P,Smooth Muscle Cells - Colonic | CAGE,-0.01171875,BigWig,0.515625,0.50390625,0.01171875,2142
CNhs11067_P,Smooth Muscle Cells - Internal Thoracic Artery | CAGE,-0.01171875,BigWig,0.51953125,0.5078125,0.01171875,2143
CNhs11921_P,Smooth Muscle Cells - Uterine | CAGE,-0.01171875,BigWig,0.515625,0.50390625,0.01171875,2144
CNhs14183_P,"Smooth muscle cells - airway, asthmatic | CAGE",-0.01171875,BigWig,0.51171875,0.5,0.01171875,2145
CNhs11076_P,"Whole blood (ribopure), donation2 | CAGE",-0.01171875,BigWig,0.51171875,0.5,0.01171875,2146
CNhs11948_P,"Whole blood (ribopure), donation3 | CAGE",-0.01171875,BigWig,0.515625,0.50390625,0.01171875,2147
CNhs12368_P,mesenchymal precursor cell - cardiac | CAGE,-0.01171875,BigWig,0.515625,0.50390625,0.01171875,2148
CNhs12372_P,mesenchymal precursor cell - ovarian cancer left ovary,-0.01171875,BigWig,0.51171875,0.5,0.01171875,2149
CNhs12373_P,mesenchymal precursor cell - ovarian cancer right ovary,-0.01171875,BigWig,0.51171875,0.5,0.01171875,2150
CNhs12377_P,mesenchymal precursor cell - ovarian cancer right ovary,-0.01171875,BigWig,0.51171875,0.5,0.01171875,2151
CNhs13507_M,mesenchymal precursor cell - ovarian cancer right ovary,0.01171875,BigWig,0.5234375,0.53515625,0.01171875,2152
CNhs12843_P,"artery, adult | CAGE",-0.01171875,BigWig,0.51171875,0.5,0.01171875,2153
CNhs11761_M,"blood, adult, pool1 | CAGE",0.01171875,BigWig,0.515625,0.52734375,0.01171875,2154
CNhs11796_M,"brain, adult | CAGE",0.01171875,BigWig,0.58203125,0.59375,0.01171875,2155
CNhs14071_P,"caudate nucleus, newborn | CAGE",-0.01171875,BigWig,0.51171875,0.5,0.01171875,2156
CNhs11794_M,"colon, adult | CAGE",0.01171875,BigWig,0.51171875,0.5234375,0.01171875,2157
CNhs13444_P,eye - muscle inferior rectus | CAGE,-0.01171875,BigWig,0.51953125,0.5078125,0.01171875,2158
CNhs13801_P,globus pallidus - adult | CAGE,-0.01171875,BigWig,0.51171875,0.5,0.01171875,2159
CNhs13801_M,globus pallidus - adult | CAGE,0.01171875,BigWig,0.57421875,0.5859375,0.01171875,2160
CNhs12855_P,"heart - mitral valve, adult | CAGE",-0.01171875,BigWig,0.51171875,0.5,0.01171875,2161
CNhs12312_P,"hippocampus, adult | CAGE",-0.01171875,BigWig,0.515625,0.50390625,0.01171875,2162
CNhs14081_P,"hippocampus, newborn | CAGE",-0.01171875,BigWig,0.515625,0.50390625,0.01171875,2163
CNhs11789_P,"left ventricle, adult | CAGE",-0.01171875,BigWig,0.51171875,0.5,0.01171875,2164
CNhs11788_P,"lymph node, adult | CAGE",-0.01171875,BigWig,0.51171875,0.5,0.01171875,2165
CNhs13809_P,medial temporal gyrus - adult | CAGE,-0.01171875,BigWig,0.51171875,0.5,0.01171875,2166
CNhs14229_M,"medial temporal gyrus, adult, tech  | CAGE",0.01171875,BigWig,0.52734375,0.5390625,0.01171875,2167
CNhs12320_P,"occipital cortex, adult | CAGE",-0.01171875,BigWig,0.515625,0.50390625,0.01171875,2168
CNhs12228_P,"pineal gland, adult | CAGE",-0.01171875,BigWig,0.515625,0.50390625,0.01171875,2169
CNhs13805_P,pituitary gland - adult | CAGE,-0.01171875,BigWig,0.515625,0.50390625,0.01171875,2170
CNhs10631_P,"spleen, adult, pool1 | CAGE",-0.01171875,BigWig,0.51171875,0.5,0.01171875,2171
CNhs14076_P,"substantia nigra, newborn | CAGE",-0.01171875,BigWig,0.51171875,0.5,0.01171875,2172
CNhs13794_P,thalamus - adult | CAGE,-0.01171875,BigWig,0.51171875,0.5,0.01171875,2173
CNhs14223_M,"thalamus, adult, tech  | CAGE",0.01171875,BigWig,0.546875,0.55859375,0.01171875,2174
CNhs10650_P,"thymus, fetal, pool1 | CAGE",-0.01171875,BigWig,0.51171875,0.5,0.01171875,2175
CNhs11765_M,"umbilical cord, fetal | CAGE",0.01171875,BigWig,0.53515625,0.546875,0.01171875,2176
CNhs11676_P,"uterus, adult, pool1 | CAGE",-0.01171875,BigWig,0.51171875,0.5,0.01171875,2177
CNhs12854_P,"vagina, adult | CAGE",-0.01171875,BigWig,0.51171875,0.5,0.01171875,2178
GTEX-1H3O1-1726-SM-9WYSR.1,brain | RNA-seq,-0.01171875,BigWig,1.0,0.98828125,0.01171875,2179
GTEX-PLZ4-2226-SM-EZ6KS.1,cervix uteri | RNA-seq,-0.01171875,BigWig,1.0,0.98828125,0.01171875,2180
GTEX-T6MO-1426-SM-4DM73.1,cervix uteri | RNA-seq,-0.01171875,BigWig,1.0,0.98828125,0.01171875,2181
GTEX-ZAB4-2226-SM-5HL97.1,colon | RNA-seq,-0.01171875,BigWig,1.0,0.98828125,0.01171875,2182
GTEX-PLZ4-2326-SM-EYYV5.1,fallopian tube | RNA-seq,-0.01171875,BigWig,1.0,0.98828125,0.01171875,2183
GTEX-1399S-1726-SM-5L3DI.1,lung | RNA-seq,-0.01171875,BigWig,1.0,0.98828125,0.01171875,2184
GTEX-W5WG-1026-SM-4LMIF.1,vagina | RNA-seq,-0.01171875,BigWig,1.0,0.98828125,0.01171875,2185
ENCSR000AST,A549 | Histone ChIP-seq | H3K4me3,0.0078125,BigWig,0.57421875,0.58203125,0.0078125,2186
ENCSR000ASV,A549 | Histone ChIP-seq | H3K9ac,0.0078125,BigWig,0.625,0.6328125,0.0078125,2187
ENCSR581PUR,A673 | Histone ChIP-seq | H3K36me3,0.0078125,BigWig,0.65625,0.6640625,0.0078125,2188
ENCSR988EGR,A673 | Histone ChIP-seq | H3K9me3,0.0078125,BigWig,0.60546875,0.61328125,0.0078125,2189
ENCSR000DPI,AG04449 | Histone ChIP-seq | H3K4me3,0.0078125,BigWig,0.58984375,0.59765625,0.0078125,2190
ENCSR000EIX,AG20443 | DNase-seq,-0.0078125,BigWig,0.89453125,0.88671875,0.0078125,2191
ENCSR000ARZ,DND-41 | Histone ChIP-seq | H3K9me3,-0.0078125,BigWig,0.70703125,0.69921875,0.0078125,2192
ENCSR000EIS,GM03348 | DNase-seq,0.0078125,BigWig,0.85546875,0.86328125,0.0078125,2193
ENCSR000DQU,GM06990 | Histone ChIP-seq | H3K27me3,0.0078125,BigWig,0.91796875,0.92578125,0.0078125,2194
ENCSR000AKD,GM12878 | Histone ChIP-seq | H3K27me3,0.0078125,BigWig,0.8359375,0.84375,0.0078125,2195
ENCSR000AKA,GM12878 | Histone ChIP-seq | H3K4me3,-0.0078125,BigWig,0.640625,0.6328125,0.0078125,2196
ENCSR000DRY,GM12878 | Histone ChIP-seq | H3K4me3,-0.0078125,BigWig,0.61328125,0.60546875,0.0078125,2197
ENCSR000EJF,GM12892 | DNase-seq,-0.0078125,BigWig,0.97265625,0.96484375,0.0078125,2198
ENCSR217TAW,GM23248 | DNase-seq,-0.0078125,BigWig,0.609375,0.6015625,0.0078125,2199
ENCSR236YPE,GM23338 | Histone ChIP-seq | H3K36me3,0.0078125,BigWig,0.69140625,0.69921875,0.0078125,2200
ENCSR476KTK,H1 | Histone ChIP-seq | H3K36me3,0.0078125,BigWig,0.84375,0.8515625,0.0078125,2201
ENCSR631RJR,H1 | Histone ChIP-seq | H3K4me1,-0.0078125,BigWig,0.82421875,0.81640625,0.0078125,2202
ENCSR952GVX,H1 | Histone ChIP-seq | H3K9ac,0.0078125,BigWig,0.86328125,0.87109375,0.0078125,2203
ENCSR915BSC,H9 | DNase-seq,-0.0078125,BigWig,0.7734375,0.765625,0.0078125,2204
ENCSR870IUC,H9 | Histone ChIP-seq | H3K36me3,-0.0078125,BigWig,0.78515625,0.77734375,0.0078125,2205
ENCSR967HXD,H9 | Histone ChIP-seq | H3K4me1,-0.0078125,BigWig,0.765625,0.7578125,0.0078125,2206
ENCSR516KSY,H9 | Histone ChIP-seq | H3K9me3,-0.0078125,BigWig,0.76953125,0.76171875,0.0078125,2207
ENCSR810BDB,HCT116 | Histone ChIP-seq | H3K27me3,0.0078125,BigWig,0.7109375,0.71875,0.0078125,2208
ENCSR091QXP,HCT116 | Histone ChIP-seq | H3K36me3,0.0078125,BigWig,0.7890625,0.796875,0.0078125,2209
ENCSR000EJR,HEK293T | DNase-seq,-0.0078125,BigWig,0.90234375,0.89453125,0.0078125,2210
ENCSR223UPC,HUES48 | Histone ChIP-seq | H3K27ac,0.0078125,BigWig,0.578125,0.5859375,0.0078125,2211
ENCSR153SGD,HUES48 | Histone ChIP-seq | H3K4me3,-0.0078125,BigWig,0.61328125,0.60546875,0.0078125,2212
ENCSR862SCU,HUES6 | Histone ChIP-seq | H3K9me3,0.0078125,BigWig,0.73046875,0.73828125,0.0078125,2213
ENCSR845WAQ,HUES64 | Histone ChIP-seq | H3K4me1,0.0078125,BigWig,0.671875,0.6796875,0.0078125,2214
ENCSR000AOC,HeLa-S3 | Histone ChIP-seq | H3K27ac,0.0078125,BigWig,0.734375,0.7421875,0.0078125,2215
ENCSR000APB,HeLa-S3 | Histone ChIP-seq | H3K27me3,0.0078125,BigWig,0.84765625,0.85546875,0.0078125,2216
ENCSR000DTZ,HeLa-S3 | Histone ChIP-seq | H3K36me3,-0.0078125,BigWig,0.8515625,0.84375,0.0078125,2217
ENCSR000AOL,HepG2 | Histone ChIP-seq | H3K27me3,-0.0078125,BigWig,0.87890625,0.87109375,0.0078125,2218
ENCSR087PFU,IMR-90 | Histone ChIP-seq | H3K4me3,-0.0078125,BigWig,0.58203125,0.57421875,0.0078125,2219
ENCSR219MYH,IMR-90 | Histone ChIP-seq | H3K9ac,0.0078125,BigWig,0.7265625,0.734375,0.0078125,2220
ENCSR000EKN,K562 | DNase-seq,0.0078125,BigWig,0.90234375,0.91015625,0.0078125,2221
ENCSR474VGQ,KMS-11 | Histone ChIP-seq | H3K27me3,0.0078125,BigWig,0.73828125,0.74609375,0.0078125,2222
ENCSR835YBD,KMS-11 | Histone ChIP-seq | H3K36me3,-0.0078125,BigWig,0.7109375,0.703125,0.0078125,2223
ENCSR306VSH,Karpas-422 | Histone ChIP-seq | H3K4me1,-0.0078125,BigWig,0.67578125,0.66796875,0.0078125,2224
ENCSR978BQI,Karpas-422 | Histone ChIP-seq | H3K9me3,0.0078125,BigWig,0.63671875,0.64453125,0.0078125,2225
ENCSR000EKT,LNCaP clone FGC | DNase-seq,0.0078125,BigWig,0.89453125,0.90234375,0.0078125,2226
ENCSR884QDT,Loucy | Histone ChIP-seq | H3K9me3,0.0078125,BigWig,0.65234375,0.66015625,0.0078125,2227
ENCSR999WHE,MCF-7 | Histone ChIP-seq | H3K9me3,0.0078125,BigWig,0.7265625,0.734375,0.0078125,2228
ENCSR000DWP,NB4 | Histone ChIP-seq | H3K4me3,0.0078125,BigWig,0.56640625,0.57421875,0.0078125,2229
ENCSR000EXC,NT2/D1 | Histone ChIP-seq | H3K9ac,0.0078125,BigWig,0.83203125,0.83984375,0.0078125,2230
ENCSR604JFH,OCI-LY3 | Histone ChIP-seq | H3K9me3,0.0078125,BigWig,0.65625,0.6640625,0.0078125,2231
ENCSR389WWC,OCI-LY7 | Histone ChIP-seq | H3K9me3,0.0078125,BigWig,0.65234375,0.66015625,0.0078125,2232
ENCSR339ZMJ,PC-3 | Histone ChIP-seq | H3K9me3,0.0078125,BigWig,0.671875,0.6796875,0.0078125,2233
ENCSR769FOC,PC-9 | Histone ChIP-seq | H3K27ac,0.0078125,BigWig,0.640625,0.6484375,0.0078125,2234
ENCSR679CHH,SK-N-MC | Histone ChIP-seq | H3K9me3,0.0078125,BigWig,0.66015625,0.66796875,0.0078125,2235
ENCSR661BMA,SK-N-SH | Histone ChIP-seq | H3K4me1,-0.0078125,BigWig,0.6484375,0.640625,0.0078125,2236
ENCSR000FCS,SK-N-SH | Histone ChIP-seq | H3K4me3,-0.0078125,BigWig,0.578125,0.5703125,0.0078125,2237
ENCSR121INC,SK-N-SH | Histone ChIP-seq | H3K9ac,-0.0078125,BigWig,0.640625,0.6328125,0.0078125,2238
ENCSR000FCT,SK-N-SH | Histone ChIP-seq | H3K9me3,-0.0078125,BigWig,0.6484375,0.640625,0.0078125,2239
ENCSR657OGA,SK-N-SH | Histone ChIP-seq | H3K9me3,0.0078125,BigWig,0.61328125,0.62109375,0.0078125,2240
ENCSR485ZKB,UCSF-4 | Histone ChIP-seq | H3K27me3,0.0078125,BigWig,0.84375,0.8515625,0.0078125,2241
ENCSR615YKN,UCSF-4 | Histone ChIP-seq | H3K4me1,-0.0078125,BigWig,0.828125,0.8203125,0.0078125,2242
ENCSR000DXZ,WI38 | Histone ChIP-seq | H3K4me3,-0.0078125,BigWig,0.57421875,0.56640625,0.0078125,2243
ENCSR100PNV,iPS DF 19.11 | Histone ChIP-seq | H3K27me3,0.0078125,BigWig,0.859375,0.8671875,0.0078125,2244
ENCSR307OAJ,iPS DF 19.11 | Histone ChIP-seq | H3K4me1,-0.0078125,BigWig,0.9609375,0.953125,0.0078125,2245
ENCSR235APD,iPS-18a | Histone ChIP-seq | H3K4me1,0.0078125,BigWig,0.66015625,0.66796875,0.0078125,2246
ENCSR729GQT,iPS-20b | Histone ChIP-seq | H3K27ac,0.0078125,BigWig,0.80078125,0.80859375,0.0078125,2247
ENCSR989RAL,iPS-20b | Histone ChIP-seq | H3K4me3,-0.0078125,BigWig,0.60546875,0.59765625,0.0078125,2248
ENCSR000ELV,urothelium cell line | DNase-seq,-0.0078125,BigWig,0.85546875,0.84765625,0.0078125,2249
ENCSR405TXU,adipocyte | DNase-seq,-0.0078125,BigWig,0.65625,0.6484375,0.0078125,2250
ENCSR367VRA,adipocyte | Histone ChIP-seq | H3K4me3,0.0078125,BigWig,0.5625,0.5703125,0.0078125,2251
ENCSR269ULZ,cardiac muscle cell | Histone ChIP-seq | H3K9me3,-0.0078125,BigWig,0.703125,0.6953125,0.0078125,2252
ENCSR747HAM,ectodermal cell | Histone ChIP-seq | H3K27ac,-0.0078125,BigWig,0.6953125,0.6875,0.0078125,2253
ENCSR273IYV,endodermal cell | Histone ChIP-seq | H3K27me3,-0.0078125,BigWig,0.78125,0.7734375,0.0078125,2254
ENCSR564JUY,hematopoietic multipotent progenitor cell | DNase-seq,-0.0078125,BigWig,0.67578125,0.66796875,0.0078125,2255
ENCSR442ZOI,hepatocyte | Histone ChIP-seq | H3K4me3,-0.0078125,BigWig,0.6171875,0.609375,0.0078125,2256
ENCSR224FOA,islet precursor cell | DNase-seq,0.0078125,BigWig,0.93359375,0.94140625,0.0078125,2257
ENCSR824UNY,mesenchymal stem cell | Histone ChIP-seq | H3K36me3,-0.0078125,BigWig,0.98828125,0.98046875,0.0078125,2258
ENCSR473PNT,mesendoderm | Histone ChIP-seq | H3K27ac,0.0078125,BigWig,0.8203125,0.828125,0.0078125,2259
ENCSR441SAT,mesendoderm | Histone ChIP-seq | H3K4me3,0.0078125,BigWig,0.84375,0.8515625,0.0078125,2260
ENCSR000EMX,mesodermal cell | DNase-seq,0.0078125,BigWig,0.71484375,0.72265625,0.0078125,2261
ENCSR290EHP,mid-neurogenesis radial glial cells | Histone ChIP-seq,-0.0078125,BigWig,0.80078125,0.79296875,0.0078125,2262
ENCSR714KGG,neural cell | Histone ChIP-seq | H3K36me3,-0.0078125,BigWig,0.8359375,0.828125,0.0078125,2263
ENCSR608VNA,neural cell | Histone ChIP-seq | H3K4me3,0.0078125,BigWig,0.59765625,0.60546875,0.0078125,2264
ENCSR449AXO,neural progenitor cell | Histone ChIP-seq | H3K27ac,-0.0078125,BigWig,0.66015625,0.65234375,0.0078125,2265
ENCSR256KTR,neural progenitor cell | Histone ChIP-seq | H3K9me3,-0.0078125,BigWig,0.62890625,0.62109375,0.0078125,2266
ENCSR662PLB,neuroepithelial stem cell | Histone ChIP-seq | H3K4me3,-0.0078125,BigWig,0.6328125,0.625,0.0078125,2267
ENCSR956CTX,neuronal stem cell | Histone ChIP-seq | H3K4me3,0.0078125,BigWig,0.921875,0.9296875,0.0078125,2268
ENCSR279HKO,radial glial cell | Histone ChIP-seq | H3K4me1,0.0078125,BigWig,0.75390625,0.76171875,0.0078125,2269
ENCSR143RMH,smooth muscle cell | Histone ChIP-seq | H3K27me3,0.0078125,BigWig,0.71484375,0.72265625,0.0078125,2270
ENCSR005YZH,trophoblast cell | Histone ChIP-seq | H3K36me3,-0.0078125,BigWig,0.9921875,0.984375,0.0078125,2271
ENCSR038OIN,trophoblast cell | Histone ChIP-seq | H3K36me3,0.0078125,BigWig,0.94921875,0.95703125,0.0078125,2272
ENCSR815DXY,trophoblast cell | Histone ChIP-seq | H3K9ac,0.0078125,BigWig,0.87109375,0.87890625,0.0078125,2273
ENCSR044WCY,trophoblast cell | Histone ChIP-seq | H3K9me3,-0.0078125,BigWig,0.95703125,0.94921875,0.0078125,2274
ENCSR247IUJ,B cell | DNase-seq,0.0078125,BigWig,0.7890625,0.796875,0.0078125,2275
ENCSR799SLA,B cell | Histone ChIP-seq | H3K9ac,0.0078125,BigWig,0.65234375,0.66015625,0.0078125,2276
ENCSR000ELE,CD14-positive monocyte | DNase-seq,-0.0078125,BigWig,0.9375,0.9296875,0.0078125,2277
ENCSR000ASN,CD14-positive monocyte | Histone ChIP-seq | H3K4me3,-0.0078125,BigWig,0.625,0.6171875,0.0078125,2278
ENCSR796FCS,CD14-positive monocyte | Histone ChIP-seq | H3K4me3,-0.0078125,BigWig,0.65234375,0.64453125,0.0078125,2279
ENCSR579DZQ,"CD4-positive, CD25-positive, alpha-beta regulatory T ce",0.0078125,BigWig,0.6015625,0.609375,0.0078125,2280
ENCSR966QUX,"CD4-positive, CD25-positive, alpha-beta regulatory T ce",0.0078125,BigWig,0.54296875,0.55078125,0.0078125,2281
ENCSR683QJJ,"CD4-positive, alpha-beta T cell | DNase-seq",0.0078125,BigWig,0.67578125,0.68359375,0.0078125,2282
ENCSR546SDM,"CD4-positive, alpha-beta T cell | Histone ChIP-seq | H3",0.0078125,BigWig,0.6953125,0.703125,0.0078125,2283
ENCSR043SBG,"CD4-positive, alpha-beta T cell | Histone ChIP-seq | H3",0.0078125,BigWig,0.7890625,0.796875,0.0078125,2284
ENCSR733QOZ,"CD4-positive, alpha-beta T cell | Histone ChIP-seq | H3",0.0078125,BigWig,0.8671875,0.875,0.0078125,2285
ENCSR971QHH,"CD4-positive, alpha-beta T cell | Histone ChIP-seq | H3",0.0078125,BigWig,0.6484375,0.65625,0.0078125,2286
ENCSR263WLD,"CD4-positive, alpha-beta T cell | Histone ChIP-seq | H3",0.0078125,BigWig,0.6328125,0.640625,0.0078125,2287
ENCSR714KWW,"CD4-positive, alpha-beta T cell | Histone ChIP-seq | H3",0.0078125,BigWig,0.625,0.6328125,0.0078125,2288
ENCSR787WLV,"CD4-positive, alpha-beta T cell | Histone ChIP-seq | H3",0.0078125,BigWig,0.93359375,0.94140625,0.0078125,2289
ENCSR702RZM,"CD4-positive, alpha-beta memory T cell | Histone ChIP-s",0.0078125,BigWig,0.796875,0.8046875,0.0078125,2290
ENCSR077FZT,"CD4-positive, alpha-beta memory T cell | Histone ChIP-s",0.0078125,BigWig,0.7265625,0.734375,0.0078125,2291
ENCSR842VTJ,"CD8-positive, alpha-beta T cell | DNase-seq",0.0078125,BigWig,0.7734375,0.78125,0.0078125,2292
ENCSR639HVJ,"CD8-positive, alpha-beta T cell | Histone ChIP-seq | H3",-0.0078125,BigWig,0.7421875,0.734375,0.0078125,2293
ENCSR694CDP,"CD8-positive, alpha-beta T cell | Histone ChIP-seq | H3",-0.0078125,BigWig,0.7890625,0.78125,0.0078125,2294
ENCSR231FDF,"CD8-positive, alpha-beta T cell | Histone ChIP-seq | H3",-0.0078125,BigWig,0.703125,0.6953125,0.0078125,2295
ENCSR815PSO,"CD8-positive, alpha-beta T cell | Histone ChIP-seq | H3",0.0078125,BigWig,0.6015625,0.609375,0.0078125,2296
ENCSR372MTE,"CD8-positive, alpha-beta memory T cell | Histone ChIP-s",0.0078125,BigWig,0.69921875,0.70703125,0.0078125,2297
ENCSR222QLW,T-cell | Histone ChIP-seq | H3K27ac,0.0078125,BigWig,0.66015625,0.66796875,0.0078125,2298
ENCSR000AOQ,astrocyte | Histone ChIP-seq | H3K27ac,-0.0078125,BigWig,0.66015625,0.65234375,0.0078125,2299
ENCSR281HBB,"common myeloid progenitor, CD34-positive | DNase-seq",0.0078125,BigWig,0.75,0.7578125,0.0078125,2300
ENCSR453EVC,"common myeloid progenitor, CD34-positive | DNase-seq",-0.0078125,BigWig,0.73828125,0.73046875,0.0078125,2301
ENCSR735BIM,"common myeloid progenitor, CD34-positive | DNase-seq",0.0078125,BigWig,0.609375,0.6171875,0.0078125,2302
ENCSR620AZM,"common myeloid progenitor, CD34-positive | Histone ChIP",0.0078125,BigWig,0.73046875,0.73828125,0.0078125,2303
ENCSR163ALM,"common myeloid progenitor, CD34-positive | Histone ChIP",-0.0078125,BigWig,0.76171875,0.75390625,0.0078125,2304
ENCSR192GUR,"common myeloid progenitor, CD34-positive | Histone ChIP",-0.0078125,BigWig,0.546875,0.5390625,0.0078125,2305
ENCSR245ZCU,"common myeloid progenitor, CD34-positive | Histone ChIP",0.0078125,BigWig,0.5703125,0.578125,0.0078125,2306
ENCSR820WLP,dedifferentiated amniotic fluid mesenchymal stem cell |,-0.0078125,BigWig,0.75390625,0.74609375,0.0078125,2307
ENCSR610IIJ,"effector memory CD4-positive, alpha-beta T cell | Histo",-0.0078125,BigWig,0.77734375,0.76953125,0.0078125,2308
ENCSR750ZCV,"effector memory CD4-positive, alpha-beta T cell | Histo",0.0078125,BigWig,0.69140625,0.69921875,0.0078125,2309
ENCSR000AKN,endothelial cell of umbilical vein | Histone ChIP-seq |,0.0078125,BigWig,0.58984375,0.59765625,0.0078125,2310
ENCSR000DXF,epithelial cell of proximal tubule | Histone ChIP-seq |,0.0078125,BigWig,0.55859375,0.56640625,0.0078125,2311
ENCSR403KAA,fibroblast of breast | Histone ChIP-seq | H3K4me3,0.0078125,BigWig,0.58203125,0.58984375,0.0078125,2312
ENCSR000APN,fibroblast of dermis | Histone ChIP-seq | H3K27ac,0.0078125,BigWig,0.66015625,0.66796875,0.0078125,2313
ENCSR000AMR,fibroblast of lung | Histone ChIP-seq | H3K27ac,0.0078125,BigWig,0.625,0.6328125,0.0078125,2314
ENCSR000AMS,fibroblast of lung | Histone ChIP-seq | H3K27me3,-0.0078125,BigWig,0.94140625,0.93359375,0.0078125,2315
ENCSR000DWZ,fibroblast of lung | Histone ChIP-seq | H3K4me3,0.0078125,BigWig,0.56640625,0.57421875,0.0078125,2316
ENCSR000DUZ,fibroblast of pulmonary artery | Histone ChIP-seq | H3K,0.0078125,BigWig,0.54296875,0.55078125,0.0078125,2317
ENCSR555TFE,fibroblast of skin of left quadriceps | DNase-seq,-0.0078125,BigWig,0.59375,0.5859375,0.0078125,2318
ENCSR770DEN,fibroblast of skin of scalp | DNase-seq,0.0078125,BigWig,0.625,0.6328125,0.0078125,2319
ENCSR000EMC,fibroblast of the aortic adventitia | DNase-seq,0.0078125,BigWig,0.6328125,0.640625,0.0078125,2320
ENCSR346DNL,foreskin fibroblast | Histone ChIP-seq | H3K4me1,0.0078125,BigWig,0.71484375,0.72265625,0.0078125,2321
ENCSR122IJJ,foreskin fibroblast | Histone ChIP-seq | H3K4me3,0.0078125,BigWig,0.63671875,0.64453125,0.0078125,2322
ENCSR624YTO,foreskin fibroblast | Histone ChIP-seq | H3K9me3,-0.0078125,BigWig,0.7578125,0.75,0.0078125,2323
ENCSR268BMX,foreskin keratinocyte | Histone ChIP-seq | H3K27me3,-0.0078125,BigWig,0.82421875,0.81640625,0.0078125,2324
ENCSR853XJK,foreskin keratinocyte | Histone ChIP-seq | H3K27me3,-0.0078125,BigWig,0.7734375,0.765625,0.0078125,2325
ENCSR559BMF,foreskin keratinocyte | Histone ChIP-seq | H3K36me3,-0.0078125,BigWig,0.96484375,0.95703125,0.0078125,2326
ENCSR075OQB,foreskin keratinocyte | Histone ChIP-seq | H3K4me3,0.0078125,BigWig,0.7734375,0.78125,0.0078125,2327
ENCSR703DFH,foreskin keratinocyte | Histone ChIP-seq | H3K4me3,0.0078125,BigWig,0.63671875,0.64453125,0.0078125,2328
ENCSR781UXO,foreskin keratinocyte | Histone ChIP-seq | H3K9ac,0.0078125,BigWig,0.95703125,0.96484375,0.0078125,2329
ENCSR434OBM,foreskin melanocyte | DNase-seq,0.0078125,BigWig,0.68359375,0.69140625,0.0078125,2330
ENCSR147GWR,foreskin melanocyte | Histone ChIP-seq | H3K27me3,-0.0078125,BigWig,0.93359375,0.92578125,0.0078125,2331
ENCSR230KKL,foreskin melanocyte | Histone ChIP-seq | H3K27me3,0.0078125,BigWig,0.7265625,0.734375,0.0078125,2332
ENCSR324EPZ,foreskin melanocyte | Histone ChIP-seq | H3K36me3,-0.0078125,BigWig,0.94140625,0.93359375,0.0078125,2333
ENCSR050FLB,foreskin melanocyte | Histone ChIP-seq | H3K4me1,0.0078125,BigWig,0.87890625,0.88671875,0.0078125,2334
ENCSR152GST,foreskin melanocyte | Histone ChIP-seq | H3K9ac,0.0078125,BigWig,0.8359375,0.84375,0.0078125,2335
ENCSR353LBX,foreskin melanocyte | Histone ChIP-seq | H3K9me3,0.0078125,BigWig,0.65234375,0.66015625,0.0078125,2336
ENCSR571CSC,foreskin melanocyte | Histone ChIP-seq | H3K9me3,-0.0078125,BigWig,0.87890625,0.87109375,0.0078125,2337
ENCSR000DWW,keratinocyte | Histone ChIP-seq | H3K36me3,-0.0078125,BigWig,0.96875,0.9609375,0.0078125,2338
ENCSR000ARN,keratinocyte | Histone ChIP-seq | H3K9me3,0.0078125,BigWig,0.7265625,0.734375,0.0078125,2339
ENCSR000DVG,kidney epithelial cell | Histone ChIP-seq | H3K4me3,0.0078125,BigWig,0.5625,0.5703125,0.0078125,2340
ENCSR175IWT,kidney tubule cell | DNase-seq,-0.0078125,BigWig,0.703125,0.6953125,0.0078125,2341
ENCSR000ALX,mammary epithelial cell | Histone ChIP-seq | H3K27me3,0.0078125,BigWig,0.78125,0.7890625,0.0078125,2342
ENCSR000ALY,mammary epithelial cell | Histone ChIP-seq | H3K36me3,0.0078125,BigWig,0.85546875,0.86328125,0.0078125,2343
ENCSR521FND,mammary epithelial cell | Histone ChIP-seq | H3K4me1,0.0078125,BigWig,0.68359375,0.69140625,0.0078125,2344
ENCSR000AML,mammary epithelial cell | Histone ChIP-seq | H3K4me3,-0.0078125,BigWig,0.58984375,0.58203125,0.0078125,2345
ENCSR262VXI,mesenchymal stem cell | Histone ChIP-seq | H3K27me3,0.0078125,BigWig,0.91015625,0.91796875,0.0078125,2346
ENCSR241PXI,myoepithelial cell of mammary gland | Histone ChIP-seq,-0.0078125,BigWig,0.59375,0.5859375,0.0078125,2347
ENCSR218HDF,"naive thymus-derived CD4-positive, alpha-beta T cell |",0.0078125,BigWig,0.76171875,0.76953125,0.0078125,2348
ENCSR351SZH,"naive thymus-derived CD4-positive, alpha-beta T cell |",-0.0078125,BigWig,0.6796875,0.671875,0.0078125,2349
ENCSR098ALO,"naive thymus-derived CD4-positive, alpha-beta T cell |",-0.0078125,BigWig,0.6953125,0.6875,0.0078125,2350
ENCSR704HNG,natural killer cell | DNase-seq,0.0078125,BigWig,0.6875,0.6953125,0.0078125,2351
ENCSR723JLG,natural killer cell | DNase-seq,-0.0078125,BigWig,0.70703125,0.69921875,0.0078125,2352
ENCSR021FSY,natural killer cell | Histone ChIP-seq | H3K9me3,0.0078125,BigWig,0.74609375,0.75390625,0.0078125,2353
ENCSR039LLX,neurosphere | Histone ChIP-seq | H3K36me3,-0.0078125,BigWig,0.90625,0.8984375,0.0078125,2354
ENCSR426CZM,neurosphere | Histone ChIP-seq | H3K36me3,-0.0078125,BigWig,0.9453125,0.9375,0.0078125,2355
ENCSR453XEY,neurosphere | Histone ChIP-seq | H3K4me1,-0.0078125,BigWig,0.703125,0.6953125,0.0078125,2356
ENCSR072QBN,neutrophil | Histone ChIP-seq | H3K36me3,0.0078125,BigWig,0.9140625,0.921875,0.0078125,2357
ENCSR373WCB,neutrophil | Histone ChIP-seq | H3K36me3,0.0078125,BigWig,0.86328125,0.87109375,0.0078125,2358
ENCSR437MHW,neutrophil | Histone ChIP-seq | H3K9me3,-0.0078125,BigWig,0.62890625,0.62109375,0.0078125,2359
ENCSR524RIH,neutrophil | Histone ChIP-seq | H3K9me3,-0.0078125,BigWig,0.73828125,0.73046875,0.0078125,2360
ENCSR000AQS,osteoblast | Histone ChIP-seq | H3K27me3,-0.0078125,BigWig,0.87890625,0.87109375,0.0078125,2361
ENCSR000APJ,osteoblast | Histone ChIP-seq | H3K4me1,-0.0078125,BigWig,0.60546875,0.59765625,0.0078125,2362
ENCSR692DOM,peripheral blood mononuclear cell | Histone ChIP-seq |,0.0078125,BigWig,0.83203125,0.83984375,0.0078125,2363
ENCSR992ODD,peripheral blood mononuclear cell | Histone ChIP-seq |,-0.0078125,BigWig,0.8203125,0.8125,0.0078125,2364
ENCSR368YPC,peripheral blood mononuclear cell | Histone ChIP-seq |,0.0078125,BigWig,0.70703125,0.71484375,0.0078125,2365
ENCSR258ORJ,peripheral blood mononuclear cell | Histone ChIP-seq |,0.0078125,BigWig,0.703125,0.7109375,0.0078125,2366
ENCSR000ANR,skeletal muscle myoblast | Histone ChIP-seq | H3K9me3,0.0078125,BigWig,0.77734375,0.78515625,0.0078125,2367
ENCSR621BZD,Peyer's patch | Histone ChIP-seq | H3K4me1,0.0078125,BigWig,0.70703125,0.71484375,0.0078125,2368
ENCSR419MZH,adrenal gland | DNase-seq,0.0078125,BigWig,0.74609375,0.75390625,0.0078125,2369
ENCSR866RCY,adrenal gland | DNase-seq,0.0078125,BigWig,0.71875,0.7265625,0.0078125,2370
ENCSR177QFY,adrenal gland | Histone ChIP-seq | H3K27ac,-0.0078125,BigWig,0.67578125,0.66796875,0.0078125,2371
ENCSR405ESP,adrenal gland | Histone ChIP-seq | H3K27ac,-0.0078125,BigWig,0.82421875,0.81640625,0.0078125,2372
ENCSR847AIA,adrenal gland | Histone ChIP-seq | H3K27ac,-0.0078125,BigWig,0.625,0.6171875,0.0078125,2373
ENCSR218BPG,adrenal gland | Histone ChIP-seq | H3K27me3,0.0078125,BigWig,0.97265625,0.98046875,0.0078125,2374
ENCSR408ZEW,adrenal gland | Histone ChIP-seq | H3K9me3,0.0078125,BigWig,0.59765625,0.60546875,0.0078125,2375
ENCSR420IOA,amnion | Histone ChIP-seq | H3K4me3,0.0078125,BigWig,0.72265625,0.73046875,0.0078125,2376
ENCSR011IVX,angular gyrus | Histone ChIP-seq | H3K36me3,-0.0078125,BigWig,0.95703125,0.94921875,0.0078125,2377
ENCSR591YVZ,angular gyrus | Histone ChIP-seq | H3K9ac,0.0078125,BigWig,0.80859375,0.81640625,0.0078125,2378
ENCSR519CFV,aorta | Histone ChIP-seq | H3K27ac,-0.0078125,BigWig,0.72265625,0.71484375,0.0078125,2379
ENCSR103QHX,ascending aorta | Histone ChIP-seq | H3K27me3,-0.0078125,BigWig,0.734375,0.7265625,0.0078125,2380
ENCSR589GII,ascending aorta | Histone ChIP-seq | H3K27me3,-0.0078125,BigWig,0.76953125,0.76171875,0.0078125,2381
ENCSR248PES,ascending aorta | Histone ChIP-seq | H3K36me3,-0.0078125,BigWig,0.89453125,0.88671875,0.0078125,2382
ENCSR202XTW,ascending aorta | Histone ChIP-seq | H3K4me1,-0.0078125,BigWig,0.73046875,0.72265625,0.0078125,2383
ENCSR522WLH,body of pancreas | DNase-seq,-0.0078125,BigWig,0.8984375,0.890625,0.0078125,2384
ENCSR827NKO,body of pancreas | Histone ChIP-seq | H3K4me1,-0.0078125,BigWig,0.67578125,0.66796875,0.0078125,2385
ENCSR187PYY,brain | DNase-seq,0.0078125,BigWig,0.65625,0.6640625,0.0078125,2386
ENCSR386JEL,brain | Histone ChIP-seq | H3K4me1,0.0078125,BigWig,0.7109375,0.71875,0.0078125,2387
ENCSR416AUW,breast epithelium | Histone ChIP-seq | H3K4me3,0.0078125,BigWig,0.65234375,0.66015625,0.0078125,2388
ENCSR015BGH,caudate nucleus | DNase-seq,-0.0078125,BigWig,0.71484375,0.70703125,0.0078125,2389
ENCSR494MDB,caudate nucleus | Histone ChIP-seq | H3K27ac,0.0078125,BigWig,0.87890625,0.88671875,0.0078125,2390
ENCSR303OIB,caudate nucleus | Histone ChIP-seq | H3K4me1,-0.0078125,BigWig,0.78125,0.7734375,0.0078125,2391
ENCSR109NBJ,caudate nucleus | Histone ChIP-seq | H3K9me3,0.0078125,BigWig,0.66796875,0.67578125,0.0078125,2392
ENCSR909ZLE,chorion | Histone ChIP-seq | H3K27ac,0.0078125,BigWig,0.8125,0.8203125,0.0078125,2393
ENCSR364OZJ,chorion | Histone ChIP-seq | H3K27me3,0.0078125,BigWig,0.80859375,0.81640625,0.0078125,2394
ENCSR767WVZ,chorion | Histone ChIP-seq | H3K4me1,0.0078125,BigWig,0.85546875,0.86328125,0.0078125,2395
ENCSR619POC,chorionic villus | Histone ChIP-seq | H3K27ac,0.0078125,BigWig,0.890625,0.8984375,0.0078125,2396
ENCSR473ZFG,chorionic villus | Histone ChIP-seq | H3K4me1,0.0078125,BigWig,0.84375,0.8515625,0.0078125,2397
ENCSR659FAS,chorionic villus | Histone ChIP-seq | H3K4me3,-0.0078125,BigWig,0.78125,0.7734375,0.0078125,2398
ENCSR660RYC,chorionic villus | Histone ChIP-seq | H3K9me3,0.0078125,BigWig,0.73828125,0.74609375,0.0078125,2399
ENCSR767NPV,chorionic villus | Histone ChIP-seq | H3K9me3,0.0078125,BigWig,0.73046875,0.73828125,0.0078125,2400
ENCSR355UYP,cingulate gyrus | Histone ChIP-seq | H3K27ac,0.0078125,BigWig,0.87109375,0.87890625,0.0078125,2401
ENCSR604JDV,cingulate gyrus | Histone ChIP-seq | H3K27ac,0.0078125,BigWig,0.8515625,0.859375,0.0078125,2402
ENCSR736SFP,cingulate gyrus | Histone ChIP-seq | H3K36me3,-0.0078125,BigWig,0.9609375,0.953125,0.0078125,2403
ENCSR564RWY,colonic mucosa | Histone ChIP-seq | H3K27me3,0.0078125,BigWig,0.90234375,0.91015625,0.0078125,2404
ENCSR024DUV,colonic mucosa | Histone ChIP-seq | H3K36me3,-0.0078125,BigWig,0.91015625,0.90234375,0.0078125,2405
ENCSR273TNG,colonic mucosa | Histone ChIP-seq | H3K4me1,0.0078125,BigWig,0.75,0.7578125,0.0078125,2406
ENCSR714BDG,colonic mucosa | Histone ChIP-seq | H3K4me1,-0.0078125,BigWig,0.734375,0.7265625,0.0078125,2407
ENCSR749ANR,colonic mucosa | Histone ChIP-seq | H3K9me3,-0.0078125,BigWig,0.79296875,0.78515625,0.0078125,2408
ENCSR443UYU,coronary artery | Histone ChIP-seq | H3K27ac,0.0078125,BigWig,0.66796875,0.67578125,0.0078125,2409
ENCSR343ZOV,coronary artery | Histone ChIP-seq | H3K4me3,0.0078125,BigWig,0.63671875,0.64453125,0.0078125,2410
ENCSR157EML,dorsolateral prefrontal cortex | Histone ChIP-seq | H3K,0.0078125,BigWig,0.75,0.7578125,0.0078125,2411
ENCSR448MML,dorsolateral prefrontal cortex | Histone ChIP-seq | H3K,0.0078125,BigWig,0.87109375,0.87890625,0.0078125,2412
ENCSR645NLL,duodenal mucosa | Histone ChIP-seq | H3K27me3,-0.0078125,BigWig,0.84375,0.8359375,0.0078125,2413
ENCSR513NFT,duodenal mucosa | Histone ChIP-seq | H3K4me1,-0.0078125,BigWig,0.62890625,0.62109375,0.0078125,2414
ENCSR292WQY,endocrine pancreas | Histone ChIP-seq | H3K4me1,0.0078125,BigWig,0.5390625,0.546875,0.0078125,2415
ENCSR679OVD,esophagus | Histone ChIP-seq | H3K27ac,-0.0078125,BigWig,0.70703125,0.69921875,0.0078125,2416
ENCSR088GXB,esophagus | Histone ChIP-seq | H3K27me3,-0.0078125,BigWig,0.8046875,0.796875,0.0078125,2417
ENCSR577ILY,esophagus | Histone ChIP-seq | H3K4me3,0.0078125,BigWig,0.859375,0.8671875,0.0078125,2418
ENCSR944JCE,esophagus muscularis mucosa | DNase-seq,-0.0078125,BigWig,0.94140625,0.93359375,0.0078125,2419
ENCSR743KZR,esophagus muscularis mucosa | Histone ChIP-seq | H3K36m,-0.0078125,BigWig,0.92578125,0.91796875,0.0078125,2420
ENCSR229KWP,esophagus muscularis mucosa | Histone ChIP-seq | H3K4me,-0.0078125,BigWig,0.71484375,0.70703125,0.0078125,2421
ENCSR783OCW,esophagus squamous epithelium | DNase-seq,-0.0078125,BigWig,0.98046875,0.97265625,0.0078125,2422
ENCSR909UAG,esophagus squamous epithelium | Histone ChIP-seq | H3K2,0.0078125,BigWig,0.6796875,0.6875,0.0078125,2423
ENCSR078ZGC,esophagus squamous epithelium | Histone ChIP-seq | H3K3,-0.0078125,BigWig,0.8359375,0.828125,0.0078125,2424
ENCSR171ETY,gastrocnemius medialis | DNase-seq,-0.0078125,BigWig,0.9609375,0.953125,0.0078125,2425
ENCSR201OSX,gastrocnemius medialis | Histone ChIP-seq | H3K27me3,0.0078125,BigWig,0.65625,0.6640625,0.0078125,2426
ENCSR423LXQ,gastrocnemius medialis | Histone ChIP-seq | H3K27me3,0.0078125,BigWig,0.66796875,0.67578125,0.0078125,2427
ENCSR206STN,gastrocnemius medialis | Histone ChIP-seq | H3K4me3,-0.0078125,BigWig,0.68359375,0.67578125,0.0078125,2428
ENCSR972ETR,gastrocnemius medialis | Histone ChIP-seq | H3K4me3,-0.0078125,BigWig,0.64453125,0.63671875,0.0078125,2429
ENCSR697RIW,gastrocnemius medialis | Histone ChIP-seq | H3K9me3,0.0078125,BigWig,0.6171875,0.625,0.0078125,2430
ENCSR764XUL,germinal matrix | Histone ChIP-seq | H3K4me1,0.0078125,BigWig,0.6484375,0.65625,0.0078125,2431
ENCSR771DAX,globus pallidus | DNase-seq,-0.0078125,BigWig,0.71875,0.7109375,0.0078125,2432
ENCSR305UJX,heart | DNase-seq,0.0078125,BigWig,0.76953125,0.77734375,0.0078125,2433
ENCSR664PKM,heart | DNase-seq,0.0078125,BigWig,0.66015625,0.66796875,0.0078125,2434
ENCSR705CNJ,heart | DNase-seq,-0.0078125,BigWig,0.75,0.7421875,0.0078125,2435
ENCSR914DOH,heart | DNase-seq,0.0078125,BigWig,0.63671875,0.64453125,0.0078125,2436
ENCSR281JXC,heart | Histone ChIP-seq | H3K27me3,-0.0078125,BigWig,0.66015625,0.65234375,0.0078125,2437
ENCSR503YOF,heart left ventricle | Histone ChIP-seq | H3K27me3,0.0078125,BigWig,0.7265625,0.734375,0.0078125,2438
ENCSR988JLN,heart left ventricle | Histone ChIP-seq | H3K27me3,-0.0078125,BigWig,0.73828125,0.73046875,0.0078125,2439
ENCSR746RDJ,heart right ventricle | DNase-seq,-0.0078125,BigWig,0.71875,0.7109375,0.0078125,2440
ENCSR106OKX,kidney | DNase-seq,0.0078125,BigWig,0.73046875,0.73828125,0.0078125,2441
ENCSR953JVX,kidney | DNase-seq,0.0078125,BigWig,0.703125,0.7109375,0.0078125,2442
ENCSR558SJC,kidney | Histone ChIP-seq | H3K36me3,-0.0078125,BigWig,0.93359375,0.92578125,0.0078125,2443
ENCSR459GCS,kidney | Histone ChIP-seq | H3K4me1,-0.0078125,BigWig,0.69921875,0.69140625,0.0078125,2444
ENCSR643ULB,kidney | Histone ChIP-seq | H3K9ac,0.0078125,BigWig,0.74609375,0.75390625,0.0078125,2445
ENCSR133SPH,large intestine | DNase-seq,-0.0078125,BigWig,0.72265625,0.71484375,0.0078125,2446
ENCSR214QEO,large intestine | DNase-seq,-0.0078125,BigWig,0.7109375,0.703125,0.0078125,2447
ENCSR762FCX,large intestine | DNase-seq,0.0078125,BigWig,0.6953125,0.703125,0.0078125,2448
ENCSR157FDN,large intestine | Histone ChIP-seq | H3K27me3,0.0078125,BigWig,0.79296875,0.80078125,0.0078125,2449
ENCSR998ZWM,large intestine | Histone ChIP-seq | H3K4me1,0.0078125,BigWig,0.6640625,0.671875,0.0078125,2450
ENCSR713HJS,layer of hippocampus | Histone ChIP-seq | H3K27me3,0.0078125,BigWig,0.828125,0.8359375,0.0078125,2451
ENCSR804RMP,layer of hippocampus | Histone ChIP-seq | H3K27me3,-0.0078125,BigWig,0.875,0.8671875,0.0078125,2452
ENCSR286VMZ,layer of hippocampus | Histone ChIP-seq | H3K36me3,-0.0078125,BigWig,0.98828125,0.98046875,0.0078125,2453
ENCSR383AEO,layer of hippocampus | Histone ChIP-seq | H3K4me3,0.0078125,BigWig,0.64453125,0.65234375,0.0078125,2454
ENCSR431UEM,left hindlimb | DNase-seq,0.0078125,BigWig,0.8828125,0.890625,0.0078125,2455
ENCSR184DFF,left kidney | DNase-seq,0.0078125,BigWig,0.68359375,0.69140625,0.0078125,2456
ENCSR680SDS,left lung | DNase-seq,-0.0078125,BigWig,0.640625,0.6328125,0.0078125,2457
ENCSR158YXM,liver | DNase-seq,0.0078125,BigWig,0.80078125,0.80859375,0.0078125,2458
ENCSR678LND,liver | Histone ChIP-seq | H3K27ac,0.0078125,BigWig,0.6796875,0.6875,0.0078125,2459
ENCSR682MXX,liver | Histone ChIP-seq | H3K9ac,0.0078125,BigWig,0.7265625,0.734375,0.0078125,2460
ENCSR006IJP,lung | DNase-seq,-0.0078125,BigWig,0.6171875,0.609375,0.0078125,2461
ENCSR587HPR,lung | DNase-seq,-0.0078125,BigWig,0.65625,0.6484375,0.0078125,2462
ENCSR847RSJ,lung | DNase-seq,0.0078125,BigWig,0.62109375,0.62890625,0.0078125,2463
ENCSR540ADS,lung | Histone ChIP-seq | H3K27ac,0.0078125,BigWig,0.87890625,0.88671875,0.0078125,2464
ENCSR111KKC,lung | Histone ChIP-seq | H3K27me3,0.0078125,BigWig,0.70703125,0.71484375,0.0078125,2465
ENCSR727VOB,lung | Histone ChIP-seq | H3K27me3,0.0078125,BigWig,0.70703125,0.71484375,0.0078125,2466
ENCSR813HFV,lung | Histone ChIP-seq | H3K9ac,0.0078125,BigWig,0.671875,0.6796875,0.0078125,2467
ENCSR454WZX,lung | Histone ChIP-seq | H3K9me3,0.0078125,BigWig,0.640625,0.6484375,0.0078125,2468
ENCSR456TZO,lung | Histone ChIP-seq | H3K9me3,0.0078125,BigWig,0.5625,0.5703125,0.0078125,2469
ENCSR901JIL,mucosa of rectum | Histone ChIP-seq | H3K4me1,-0.0078125,BigWig,0.703125,0.6953125,0.0078125,2470
ENCSR253WMN,mucosa of rectum | Histone ChIP-seq | H3K9me3,0.0078125,BigWig,0.74609375,0.75390625,0.0078125,2471
ENCSR858LJY,muscle layer of colon | Histone ChIP-seq | H3K27me3,0.0078125,BigWig,0.8125,0.8203125,0.0078125,2472
ENCSR287UQG,muscle layer of duodenum | Histone ChIP-seq | H3K36me3,-0.0078125,BigWig,0.97265625,0.96484375,0.0078125,2473
ENCSR075PTL,muscle layer of duodenum | Histone ChIP-seq | H3K4me3,-0.0078125,BigWig,0.59765625,0.58984375,0.0078125,2474
ENCSR270LZE,muscle of arm | DNase-seq,-0.0078125,BigWig,0.7109375,0.703125,0.0078125,2475
ENCSR309YDN,muscle of arm | DNase-seq,-0.0078125,BigWig,0.65625,0.6484375,0.0078125,2476
ENCSR356QCD,muscle of arm | DNase-seq,-0.0078125,BigWig,0.7109375,0.703125,0.0078125,2477
ENCSR517NHP,muscle of arm | DNase-seq,0.0078125,BigWig,0.70703125,0.71484375,0.0078125,2478
ENCSR106RBR,muscle of back | DNase-seq,0.0078125,BigWig,0.671875,0.6796875,0.0078125,2479
ENCSR438TWI,muscle of back | DNase-seq,0.0078125,BigWig,0.6484375,0.65625,0.0078125,2480
ENCSR033DQS,muscle of leg | DNase-seq,-0.0078125,BigWig,0.67578125,0.66796875,0.0078125,2481
ENCSR286WIA,muscle of leg | DNase-seq,0.0078125,BigWig,0.69921875,0.70703125,0.0078125,2482
ENCSR514QHN,muscle of leg | DNase-seq,-0.0078125,BigWig,0.64453125,0.63671875,0.0078125,2483
ENCSR861NUH,muscle of leg | DNase-seq,0.0078125,BigWig,0.6953125,0.703125,0.0078125,2484
ENCSR938UOR,muscle of leg | DNase-seq,0.0078125,BigWig,0.71875,0.7265625,0.0078125,2485
ENCSR128QKM,muscle of leg | Histone ChIP-seq | H3K4me3,0.0078125,BigWig,0.6796875,0.6875,0.0078125,2486
ENCSR193XWO,muscle of trunk | Histone ChIP-seq | H3K36me3,-0.0078125,BigWig,0.953125,0.9453125,0.0078125,2487
ENCSR514DNQ,muscle of trunk | Histone ChIP-seq | H3K4me1,-0.0078125,BigWig,0.9453125,0.9375,0.0078125,2488
ENCSR542KIX,ovary | DNase-seq,-0.0078125,BigWig,0.95703125,0.94921875,0.0078125,2489
ENCSR486NDF,pancreas | Histone ChIP-seq | H3K27me3,-0.0078125,BigWig,0.71875,0.7109375,0.0078125,2490
ENCSR481IYI,parathyroid adenoma | Histone ChIP-seq | H3K36me3,-0.0078125,BigWig,0.74609375,0.73828125,0.0078125,2491
ENCSR434NUA,parathyroid adenoma | Histone ChIP-seq | H3K4me1,-0.0078125,BigWig,0.76171875,0.75390625,0.0078125,2492
ENCSR486GER,parathyroid adenoma | Histone ChIP-seq | H3K4me1,-0.0078125,BigWig,0.73046875,0.72265625,0.0078125,2493
ENCSR131EED,placenta | Histone ChIP-seq | H3K36me3,-0.0078125,BigWig,0.98828125,0.98046875,0.0078125,2494
ENCSR574KCT,placenta | Histone ChIP-seq | H3K36me3,-0.0078125,BigWig,0.95703125,0.94921875,0.0078125,2495
ENCSR074FPH,placenta | Histone ChIP-seq | H3K4me3,-0.0078125,BigWig,0.76953125,0.76171875,0.0078125,2496
ENCSR194MJA,placental basal plate | Histone ChIP-seq | H3K4me3,-0.0078125,BigWig,0.8046875,0.796875,0.0078125,2497
ENCSR958QXU,prostate gland | DNase-seq,-0.0078125,BigWig,0.95703125,0.94921875,0.0078125,2498
ENCSR367WYJ,psoas muscle | Histone ChIP-seq | H3K27ac,0.0078125,BigWig,0.64453125,0.65234375,0.0078125,2499
ENCSR700NGJ,psoas muscle | Histone ChIP-seq | H3K4me1,0.0078125,BigWig,0.67578125,0.68359375,0.0078125,2500
ENCSR245BEV,psoas muscle | Histone ChIP-seq | H3K4me3,0.0078125,BigWig,0.56640625,0.57421875,0.0078125,2501
ENCSR656ZEQ,rectal smooth muscle tissue | Histone ChIP-seq | H3K27a,-0.0078125,BigWig,0.65234375,0.64453125,0.0078125,2502
ENCSR284EJR,rectal smooth muscle tissue | Histone ChIP-seq | H3K27m,0.0078125,BigWig,0.84765625,0.85546875,0.0078125,2503
ENCSR254AGA,renal cortex interstitium | DNase-seq,-0.0078125,BigWig,0.70703125,0.69921875,0.0078125,2504
ENCSR619DRM,renal pelvis | DNase-seq,0.0078125,BigWig,0.82421875,0.83203125,0.0078125,2505
ENCSR278SKG,right atrium auricular region | DNase-seq,-0.0078125,BigWig,0.97265625,0.96484375,0.0078125,2506
ENCSR332BSB,right kidney | DNase-seq,0.0078125,BigWig,0.6328125,0.640625,0.0078125,2507
ENCSR765BSU,right kidney | DNase-seq,0.0078125,BigWig,0.6796875,0.6875,0.0078125,2508
ENCSR884MCZ,right kidney | DNase-seq,0.0078125,BigWig,0.65234375,0.66015625,0.0078125,2509
ENCSR441MMO,right lung | DNase-seq,-0.0078125,BigWig,0.62109375,0.61328125,0.0078125,2510
ENCSR845MEJ,right lung | DNase-seq,-0.0078125,BigWig,0.66796875,0.66015625,0.0078125,2511
ENCSR887BNC,right renal cortex interstitium | DNase-seq,0.0078125,BigWig,0.66796875,0.67578125,0.0078125,2512
ENCSR761ZFA,right renal pelvis | DNase-seq,-0.0078125,BigWig,0.67578125,0.66796875,0.0078125,2513
ENCSR042RIW,sigmoid colon | Histone ChIP-seq | H3K27me3,0.0078125,BigWig,0.890625,0.8984375,0.0078125,2514
ENCSR150YAU,sigmoid colon | Histone ChIP-seq | H3K36me3,0.0078125,BigWig,0.796875,0.8046875,0.0078125,2515
ENCSR504SKC,sigmoid colon | Histone ChIP-seq | H3K4me1,-0.0078125,BigWig,0.7109375,0.703125,0.0078125,2516
ENCSR344VNY,skeletal muscle tissue | Histone ChIP-seq | H3K27me3,-0.0078125,BigWig,0.89453125,0.88671875,0.0078125,2517
ENCSR836GCA,skeletal muscle tissue | Histone ChIP-seq | H3K36me3,-0.0078125,BigWig,0.98046875,0.97265625,0.0078125,2518
ENCSR930OZC,skeletal muscle tissue | Histone ChIP-seq | H3K36me3,-0.0078125,BigWig,0.96484375,0.95703125,0.0078125,2519
ENCSR346KKE,skeletal muscle tissue | Histone ChIP-seq | H3K4me3,-0.0078125,BigWig,0.78125,0.7734375,0.0078125,2520
ENCSR565EBN,small intestine | DNase-seq,0.0078125,BigWig,0.76171875,0.76953125,0.0078125,2521
ENCSR179NYV,small intestine | Histone ChIP-seq | H3K4me1,-0.0078125,BigWig,0.65234375,0.64453125,0.0078125,2522
ENCSR270VNK,small intestine | Histone ChIP-seq | H3K9me3,0.0078125,BigWig,0.80859375,0.81640625,0.0078125,2523
ENCSR148MFM,spinal cord | DNase-seq,-0.0078125,BigWig,0.66796875,0.66015625,0.0078125,2524
ENCSR678PDD,spinal cord | DNase-seq,-0.0078125,BigWig,0.74609375,0.73828125,0.0078125,2525
ENCSR209QGZ,spinal cord | Histone ChIP-seq | H3K27ac,-0.0078125,BigWig,0.6953125,0.6875,0.0078125,2526
ENCSR659RJP,spleen | Histone ChIP-seq | H3K4me1,0.0078125,BigWig,0.703125,0.7109375,0.0078125,2527
ENCSR448FZC,spleen | Histone ChIP-seq | H3K4me3,0.0078125,BigWig,0.67578125,0.68359375,0.0078125,2528
ENCSR062DUU,stomach | DNase-seq,-0.0078125,BigWig,0.79296875,0.78515625,0.0078125,2529
ENCSR082XEU,stomach | DNase-seq,-0.0078125,BigWig,0.7109375,0.703125,0.0078125,2530
ENCSR163PKT,stomach | DNase-seq,-0.0078125,BigWig,0.94921875,0.94140625,0.0078125,2531
ENCSR608AHQ,stomach | DNase-seq,-0.0078125,BigWig,0.79296875,0.78515625,0.0078125,2532
ENCSR930YSB,stomach | DNase-seq,-0.0078125,BigWig,0.70703125,0.69921875,0.0078125,2533
ENCSR941SMM,stomach | DNase-seq,-0.0078125,BigWig,0.70703125,0.69921875,0.0078125,2534
ENCSR437QMD,stomach | Histone ChIP-seq | H3K27ac,0.0078125,BigWig,0.74609375,0.75390625,0.0078125,2535
ENCSR743DDX,stomach | Histone ChIP-seq | H3K27ac,0.0078125,BigWig,0.6953125,0.703125,0.0078125,2536
ENCSR354IST,stomach | Histone ChIP-seq | H3K27me3,0.0078125,BigWig,0.96875,0.9765625,0.0078125,2537
ENCSR903QBX,stomach | Histone ChIP-seq | H3K4me1,0.0078125,BigWig,0.7109375,0.71875,0.0078125,2538
ENCSR295LHC,subcutaneous abdominal adipose tissue | Histone ChIP-se,-0.0078125,BigWig,0.86328125,0.85546875,0.0078125,2539
ENCSR731XOV,subcutaneous abdominal adipose tissue | Histone ChIP-se,-0.0078125,BigWig,0.87109375,0.86328125,0.0078125,2540
ENCSR146JLC,subcutaneous abdominal adipose tissue | Histone ChIP-se,0.0078125,BigWig,0.828125,0.8359375,0.0078125,2541
ENCSR363SSI,subcutaneous abdominal adipose tissue | Histone ChIP-se,-0.0078125,BigWig,0.66796875,0.66015625,0.0078125,2542
ENCSR374OSU,substantia nigra | Histone ChIP-seq | H3K27me3,0.0078125,BigWig,0.78125,0.7890625,0.0078125,2543
ENCSR996ENW,substantia nigra | Histone ChIP-seq | H3K36me3,-0.0078125,BigWig,0.953125,0.9453125,0.0078125,2544
ENCSR058AUB,substantia nigra | Histone ChIP-seq | H3K9ac,-0.0078125,BigWig,0.8359375,0.828125,0.0078125,2545
ENCSR358KID,temporal lobe | Histone ChIP-seq | H3K27me3,0.0078125,BigWig,0.765625,0.7734375,0.0078125,2546
ENCSR569AGQ,temporal lobe | Histone ChIP-seq | H3K27me3,0.0078125,BigWig,0.8046875,0.8125,0.0078125,2547
ENCSR729DRB,testis | DNase-seq,-0.0078125,BigWig,0.7265625,0.71875,0.0078125,2548
ENCSR978QUT,testis | DNase-seq,-0.0078125,BigWig,0.984375,0.9765625,0.0078125,2549
ENCSR561MYM,testis | Histone ChIP-seq | H3K36me3,-0.0078125,BigWig,0.78125,0.7734375,0.0078125,2550
ENCSR164PQJ,thymus | DNase-seq,0.0078125,BigWig,0.8359375,0.84375,0.0078125,2551
ENCSR682PKY,thymus | DNase-seq,0.0078125,BigWig,0.703125,0.7109375,0.0078125,2552
ENCSR738LBP,thymus | Histone ChIP-seq | H3K4me3,-0.0078125,BigWig,0.63671875,0.62890625,0.0078125,2553
ENCSR902XFY,thyroid gland | DNase-seq,-0.0078125,BigWig,0.859375,0.8515625,0.0078125,2554
ENCSR748LUA,thyroid gland | Histone ChIP-seq | H3K27me3,-0.0078125,BigWig,0.76953125,0.76171875,0.0078125,2555
ENCSR855XNQ,thyroid gland | Histone ChIP-seq | H3K36me3,-0.0078125,BigWig,0.84765625,0.83984375,0.0078125,2556
ENCSR908DTR,thyroid gland | Histone ChIP-seq | H3K36me3,-0.0078125,BigWig,0.6796875,0.671875,0.0078125,2557
ENCSR639NMN,thyroid gland | Histone ChIP-seq | H3K4me1,0.0078125,BigWig,0.69921875,0.70703125,0.0078125,2558
ENCSR658VPF,thyroid gland | Histone ChIP-seq | H3K9me3,0.0078125,BigWig,0.6953125,0.703125,0.0078125,2559
ENCSR543DAS,tibial artery | Histone ChIP-seq | H3K27me3,0.0078125,BigWig,0.7421875,0.75,0.0078125,2560
ENCSR166VXF,tibial artery | Histone ChIP-seq | H3K9me3,-0.0078125,BigWig,0.66796875,0.66015625,0.0078125,2561
ENCSR754WNA,tibial nerve | DNase-seq,-0.0078125,BigWig,0.96875,0.9609375,0.0078125,2562
ENCSR760QZM,transverse colon | DNase-seq,-0.0078125,BigWig,0.890625,0.8828125,0.0078125,2563
ENCSR083DXD,transverse colon | Histone ChIP-seq | H3K9me3,0.0078125,BigWig,0.6875,0.6953125,0.0078125,2564
ENCSR449TNC,urinary bladder | Histone ChIP-seq | H3K36me3,-0.0078125,BigWig,0.87109375,0.86328125,0.0078125,2565
ENCSR065IQH,urinary bladder | Histone ChIP-seq | H3K4me1,0.0078125,BigWig,0.69921875,0.70703125,0.0078125,2566
ENCSR733YNW,vagina | DNase-seq,-0.0078125,BigWig,0.98046875,0.97265625,0.0078125,2567
ENCSR718BTD,vagina | Histone ChIP-seq | H3K27ac,0.0078125,BigWig,0.69140625,0.69921875,0.0078125,2568
ENCSR962MYX,vagina | Histone ChIP-seq | H3K36me3,-0.0078125,BigWig,0.7734375,0.765625,0.0078125,2569
CNhs11867_P,NK T cell leukemia cell line | CAGE,-0.0078125,BigWig,0.5078125,0.5,0.0078125,2570
CNhs11728_P,Wilms' tumor cell line | CAGE,-0.0078125,BigWig,0.5078125,0.5,0.0078125,2571
CNhs13241_P,acute myeloid leukemia (FAB M0) cell line | CAGE,-0.0078125,BigWig,0.5078125,0.5,0.0078125,2572
CNhs11864_P,acute myeloid leukemia (FAB M2) cell line | CAGE,-0.0078125,BigWig,0.5078125,0.5,0.0078125,2573
CNhs13502_P,acute myeloid leukemia (FAB M2) cell line | CAGE,-0.0078125,BigWig,0.5078125,0.5,0.0078125,2574
CNhs13503_M,acute myeloid leukemia (FAB M4) cell line | CAGE,0.0078125,BigWig,0.5078125,0.515625,0.0078125,2575
CNhs10722_P,acute myeloid leukemia (FAB M5) cell line | CAGE,-0.0078125,BigWig,0.5078125,0.5,0.0078125,2576
CNhs10723_P,acute myeloid leukemia (FAB M5) cell line | CAGE,-0.0078125,BigWig,0.5078125,0.5,0.0078125,2577
CNhs10724_P,acute myeloid leukemia (FAB M5) cell line | CAGE,-0.0078125,BigWig,0.5078125,0.5,0.0078125,2578
CNhs13051_P,acute myeloid leukemia (FAB M5) cell line | CAGE,-0.0078125,BigWig,0.5078125,0.5,0.0078125,2579
CNhs13059_P,acute myeloid leukemia (FAB M6) cell line | CAGE,-0.0078125,BigWig,0.5078125,0.5,0.0078125,2580
CNhs13505_P,acute myeloid leukemia (FAB M6) cell line | CAGE,-0.0078125,BigWig,0.5078125,0.5,0.0078125,2581
CNhs11893_P,adrenal cortex adenocarcinoma cell line | CAGE,-0.0078125,BigWig,0.51171875,0.50390625,0.0078125,2582
CNhs10745_P,anaplastic carcinoma cell line | CAGE,-0.0078125,BigWig,0.51171875,0.50390625,0.0078125,2583
CNhs10744_P,b cell line | CAGE,-0.0078125,BigWig,0.5078125,0.5,0.0078125,2584
CNhs11932_P,basal cell carcinoma cell line | CAGE,-0.0078125,BigWig,0.5078125,0.5,0.0078125,2585
CNhs11845_P,biphenotypic B myelomonocytic leukemia cell line | CAGE,-0.0078125,BigWig,0.5078125,0.5,0.0078125,2586
CNhs14138_P,bronchioalveolar carcinoma cell line | CAGE,-0.0078125,BigWig,0.5078125,0.5,0.0078125,2587
CNhs14244_P,carcinoid cell line | CAGE,-0.0078125,BigWig,0.5078125,0.5,0.0078125,2588
CNhs11747_P,carcinosarcoma cell line | CAGE,-0.0078125,BigWig,0.5078125,0.5,0.0078125,2589
CNhs11250_P,chronic myelogenous leukemia cell line | CAGE,-0.0078125,BigWig,0.5078125,0.5,0.0078125,2590
CNhs11280_P,colon carcinoma cell line | CAGE,-0.0078125,BigWig,0.51171875,0.50390625,0.0078125,2591
CNhs11049_P,cord blood derived cell line | CAGE,-0.0078125,BigWig,0.51171875,0.50390625,0.0078125,2592
CNhs10728_P,extraskeletal myxoid chondrosarcoma cell line | CAGE,-0.0078125,BigWig,0.5078125,0.5,0.0078125,2593
CNhs14241_P,gastric cancer cell line | CAGE,-0.0078125,BigWig,0.5078125,0.5,0.0078125,2594
CNhs10751_P,giant cell carcinoma cell line | CAGE,-0.0078125,BigWig,0.5078125,0.5,0.0078125,2595
CNhs11185_P,glioblastoma cell line | CAGE,-0.0078125,BigWig,0.5078125,0.5,0.0078125,2596
CNhs11740_P,granulosa cell tumor cell line | CAGE,-0.0078125,BigWig,0.5078125,0.5,0.0078125,2597
CNhs11843_P,hairy cell leukemia cell line | CAGE,-0.0078125,BigWig,0.5078125,0.5,0.0078125,2598
CNhs11742_P,hepatoblastoma cell line | CAGE,-0.0078125,BigWig,0.5078125,0.5,0.0078125,2599
CNhs11277_P,large cell lung carcinoma cell line | CAGE,-0.0078125,BigWig,0.5078125,0.5,0.0078125,2600
CNhs11722_P,leiomyoma cell line | CAGE,-0.0078125,BigWig,0.5078125,0.5,0.0078125,2601
CNhs11723_P,leiomyoma cell line | CAGE,-0.0078125,BigWig,0.5078125,0.5,0.0078125,2602
CNhs11724_P,leiomyoma cell line | CAGE,-0.0078125,BigWig,0.5078125,0.5,0.0078125,2603
CNhs12192_M,leiomyosarcoma cell line | CAGE,0.0078125,BigWig,0.50390625,0.51171875,0.0078125,2604
CNhs11859_P,"leukemia, chronic megakaryoblastic cell line | CAGE",-0.0078125,BigWig,0.51171875,0.50390625,0.0078125,2605
CNhs10726_P,lung adenocarcinoma cell line | CAGE,-0.0078125,BigWig,0.5078125,0.5,0.0078125,2606
CNhs11935_P,"lymphoma, malignant, hairy B-cell cell line | CAGE",-0.0078125,BigWig,0.5078125,0.5,0.0078125,2607
CNhs10730_P,malignant trichilemmal cyst cell line | CAGE,-0.0078125,BigWig,0.5078125,0.5,0.0078125,2608
CNhs11718_P,mesenchymal stem cell line | CAGE,-0.0078125,BigWig,0.5078125,0.5,0.0078125,2609
CNhs13061_P,mesothelioma cell line | CAGE,-0.0078125,BigWig,0.5078125,0.5,0.0078125,2610
CNhs13062_P,mesothelioma cell line | CAGE,-0.0078125,BigWig,0.5078125,0.5,0.0078125,2611
CNhs13064_P,mesothelioma cell line | CAGE,-0.0078125,BigWig,0.51171875,0.50390625,0.0078125,2612
CNhs13066_P,mesothelioma cell line | CAGE,-0.0078125,BigWig,0.5078125,0.5,0.0078125,2613
CNhs13070_P,mesothelioma cell line | CAGE,-0.0078125,BigWig,0.5078125,0.5,0.0078125,2614
CNhs13075_P,mesothelioma cell line | CAGE,-0.0078125,BigWig,0.5078125,0.5,0.0078125,2615
CNhs11284_P,neuroblastoma cell line | CAGE,-0.0078125,BigWig,0.5078125,0.5,0.0078125,2616
CNhs11811_P,neuroblastoma cell line | CAGE,-0.0078125,BigWig,0.5078125,0.5,0.0078125,2617
CNhs11835_P,osteoclastoma cell line | CAGE,-0.0078125,BigWig,0.5078125,0.5,0.0078125,2618
CNhs11290_P,osteosarcoma cell line | CAGE,-0.0078125,BigWig,0.51171875,0.50390625,0.0078125,2619
CNhs11830_P,peripheral neuroectodermal tumor cell line | CAGE,-0.0078125,BigWig,0.5078125,0.5,0.0078125,2620
CNhs11267_P,retinoblastoma cell line | CAGE,-0.0078125,BigWig,0.5078125,0.5,0.0078125,2621
CNhs11877_P,rhabdomyosarcoma cell line | CAGE,-0.0078125,BigWig,0.51171875,0.50390625,0.0078125,2622
CNhs11183_P,schwannoma cell line | CAGE,-0.0078125,BigWig,0.5078125,0.5,0.0078125,2623
CNhs11736_P,small cell gastrointestinal carcinoma cell line | CAGE,-0.0078125,BigWig,0.5078125,0.5,0.0078125,2624
CNhs11857_P,spindle cell sarcoma cell line | CAGE,-0.0078125,BigWig,0.5078125,0.5,0.0078125,2625
CNhs11244_P,synovial sarcoma cell line | CAGE,-0.0078125,BigWig,0.5078125,0.5,0.0078125,2626
CNhs11878_P,teratocarcinoma cell line | CAGE,-0.0078125,BigWig,0.51171875,0.50390625,0.0078125,2627
CNhs11726_P,testicular germ cell embryonal carcinoma cell line | CA,-0.0078125,BigWig,0.5078125,0.5,0.0078125,2628
CNhs12362_P,testicular germ cell embryonal carcinoma cell line | CA,-0.0078125,BigWig,0.5078125,0.5,0.0078125,2629
CNhs11837_P,transitional cell carcinoma cell line | CAGE,-0.0078125,BigWig,0.5078125,0.5,0.0078125,2630
CNhs11813_P,xeroderma pigentosum b cell line | CAGE,-0.0078125,BigWig,0.5078125,0.5,0.0078125,2631
CNhs12552_M,"CD133+ stem cells - adult bone marrow derived, pool1 |",0.0078125,BigWig,0.50390625,0.51171875,0.0078125,2632
CNhs10852_P,CD14+ Monocytes | CAGE,-0.0078125,BigWig,0.5078125,0.5,0.0078125,2633
CNhs13468_P,CD14+ monocytes - mock treated | CAGE,-0.0078125,BigWig,0.5078125,0.5,0.0078125,2634
CNhs13474_P,CD14+ monocytes - treated with B-glucan | CAGE,-0.0078125,BigWig,0.5078125,0.5,0.0078125,2635
CNhs13472_P,CD14+ monocytes - treated with Cryptococcus | CAGE,-0.0078125,BigWig,0.5078125,0.5,0.0078125,2636
CNhs13471_P,CD14+ monocytes - treated with Salmonella | CAGE,-0.0078125,BigWig,0.5078125,0.5,0.0078125,2637
CNhs13467_P,CD14+ monocytes - treated with Trehalose dimycolate (TD,-0.0078125,BigWig,0.5078125,0.5,0.0078125,2638
CNhs12175_P,"CD19+ B Cells (pluriselect), donation2 | CAGE",-0.0078125,BigWig,0.5078125,0.5,0.0078125,2639
CNhs12553_P,"CD34+ stem cells - adult bone marrow derived, tech  | C",-0.0078125,BigWig,0.5078125,0.5,0.0078125,2640
CNhs13235_P,CD4+CD25+CD45RA+ naive regulatory T cells | CAGE,-0.0078125,BigWig,0.51171875,0.50390625,0.0078125,2641
CNhs13195_P,CD4+CD25+CD45RA- memory regulatory T cells | CAGE,-0.0078125,BigWig,0.51171875,0.50390625,0.0078125,2642
CNhs13205_P,CD4+CD25-CD45RA+ naive conventional T cells | CAGE,-0.0078125,BigWig,0.51171875,0.50390625,0.0078125,2643
CNhs13237_P,CD4+CD25-CD45RA- memory conventional T cells | CAGE,-0.0078125,BigWig,0.5078125,0.5,0.0078125,2644
CNhs10857_P,Dendritic Cells - plasmacytoid | CAGE,-0.0078125,BigWig,0.5078125,0.5,0.0078125,2645
CNhs12547_M,Eosinophils | CAGE,0.0078125,BigWig,0.5078125,0.515625,0.0078125,2646
CNhs10874_P,Fibroblast - Aortic Adventitial | CAGE,-0.0078125,BigWig,0.51171875,0.50390625,0.0078125,2647
CNhs11319_P,Fibroblast - Choroid Plexus | CAGE,-0.0078125,BigWig,0.51171875,0.50390625,0.0078125,2648
CNhs11353_P,Fibroblast - skin dystrophia myotonica | CAGE,-0.0078125,BigWig,0.51171875,0.50390625,0.0078125,2649
CNhs11351_P,Fibroblast - skin normal | CAGE,-0.0078125,BigWig,0.5078125,0.5,0.0078125,2650
CNhs12075_M,Hepatic Sinusoidal Endothelial Cells | CAGE,0.0078125,BigWig,0.51953125,0.52734375,0.0078125,2651
CNhs12340_M,Hepatocyte | CAGE,0.0078125,BigWig,0.73828125,0.74609375,0.0078125,2652
CNhs13925_P,"Mast cell, expanded and stimulated | CAGE",-0.0078125,BigWig,0.5078125,0.5,0.0078125,2653
CNhs11320_P,Meningeal Cells | CAGE,-0.0078125,BigWig,0.5078125,0.5,0.0078125,2654
CNhs11057_P,Mesenchymal Stem Cells - Wharton's Jelly | CAGE,-0.0078125,BigWig,0.5078125,0.5,0.0078125,2655
CNhs11345_P,Mesenchymal Stem Cells - adipose | CAGE,-0.0078125,BigWig,0.51171875,0.50390625,0.0078125,2656
CNhs11349_P,Mesenchymal Stem Cells - amniotic membrane | CAGE,-0.0078125,BigWig,0.5078125,0.5,0.0078125,2657
CNhs11347_P,Mesenchymal Stem Cells - umbilical | CAGE,-0.0078125,BigWig,0.5078125,0.5,0.0078125,2658
CNhs11350_P,Multipotent Cord Blood Unrestricted Somatic Stem Cells,-0.0078125,BigWig,0.5078125,0.5,0.0078125,2659
CNhs10877_P,Pancreatic stromal cells | CAGE,-0.0078125,BigWig,0.5078125,0.5,0.0078125,2660
CNhs10838_P,Smooth Muscle Cells - Aortic | CAGE,-0.0078125,BigWig,0.515625,0.5078125,0.0078125,2661
CNhs12893_P,Smooth Muscle Cells - Bladder | CAGE,-0.0078125,BigWig,0.5078125,0.5,0.0078125,2662
CNhs11328_P,Smooth Muscle Cells - Bronchial | CAGE,-0.0078125,BigWig,0.5078125,0.5,0.0078125,2663
CNhs11087_P,Smooth Muscle Cells - Carotid | CAGE,-0.0078125,BigWig,0.515625,0.5078125,0.0078125,2664
CNhs11324_P,Smooth Muscle Cells - Esophageal | CAGE,-0.0078125,BigWig,0.51171875,0.50390625,0.0078125,2665
CNhs11910_P,Smooth Muscle Cells - Prostate | CAGE,-0.0078125,BigWig,0.51171875,0.50390625,0.0078125,2666
CNhs11090_P,Smooth Muscle Cells - Subclavian Artery | CAGE,-0.0078125,BigWig,0.51171875,0.50390625,0.0078125,2667
CNhs11329_P,Smooth Muscle Cells - Tracheal | CAGE,-0.0078125,BigWig,0.5078125,0.5,0.0078125,2668
CNhs11340_P,Trabecular Meshwork Cells | CAGE,-0.0078125,BigWig,0.51171875,0.50390625,0.0078125,2669
CNhs11075_P,"Whole blood (ribopure), donation1 | CAGE",-0.0078125,BigWig,0.51171875,0.50390625,0.0078125,2670
CNhs12363_P,mesenchymal precursor cell - adipose | CAGE,-0.0078125,BigWig,0.5078125,0.5,0.0078125,2671
CNhs13507_P,mesenchymal precursor cell - ovarian cancer right ovary,-0.0078125,BigWig,0.5078125,0.5,0.0078125,2672
CNhs13535_P,migratory langerhans cells | CAGE,-0.0078125,BigWig,0.51171875,0.50390625,0.0078125,2673
CNhs12522_P,neutrophil PMN | CAGE,-0.0078125,BigWig,0.5078125,0.5,0.0078125,2674
CNhs10610_M,"SABiosciences XpressRef Human Universal Total RNA, pool",-0.0078125,BigWig,0.7109375,0.703125,0.0078125,2675
CNhs13972_P,adipose | CAGE,-0.0078125,BigWig,0.51171875,0.50390625,0.0078125,2676
CNhs11793_M,"adrenal gland, adult, pool1 | CAGE",0.0078125,BigWig,0.51171875,0.51953125,0.0078125,2677
CNhs13793_P,amygdala - adult | CAGE,-0.0078125,BigWig,0.5078125,0.5,0.0078125,2678
CNhs14078_P,"amygdala, newborn | CAGE",-0.0078125,BigWig,0.5078125,0.5,0.0078125,2679
CNhs11761_P,"blood, adult, pool1 | CAGE",-0.0078125,BigWig,0.5078125,0.5,0.0078125,2680
CNhs13799_M,cerebellum - adult | CAGE,0.0078125,BigWig,0.53125,0.5390625,0.0078125,2681
CNhs14075_P,"cerebellum, newborn | CAGE",-0.0078125,BigWig,0.5078125,0.5,0.0078125,2682
CNhs12840_P,"cerebral meninges, adult | CAGE",-0.0078125,BigWig,0.5078125,0.5,0.0078125,2683
CNhs11780_P,"colon, fetal | CAGE",-0.0078125,BigWig,0.5078125,0.5,0.0078125,2684
CNhs10621_P,"heart, adult, pool1 | CAGE",-0.0078125,BigWig,0.5078125,0.5,0.0078125,2685
CNhs13795_P,hippocampus - adult | CAGE,-0.0078125,BigWig,0.5078125,0.5,0.0078125,2686
CNhs13808_P,locus coeruleus - adult | CAGE,-0.0078125,BigWig,0.5078125,0.5,0.0078125,2687
CNhs13796_P,medial frontal gyrus - adult | CAGE,-0.0078125,BigWig,0.5078125,0.5,0.0078125,2688
CNhs12316_P,"medial temporal gyrus, adult | CAGE",-0.0078125,BigWig,0.51171875,0.50390625,0.0078125,2689
CNhs14070_P,"medial temporal gyrus, newborn | CAGE",-0.0078125,BigWig,0.5078125,0.5,0.0078125,2690
CNhs14073_P,"occipital cortex, newborn | CAGE",-0.0078125,BigWig,0.5078125,0.5,0.0078125,2691
CNhs11787_P,"occipital lobe, adult | CAGE",-0.0078125,BigWig,0.5078125,0.5,0.0078125,2692
CNhs14226_P,"parietal cortex, adult | CAGE",-0.0078125,BigWig,0.5078125,0.5,0.0078125,2693
CNhs13797_P,parietal lobe - adult | CAGE,-0.0078125,BigWig,0.5078125,0.5,0.0078125,2694
CNhs12317_P,"parietal lobe, adult | CAGE",-0.0078125,BigWig,0.51171875,0.50390625,0.0078125,2695
CNhs13804_P,pineal gland - adult | CAGE,-0.0078125,BigWig,0.5078125,0.5,0.0078125,2696
CNhs11677_M,"salivary gland, adult, pool1 | CAGE",0.0078125,BigWig,0.58984375,0.59765625,0.0078125,2697
CNhs11774_P,"skin, fetal | CAGE",-0.0078125,BigWig,0.5078125,0.5,0.0078125,2698
CNhs14077_P,"spinal cord, newborn | CAGE",-0.0078125,BigWig,0.5078125,0.5,0.0078125,2699
CNhs11771_P,"stomach, fetal | CAGE",-0.0078125,BigWig,0.5078125,0.5,0.0078125,2700
CNhs13803_M,substantia nigra - adult | CAGE,0.0078125,BigWig,0.53125,0.5390625,0.0078125,2701
CNhs14084_P,"thalamus, newborn | CAGE",-0.0078125,BigWig,0.5078125,0.5,0.0078125,2702
CNhs10633_P,"thymus, adult, pool1 | CAGE",-0.0078125,BigWig,0.5078125,0.5,0.0078125,2703
GTEX-132QS-2526-SM-62LFJ.1,adipose tissue | RNA-seq,-0.0078125,BigWig,1.0,0.9921875,0.0078125,2704
GTEX-1GMR3-0826-SM-9WYT4.1,adipose tissue | RNA-seq,-0.0078125,BigWig,1.0,0.9921875,0.0078125,2705
GTEX-1HSEH-0226-SM-ACKVV.1,adipose tissue | RNA-seq,-0.0078125,BigWig,1.0,0.9921875,0.0078125,2706
GTEX-T6MN-2226-SM-EVYAM.1,bladder | RNA-seq,-0.0078125,BigWig,1.0,0.9921875,0.0078125,2707
GTEX-U3ZN-1226-SM-4DXUD.1,bladder | RNA-seq,-0.0078125,BigWig,1.0,0.9921875,0.0078125,2708
GTEX-ZYT6-0126-SM-5E45J.1,breast | RNA-seq,-0.0078125,BigWig,1.0,0.9921875,0.0078125,2709
GTEX-13112-2126-SM-5GCO4.1,kidney | RNA-seq,-0.0078125,BigWig,1.0,0.9921875,0.0078125,2710
GTEX-17F96-1926-SM-7MGWY.1,kidney | RNA-seq,-0.0078125,BigWig,1.0,0.9921875,0.0078125,2711
GTEX-ZVZP-0926-SM-5GIDB.1,kidney | RNA-seq,-0.0078125,BigWig,1.0,0.9921875,0.0078125,2712
GTEX-11EQ9-0526-SM-5A5JZ.1,liver | RNA-seq,-0.0078125,BigWig,1.0,0.9921875,0.0078125,2713
GTEX-1QP66-0226-SM-DPRXS.1,liver | RNA-seq,-0.0078125,BigWig,1.0,0.9921875,0.0078125,2714
GTEX-ZYT6-0626-SM-5E45V.1,liver | RNA-seq,-0.0078125,BigWig,1.0,0.9921875,0.0078125,2715
GTEX-14AS3-0926-SM-5TDD6.1,lung | RNA-seq,-0.0078125,BigWig,1.0,0.9921875,0.0078125,2716
GTEX-14JG1-0926-SM-5YY8W.1,lung | RNA-seq,-0.0078125,BigWig,1.0,0.9921875,0.0078125,2717
GTEX-14PJ6-2426-SM-6ETZS.1,nerve | RNA-seq,-0.0078125,BigWig,1.0,0.9921875,0.0078125,2718
GTEX-12WSC-3126-SM-5GCNB.1,pituitary | RNA-seq,-0.0078125,BigWig,1.0,0.9921875,0.0078125,2719
GTEX-145LS-3226-SM-5TDCA.1,pituitary | RNA-seq,-0.0078125,BigWig,1.0,0.9921875,0.0078125,2720
GTEX-1I1GR-3026-SM-ARU7C.1,pituitary | RNA-seq,-0.0078125,BigWig,1.0,0.9921875,0.0078125,2721
GTEX-11P82-1126-SM-5BC5K.1,prostate | RNA-seq,-0.0078125,BigWig,1.0,0.9921875,0.0078125,2722
GTEX-YB5K-1726-SM-5IFIZ.1,salivary gland | RNA-seq,-0.0078125,BigWig,1.0,0.9921875,0.0078125,2723
GTEX-1KD5A-1826-SM-DHXJI.1,testis | RNA-seq,-0.0078125,BigWig,1.0,0.9921875,0.0078125,2724
GTEX-13FH7-0126-SM-5KLZ1.1,thyroid | RNA-seq,-0.0078125,BigWig,1.0,0.9921875,0.0078125,2725
GTEX-15CHQ-0826-SM-69LOT.1,thyroid | RNA-seq,-0.0078125,BigWig,1.0,0.9921875,0.0078125,2726
GTEX-1J1OQ-0526-SM-A9G2P.1,thyroid | RNA-seq,-0.0078125,BigWig,1.0,0.9921875,0.0078125,2727
ENCSR000AUI,A549 | Histone ChIP-seq | H3K27ac,-0.00390625,BigWig,0.62890625,0.625,0.00390625,2728
ENCSR000AVF,A549 | Histone ChIP-seq | H3K27ac,0.00390625,BigWig,0.6328125,0.63671875,0.00390625,2729
ENCSR000DPO,AG04450 | Histone ChIP-seq | H3K4me3,0.00390625,BigWig,0.59765625,0.6015625,0.00390625,2730
ENCSR000DPJ,AG04450 | Histone ChIP-seq | H3K9me3,-0.00390625,BigWig,0.859375,0.85546875,0.00390625,2731
ENCSR000DPR,AG09309 | Histone ChIP-seq | H3K4me3,0.00390625,BigWig,0.578125,0.58203125,0.00390625,2732
ENCSR000DPU,AG09319 | Histone ChIP-seq | H3K4me3,-0.00390625,BigWig,0.5625,0.55859375,0.00390625,2733
ENCSR000EMD,BE2C | DNase-seq,-0.00390625,BigWig,0.57421875,0.5703125,0.00390625,2734
ENCSR000DQB,BE2C | Histone ChIP-seq | H3K4me3,0.00390625,BigWig,0.60546875,0.609375,0.00390625,2735
ENCSR000DQG,BJ | Histone ChIP-seq | H3K27me3,-0.00390625,BigWig,0.92578125,0.921875,0.00390625,2736
ENCSR000DQH,BJ | Histone ChIP-seq | H3K4me3,-0.00390625,BigWig,0.578125,0.57421875,0.00390625,2737
ENCSR000DQK,Caco-2 | Histone ChIP-seq | H3K36me3,0.00390625,BigWig,0.84375,0.84765625,0.00390625,2738
ENCSR350RYG,DOHH2 | Histone ChIP-seq | H3K27me3,0.00390625,BigWig,0.81640625,0.8203125,0.00390625,2739
ENCSR627TNG,DOHH2 | Histone ChIP-seq | H3K9me3,0.00390625,BigWig,0.6953125,0.69921875,0.00390625,2740
ENCSR895IWH,ES-I3 | Histone ChIP-seq | H3K9me3,-0.00390625,BigWig,0.703125,0.69921875,0.00390625,2741
ENCSR000FCL,GM08714 | Histone ChIP-seq | H3K4me3,-0.00390625,BigWig,0.578125,0.57421875,0.00390625,2742
ENCSR000DQZ,GM12864 | Histone ChIP-seq | H3K4me3,-0.00390625,BigWig,0.703125,0.69921875,0.00390625,2743
ENCSR000EJD,GM12878 | DNase-seq,-0.00390625,BigWig,0.8359375,0.83203125,0.00390625,2744
ENCSR000DRX,GM12878 | Histone ChIP-seq | H3K27me3,0.00390625,BigWig,0.92578125,0.9296875,0.00390625,2745
ENCSR000EJK,GM19239 | DNase-seq,0.00390625,BigWig,0.91015625,0.9140625,0.00390625,2746
ENCSR000EJL,GM19240 | DNase-seq,-0.00390625,BigWig,0.92578125,0.921875,0.00390625,2747
ENCSR866KFY,GM23248 | Histone ChIP-seq | H3K27me3,0.00390625,BigWig,0.74609375,0.75,0.00390625,2748
ENCSR914AWT,GM23248 | Histone ChIP-seq | H3K36me3,-0.00390625,BigWig,0.67578125,0.671875,0.00390625,2749
ENCSR906NGD,GM23248 | Histone ChIP-seq | H3K4me1,-0.00390625,BigWig,0.59375,0.58984375,0.00390625,2750
ENCSR479HKJ,GM23248 | Histone ChIP-seq | H3K4me3,-0.00390625,BigWig,0.5859375,0.58203125,0.00390625,2751
ENCSR562MOC,GM23248 | Histone ChIP-seq | H3K9ac,0.00390625,BigWig,0.62109375,0.625,0.00390625,2752
ENCSR249YGG,GM23338 | Histone ChIP-seq | H3K4me1,-0.00390625,BigWig,0.62109375,0.6171875,0.00390625,2753
ENCSR000ANP,H1 | Histone ChIP-seq | H3K27ac,0.00390625,BigWig,0.859375,0.86328125,0.00390625,2754
ENCSR441UHO,H1 | Histone ChIP-seq | H3K9ac,0.00390625,BigWig,0.8515625,0.85546875,0.00390625,2755
ENCSR276HBK,H9 | Histone ChIP-seq | H3K4me1,0.00390625,BigWig,0.76953125,0.7734375,0.00390625,2756
ENCSR910LIE,HEK293 | Histone ChIP-seq | H3K36me3,-0.00390625,BigWig,0.94140625,0.9375,0.00390625,2757
ENCSR000FCJ,HEK293 | Histone ChIP-seq | H3K9me3,0.00390625,BigWig,0.66796875,0.671875,0.00390625,2758
ENCSR634YVQ,HK-2 | DNase-seq,-0.00390625,BigWig,0.7734375,0.76953125,0.00390625,2759
ENCSR000DUO,HL-60 | Histone ChIP-seq | H3K4me3,-0.00390625,BigWig,0.56640625,0.5625,0.00390625,2760
ENCSR000EMG,HS-5 | DNase-seq,-0.00390625,BigWig,0.640625,0.63671875,0.00390625,2761
ENCSR804MAP,HUES64 | Histone ChIP-seq | H3K27ac,0.00390625,BigWig,0.72265625,0.7265625,0.00390625,2762
ENCSR470PLJ,HUES64 | Histone ChIP-seq | H3K9ac,0.00390625,BigWig,0.796875,0.80078125,0.00390625,2763
ENCSR000APW,HeLa-S3 | Histone ChIP-seq | H3K4me1,0.00390625,BigWig,0.65625,0.66015625,0.00390625,2764
ENCSR431UUY,IMR-90 | Histone ChIP-seq | H3K27me3,-0.00390625,BigWig,0.96875,0.96484375,0.00390625,2765
ENCSR000EWB,K562 | Histone ChIP-seq | H3K27me3,-0.00390625,BigWig,0.98828125,0.984375,0.00390625,2766
ENCSR000APE,K562 | Histone ChIP-seq | H3K9me3,-0.00390625,BigWig,0.75,0.74609375,0.00390625,2767
ENCSR955IXZ,KMS-11 | Histone ChIP-seq | H3K27ac,-0.00390625,BigWig,0.66796875,0.6640625,0.00390625,2768
ENCSR438PYA,KOPT-K1 | Histone ChIP-seq | H3K9me3,-0.00390625,BigWig,0.6328125,0.62890625,0.00390625,2769
ENCSR000DWF,LNCaP clone FGC | Histone ChIP-seq | H3K4me3,0.00390625,BigWig,0.60546875,0.609375,0.00390625,2770
ENCSR183CQK,Loucy | Histone ChIP-seq | H3K27me3,0.00390625,BigWig,0.71875,0.72265625,0.00390625,2771
ENCSR036KFJ,Loucy | Histone ChIP-seq | H3K4me1,0.00390625,BigWig,0.671875,0.67578125,0.00390625,2772
ENCSR000EKZ,MCF-7 | DNase-seq,-0.00390625,BigWig,0.86328125,0.859375,0.00390625,2773
ENCSR120LGC,MM.1S | Histone ChIP-seq | H3K36me3,-0.00390625,BigWig,0.73046875,0.7265625,0.00390625,2774
ENCSR000EXB,NT2/D1 | Histone ChIP-seq | H3K36me3,-0.00390625,BigWig,0.95703125,0.953125,0.00390625,2775
ENCSR189AGR,OCI-LY1 | Histone ChIP-seq | H3K9me3,0.00390625,BigWig,0.70703125,0.7109375,0.00390625,2776
ENCSR857GMX,OCI-LY3 | Histone ChIP-seq | H3K27ac,0.00390625,BigWig,0.59375,0.59765625,0.00390625,2777
ENCSR447ZGY,OCI-LY7 | Histone ChIP-seq | H3K27ac,0.00390625,BigWig,0.5546875,0.55859375,0.00390625,2778
ENCSR849APH,PC-3 | Histone ChIP-seq | H3K36me3,0.00390625,BigWig,0.77734375,0.78125,0.00390625,2779
ENCSR566UMF,PC-3 | Histone ChIP-seq | H3K4me1,0.00390625,BigWig,0.61328125,0.6171875,0.00390625,2780
ENCSR402SJV,PC-9 | Histone ChIP-seq | H3K36me3,0.00390625,BigWig,0.765625,0.76953125,0.00390625,2781
ENCSR945KBK,PC-9 | Histone ChIP-seq | H3K9ac,0.00390625,BigWig,0.67578125,0.6796875,0.00390625,2782
ENCSR555TAX,PC-9 | Histone ChIP-seq | H3K9me3,0.00390625,BigWig,0.69140625,0.6953125,0.00390625,2783
ENCSR700ILE,SJCRH30 | DNase-seq,0.00390625,BigWig,0.6015625,0.60546875,0.00390625,2784
ENCSR008SDL,SK-MEL-5 | DNase-seq,0.00390625,BigWig,0.6796875,0.68359375,0.00390625,2785
ENCSR914QOK,SK-N-SH | Histone ChIP-seq | H3K27me3,-0.00390625,BigWig,0.765625,0.76171875,0.00390625,2786
ENCSR000DXR,SK-N-SH | Histone ChIP-seq | H3K4me3,0.00390625,BigWig,0.5546875,0.55859375,0.00390625,2787
ENCSR494LJG,SU-DHL-6 | Histone ChIP-seq | H3K4me3,-0.00390625,BigWig,0.66796875,0.6640625,0.00390625,2788
ENCSR550GSE,UCSF-4 | Histone ChIP-seq | H3K9me3,0.00390625,BigWig,0.796875,0.80078125,0.00390625,2789
ENCSR597ULV,VCaP | Histone ChIP-seq | H3K27ac,0.00390625,BigWig,0.6484375,0.65234375,0.00390625,2790
ENCSR000DXY,WI38 | Histone ChIP-seq | H3K4me3,0.00390625,BigWig,0.57421875,0.578125,0.00390625,2791
ENCSR067BNI,iPS DF 19.11 | Histone ChIP-seq | H3K36me3,-0.00390625,BigWig,0.98046875,0.9765625,0.00390625,2792
ENCSR916MHZ,iPS DF 6.9 | Histone ChIP-seq | H3K27me3,-0.00390625,BigWig,0.8125,0.80859375,0.00390625,2793
ENCSR941YPY,iPS-11a | Histone ChIP-seq | H3K4me3,-0.00390625,BigWig,0.70703125,0.703125,0.00390625,2794
ENCSR505JQC,iPS-18a | Histone ChIP-seq | H3K4me3,-0.00390625,BigWig,0.5859375,0.58203125,0.00390625,2795
ENCSR996FWI,iPS-20b | Histone ChIP-seq | H3K4me1,0.00390625,BigWig,0.69921875,0.703125,0.00390625,2796
ENCSR626RVD,bipolar neuron | DNase-seq,0.00390625,BigWig,0.62109375,0.625,0.00390625,2797
ENCSR849YFO,bipolar neuron | Histone ChIP-seq | H3K4me3,0.00390625,BigWig,0.6015625,0.60546875,0.00390625,2798
ENCSR592ETL,bipolar neuron | Histone ChIP-seq | H3K9ac,0.00390625,BigWig,0.609375,0.61328125,0.00390625,2799
ENCSR000DSI,cardiac muscle cell | Histone ChIP-seq | H3K36me3,-0.00390625,BigWig,0.83203125,0.828125,0.00390625,2800
ENCSR994NPK,cardiac muscle cell | Histone ChIP-seq | H3K36me3,0.00390625,BigWig,0.74609375,0.75,0.00390625,2801
ENCSR276OLB,cardiac muscle cell | Histone ChIP-seq | H3K4me1,-0.00390625,BigWig,0.7421875,0.73828125,0.00390625,2802
ENCSR000DSP,cardiac muscle cell | Histone ChIP-seq | H3K4me3,0.00390625,BigWig,0.63671875,0.640625,0.00390625,2803
ENCSR360XIS,ecto neural progenitor cell | DNase-seq,0.00390625,BigWig,0.9375,0.94140625,0.00390625,2804
ENCSR235CEI,ectodermal cell | Histone ChIP-seq | H3K9me3,0.00390625,BigWig,0.6875,0.69140625,0.00390625,2805
ENCSR200ETW,endodermal cell | Histone ChIP-seq | H3K27ac,0.00390625,BigWig,0.77734375,0.78125,0.00390625,2806
ENCSR937UWI,hematopoietic multipotent progenitor cell | DNase-seq,-0.00390625,BigWig,0.76171875,0.7578125,0.00390625,2807
ENCSR507UDH,hepatocyte | Histone ChIP-seq | H3K27ac,0.00390625,BigWig,0.6015625,0.60546875,0.00390625,2808
ENCSR034BEQ,hepatocyte | Histone ChIP-seq | H3K36me3,-0.00390625,BigWig,0.69140625,0.6875,0.00390625,2809
ENCSR758GMX,hepatocyte | Histone ChIP-seq | H3K9me3,-0.00390625,BigWig,0.6328125,0.62890625,0.00390625,2810
ENCSR065HOR,mesenchymal stem cell | Histone ChIP-seq | H3K4me1,0.00390625,BigWig,0.8984375,0.90234375,0.00390625,2811
ENCSR664KWY,mesendoderm | Histone ChIP-seq | H3K4me1,-0.00390625,BigWig,0.8046875,0.80078125,0.00390625,2812
ENCSR887ZPC,mesodermal cell | Histone ChIP-seq | H3K9me3,-0.00390625,BigWig,0.73828125,0.734375,0.00390625,2813
ENCSR922CAT,mid-neurogenesis radial glial cells | Histone ChIP-seq,-0.00390625,BigWig,0.703125,0.69921875,0.00390625,2814
ENCSR531QHM,neural cell | Histone ChIP-seq | H3K9ac,0.00390625,BigWig,0.70703125,0.7109375,0.00390625,2815
ENCSR963ALV,neural progenitor cell | DNase-seq,0.00390625,BigWig,0.7265625,0.73046875,0.00390625,2816
ENCSR105NMJ,neural progenitor cell | Histone ChIP-seq | H3K9ac,-0.00390625,BigWig,0.75,0.74609375,0.00390625,2817
ENCSR688ZOS,neuroepithelial stem cell | Histone ChIP-seq | H3K36me3,-0.00390625,BigWig,0.69921875,0.6953125,0.00390625,2818
ENCSR890NXD,neuroepithelial stem cell | Histone ChIP-seq | H3K4me1,-0.00390625,BigWig,0.78125,0.77734375,0.00390625,2819
ENCSR688OUZ,neuron | Histone ChIP-seq | H3K27me3,-0.00390625,BigWig,0.87890625,0.875,0.00390625,2820
ENCSR550XZG,neuronal stem cell | Histone ChIP-seq | H3K27me3,-0.00390625,BigWig,0.89453125,0.890625,0.00390625,2821
ENCSR692CTK,neuronal stem cell | Histone ChIP-seq | H3K27me3,0.00390625,BigWig,0.8203125,0.82421875,0.00390625,2822
ENCSR694LBI,neuronal stem cell | Histone ChIP-seq | H3K27me3,0.00390625,BigWig,0.890625,0.89453125,0.00390625,2823
ENCSR354XWM,neuronal stem cell | Histone ChIP-seq | H3K4me3,-0.00390625,BigWig,0.7265625,0.72265625,0.00390625,2824
ENCSR391WDE,neuronal stem cell | Histone ChIP-seq | H3K9me3,-0.00390625,BigWig,0.89453125,0.890625,0.00390625,2825
ENCSR136NUH,radial glial cell | Histone ChIP-seq | H3K36me3,-0.00390625,BigWig,0.74609375,0.7421875,0.00390625,2826
ENCSR210ZPC,smooth muscle cell | Histone ChIP-seq | H3K27ac,-0.00390625,BigWig,0.5859375,0.58203125,0.00390625,2827
ENCSR651JDA,smooth muscle cell | Histone ChIP-seq | H3K36me3,-0.00390625,BigWig,0.73828125,0.734375,0.00390625,2828
ENCSR960CWQ,trophoblast cell | Histone ChIP-seq | H3K27me3,-0.00390625,BigWig,0.82421875,0.8203125,0.00390625,2829
ENCSR891VOV,B cell | DNase-seq,0.00390625,BigWig,0.78125,0.78515625,0.00390625,2830
ENCSR557TNE,B cell | Histone ChIP-seq | H3K27me3,0.00390625,BigWig,0.90234375,0.90625,0.00390625,2831
ENCSR000DQP,B cell | Histone ChIP-seq | H3K4me3,-0.00390625,BigWig,0.61328125,0.609375,0.00390625,2832
ENCSR000DQR,B cell | Histone ChIP-seq | H3K4me3,0.00390625,BigWig,0.609375,0.61328125,0.00390625,2833
ENCSR878JSF,B cell | Histone ChIP-seq | H3K4me3,0.00390625,BigWig,0.62890625,0.6328125,0.00390625,2834
ENCSR000ASL,CD14-positive monocyte | Histone ChIP-seq | H3K36me3,-0.00390625,BigWig,0.84765625,0.84375,0.00390625,2835
ENCSR000ATF,CD14-positive monocyte | Histone ChIP-seq | H3K9ac,0.00390625,BigWig,0.8046875,0.80859375,0.00390625,2836
ENCSR000ASP,CD14-positive monocyte | Histone ChIP-seq | H3K9me3,0.00390625,BigWig,0.5859375,0.58984375,0.00390625,2837
ENCSR577GVS,"CD4-positive, CD25-positive, alpha-beta regulatory T ce",0.00390625,BigWig,0.5546875,0.55859375,0.00390625,2838
ENCSR769SGQ,"CD4-positive, alpha-beta T cell | Histone ChIP-seq | H3",0.00390625,BigWig,0.80078125,0.8046875,0.00390625,2839
ENCSR692ICP,"CD4-positive, alpha-beta T cell | Histone ChIP-seq | H3",0.00390625,BigWig,0.65234375,0.65625,0.00390625,2840
ENCSR580WRV,"CD4-positive, alpha-beta memory T cell | Histone ChIP-s",-0.00390625,BigWig,0.7890625,0.78515625,0.00390625,2841
ENCSR660WQO,"CD4-positive, alpha-beta memory T cell | Histone ChIP-s",0.00390625,BigWig,0.625,0.62890625,0.00390625,2842
ENCSR223APP,"CD4-positive, alpha-beta memory T cell | Histone ChIP-s",0.00390625,BigWig,0.703125,0.70703125,0.00390625,2843
ENCSR333VFQ,"CD4-positive, alpha-beta memory T cell | Histone ChIP-s",0.00390625,BigWig,0.73828125,0.7421875,0.00390625,2844
ENCSR681OSD,"CD8-positive, alpha-beta T cell | Histone ChIP-seq | H3",-0.00390625,BigWig,0.67578125,0.671875,0.00390625,2845
ENCSR631BPS,"CD8-positive, alpha-beta T cell | Histone ChIP-seq | H3",-0.00390625,BigWig,0.68359375,0.6796875,0.00390625,2846
ENCSR660KHZ,"CD8-positive, alpha-beta T cell | Histone ChIP-seq | H3",0.00390625,BigWig,0.62890625,0.6328125,0.00390625,2847
ENCSR905SHH,"CD8-positive, alpha-beta T cell | Histone ChIP-seq | H3",0.00390625,BigWig,0.6953125,0.69921875,0.00390625,2848
ENCSR517SMA,"CD8-positive, alpha-beta memory T cell | Histone ChIP-s",-0.00390625,BigWig,0.8203125,0.81640625,0.00390625,2849
ENCSR040DGJ,T-cell | DNase-seq,0.00390625,BigWig,0.734375,0.73828125,0.00390625,2850
ENCSR920EOT,T-cell | Histone ChIP-seq | H3K27me3,-0.00390625,BigWig,0.98828125,0.984375,0.00390625,2851
ENCSR974EGY,T-cell | Histone ChIP-seq | H3K9me3,0.00390625,BigWig,0.54296875,0.546875,0.00390625,2852
ENCSR451GTQ,T-helper 17 cell | Histone ChIP-seq | H3K9me3,0.00390625,BigWig,0.73046875,0.734375,0.00390625,2853
ENCSR678RCY,T-helper 17 cell | Histone ChIP-seq | H3K9me3,0.00390625,BigWig,0.6640625,0.66796875,0.00390625,2854
ENCSR000EQI,T-helper 2 cell | DNase-seq,-0.00390625,BigWig,0.58984375,0.5859375,0.00390625,2855
ENCSR000ART,astrocyte | Histone ChIP-seq | H3K9ac,0.00390625,BigWig,0.69921875,0.703125,0.00390625,2856
ENCSR000DXH,bronchial epithelial cell | Histone ChIP-seq | H3K36me3,-0.00390625,BigWig,0.953125,0.94921875,0.00390625,2857
ENCSR856NXV,cardiac fibroblast | DNase-seq,-0.00390625,BigWig,0.60546875,0.6015625,0.00390625,2858
ENCSR271QSV,"common myeloid progenitor, CD34-positive | DNase-seq",0.00390625,BigWig,0.63671875,0.640625,0.00390625,2859
ENCSR311OCP,"common myeloid progenitor, CD34-positive | Histone ChIP",-0.00390625,BigWig,0.90234375,0.8984375,0.00390625,2860
ENCSR862NIZ,"common myeloid progenitor, CD34-positive | Histone ChIP",0.00390625,BigWig,0.78125,0.78515625,0.00390625,2861
ENCSR136QKZ,"common myeloid progenitor, CD34-positive | Histone ChIP",0.00390625,BigWig,0.6015625,0.60546875,0.00390625,2862
ENCSR911BCA,"effector memory CD4-positive, alpha-beta T cell | Histo",0.00390625,BigWig,0.6953125,0.69921875,0.00390625,2863
ENCSR000ALB,endothelial cell of umbilical vein | Histone ChIP-seq |,-0.00390625,BigWig,0.57421875,0.5703125,0.00390625,2864
ENCSR902QIJ,fibroblast of breast | Histone ChIP-seq | H3K4me3,0.00390625,BigWig,0.7734375,0.77734375,0.00390625,2865
ENCSR311XVL,fibroblast of breast | Histone ChIP-seq | H3K9me3,0.00390625,BigWig,0.7421875,0.74609375,0.00390625,2866
ENCSR176KYD,fibroblast of skin of abdomen | DNase-seq,-0.00390625,BigWig,0.78515625,0.78125,0.00390625,2867
ENCSR383BLX,fibroblast of skin of right biceps | DNase-seq,0.00390625,BigWig,0.6484375,0.65234375,0.00390625,2868
ENCSR360LBD,fibroblast of skin of scalp | DNase-seq,0.00390625,BigWig,0.66015625,0.6640625,0.00390625,2869
ENCSR325LYJ,fibroblast of upper back skin | DNase-seq,0.00390625,BigWig,0.6171875,0.62109375,0.00390625,2870
ENCSR000DVS,fibroblast of villous mesenchyme | Histone ChIP-seq | H,-0.00390625,BigWig,0.58203125,0.578125,0.00390625,2871
ENCSR285UTJ,foreskin fibroblast | Histone ChIP-seq | H3K27me3,-0.00390625,BigWig,0.99609375,0.9921875,0.00390625,2872
ENCSR417IEJ,foreskin fibroblast | Histone ChIP-seq | H3K27me3,-0.00390625,BigWig,0.98046875,0.9765625,0.00390625,2873
ENCSR367HVD,foreskin fibroblast | Histone ChIP-seq | H3K4me1,0.00390625,BigWig,0.81640625,0.8203125,0.00390625,2874
ENCSR000DUJ,foreskin fibroblast | Histone ChIP-seq | H3K4me3,-0.00390625,BigWig,0.53125,0.52734375,0.00390625,2875
ENCSR035RVH,foreskin keratinocyte | DNase-seq,0.00390625,BigWig,0.609375,0.61328125,0.00390625,2876
ENCSR724CND,foreskin keratinocyte | DNase-seq,0.00390625,BigWig,0.62890625,0.6328125,0.00390625,2877
ENCSR377FXG,foreskin keratinocyte | Histone ChIP-seq | H3K36me3,-0.00390625,BigWig,0.921875,0.91796875,0.00390625,2878
ENCSR481YGZ,foreskin melanocyte | Histone ChIP-seq | H3K4me3,-0.00390625,BigWig,0.703125,0.69921875,0.00390625,2879
ENCSR212LIS,luminal epithelial cell of mammary gland | Histone ChIP,-0.00390625,BigWig,0.9921875,0.98828125,0.00390625,2880
ENCSR134HVI,mammary epithelial cell | Histone ChIP-seq | H3K27me3,0.00390625,BigWig,0.90234375,0.90625,0.00390625,2881
ENCSR000AMJ,mammary epithelial cell | Histone ChIP-seq | H3K4me1,-0.00390625,BigWig,0.64453125,0.640625,0.00390625,2882
ENCSR668GKQ,mammary epithelial cell | Histone ChIP-seq | H3K9me3,0.00390625,BigWig,0.59375,0.59765625,0.00390625,2883
ENCSR635XBA,mammary stem cell | Histone ChIP-seq | H3K36me3,-0.00390625,BigWig,0.98828125,0.984375,0.00390625,2884
ENCSR000EXT,mononuclear cell | Histone ChIP-seq | H3K4me3,0.00390625,BigWig,0.640625,0.64453125,0.00390625,2885
ENCSR517CFV,myoepithelial cell of mammary gland | Histone ChIP-seq,0.00390625,BigWig,0.7109375,0.71484375,0.00390625,2886
ENCSR557OPY,myoepithelial cell of mammary gland | Histone ChIP-seq,-0.00390625,BigWig,0.9921875,0.98828125,0.00390625,2887
ENCSR089NBT,myoepithelial cell of mammary gland | Histone ChIP-seq,-0.00390625,BigWig,0.8203125,0.81640625,0.00390625,2888
ENCSR813ULW,myoepithelial cell of mammary gland | Histone ChIP-seq,0.00390625,BigWig,0.7890625,0.79296875,0.00390625,2889
ENCSR637IOH,"naive thymus-derived CD4-positive, alpha-beta T cell |",-0.00390625,BigWig,0.78125,0.77734375,0.00390625,2890
ENCSR430ULY,"naive thymus-derived CD4-positive, alpha-beta T cell |",-0.00390625,BigWig,0.6875,0.68359375,0.00390625,2891
ENCSR161XBV,"naive thymus-derived CD4-positive, alpha-beta T cell |",0.00390625,BigWig,0.6796875,0.68359375,0.00390625,2892
ENCSR224LFY,"naive thymus-derived CD4-positive, alpha-beta T cell |",-0.00390625,BigWig,0.71484375,0.7109375,0.00390625,2893
ENCSR229QYR,"naive thymus-derived CD4-positive, alpha-beta T cell |",0.00390625,BigWig,0.734375,0.73828125,0.00390625,2894
ENCSR127MFA,neurosphere | Histone ChIP-seq | H3K36me3,0.00390625,BigWig,0.890625,0.89453125,0.00390625,2895
ENCSR103HMP,neurosphere | Histone ChIP-seq | H3K4me3,-0.00390625,BigWig,0.6171875,0.61328125,0.00390625,2896
ENCSR568OLP,neurosphere | Histone ChIP-seq | H3K9me3,-0.00390625,BigWig,0.7109375,0.70703125,0.00390625,2897
ENCSR577CDW,neurosphere | Histone ChIP-seq | H3K9me3,0.00390625,BigWig,0.69140625,0.6953125,0.00390625,2898
ENCSR000APH,osteoblast | Histone ChIP-seq | H3K27ac,0.00390625,BigWig,0.63671875,0.640625,0.00390625,2899
ENCSR000ATH,osteoblast | Histone ChIP-seq | H3K4me3,-0.00390625,BigWig,0.625,0.62109375,0.00390625,2900
ENCSR162MGR,peripheral blood mononuclear cell | Histone ChIP-seq |,0.00390625,BigWig,0.88671875,0.890625,0.00390625,2901
ENCSR449SFZ,peripheral blood mononuclear cell | Histone ChIP-seq |,0.00390625,BigWig,0.9140625,0.91796875,0.00390625,2902
ENCSR206JRX,peripheral blood mononuclear cell | Histone ChIP-seq |,0.00390625,BigWig,0.71484375,0.71875,0.00390625,2903
ENCSR605OYC,peripheral blood mononuclear cell | Histone ChIP-seq |,0.00390625,BigWig,0.80859375,0.8125,0.00390625,2904
ENCSR000EOG,pulmonary artery endothelial cell | DNase-seq,0.00390625,BigWig,0.8984375,0.90234375,0.00390625,2905
ENCSR000DVK,retinal pigment epithelial cell | Histone ChIP-seq | H3,0.00390625,BigWig,0.5859375,0.58984375,0.00390625,2906
ENCSR000DXT,skeletal muscle cell | Histone ChIP-seq | H3K4me3,0.00390625,BigWig,0.55078125,0.5546875,0.00390625,2907
ENCSR000ANG,skeletal muscle myoblast | Histone ChIP-seq | H3K27me3,0.00390625,BigWig,0.84765625,0.8515625,0.00390625,2908
ENCSR000ANK,skeletal muscle myoblast | Histone ChIP-seq | H3K4me3,-0.00390625,BigWig,0.6328125,0.62890625,0.00390625,2909
ENCSR819HSS,skeletal muscle satellite cell | Histone ChIP-seq | H3K,0.00390625,BigWig,0.625,0.62890625,0.00390625,2910
ENCSR100HGO,skeletal muscle satellite cell | Histone ChIP-seq | H3K,0.00390625,BigWig,0.63671875,0.640625,0.00390625,2911
ENCSR000EMH,stromal cell of bone marrow | DNase-seq,-0.00390625,BigWig,0.6171875,0.61328125,0.00390625,2912
ENCSR121ZSL,trophoblast cell | DNase-seq,-0.00390625,BigWig,0.6875,0.68359375,0.00390625,2913
ENCSR809LCE,trophoblast cell | DNase-seq,-0.00390625,BigWig,0.796875,0.79296875,0.00390625,2914
ENCSR206FSY,Peyer's patch | DNase-seq,-0.00390625,BigWig,0.98828125,0.984375,0.00390625,2915
ENCSR452ZMO,Peyer's patch | DNase-seq,-0.00390625,BigWig,0.96484375,0.9609375,0.00390625,2916
ENCSR954AJK,Peyer's patch | DNase-seq,-0.00390625,BigWig,0.9765625,0.97265625,0.00390625,2917
ENCSR982PLJ,Peyer's patch | Histone ChIP-seq | H3K27me3,-0.00390625,BigWig,0.75,0.74609375,0.00390625,2918
ENCSR082SHT,adipose tissue | Histone ChIP-seq | H3K27ac,0.00390625,BigWig,0.828125,0.83203125,0.00390625,2919
ENCSR191FOV,adrenal gland | DNase-seq,0.00390625,BigWig,0.83984375,0.84375,0.00390625,2920
ENCSR856QJX,adrenal gland | DNase-seq,0.00390625,BigWig,0.75390625,0.7578125,0.00390625,2921
ENCSR181JFC,adrenal gland | Histone ChIP-seq | H3K27me3,0.00390625,BigWig,0.81640625,0.8203125,0.00390625,2922
ENCSR204DMS,adrenal gland | Histone ChIP-seq | H3K36me3,0.00390625,BigWig,0.66796875,0.671875,0.00390625,2923
ENCSR511GOF,adrenal gland | Histone ChIP-seq | H3K4me1,-0.00390625,BigWig,0.84765625,0.84375,0.00390625,2924
ENCSR234YIU,adrenal gland | Histone ChIP-seq | H3K4me3,-0.00390625,BigWig,0.80859375,0.8046875,0.00390625,2925
ENCSR926NMC,adrenal gland | Histone ChIP-seq | H3K4me3,-0.00390625,BigWig,0.71484375,0.7109375,0.00390625,2926
ENCSR053PIY,adrenal gland | Histone ChIP-seq | H3K9me3,-0.00390625,BigWig,0.67578125,0.671875,0.00390625,2927
ENCSR430RVP,amnion | Histone ChIP-seq | H3K27ac,0.00390625,BigWig,0.86328125,0.8671875,0.00390625,2928
ENCSR495GRN,amnion | Histone ChIP-seq | H3K9me3,-0.00390625,BigWig,0.71484375,0.7109375,0.00390625,2929
ENCSR380KOO,angular gyrus | Histone ChIP-seq | H3K27ac,0.00390625,BigWig,0.85546875,0.859375,0.00390625,2930
ENCSR340DBD,angular gyrus | Histone ChIP-seq | H3K36me3,-0.00390625,BigWig,0.9453125,0.94140625,0.00390625,2931
ENCSR057RET,angular gyrus | Histone ChIP-seq | H3K4me3,-0.00390625,BigWig,0.73828125,0.734375,0.00390625,2932
ENCSR852TRT,ascending aorta | DNase-seq,-0.00390625,BigWig,0.984375,0.98046875,0.00390625,2933
ENCSR069UMW,ascending aorta | Histone ChIP-seq | H3K27ac,-0.00390625,BigWig,0.671875,0.66796875,0.00390625,2934
ENCSR645FBM,ascending aorta | Histone ChIP-seq | H3K4me3,-0.00390625,BigWig,0.65234375,0.6484375,0.00390625,2935
ENCSR723IKM,ascending aorta | Histone ChIP-seq | H3K9me3,-0.00390625,BigWig,0.65234375,0.6484375,0.00390625,2936
ENCSR748TFF,body of pancreas | Histone ChIP-seq | H3K27ac,0.00390625,BigWig,0.69921875,0.703125,0.00390625,2937
ENCSR774CFO,body of pancreas | Histone ChIP-seq | H3K27me3,-0.00390625,BigWig,0.703125,0.69921875,0.00390625,2938
ENCSR903GLL,body of pancreas | Histone ChIP-seq | H3K27me3,0.00390625,BigWig,0.6875,0.69140625,0.00390625,2939
ENCSR523JCB,body of pancreas | Histone ChIP-seq | H3K36me3,0.00390625,BigWig,0.78515625,0.7890625,0.00390625,2940
ENCSR689SFJ,body of pancreas | Histone ChIP-seq | H3K36me3,0.00390625,BigWig,0.80859375,0.8125,0.00390625,2941
ENCSR429XBU,body of pancreas | Histone ChIP-seq | H3K4me1,-0.00390625,BigWig,0.70703125,0.703125,0.00390625,2942
ENCSR554RQQ,body of pancreas | Histone ChIP-seq | H3K4me3,0.00390625,BigWig,0.70703125,0.7109375,0.00390625,2943
ENCSR876DCP,body of pancreas | Histone ChIP-seq | H3K4me3,0.00390625,BigWig,0.66015625,0.6640625,0.00390625,2944
ENCSR026EOM,brain | DNase-seq,0.00390625,BigWig,0.62890625,0.6328125,0.00390625,2945
ENCSR420RWU,brain | DNase-seq,-0.00390625,BigWig,0.83984375,0.8359375,0.00390625,2946
ENCSR572LDG,brain | DNase-seq,-0.00390625,BigWig,0.7734375,0.76953125,0.00390625,2947
ENCSR595CSH,brain | DNase-seq,-0.00390625,BigWig,0.60546875,0.6015625,0.00390625,2948
ENCSR888JWS,brain | Histone ChIP-seq | H3K36me3,-0.00390625,BigWig,0.8203125,0.81640625,0.00390625,2949
ENCSR798RTU,caudate nucleus | Histone ChIP-seq | H3K27ac,-0.00390625,BigWig,0.84765625,0.84375,0.00390625,2950
ENCSR399SJE,caudate nucleus | Histone ChIP-seq | H3K36me3,-0.00390625,BigWig,0.96875,0.96484375,0.00390625,2951
ENCSR672FMZ,caudate nucleus | Histone ChIP-seq | H3K9ac,-0.00390625,BigWig,0.80859375,0.8046875,0.00390625,2952
ENCSR787CAJ,chorion | Histone ChIP-seq | H3K4me3,-0.00390625,BigWig,0.703125,0.69921875,0.00390625,2953
ENCSR949HMJ,chorionic villus | Histone ChIP-seq | H3K27me3,0.00390625,BigWig,0.83984375,0.84375,0.00390625,2954
ENCSR389OFJ,chorionic villus | Histone ChIP-seq | H3K4me1,0.00390625,BigWig,0.85546875,0.859375,0.00390625,2955
ENCSR397FAN,chorionic villus | Histone ChIP-seq | H3K4me1,0.00390625,BigWig,0.890625,0.89453125,0.00390625,2956
ENCSR022LOH,cingulate gyrus | Histone ChIP-seq | H3K27me3,0.00390625,BigWig,0.75390625,0.7578125,0.00390625,2957
ENCSR443NEP,cingulate gyrus | Histone ChIP-seq | H3K4me1,0.00390625,BigWig,0.7734375,0.77734375,0.00390625,2958
ENCSR032BMQ,cingulate gyrus | Histone ChIP-seq | H3K4me3,0.00390625,BigWig,0.6875,0.69140625,0.00390625,2959
ENCSR693GVU,cingulate gyrus | Histone ChIP-seq | H3K4me3,0.00390625,BigWig,0.765625,0.76953125,0.00390625,2960
ENCSR860PEV,cingulate gyrus | Histone ChIP-seq | H3K9ac,0.00390625,BigWig,0.875,0.87890625,0.00390625,2961
ENCSR831LTX,colonic mucosa | Histone ChIP-seq | H3K27me3,0.00390625,BigWig,0.83984375,0.84375,0.00390625,2962
ENCSR142BBV,colonic mucosa | Histone ChIP-seq | H3K36me3,-0.00390625,BigWig,0.9765625,0.97265625,0.00390625,2963
ENCSR060HPL,coronary artery | DNase-seq,-0.00390625,BigWig,0.9765625,0.97265625,0.00390625,2964
ENCSR016XBE,dorsolateral prefrontal cortex | Histone ChIP-seq | H3K,-0.00390625,BigWig,0.875,0.87109375,0.00390625,2965
ENCSR629RJB,dorsolateral prefrontal cortex | Histone ChIP-seq | H3K,-0.00390625,BigWig,0.9765625,0.97265625,0.00390625,2966
ENCSR401VZL,dorsolateral prefrontal cortex | Histone ChIP-seq | H3K,0.00390625,BigWig,0.734375,0.73828125,0.00390625,2967
ENCSR176WAS,duodenal mucosa | Histone ChIP-seq | H3K36me3,0.00390625,BigWig,0.890625,0.89453125,0.00390625,2968
ENCSR245YZT,duodenal mucosa | Histone ChIP-seq | H3K36me3,0.00390625,BigWig,0.9375,0.94140625,0.00390625,2969
ENCSR246ARY,duodenal mucosa | Histone ChIP-seq | H3K4me1,-0.00390625,BigWig,0.6875,0.68359375,0.00390625,2970
ENCSR581UGC,endocrine pancreas | Histone ChIP-seq | H3K27me3,0.00390625,BigWig,0.78125,0.78515625,0.00390625,2971
ENCSR817QHX,endocrine pancreas | Histone ChIP-seq | H3K4me1,0.00390625,BigWig,0.69140625,0.6953125,0.00390625,2972
ENCSR641RQV,esophagus | Histone ChIP-seq | H3K27me3,-0.00390625,BigWig,0.76953125,0.765625,0.00390625,2973
ENCSR150GLE,esophagus | Histone ChIP-seq | H3K9me3,-0.00390625,BigWig,0.94140625,0.9375,0.00390625,2974
ENCSR177CGN,esophagus muscularis mucosa | Histone ChIP-seq | H3K27m,-0.00390625,BigWig,0.7578125,0.75390625,0.00390625,2975
ENCSR578MTT,esophagus muscularis mucosa | Histone ChIP-seq | H3K9me,-0.00390625,BigWig,0.73828125,0.734375,0.00390625,2976
ENCSR057BFO,esophagus squamous epithelium | Histone ChIP-seq | H3K2,0.00390625,BigWig,0.7109375,0.71484375,0.00390625,2977
ENCSR057YVO,esophagus squamous epithelium | Histone ChIP-seq | H3K9,-0.00390625,BigWig,0.71484375,0.7109375,0.00390625,2978
ENCSR899TDF,gastrocnemius medialis | Histone ChIP-seq | H3K9me3,0.00390625,BigWig,0.6640625,0.66796875,0.00390625,2979
ENCSR922OXX,gastrocnemius medialis | Histone ChIP-seq | H3K9me3,-0.00390625,BigWig,0.69921875,0.6953125,0.00390625,2980
ENCSR872WVR,gastroesophageal sphincter | Histone ChIP-seq | H3K4me1,0.00390625,BigWig,0.71484375,0.71875,0.00390625,2981
ENCSR025CGR,gastroesophageal sphincter | Histone ChIP-seq | H3K9me3,0.00390625,BigWig,0.73046875,0.734375,0.00390625,2982
ENCSR494OXB,germinal matrix | Histone ChIP-seq | H3K27me3,0.00390625,BigWig,0.76953125,0.7734375,0.00390625,2983
ENCSR690UYB,germinal matrix | Histone ChIP-seq | H3K36me3,0.00390625,BigWig,0.89453125,0.8984375,0.00390625,2984
ENCSR717BNA,germinal matrix | Histone ChIP-seq | H3K36me3,0.00390625,BigWig,0.9453125,0.94921875,0.00390625,2985
ENCSR064VLH,germinal matrix | Histone ChIP-seq | H3K4me1,0.00390625,BigWig,0.70703125,0.7109375,0.00390625,2986
ENCSR359JHU,germinal matrix | Histone ChIP-seq | H3K9me3,-0.00390625,BigWig,0.65625,0.65234375,0.00390625,2987
ENCSR536NGW,heart | DNase-seq,0.00390625,BigWig,0.80859375,0.8125,0.00390625,2988
ENCSR109RDK,heart left ventricle | Histone ChIP-seq | H3K27me3,0.00390625,BigWig,0.68359375,0.6875,0.00390625,2989
ENCSR500ZGF,heart left ventricle | Histone ChIP-seq | H3K36me3,0.00390625,BigWig,0.875,0.87890625,0.00390625,2990
ENCSR176KNR,heart left ventricle | Histone ChIP-seq | H3K9me3,-0.00390625,BigWig,0.71484375,0.7109375,0.00390625,2991
ENCSR928HSI,heart right ventricle | Histone ChIP-seq | H3K27ac,-0.00390625,BigWig,0.7578125,0.75390625,0.00390625,2992
ENCSR676LPF,heart right ventricle | Histone ChIP-seq | H3K27me3,0.00390625,BigWig,0.69140625,0.6953125,0.00390625,2993
ENCSR142OBQ,heart right ventricle | Histone ChIP-seq | H3K36me3,-0.00390625,BigWig,0.98828125,0.984375,0.00390625,2994
ENCSR616VTK,heart right ventricle | Histone ChIP-seq | H3K36me3,0.00390625,BigWig,0.83203125,0.8359375,0.00390625,2995
ENCSR986YWZ,inferior parietal cortex | DNase-seq,-0.00390625,BigWig,0.68359375,0.6796875,0.00390625,2996
ENCSR437KLY,kidney | DNase-seq,-0.00390625,BigWig,0.625,0.62109375,0.00390625,2997
ENCSR438SPO,kidney | Histone ChIP-seq | H3K27ac,-0.00390625,BigWig,0.765625,0.76171875,0.00390625,2998
ENCSR761KZV,kidney | Histone ChIP-seq | H3K27me3,0.00390625,BigWig,0.74609375,0.75,0.00390625,2999
ENCSR994BPD,kidney | Histone ChIP-seq | H3K4me1,-0.00390625,BigWig,0.74609375,0.7421875,0.00390625,3000
ENCSR146TGM,kidney | Histone ChIP-seq | H3K9ac,0.00390625,BigWig,0.7734375,0.77734375,0.00390625,3001
ENCSR796SJV,large intestine | DNase-seq,-0.00390625,BigWig,0.7578125,0.75390625,0.00390625,3002
ENCSR874CAK,large intestine | DNase-seq,0.00390625,BigWig,0.74609375,0.75,0.00390625,3003
ENCSR691IZA,layer of hippocampus | Histone ChIP-seq | H3K36me3,-0.00390625,BigWig,0.96875,0.96484375,0.00390625,3004
ENCSR892RZN,layer of hippocampus | Histone ChIP-seq | H3K9ac,0.00390625,BigWig,0.86328125,0.8671875,0.00390625,3005
ENCSR431FZZ,layer of hippocampus | Histone ChIP-seq | H3K9me3,0.00390625,BigWig,0.77734375,0.78125,0.00390625,3006
ENCSR953HJN,layer of hippocampus | Histone ChIP-seq | H3K9me3,-0.00390625,BigWig,0.71875,0.71484375,0.00390625,3007
ENCSR976XOY,left forelimb | DNase-seq,-0.00390625,BigWig,0.96875,0.96484375,0.00390625,3008
ENCSR543YPH,left kidney | DNase-seq,0.00390625,BigWig,0.6640625,0.66796875,0.00390625,3009
ENCSR974TXT,left kidney | DNase-seq,0.00390625,BigWig,0.64453125,0.6484375,0.00390625,3010
ENCSR441OGH,left lung | DNase-seq,0.00390625,BigWig,0.57421875,0.578125,0.00390625,3011
ENCSR541AVF,left lung | DNase-seq,-0.00390625,BigWig,0.6953125,0.69140625,0.00390625,3012
ENCSR803VCR,left lung | DNase-seq,-0.00390625,BigWig,0.6171875,0.61328125,0.00390625,3013
ENCSR960EJV,left lung | DNase-seq,-0.00390625,BigWig,0.66015625,0.65625,0.00390625,3014
ENCSR318JAA,left renal pelvis | DNase-seq,0.00390625,BigWig,0.6875,0.69140625,0.00390625,3015
ENCSR320SVK,left renal pelvis | DNase-seq,0.00390625,BigWig,0.7265625,0.73046875,0.00390625,3016
ENCSR818JGZ,limb | DNase-seq,-0.00390625,BigWig,0.69921875,0.6953125,0.00390625,3017
ENCSR230IMS,liver | Histone ChIP-seq | H3K27ac,0.00390625,BigWig,0.65234375,0.65625,0.00390625,3018
ENCSR460RHN,liver | Histone ChIP-seq | H3K36me3,-0.00390625,BigWig,0.99609375,0.9921875,0.00390625,3019
ENCSR520BUX,liver | Histone ChIP-seq | H3K4me3,-0.00390625,BigWig,0.60546875,0.6015625,0.00390625,3020
ENCSR864IGD,lower leg skin | DNase-seq,-0.00390625,BigWig,0.97265625,0.96875,0.00390625,3021
ENCSR671NXL,lung | Histone ChIP-seq | H3K36me3,-0.00390625,BigWig,0.99609375,0.9921875,0.00390625,3022
ENCSR575SWA,lung | Histone ChIP-seq | H3K4me1,-0.00390625,BigWig,0.63671875,0.6328125,0.00390625,3023
ENCSR617SRM,lung | Histone ChIP-seq | H3K4me1,0.00390625,BigWig,0.61328125,0.6171875,0.00390625,3024
ENCSR953XVZ,lung | Histone ChIP-seq | H3K4me1,0.00390625,BigWig,0.56640625,0.5703125,0.00390625,3025
ENCSR413WJD,lung | Histone ChIP-seq | H3K4me3,0.00390625,BigWig,0.57421875,0.578125,0.00390625,3026
ENCSR224IYD,medulla oblongata | DNase-seq,0.00390625,BigWig,0.74609375,0.75,0.00390625,3027
ENCSR706IDL,midbrain | DNase-seq,0.00390625,BigWig,0.66015625,0.6640625,0.00390625,3028
ENCSR336RLL,mucosa of rectum | Histone ChIP-seq | H3K27me3,-0.00390625,BigWig,0.79296875,0.7890625,0.00390625,3029
ENCSR731JZN,mucosa of rectum | Histone ChIP-seq | H3K27me3,0.00390625,BigWig,0.828125,0.83203125,0.00390625,3030
ENCSR830HUE,mucosa of rectum | Histone ChIP-seq | H3K9me3,-0.00390625,BigWig,0.671875,0.66796875,0.00390625,3031
ENCSR770GNM,mucosa of stomach | Histone ChIP-seq | H3K27me3,-0.00390625,BigWig,0.84375,0.83984375,0.00390625,3032
ENCSR381EFC,muscle layer of colon | Histone ChIP-seq | H3K27me3,0.00390625,BigWig,0.765625,0.76953125,0.00390625,3033
ENCSR385NUC,muscle layer of colon | Histone ChIP-seq | H3K4me1,-0.00390625,BigWig,0.6953125,0.69140625,0.00390625,3034
ENCSR694RCH,muscle layer of duodenum | Histone ChIP-seq | H3K27ac,-0.00390625,BigWig,0.6875,0.68359375,0.00390625,3035
ENCSR628CTX,muscle layer of duodenum | Histone ChIP-seq | H3K4me1,-0.00390625,BigWig,0.71484375,0.7109375,0.00390625,3036
ENCSR062DXC,muscle of arm | DNase-seq,0.00390625,BigWig,0.69921875,0.703125,0.00390625,3037
ENCSR649PJN,muscle of arm | DNase-seq,-0.00390625,BigWig,0.63671875,0.6328125,0.00390625,3038
ENCSR868XPR,muscle of arm | DNase-seq,0.00390625,BigWig,0.6328125,0.63671875,0.00390625,3039
ENCSR949JYS,muscle of arm | DNase-seq,-0.00390625,BigWig,0.6875,0.68359375,0.00390625,3040
ENCSR951XEN,muscle of arm | DNase-seq,-0.00390625,BigWig,0.703125,0.69921875,0.00390625,3041
ENCSR010ZMK,muscle of back | DNase-seq,0.00390625,BigWig,0.703125,0.70703125,0.00390625,3042
ENCSR141NSQ,muscle of back | DNase-seq,-0.00390625,BigWig,0.67578125,0.671875,0.00390625,3043
ENCSR193LYA,muscle of back | DNase-seq,-0.00390625,BigWig,0.65234375,0.6484375,0.00390625,3044
ENCSR295ELC,muscle of back | DNase-seq,-0.00390625,BigWig,0.6953125,0.69140625,0.00390625,3045
ENCSR357RED,muscle of back | DNase-seq,0.00390625,BigWig,0.6484375,0.65234375,0.00390625,3046
ENCSR059LXL,muscle of leg | DNase-seq,0.00390625,BigWig,0.6875,0.69140625,0.00390625,3047
ENCSR167XSQ,muscle of leg | DNase-seq,-0.00390625,BigWig,0.6875,0.68359375,0.00390625,3048
ENCSR150MZT,muscle of leg | Histone ChIP-seq | H3K36me3,-0.00390625,BigWig,0.96875,0.96484375,0.00390625,3049
ENCSR686PTV,muscle of trunk | Histone ChIP-seq | H3K27me3,0.00390625,BigWig,0.98046875,0.984375,0.00390625,3050
ENCSR154OUQ,omental fat pad | DNase-seq,-0.00390625,BigWig,0.9609375,0.95703125,0.00390625,3051
ENCSR244ZEJ,omental fat pad | DNase-seq,-0.00390625,BigWig,0.97265625,0.96875,0.00390625,3052
ENCSR712PYJ,ovary | DNase-seq,0.00390625,BigWig,0.7734375,0.77734375,0.00390625,3053
ENCSR315LPR,pancreas | Histone ChIP-seq | H3K4me3,-0.00390625,BigWig,0.62890625,0.625,0.00390625,3054
ENCSR533HDU,pancreas | Histone ChIP-seq | H3K9me3,0.00390625,BigWig,0.8203125,0.82421875,0.00390625,3055
ENCSR335LTZ,parathyroid adenoma | Histone ChIP-seq | H3K9ac,0.00390625,BigWig,0.71484375,0.71875,0.00390625,3056
ENCSR492DBQ,parathyroid adenoma | Histone ChIP-seq | H3K9ac,-0.00390625,BigWig,0.7578125,0.75390625,0.00390625,3057
ENCSR688SJY,parathyroid adenoma | Histone ChIP-seq | H3K9me3,-0.00390625,BigWig,0.65625,0.65234375,0.00390625,3058
ENCSR552RKI,placenta | DNase-seq,-0.00390625,BigWig,0.94140625,0.9375,0.00390625,3059
ENCSR575VMI,placenta | DNase-seq,0.00390625,BigWig,0.75390625,0.7578125,0.00390625,3060
ENCSR802AJE,placenta | DNase-seq,0.00390625,BigWig,0.79296875,0.796875,0.00390625,3061
ENCSR451EKU,placenta | Histone ChIP-seq | H3K9me3,0.00390625,BigWig,0.6328125,0.63671875,0.00390625,3062
ENCSR526RGE,placental basal plate | Histone ChIP-seq | H3K27ac,0.00390625,BigWig,0.90625,0.91015625,0.00390625,3063
ENCSR481QER,placental basal plate | Histone ChIP-seq | H3K4me1,0.00390625,BigWig,0.87109375,0.875,0.00390625,3064
ENCSR829MXU,pons | DNase-seq,0.00390625,BigWig,0.71484375,0.71875,0.00390625,3065
ENCSR133QBG,prostate gland | Histone ChIP-seq | H3K9me3,0.00390625,BigWig,0.7265625,0.73046875,0.00390625,3066
ENCSR949OYZ,psoas muscle | Histone ChIP-seq | H3K4me3,-0.00390625,BigWig,0.59375,0.58984375,0.00390625,3067
ENCSR394DRL,psoas muscle | Histone ChIP-seq | H3K9me3,0.00390625,BigWig,0.58203125,0.5859375,0.00390625,3068
ENCSR022ECC,renal cortex interstitium | DNase-seq,0.00390625,BigWig,0.64453125,0.6484375,0.00390625,3069
ENCSR550UWM,renal cortex interstitium | DNase-seq,-0.00390625,BigWig,0.65234375,0.6484375,0.00390625,3070
ENCSR828RNY,renal cortex interstitium | DNase-seq,0.00390625,BigWig,0.640625,0.64453125,0.00390625,3071
ENCSR932DHT,renal cortex interstitium | DNase-seq,-0.00390625,BigWig,0.65625,0.65234375,0.00390625,3072
ENCSR141DMX,renal pelvis | DNase-seq,-0.00390625,BigWig,0.703125,0.69921875,0.00390625,3073
ENCSR301RCD,renal pelvis | DNase-seq,0.00390625,BigWig,0.703125,0.70703125,0.00390625,3074
ENCSR911YVV,renal pelvis | DNase-seq,-0.00390625,BigWig,0.6484375,0.64453125,0.00390625,3075
ENCSR474GZQ,retina | DNase-seq,0.00390625,BigWig,0.6796875,0.68359375,0.00390625,3076
ENCSR967KZJ,right atrium auricular region | Histone ChIP-seq | H3K3,-0.00390625,BigWig,0.8671875,0.86328125,0.00390625,3077
ENCSR972RKX,right cardiac atrium | Histone ChIP-seq | H3K27me3,0.00390625,BigWig,0.65625,0.66015625,0.00390625,3078
ENCSR548LZS,right cardiac atrium | Histone ChIP-seq | H3K4me3,0.00390625,BigWig,0.578125,0.58203125,0.00390625,3079
ENCSR274SDO,right forelimb | DNase-seq,0.00390625,BigWig,0.91015625,0.9140625,0.00390625,3080
ENCSR449HOQ,right hindlimb | DNase-seq,0.00390625,BigWig,0.85546875,0.859375,0.00390625,3081
ENCSR414ZUA,right kidney | DNase-seq,-0.00390625,BigWig,0.6640625,0.66015625,0.00390625,3082
ENCSR871APX,right kidney | DNase-seq,0.00390625,BigWig,0.71484375,0.71875,0.00390625,3083
ENCSR080QVO,right lobe of liver | Histone ChIP-seq | H3K36me3,-0.00390625,BigWig,0.8125,0.80859375,0.00390625,3084
ENCSR489DUV,right lobe of liver | Histone ChIP-seq | H3K4me1,0.00390625,BigWig,0.703125,0.70703125,0.00390625,3085
ENCSR614JFD,right lobe of liver | Histone ChIP-seq | H3K9me3,0.00390625,BigWig,0.69140625,0.6953125,0.00390625,3086
ENCSR263IGU,right lung | DNase-seq,0.00390625,BigWig,0.59765625,0.6015625,0.00390625,3087
ENCSR299INS,right lung | DNase-seq,-0.00390625,BigWig,0.65625,0.65234375,0.00390625,3088
ENCSR445XYW,right lung | DNase-seq,0.00390625,BigWig,0.6640625,0.66796875,0.00390625,3089
ENCSR964VVW,right lung | DNase-seq,-0.00390625,BigWig,0.6328125,0.62890625,0.00390625,3090
ENCSR540PVZ,right renal pelvis | DNase-seq,-0.00390625,BigWig,0.7109375,0.70703125,0.00390625,3091
ENCSR391YAV,sigmoid colon | DNase-seq,-0.00390625,BigWig,0.94921875,0.9453125,0.00390625,3092
ENCSR462XTM,sigmoid colon | DNase-seq,-0.00390625,BigWig,0.97265625,0.96875,0.00390625,3093
ENCSR213SMK,sigmoid colon | Histone ChIP-seq | H3K27ac,-0.00390625,BigWig,0.8125,0.80859375,0.00390625,3094
ENCSR897TGR,sigmoid colon | Histone ChIP-seq | H3K27me3,-0.00390625,BigWig,0.875,0.87109375,0.00390625,3095
ENCSR445RFF,sigmoid colon | Histone ChIP-seq | H3K36me3,0.00390625,BigWig,0.9375,0.94140625,0.00390625,3096
ENCSR751JOQ,sigmoid colon | Histone ChIP-seq | H3K36me3,0.00390625,BigWig,0.87890625,0.8828125,0.00390625,3097
ENCSR782OZZ,sigmoid colon | Histone ChIP-seq | H3K4me1,0.00390625,BigWig,0.71484375,0.71875,0.00390625,3098
ENCSR682GOI,sigmoid colon | Histone ChIP-seq | H3K9me3,0.00390625,BigWig,0.70703125,0.7109375,0.00390625,3099
ENCSR238LEG,skeletal muscle tissue | Histone ChIP-seq | H3K4me3,-0.00390625,BigWig,0.6796875,0.67578125,0.00390625,3100
ENCSR767NIF,skeletal muscle tissue | Histone ChIP-seq | H3K4me3,-0.00390625,BigWig,0.7421875,0.73828125,0.00390625,3101
ENCSR666TSJ,skeletal muscle tissue | Histone ChIP-seq | H3K9ac,-0.00390625,BigWig,0.84375,0.83984375,0.00390625,3102
ENCSR591FTM,skeletal muscle tissue | Histone ChIP-seq | H3K9me3,0.00390625,BigWig,0.80859375,0.8125,0.00390625,3103
ENCSR092OFK,skin of body | DNase-seq,0.00390625,BigWig,0.6640625,0.66796875,0.00390625,3104
ENCSR133KBX,small intestine | DNase-seq,-0.00390625,BigWig,0.703125,0.69921875,0.00390625,3105
ENCSR188JLO,small intestine | DNase-seq,0.00390625,BigWig,0.69140625,0.6953125,0.00390625,3106
ENCSR945RWN,small intestine | DNase-seq,-0.00390625,BigWig,0.6953125,0.69140625,0.00390625,3107
ENCSR892XFG,small intestine | Histone ChIP-seq | H3K27ac,-0.00390625,BigWig,0.5859375,0.58203125,0.00390625,3108
ENCSR340OPI,small intestine | Histone ChIP-seq | H3K27me3,-0.00390625,BigWig,0.84375,0.83984375,0.00390625,3109
ENCSR877PAS,small intestine | Histone ChIP-seq | H3K27me3,-0.00390625,BigWig,0.80859375,0.8046875,0.00390625,3110
ENCSR073YZL,small intestine | Histone ChIP-seq | H3K36me3,0.00390625,BigWig,0.80859375,0.8125,0.00390625,3111
ENCSR417RFS,small intestine | Histone ChIP-seq | H3K9me3,0.00390625,BigWig,0.6953125,0.69921875,0.00390625,3112
ENCSR170MAJ,spleen | Histone ChIP-seq | H3K27ac,0.00390625,BigWig,0.5703125,0.57421875,0.00390625,3113
ENCSR161FEJ,spleen | Histone ChIP-seq | H3K27me3,0.00390625,BigWig,0.7578125,0.76171875,0.00390625,3114
ENCSR608FDQ,spleen | Histone ChIP-seq | H3K27me3,0.00390625,BigWig,0.8046875,0.80859375,0.00390625,3115
ENCSR432KIH,spleen | Histone ChIP-seq | H3K4me3,-0.00390625,BigWig,0.9609375,0.95703125,0.00390625,3116
ENCSR119HXE,stomach | DNase-seq,-0.00390625,BigWig,0.703125,0.69921875,0.00390625,3117
ENCSR627KFV,stomach | DNase-seq,0.00390625,BigWig,0.71484375,0.71875,0.00390625,3118
ENCSR641ZPF,stomach | DNase-seq,-0.00390625,BigWig,0.96484375,0.9609375,0.00390625,3119
ENCSR357ROS,stomach | Histone ChIP-seq | H3K27me3,-0.00390625,BigWig,0.76953125,0.765625,0.00390625,3120
ENCSR269GMC,stomach | Histone ChIP-seq | H3K36me3,-0.00390625,BigWig,0.9921875,0.98828125,0.00390625,3121
ENCSR257BCD,stomach | Histone ChIP-seq | H3K4me1,-0.00390625,BigWig,0.8984375,0.89453125,0.00390625,3122
ENCSR129NCV,stomach | Histone ChIP-seq | H3K4me3,0.00390625,BigWig,0.921875,0.92578125,0.00390625,3123
ENCSR217CEY,stomach smooth muscle | Histone ChIP-seq | H3K27me3,-0.00390625,BigWig,0.8125,0.80859375,0.00390625,3124
ENCSR339PHE,stomach smooth muscle | Histone ChIP-seq | H3K4me1,0.00390625,BigWig,0.77734375,0.78125,0.00390625,3125
ENCSR339PLH,stomach smooth muscle | Histone ChIP-seq | H3K9ac,0.00390625,BigWig,0.734375,0.73828125,0.00390625,3126
ENCSR214JUK,subcutaneous abdominal adipose tissue | Histone ChIP-se,0.00390625,BigWig,0.75,0.75390625,0.00390625,3127
ENCSR240LEQ,subcutaneous abdominal adipose tissue | Histone ChIP-se,0.00390625,BigWig,0.5234375,0.52734375,0.00390625,3128
ENCSR345PSR,subcutaneous abdominal adipose tissue | Histone ChIP-se,-0.00390625,BigWig,0.9921875,0.98828125,0.00390625,3129
ENCSR559RGT,subcutaneous abdominal adipose tissue | Histone ChIP-se,-0.00390625,BigWig,0.99609375,0.9921875,0.00390625,3130
ENCSR989POD,subcutaneous abdominal adipose tissue | Histone ChIP-se,-0.00390625,BigWig,0.9921875,0.98828125,0.00390625,3131
ENCSR032FUX,subcutaneous abdominal adipose tissue | Histone ChIP-se,0.00390625,BigWig,0.609375,0.61328125,0.00390625,3132
ENCSR213APK,subcutaneous abdominal adipose tissue | Histone ChIP-se,-0.00390625,BigWig,0.65625,0.65234375,0.00390625,3133
ENCSR318DAP,subcutaneous abdominal adipose tissue | Histone ChIP-se,-0.00390625,BigWig,0.78515625,0.78125,0.00390625,3134
ENCSR568CDB,subcutaneous abdominal adipose tissue | Histone ChIP-se,-0.00390625,BigWig,0.6640625,0.66015625,0.00390625,3135
ENCSR726WVB,substantia nigra | Histone ChIP-seq | H3K27ac,0.00390625,BigWig,0.8828125,0.88671875,0.00390625,3136
ENCSR180CHR,substantia nigra | Histone ChIP-seq | H3K27me3,0.00390625,BigWig,0.77734375,0.78125,0.00390625,3137
ENCSR559CSJ,substantia nigra | Histone ChIP-seq | H3K4me1,-0.00390625,BigWig,0.796875,0.79296875,0.00390625,3138
ENCSR568EZU,substantia nigra | Histone ChIP-seq | H3K9me3,0.00390625,BigWig,0.69140625,0.6953125,0.00390625,3139
ENCSR781OGI,temporal lobe | Histone ChIP-seq | H3K36me3,-0.00390625,BigWig,0.97265625,0.96875,0.00390625,3140
ENCSR901SCD,temporal lobe | Histone ChIP-seq | H3K4me1,-0.00390625,BigWig,0.796875,0.79296875,0.00390625,3141
ENCSR477BHF,temporal lobe | Histone ChIP-seq | H3K4me3,-0.00390625,BigWig,0.73046875,0.7265625,0.00390625,3142
ENCSR768DMK,temporal lobe | Histone ChIP-seq | H3K9ac,0.00390625,BigWig,0.84375,0.84765625,0.00390625,3143
ENCSR405YYG,temporal lobe | Histone ChIP-seq | H3K9me3,0.00390625,BigWig,0.76953125,0.7734375,0.00390625,3144
ENCSR278FHC,testis | DNase-seq,-0.00390625,BigWig,0.68359375,0.6796875,0.00390625,3145
ENCSR015GFK,thoracic aorta | Histone ChIP-seq | H3K27ac,-0.00390625,BigWig,0.71484375,0.7109375,0.00390625,3146
ENCSR939RLS,thoracic aorta | Histone ChIP-seq | H3K27me3,-0.00390625,BigWig,0.71484375,0.7109375,0.00390625,3147
ENCSR083MAZ,thoracic aorta | Histone ChIP-seq | H3K36me3,-0.00390625,BigWig,0.87890625,0.875,0.00390625,3148
ENCSR988DFT,thoracic aorta | Histone ChIP-seq | H3K36me3,-0.00390625,BigWig,0.8125,0.80859375,0.00390625,3149
ENCSR930HLX,thoracic aorta | Histone ChIP-seq | H3K4me3,-0.00390625,BigWig,0.6484375,0.64453125,0.00390625,3150
ENCSR342NCX,thymus | DNase-seq,0.00390625,BigWig,0.703125,0.70703125,0.00390625,3151
ENCSR541UPY,thymus | DNase-seq,0.00390625,BigWig,0.78125,0.78515625,0.00390625,3152
ENCSR544KDB,thymus | DNase-seq,-0.00390625,BigWig,0.7734375,0.76953125,0.00390625,3153
ENCSR777USE,thymus | DNase-seq,-0.00390625,BigWig,0.671875,0.66796875,0.00390625,3154
ENCSR888UPQ,thymus | DNase-seq,-0.00390625,BigWig,0.6953125,0.69140625,0.00390625,3155
ENCSR962EAP,thymus | DNase-seq,-0.00390625,BigWig,0.68359375,0.6796875,0.00390625,3156
ENCSR952EID,thymus | Histone ChIP-seq | H3K27me3,-0.00390625,BigWig,0.8125,0.80859375,0.00390625,3157
ENCSR696TPW,thyroid gland | DNase-seq,-0.00390625,BigWig,0.95703125,0.953125,0.00390625,3158
ENCSR203KCB,thyroid gland | Histone ChIP-seq | H3K27ac,-0.00390625,BigWig,0.6796875,0.67578125,0.00390625,3159
ENCSR597BWL,thyroid gland | Histone ChIP-seq | H3K27ac,0.00390625,BigWig,0.73046875,0.734375,0.00390625,3160
ENCSR716FUH,thyroid gland | Histone ChIP-seq | H3K27ac,-0.00390625,BigWig,0.703125,0.69921875,0.00390625,3161
ENCSR225VCV,thyroid gland | Histone ChIP-seq | H3K36me3,-0.00390625,BigWig,0.78515625,0.78125,0.00390625,3162
ENCSR064LHU,thyroid gland | Histone ChIP-seq | H3K4me1,0.00390625,BigWig,0.7109375,0.71484375,0.00390625,3163
ENCSR906YES,thyroid gland | Histone ChIP-seq | H3K4me1,0.00390625,BigWig,0.703125,0.70703125,0.00390625,3164
ENCSR761WVQ,thyroid gland | Histone ChIP-seq | H3K4me3,-0.00390625,BigWig,0.71484375,0.7109375,0.00390625,3165
ENCSR901BRV,thyroid gland | Histone ChIP-seq | H3K4me3,-0.00390625,BigWig,0.7421875,0.73828125,0.00390625,3166
ENCSR975NOU,thyroid gland | Histone ChIP-seq | H3K4me3,-0.00390625,BigWig,0.65625,0.65234375,0.00390625,3167
ENCSR080ISA,tibial artery | DNase-seq,-0.00390625,BigWig,0.9765625,0.97265625,0.00390625,3168
ENCSR332MRT,tibial artery | DNase-seq,-0.00390625,BigWig,0.95703125,0.953125,0.00390625,3169
ENCSR233LCT,tibial artery | Histone ChIP-seq | H3K4me1,0.00390625,BigWig,0.73828125,0.7421875,0.00390625,3170
ENCSR401ESD,tibial nerve | DNase-seq,-0.00390625,BigWig,0.98046875,0.9765625,0.00390625,3171
ENCSR157ZVP,tibial nerve | Histone ChIP-seq | H3K36me3,-0.00390625,BigWig,0.80859375,0.8046875,0.00390625,3172
ENCSR314SPW,tibial nerve | Histone ChIP-seq | H3K4me3,-0.00390625,BigWig,0.68359375,0.6796875,0.00390625,3173
ENCSR069EGE,transverse colon | Histone ChIP-seq | H3K27ac,-0.00390625,BigWig,0.62890625,0.625,0.00390625,3174
ENCSR208QRN,transverse colon | Histone ChIP-seq | H3K27ac,0.00390625,BigWig,0.63671875,0.640625,0.00390625,3175
ENCSR640XRV,transverse colon | Histone ChIP-seq | H3K27ac,-0.00390625,BigWig,0.65234375,0.6484375,0.00390625,3176
ENCSR643KID,transverse colon | Histone ChIP-seq | H3K27me3,0.00390625,BigWig,0.71875,0.72265625,0.00390625,3177
ENCSR840VWD,transverse colon | Histone ChIP-seq | H3K27me3,-0.00390625,BigWig,0.734375,0.73046875,0.00390625,3178
ENCSR791LZY,transverse colon | Histone ChIP-seq | H3K4me1,0.00390625,BigWig,0.66796875,0.671875,0.00390625,3179
ENCSR933BVL,transverse colon | Histone ChIP-seq | H3K4me3,0.00390625,BigWig,0.70703125,0.7109375,0.00390625,3180
ENCSR746MTU,trophoblast | Histone ChIP-seq | H3K36me3,-0.00390625,BigWig,0.93359375,0.9296875,0.00390625,3181
ENCSR738SXD,upper lobe of left lung | Histone ChIP-seq | H3K27ac,0.00390625,BigWig,0.640625,0.64453125,0.00390625,3182
ENCSR208WDY,upper lobe of left lung | Histone ChIP-seq | H3K4me3,-0.00390625,BigWig,0.7421875,0.73828125,0.00390625,3183
ENCSR437AYW,vagina | DNase-seq,-0.00390625,BigWig,0.97265625,0.96875,0.00390625,3184
CNhs12331_P,B lymphoblastoid cell line | CAGE,-0.00390625,BigWig,0.50390625,0.5,0.00390625,3185
CNhs11268_P,Burkitt's lymphoma cell line | CAGE,-0.00390625,BigWig,0.50390625,0.5,0.00390625,3186
CNhs11715_P,Hodgkin's lymphoma cell line | CAGE,-0.00390625,BigWig,0.50390625,0.5,0.00390625,3187
CNhs11822_P,Krukenberg tumor cell line | CAGE,-0.00390625,BigWig,0.50390625,0.5,0.00390625,3188
CNhs11251_P,acute lymphoblastic leukemia (B-ALL) cell line | CAGE,-0.00390625,BigWig,0.50390625,0.5,0.00390625,3189
CNhs11282_P,acute lymphoblastic leukemia (B-ALL) cell line | CAGE,-0.00390625,BigWig,0.50390625,0.5,0.00390625,3190
CNhs10746_P,acute lymphoblastic leukemia (T-ALL) cell line | CAGE,-0.00390625,BigWig,0.50390625,0.5,0.00390625,3191
CNhs11253_P,acute lymphoblastic leukemia (T-ALL) cell line | CAGE,-0.00390625,BigWig,0.50390625,0.5,0.00390625,3192
CNhs13053_P,acute myeloid leukemia (FAB M0) cell line | CAGE,-0.00390625,BigWig,0.50390625,0.5,0.00390625,3193
CNhs13054_P,acute myeloid leukemia (FAB M1) cell line | CAGE,-0.00390625,BigWig,0.50390625,0.5,0.00390625,3194
CNhs13052_P,acute myeloid leukemia (FAB M2) cell line | CAGE,-0.00390625,BigWig,0.50390625,0.5,0.00390625,3195
CNhs13055_P,acute myeloid leukemia (FAB M3) cell line | CAGE,-0.00390625,BigWig,0.50390625,0.5,0.00390625,3196
CNhs13503_P,acute myeloid leukemia (FAB M4) cell line | CAGE,-0.00390625,BigWig,0.50390625,0.5,0.00390625,3197
CNhs13504_P,acute myeloid leukemia (FAB M4) cell line | CAGE,-0.00390625,BigWig,0.50390625,0.5,0.00390625,3198
CNhs13056_P,acute myeloid leukemia (FAB M4eo) cell line | CAGE,-0.00390625,BigWig,0.50390625,0.5,0.00390625,3199
CNhs13057_P,acute myeloid leukemia (FAB M4eo) cell line | CAGE,-0.00390625,BigWig,0.50390625,0.5,0.00390625,3200
CNhs13050_P,acute myeloid leukemia (FAB M5) cell line | CAGE,-0.00390625,BigWig,0.50390625,0.5,0.00390625,3201
CNhs13058_P,acute myeloid leukemia (FAB M5) cell line | CAGE,-0.00390625,BigWig,0.50390625,0.5,0.00390625,3202
CNhs13060_P,acute myeloid leukemia (FAB M6) cell line | CAGE,-0.00390625,BigWig,0.50390625,0.5,0.00390625,3203
CNhs11888_P,acute myeloid leukemia (FAB M7) cell line | CAGE,-0.00390625,BigWig,0.5078125,0.50390625,0.00390625,3204
CNhs13049_P,acute myeloid leukemia (FAB M7) cell line | CAGE,-0.00390625,BigWig,0.50390625,0.5,0.00390625,3205
CNhs11833_P,chondrosarcoma cell line | CAGE,-0.00390625,BigWig,0.50390625,0.5,0.00390625,3206
CNhs11714_P,chronic lymphocytic leukemia (T-CLL) cell line | CAGE,-0.00390625,BigWig,0.50390625,0.5,0.00390625,3207
CNhs10727_P,chronic myelogenous leukemia cell line | CAGE,-0.00390625,BigWig,0.50390625,0.5,0.00390625,3208
CNhs12334_P,chronic myelogenous leukemia cell line | CAGE,-0.00390625,BigWig,0.50390625,0.5,0.00390625,3209
CNhs10737_P,colon carcinoma cell line | CAGE,-0.00390625,BigWig,0.50390625,0.5,0.00390625,3210
CNhs11045_P,cord blood derived cell line | CAGE,-0.00390625,BigWig,0.5078125,0.50390625,0.00390625,3211
CNhs11741_P,diffuse large B-cell lymphoma cell line | CAGE,-0.00390625,BigWig,0.50390625,0.5,0.00390625,3212
CNhs11046_P,embryonic kidney cell line | CAGE,-0.00390625,BigWig,0.5078125,0.50390625,0.00390625,3213
CNhs11731_P,embryonic pancreas cell line | CAGE,-0.00390625,BigWig,0.50390625,0.5,0.00390625,3214
CNhs11733_P,embryonic pancreas cell line | CAGE,-0.00390625,BigWig,0.50390625,0.5,0.00390625,3215
CNhs11814_P,embryonic pancreas cell line | CAGE,-0.00390625,BigWig,0.50390625,0.5,0.00390625,3216
CNhs14239_P,epithelioid sarcoma cell line | CAGE,-0.00390625,BigWig,0.50390625,0.5,0.00390625,3217
CNhs10731_P,glioma cell line | CAGE,-0.00390625,BigWig,0.50390625,0.5,0.00390625,3218
CNhs11880_M,keratoacanthoma cell line | CAGE,0.00390625,BigWig,0.59765625,0.6015625,0.00390625,3219
CNhs11750_P,lens epithelial cell line | CAGE,-0.00390625,BigWig,0.50390625,0.5,0.00390625,3220
CNhs11870_P,liposarcoma cell line | CAGE,-0.00390625,BigWig,0.5078125,0.50390625,0.00390625,3221
CNhs12805_P,medulloblastoma cell line | CAGE,-0.00390625,BigWig,0.5078125,0.50390625,0.00390625,3222
CNhs12838_P,merkel cell carcinoma cell line | CAGE,-0.00390625,BigWig,0.5078125,0.50390625,0.00390625,3223
CNhs13063_P,mesothelioma cell line | CAGE,-0.00390625,BigWig,0.50390625,0.5,0.00390625,3224
CNhs13067_P,mesothelioma cell line | CAGE,-0.00390625,BigWig,0.50390625,0.5,0.00390625,3225
CNhs13068_P,mesothelioma cell line | CAGE,-0.00390625,BigWig,0.5078125,0.50390625,0.00390625,3226
CNhs11729_P,myxofibrosarcoma cell line | CAGE,-0.00390625,BigWig,0.50390625,0.5,0.00390625,3227
CNhs11276_P,neuroblastoma cell line | CAGE,-0.00390625,BigWig,0.50390625,0.5,0.00390625,3228
CNhs11744_P,neuroectodermal tumor cell line | CAGE,-0.00390625,BigWig,0.50390625,0.5,0.00390625,3229
CNhs11853_P,neuroepithelioma cell line | CAGE,-0.00390625,BigWig,0.50390625,0.5,0.00390625,3230
CNhs10747_P,non T non B acute lymphoblastic leukemia (ALL) cell lin,-0.00390625,BigWig,0.50390625,0.5,0.00390625,3231
CNhs12193_P,non-small cell lung cancer cell line | CAGE,-0.00390625,BigWig,0.50390625,0.5,0.00390625,3232
CNhs12807_P,plasma cell leukemia cell line | CAGE,-0.00390625,BigWig,0.5078125,0.50390625,0.00390625,3233
CNhs11269_P,rhabdomyosarcoma cell line | CAGE,-0.00390625,BigWig,0.50390625,0.5,0.00390625,3234
CNhs11829_P,sacrococcigeal teratoma cell line | CAGE,-0.00390625,BigWig,0.50390625,0.5,0.00390625,3235
CNhs13099_P,serous adenocarcinoma cell line | CAGE,-0.00390625,BigWig,0.50390625,0.5,0.00390625,3236
CNhs12809_P,small cell lung carcinoma cell line | CAGE,-0.00390625,BigWig,0.50390625,0.5,0.00390625,3237
CNhs10741_P,splenic lymphoma with villous lymphocytes cell line | C,-0.00390625,BigWig,0.50390625,0.5,0.00390625,3238
CNhs14240_P,squamous cell lung carcinoma cell line | CAGE,-0.00390625,BigWig,0.50390625,0.5,0.00390625,3239
CNhs12351_P,testicular germ cell embryonal carcinoma cell line | CA,-0.00390625,BigWig,0.50390625,0.5,0.00390625,3240
CNhs14139_P,thymic carcinoma cell line | CAGE,-0.00390625,BigWig,0.50390625,0.5,0.00390625,3241
CNhs11828_P,tridermal teratoma cell line | CAGE,-0.00390625,BigWig,0.50390625,0.5,0.00390625,3242
CNhs12546_P,Basophils | CAGE,-0.00390625,BigWig,0.50390625,0.5,0.00390625,3243
CNhs12552_P,"CD133+ stem cells - adult bone marrow derived, pool1 |",-0.00390625,BigWig,0.50390625,0.5,0.00390625,3244
CNhs12545_M,"CD133+ stem cells - cord blood derived, pool1 | CAGE",0.00390625,BigWig,0.5,0.50390625,0.00390625,3245
CNhs13473_P,CD14+ monocytes - treated with Candida | CAGE,-0.00390625,BigWig,0.50390625,0.5,0.00390625,3246
CNhs13469_P,CD14+ monocytes - treated with Group A streptococci | C,-0.00390625,BigWig,0.50390625,0.5,0.00390625,3247
CNhs12177_P,"CD19+ B Cells (pluriselect), donation1 | CAGE",-0.00390625,BigWig,0.50390625,0.5,0.00390625,3248
CNhs12181_P,"CD19+ B Cells (pluriselect), donation3 | CAGE",-0.00390625,BigWig,0.50390625,0.5,0.00390625,3249
CNhs12343_P,CD19+ B Cells | CAGE,-0.00390625,BigWig,0.50390625,0.5,0.00390625,3250
CNhs12205_P,CD34+ Progenitors | CAGE,-0.00390625,BigWig,0.50390625,0.5,0.00390625,3251
CNhs10853_P,CD4+ T Cells | CAGE,-0.00390625,BigWig,0.50390625,0.5,0.00390625,3252
CNhs13203_P,CD4+CD25+CD45RA+ naive regulatory T cells expanded | CA,-0.00390625,BigWig,0.5078125,0.50390625,0.00390625,3253
CNhs13204_P,CD4+CD25+CD45RA- memory regulatory T cells expanded | C,-0.00390625,BigWig,0.5078125,0.50390625,0.00390625,3254
CNhs13202_P,CD4+CD25-CD45RA+ naive conventional T cells expanded |,-0.00390625,BigWig,0.50390625,0.5,0.00390625,3255
CNhs13215_P,CD4+CD25-CD45RA- memory conventional T cells expanded |,-0.00390625,BigWig,0.5078125,0.50390625,0.00390625,3256
CNhs12176_P,"CD8+ T Cells (pluriselect), donation1 | CAGE",-0.00390625,BigWig,0.50390625,0.5,0.00390625,3257
CNhs12178_P,"CD8+ T Cells (pluriselect), donation2 | CAGE",-0.00390625,BigWig,0.50390625,0.5,0.00390625,3258
CNhs10854_P,CD8+ T Cells | CAGE,-0.00390625,BigWig,0.50390625,0.5,0.00390625,3259
CNhs10848_P,"Fibroblast - Gingival,  (GFH2) | CAGE",-0.00390625,BigWig,0.50390625,0.5,0.00390625,3260
CNhs14128_P,"Fibroblast - Gingival,  (aggressive periodontitis) | CA",-0.00390625,BigWig,0.50390625,0.5,0.00390625,3261
CNhs14132_P,"Fibroblast - Gingival,  (chronic periodontitis) | CAGE",-0.00390625,BigWig,0.50390625,0.5,0.00390625,3262
CNhs14129_P,"Fibroblast - Gingival,  (control) | CAGE",-0.00390625,BigWig,0.50390625,0.5,0.00390625,3263
CNhs14135_P,"Fibroblast - Gingival,  (periodontitis) | CAGE",-0.00390625,BigWig,0.50390625,0.5,0.00390625,3264
CNhs11380_M,Fibroblast - Lung | CAGE,-0.00390625,BigWig,0.5703125,0.56640625,0.00390625,3265
CNhs11322_P,Fibroblast - Lymphatic | CAGE,-0.00390625,BigWig,0.50390625,0.5,0.00390625,3266
CNhs12493_P,"Fibroblast - Periodontal Ligament,  (PL29) | CAGE",-0.00390625,BigWig,0.50390625,0.5,0.00390625,3267
CNhs11074_P,Fibroblast - skin spinal muscular atrophy | CAGE,-0.00390625,BigWig,0.5078125,0.50390625,0.00390625,3268
CNhs11352_P,Fibroblast - skin walker warburg | CAGE,-0.00390625,BigWig,0.5078125,0.50390625,0.00390625,3269
CNhs10859_P,Natural Killer Cells | CAGE,-0.00390625,BigWig,0.50390625,0.5,0.00390625,3270
CNhs11063_P,Neural stem cells | CAGE,0.00390625,BigWig,0.515625,0.51953125,0.00390625,3271
CNhs10862_P,Neutrophils | CAGE,-0.00390625,BigWig,0.50390625,0.5,0.00390625,3272
CNhs10860_P,Peripheral Blood Mononuclear Cells | CAGE,-0.00390625,BigWig,0.50390625,0.5,0.00390625,3273
CNhs12065_M,Preadipocyte - perirenal | CAGE,0.00390625,BigWig,0.515625,0.51953125,0.00390625,3274
CNhs10851_P,Sertoli Cells | CAGE,-0.00390625,BigWig,0.50390625,0.5,0.00390625,3275
CNhs10839_P,Smooth Muscle Cells - Umbilical artery | CAGE,-0.00390625,BigWig,0.50390625,0.5,0.00390625,3276
CNhs13914_P,gamma delta positive T cells | CAGE,-0.00390625,BigWig,0.50390625,0.5,0.00390625,3277
CNhs12519_P,granulocyte macrophage progenitor | CAGE,-0.00390625,BigWig,0.50390625,0.5,0.00390625,3278
CNhs12520_P,promyelocytes/myelocytes PMC | CAGE,-0.00390625,BigWig,0.50390625,0.5,0.00390625,3279
CNhs12842_P,"appendix, adult | CAGE",-0.00390625,BigWig,0.50390625,0.5,0.00390625,3280
CNhs13802_P,caudate nucleus - adult | CAGE,-0.00390625,BigWig,0.50390625,0.5,0.00390625,3281
CNhs13799_P,cerebellum - adult | CAGE,-0.00390625,BigWig,0.50390625,0.5,0.00390625,3282
CNhs14080_P,"locus coeruleus, newborn | CAGE",-0.00390625,BigWig,0.5078125,0.50390625,0.00390625,3283
CNhs14069_P,"medial frontal gyrus, newborn | CAGE",-0.00390625,BigWig,0.50390625,0.5,0.00390625,3284
CNhs14229_P,"medial temporal gyrus, adult, tech  | CAGE",-0.00390625,BigWig,0.50390625,0.5,0.00390625,3285
CNhs13798_P,occipital cortex - adult | CAGE,-0.00390625,BigWig,0.50390625,0.5,0.00390625,3286
CNhs11784_P,"occipital lobe, fetal | CAGE",-0.00390625,BigWig,0.50390625,0.5,0.00390625,3287
CNhs14074_P,"parietal lobe, newborn | CAGE",-0.00390625,BigWig,0.50390625,0.5,0.00390625,3288
CNhs13805_M,pituitary gland - adult | CAGE,0.00390625,BigWig,0.59375,0.59765625,0.00390625,3289
CNhs14083_P,"putamen, newborn | CAGE",-0.00390625,BigWig,0.50390625,0.5,0.00390625,3290
CNhs11777_P,"rectum, fetal | CAGE",-0.00390625,BigWig,0.50390625,0.5,0.00390625,3291
CNhs12851_P,"seminal vesicle, adult | CAGE",-0.00390625,BigWig,0.50390625,0.5,0.00390625,3292
CNhs11776_P,"skeletal muscle, fetal | CAGE",-0.00390625,BigWig,0.50390625,0.5,0.00390625,3293
CNhs11772_P,"temporal lobe, fetal, tech  | CAGE",-0.00390625,BigWig,0.50390625,0.5,0.00390625,3294
CNhs14223_P,"thalamus, adult, tech  | CAGE",-0.00390625,BigWig,0.50390625,0.5,0.00390625,3295
GTEX-11GSP-0326-SM-5A5KW.1,adrenal gland | RNA-seq,-0.00390625,BigWig,1.0,0.99609375,0.00390625,3296
GTEX-13W3W-1226-SM-5LU4H.1,breast | RNA-seq,-0.00390625,BigWig,1.0,0.99609375,0.00390625,3297
GTEX-1GN1W-1926-SM-7P8TH.1,breast | RNA-seq,-0.00390625,BigWig,1.0,0.99609375,0.00390625,3298
GTEX-U3ZN-1626-SM-4DXTZ.1,cervix uteri | RNA-seq,-0.00390625,BigWig,1.0,0.99609375,0.00390625,3299
GTEX-ZDTT-1326-SM-4WKFH.1,esophagus | RNA-seq,-0.00390625,BigWig,1.0,0.99609375,0.00390625,3300
GTEX-1HKZK-0626-SM-ADEHP.1,nerve | RNA-seq,-0.00390625,BigWig,1.0,0.99609375,0.00390625,3301
GTEX-P4PQ-2026-SM-E9U4E.1,prostate | RNA-seq,-0.00390625,BigWig,1.0,0.99609375,0.00390625,3302
GTEX-1J8QM-1826-SM-A96TA.1,salivary gland | RNA-seq,-0.00390625,BigWig,1.0,0.99609375,0.00390625,3303
GTEX-ZLWG-2026-SM-DO11F.1,salivary gland | RNA-seq,-0.00390625,BigWig,1.0,0.99609375,0.00390625,3304
GTEX-133LE-2326-SM-5K7W3.1,skin | RNA-seq,-0.00390625,BigWig,1.0,0.99609375,0.00390625,3305
GTEX-13U4I-0126-SM-5LU38.1,skin | RNA-seq,-0.00390625,BigWig,1.0,0.99609375,0.00390625,3306
GTEX-1MA7X-1526-SM-DHXJF.1,testis | RNA-seq,-0.00390625,BigWig,1.0,0.99609375,0.00390625,3307
GTEX-11EMC-1926-SM-5A5JU.1,vagina | RNA-seq,-0.00390625,BigWig,1.0,0.99609375,0.00390625,3308
GTEX-12WSB-2426-SM-5EGJC.1,vagina | RNA-seq,-0.00390625,BigWig,1.0,0.99609375,0.00390625,3309
skipped_exon,skipped exon,0.0,BED,0.228515625,0.228515625,0.0,3310
ENCSR778VGY,ACC112 | Histone ChIP-seq | H3K4me3,0.0,BigWig,0.58984375,0.58984375,0.0,3311
ENCSR000DPK,AG04450 | Histone ChIP-seq | H3K27me3,0.0,BigWig,0.9609375,0.9609375,0.0,3312
ENCSR000DPX,AG10803 | Histone ChIP-seq | H3K4me3,0.0,BigWig,0.6015625,0.6015625,0.0,3313
ENCSR515EWI,Caki2 | DNase-seq,0.0,BigWig,0.62890625,0.62890625,0.0,3314
ENCSR000ELA,D721Med | DNase-seq,0.0,BigWig,0.9609375,0.9609375,0.0,3315
ENCSR460SEN,DOHH2 | Histone ChIP-seq | H3K4me1,0.0,BigWig,0.62109375,0.62109375,0.0,3316
ENCSR000EIT,GM03348 | DNase-seq,0.0,BigWig,0.875,0.875,0.0,3317
ENCSR000AKC,GM12878 | Histone ChIP-seq | H3K27ac,0.0,BigWig,0.61328125,0.61328125,0.0,3318
ENCSR057BWO,GM12878 | Histone ChIP-seq | H3K4me3,0.0,BigWig,0.67578125,0.67578125,0.0,3319
ENCSR000EJE,GM12891 | DNase-seq,0.0,BigWig,0.95703125,0.95703125,0.0,3320
ENCSR673OPX,GM23248 | Histone ChIP-seq | H3K9me3,0.0,BigWig,0.6015625,0.6015625,0.0,3321
ENCSR729ENO,GM23338 | Histone ChIP-seq | H3K27ac,0.0,BigWig,0.65234375,0.65234375,0.0,3322
ENCSR991BTY,H1 | Histone ChIP-seq | H3K4me1,0.0,BigWig,0.61328125,0.61328125,0.0,3323
ENCSR019SQX,H1 | Histone ChIP-seq | H3K4me3,0.0,BigWig,0.73828125,0.73828125,0.0,3324
ENCSR792GCH,H9 | Histone ChIP-seq | H3K27me3,0.0,BigWig,0.81640625,0.81640625,0.0,3325
ENCSR000DUK,HFF-Myc | Histone ChIP-seq | H3K4me3,0.0,BigWig,0.546875,0.546875,0.0,3326
ENCSR335ELI,HUES48 | Histone ChIP-seq | H3K9ac,0.0,BigWig,0.796875,0.796875,0.0,3327
ENCSR560OUF,HUES48 | Histone ChIP-seq | H3K9me3,0.0,BigWig,0.72265625,0.72265625,0.0,3328
ENCSR002YRE,IMR-90 | Histone ChIP-seq | H3K27ac,0.0,BigWig,0.59375,0.59375,0.0,3329
ENCSR831JSP,IMR-90 | Histone ChIP-seq | H3K4me1,0.0,BigWig,0.6015625,0.6015625,0.0,3330
ENCSR055ZZY,IMR-90 | Histone ChIP-seq | H3K9me3,0.0,BigWig,0.69140625,0.69140625,0.0,3331
ENCSR000EVZ,K562 | Histone ChIP-seq | H3K9ac,0.0,BigWig,0.984375,0.984375,0.0,3332
ENCSR660IQS,Karpas-422 | Histone ChIP-seq | H3K27ac,0.0,BigWig,0.59765625,0.59765625,0.0,3333
ENCSR910XKX,Karpas-422 | Histone ChIP-seq | H3K4me3,0.0,BigWig,0.625,0.625,0.0,3334
ENCSR000DWJ,MCF-7 | Histone ChIP-seq | H3K4me3,0.0,BigWig,0.66796875,0.66796875,0.0,3335
ENCSR056UBA,MCF-7 | Histone ChIP-seq | H3K9ac,0.0,BigWig,0.6875,0.6875,0.0,3336
ENCSR638HMQ,NCI-H460 | DNase-seq,0.0,BigWig,0.65625,0.65625,0.0,3337
ENCSR422JNY,OCI-LY1 | Histone ChIP-seq | H3K4me3,0.0,BigWig,0.61328125,0.61328125,0.0,3338
ENCSR441JWF,PC-9 | Histone ChIP-seq | H3K4me3,0.0,BigWig,0.640625,0.640625,0.0,3339
ENCSR000FCO,Panc1 | Histone ChIP-seq | H3K27me3,0.0,BigWig,0.72265625,0.72265625,0.0,3340
ENCSR429RHR,RKO | DNase-seq,0.0,BigWig,0.6796875,0.6796875,0.0,3341
ENCSR000FCU,SK-N-SH | Histone ChIP-seq | H3K27ac,0.0,BigWig,0.61328125,0.61328125,0.0,3342
ENCSR975GZA,SK-N-SH | Histone ChIP-seq | H3K4me3,0.0,BigWig,0.66015625,0.66015625,0.0,3343
ENCSR217SET,SW480 | DNase-seq,0.0,BigWig,0.6953125,0.6953125,0.0,3344
ENCSR734QPK,UCSF-4 | Histone ChIP-seq | H3K36me3,0.0,BigWig,0.90234375,0.90234375,0.0,3345
ENCSR595KPI,UCSF-4 | Histone ChIP-seq | H3K4me3,0.0,BigWig,0.71484375,0.71484375,0.0,3346
ENCSR704BRU,iPS DF 19.11 | Histone ChIP-seq | H3K9me3,0.0,BigWig,0.9375,0.9375,0.0,3347
ENCSR857LLS,iPS DF 6.9 | Histone ChIP-seq | H3K4me1,0.0,BigWig,0.859375,0.859375,0.0,3348
ENCSR619YUY,iPS-15b | Histone ChIP-seq | H3K36me3,0.0,BigWig,0.953125,0.953125,0.0,3349
ENCSR848EZM,iPS-15b | Histone ChIP-seq | H3K9ac,0.0,BigWig,0.82421875,0.82421875,0.0,3350
ENCSR558XOU,iPS-15b | Histone ChIP-seq | H3K9me3,0.0,BigWig,0.78515625,0.78515625,0.0,3351
ENCSR429YAE,iPS-18a | Histone ChIP-seq | H3K27ac,0.0,BigWig,0.75,0.75,0.0,3352
ENCSR842ASU,iPS-18a | Histone ChIP-seq | H3K9ac,0.0,BigWig,0.66796875,0.66796875,0.0,3353
ENCSR979TIC,iPS-18a | Histone ChIP-seq | H3K9me3,0.0,BigWig,0.65234375,0.65234375,0.0,3354
ENCSR214WRA,iPS-20b | Histone ChIP-seq | H3K9me3,0.0,BigWig,0.6953125,0.6953125,0.0,3355
ENCSR201GCJ,adipocyte | Histone ChIP-seq | H3K9me3,0.0,BigWig,0.6953125,0.6953125,0.0,3356
ENCSR375IXS,bipolar neuron | Histone ChIP-seq | H3K36me3,0.0,BigWig,0.7265625,0.7265625,0.0,3357
ENCSR247PYK,bipolar neuron | Histone ChIP-seq | H3K9me3,0.0,BigWig,0.63671875,0.63671875,0.0,3358
ENCSR000NPF,cardiac muscle cell | Histone ChIP-seq | H3K27ac,0.0,BigWig,0.70703125,0.70703125,0.0,3359
ENCSR652QNW,cardiac muscle cell | Histone ChIP-seq | H3K4me3,0.0,BigWig,0.6484375,0.6484375,0.0,3360
ENCSR446ZCY,endodermal cell | Histone ChIP-seq | H3K4me3,0.0,BigWig,0.6015625,0.6015625,0.0,3361
ENCSR832JVP,mesenchymal stem cell | Histone ChIP-seq | H3K27me3,0.0,BigWig,0.90625,0.90625,0.0,3362
ENCSR100LWU,mesodermal cell | Histone ChIP-seq | H3K36me3,0.0,BigWig,0.8515625,0.8515625,0.0,3363
ENCSR113LFZ,mid-neurogenesis radial glial cells | Histone ChIP-seq,0.0,BigWig,0.80859375,0.80859375,0.0,3364
ENCSR691BNO,mid-neurogenesis radial glial cells | Histone ChIP-seq,0.0,BigWig,0.73828125,0.73828125,0.0,3365
ENCSR000ANW,myotube | Histone ChIP-seq | H3K36me3,0.0,BigWig,0.90234375,0.90234375,0.0,3366
ENCSR000ANX,myotube | Histone ChIP-seq | H3K4me1,0.0,BigWig,0.76171875,0.76171875,0.0,3367
ENCSR000ANZ,myotube | Histone ChIP-seq | H3K4me3,0.0,BigWig,0.703125,0.703125,0.0,3368
ENCSR654VRX,neural cell | Histone ChIP-seq | H3K27me3,0.0,BigWig,0.71875,0.71875,0.0,3369
ENCSR405NQJ,neural cell | Histone ChIP-seq | H3K9me3,0.0,BigWig,0.74609375,0.74609375,0.0,3370
ENCSR254NLC,neuronal stem cell | Histone ChIP-seq | H3K4me1,0.0,BigWig,0.890625,0.890625,0.0,3371
ENCSR626UPW,neuronal stem cell | Histone ChIP-seq | H3K9ac,0.0,BigWig,0.984375,0.984375,0.0,3372
ENCSR104BSN,radial glial cell | Histone ChIP-seq | H3K9me3,0.0,BigWig,0.77734375,0.77734375,0.0,3373
ENCSR540UZV,smooth muscle cell | Histone ChIP-seq | H3K9ac,0.0,BigWig,0.671875,0.671875,0.0,3374
ENCSR090QTV,smooth muscle cell | Histone ChIP-seq | H3K9me3,0.0,BigWig,0.6953125,0.6953125,0.0,3375
ENCSR874WOB,trophoblast cell | Histone ChIP-seq | H3K4me3,0.0,BigWig,0.9375,0.9375,0.0,3376
ENCSR381PXW,B cell | DNase-seq,0.0,BigWig,0.7734375,0.7734375,0.0,3377
ENCSR000DWL,CD14-positive monocyte | Histone ChIP-seq | H3K4me3,0.0,BigWig,0.54296875,0.54296875,0.0,3378
ENCSR425MRQ,"CD4-positive, alpha-beta T cell | DNase-seq",0.0,BigWig,0.7578125,0.7578125,0.0,3379
ENCSR314BEX,"CD4-positive, alpha-beta memory T cell | Histone ChIP-s",0.0,BigWig,0.703125,0.703125,0.0,3380
ENCSR012KUR,"CD4-positive, alpha-beta memory T cell | Histone ChIP-s",0.0,BigWig,0.74609375,0.74609375,0.0,3381
ENCSR117IQD,"CD4-positive, alpha-beta memory T cell | Histone ChIP-s",0.0,BigWig,0.640625,0.640625,0.0,3382
ENCSR348UWU,"CD8-positive, alpha-beta T cell | Histone ChIP-seq | H3",0.0,BigWig,0.68359375,0.68359375,0.0,3383
ENCSR675EXE,T-helper 17 cell | Histone ChIP-seq | H3K27me3,0.0,BigWig,0.80859375,0.80859375,0.0,3384
ENCSR957XEV,T-helper 17 cell | Histone ChIP-seq | H3K4me3,0.0,BigWig,0.71484375,0.71484375,0.0,3385
ENCSR320TUJ,"common myeloid progenitor, CD34-positive | DNase-seq",0.0,BigWig,0.65234375,0.65234375,0.0,3386
ENCSR639ZJI,"common myeloid progenitor, CD34-positive | DNase-seq",0.0,BigWig,0.71484375,0.71484375,0.0,3387
ENCSR458PCE,"common myeloid progenitor, CD34-positive | Histone ChIP",0.0,BigWig,0.734375,0.734375,0.0,3388
ENCSR368ZJL,"effector memory CD4-positive, alpha-beta T cell | Histo",0.0,BigWig,0.78515625,0.78515625,0.0,3389
ENCSR291KBJ,"effector memory CD4-positive, alpha-beta T cell | Histo",0.0,BigWig,0.66015625,0.66015625,0.0,3390
ENCSR000AKK,endothelial cell of umbilical vein | Histone ChIP-seq |,0.0,BigWig,0.7265625,0.7265625,0.0,3391
ENCSR324VZT,fibroblast of breast | Histone ChIP-seq | H3K4me1,0.0,BigWig,0.5703125,0.5703125,0.0,3392
ENCSR000APR,fibroblast of dermis | Histone ChIP-seq | H3K4me3,0.0,BigWig,0.65234375,0.65234375,0.0,3393
ENCSR000DVC,fibroblast of lung | Histone ChIP-seq | H3K4me3,0.0,BigWig,0.54296875,0.54296875,0.0,3394
ENCSR622TWS,fibroblast of skin of abdomen | DNase-seq,0.0,BigWig,0.6640625,0.6640625,0.0,3395
ENCSR371KRY,fibroblast of skin of left quadriceps | DNase-seq,0.0,BigWig,0.61328125,0.61328125,0.0,3396
ENCSR670VQZ,fibroblast of upper back skin | DNase-seq,0.0,BigWig,0.69140625,0.69140625,0.0,3397
ENCSR000DWS,foreskin fibroblast | Histone ChIP-seq | H3K4me3,0.0,BigWig,0.5859375,0.5859375,0.0,3398
ENCSR377MRR,foreskin keratinocyte | Histone ChIP-seq | H3K27me3,0.0,BigWig,0.68359375,0.68359375,0.0,3399
ENCSR027BAJ,foreskin keratinocyte | Histone ChIP-seq | H3K4me1,0.0,BigWig,0.9609375,0.9609375,0.0,3400
ENCSR172FMH,foreskin keratinocyte | Histone ChIP-seq | H3K4me3,0.0,BigWig,0.5625,0.5625,0.0,3401
ENCSR518JGY,foreskin melanocyte | DNase-seq,0.0,BigWig,0.76953125,0.76953125,0.0,3402
ENCSR693VHX,foreskin melanocyte | Histone ChIP-seq | H3K27ac,0.0,BigWig,0.91796875,0.91796875,0.0,3403
ENCSR000ELH,keratinocyte | DNase-seq,0.0,BigWig,0.89453125,0.89453125,0.0,3404
ENCSR000ALK,keratinocyte | Histone ChIP-seq | H3K27ac,0.0,BigWig,0.5703125,0.5703125,0.0,3405
ENCSR970FPM,keratinocyte | Histone ChIP-seq | H3K4me3,0.0,BigWig,0.62109375,0.62109375,0.0,3406
ENCSR000DVF,kidney epithelial cell | Histone ChIP-seq | H3K27me3,0.0,BigWig,0.91796875,0.91796875,0.0,3407
ENCSR257CIZ,kidney tubule cell | DNase-seq,0.0,BigWig,0.76953125,0.76953125,0.0,3408
ENCSR597RXT,mammary epithelial cell | Histone ChIP-seq | H3K36me3,0.0,BigWig,0.8125,0.8125,0.0,3409
ENCSR196LEI,mesenchymal stem cell | Histone ChIP-seq | H3K4me1,0.0,BigWig,0.52734375,0.52734375,0.0,3410
ENCSR160CPS,myoepithelial cell of mammary gland | Histone ChIP-seq,0.0,BigWig,0.9765625,0.9765625,0.0,3411
ENCSR177QXA,myoepithelial cell of mammary gland | Histone ChIP-seq,0.0,BigWig,0.6171875,0.6171875,0.0,3412
ENCSR207JOI,myoepithelial cell of mammary gland | Histone ChIP-seq,0.0,BigWig,0.6640625,0.6640625,0.0,3413
ENCSR485URZ,"naive thymus-derived CD4-positive, alpha-beta T cell |",0.0,BigWig,0.73046875,0.73046875,0.0,3414
ENCSR198YHG,"naive thymus-derived CD4-positive, alpha-beta T cell |",0.0,BigWig,0.69140625,0.69140625,0.0,3415
ENCSR815VLQ,neurosphere | Histone ChIP-seq | H3K36me3,0.0,BigWig,0.90625,0.90625,0.0,3416
ENCSR512CSM,neurosphere | Histone ChIP-seq | H3K4me1,0.0,BigWig,0.56640625,0.56640625,0.0,3417
ENCSR130PLZ,neurosphere | Histone ChIP-seq | H3K4me3,0.0,BigWig,0.59375,0.59375,0.0,3418
ENCSR957CYJ,neurosphere | Histone ChIP-seq | H3K4me3,0.0,BigWig,0.6328125,0.6328125,0.0,3419
ENCSR694PCO,neurosphere | Histone ChIP-seq | H3K9me3,0.0,BigWig,0.58984375,0.58984375,0.0,3420
ENCSR390SFH,peripheral blood mononuclear cell | Histone ChIP-seq |,0.0,BigWig,0.8515625,0.8515625,0.0,3421
ENCSR866UQO,peripheral blood mononuclear cell | Histone ChIP-seq |,0.0,BigWig,0.81640625,0.81640625,0.0,3422
ENCSR420EWO,peripheral blood mononuclear cell | Histone ChIP-seq |,0.0,BigWig,0.8046875,0.8046875,0.0,3423
ENCSR312CKN,skeletal muscle satellite cell | Histone ChIP-seq | H3K,0.0,BigWig,0.91796875,0.91796875,0.0,3424
ENCSR964MZQ,trophoblast cell | DNase-seq,0.0,BigWig,0.7421875,0.7421875,0.0,3425
ENCSR005UXZ,Peyer's patch | Histone ChIP-seq | H3K9me3,0.0,BigWig,0.7109375,0.7109375,0.0,3426
ENCSR728BAD,adrenal gland | DNase-seq,0.0,BigWig,0.73828125,0.73828125,0.0,3427
ENCSR760LFY,adrenal gland | Histone ChIP-seq | H3K36me3,0.0,BigWig,0.98828125,0.98828125,0.0,3428
ENCSR857XRG,adrenal gland | Histone ChIP-seq | H3K36me3,0.0,BigWig,0.66796875,0.66796875,0.0,3429
ENCSR942XCE,adrenal gland | Histone ChIP-seq | H3K36me3,0.0,BigWig,0.96875,0.96875,0.0,3430
ENCSR207ZIA,adrenal gland | Histone ChIP-seq | H3K4me1,0.0,BigWig,0.7578125,0.7578125,0.0,3431
ENCSR715KGX,adrenal gland | Histone ChIP-seq | H3K4me3,0.0,BigWig,0.73828125,0.73828125,0.0,3432
ENCSR992VZG,adrenal gland | Histone ChIP-seq | H3K9me3,0.0,BigWig,0.9453125,0.9453125,0.0,3433
ENCSR144NDE,amnion | Histone ChIP-seq | H3K27me3,0.0,BigWig,0.76953125,0.76953125,0.0,3434
ENCSR891XGQ,angular gyrus | Histone ChIP-seq | H3K27ac,0.0,BigWig,0.8515625,0.8515625,0.0,3435
ENCSR615PBJ,angular gyrus | Histone ChIP-seq | H3K27me3,0.0,BigWig,0.7578125,0.7578125,0.0,3436
ENCSR263BGI,angular gyrus | Histone ChIP-seq | H3K4me1,0.0,BigWig,0.77734375,0.77734375,0.0,3437
ENCSR319WAD,angular gyrus | Histone ChIP-seq | H3K9me3,0.0,BigWig,0.67578125,0.67578125,0.0,3438
ENCSR389SGO,angular gyrus | Histone ChIP-seq | H3K9me3,0.0,BigWig,0.73828125,0.73828125,0.0,3439
ENCSR128VHV,aorta | Histone ChIP-seq | H3K27me3,0.0,BigWig,0.65234375,0.65234375,0.0,3440
ENCSR196PGM,aorta | Histone ChIP-seq | H3K27me3,0.0,BigWig,0.71875,0.71875,0.0,3441
ENCSR989AMI,aorta | Histone ChIP-seq | H3K36me3,0.0,BigWig,0.79296875,0.79296875,0.0,3442
ENCSR957BPJ,aorta | Histone ChIP-seq | H3K4me3,0.0,BigWig,0.5703125,0.5703125,0.0,3443
ENCSR960EVO,aorta | Histone ChIP-seq | H3K4me3,0.0,BigWig,0.59375,0.59375,0.0,3444
ENCSR122LOZ,ascending aorta | Histone ChIP-seq | H3K4me3,0.0,BigWig,0.65234375,0.65234375,0.0,3445
ENCSR441YQA,ascending aorta | Histone ChIP-seq | H3K9me3,0.0,BigWig,0.6953125,0.6953125,0.0,3446
ENCSR228IKB,body of pancreas | DNase-seq,0.0,BigWig,0.953125,0.953125,0.0,3447
ENCSR977CEC,body of pancreas | Histone ChIP-seq | H3K27me3,0.0,BigWig,0.7265625,0.7265625,0.0,3448
ENCSR719COF,body of pancreas | Histone ChIP-seq | H3K9me3,0.0,BigWig,0.6953125,0.6953125,0.0,3449
ENCSR760EGQ,body of pancreas | Histone ChIP-seq | H3K9me3,0.0,BigWig,0.68359375,0.68359375,0.0,3450
ENCSR118WIQ,brain | DNase-seq,0.0,BigWig,0.640625,0.640625,0.0,3451
ENCSR627STE,brain | Histone ChIP-seq | H3K27me3,0.0,BigWig,0.73828125,0.73828125,0.0,3452
ENCSR869WSC,brain | Histone ChIP-seq | H3K36me3,0.0,BigWig,0.94140625,0.94140625,0.0,3453
ENCSR770WSE,breast epithelium | Histone ChIP-seq | H3K27me3,0.0,BigWig,0.79296875,0.79296875,0.0,3454
ENCSR553IAW,breast epithelium | Histone ChIP-seq | H3K4me1,0.0,BigWig,0.74609375,0.74609375,0.0,3455
ENCSR403UOU,breast epithelium | Histone ChIP-seq | H3K9me3,0.0,BigWig,0.734375,0.734375,0.0,3456
ENCSR209WQN,caudate nucleus | Histone ChIP-seq | H3K27me3,0.0,BigWig,0.7734375,0.7734375,0.0,3457
ENCSR494OPF,caudate nucleus | Histone ChIP-seq | H3K27me3,0.0,BigWig,0.7734375,0.7734375,0.0,3458
ENCSR893MHU,caudate nucleus | Histone ChIP-seq | H3K36me3,0.0,BigWig,0.9765625,0.9765625,0.0,3459
ENCSR486QMV,caudate nucleus | Histone ChIP-seq | H3K4me3,0.0,BigWig,0.71875,0.71875,0.0,3460
ENCSR643TBI,chorionic villus | Histone ChIP-seq | H3K27ac,0.0,BigWig,0.875,0.875,0.0,3461
ENCSR320MYR,chorionic villus | Histone ChIP-seq | H3K4me3,0.0,BigWig,0.68359375,0.68359375,0.0,3462
ENCSR323YPH,cingulate gyrus | Histone ChIP-seq | H3K36me3,0.0,BigWig,0.9765625,0.9765625,0.0,3463
ENCSR327XTS,colonic mucosa | Histone ChIP-seq | H3K27ac,0.0,BigWig,0.7265625,0.7265625,0.0,3464
ENCSR294GDI,colonic mucosa | Histone ChIP-seq | H3K9me3,0.0,BigWig,0.82421875,0.82421875,0.0,3465
ENCSR311RML,dorsolateral prefrontal cortex | Histone ChIP-seq | H3K,0.0,BigWig,0.80078125,0.80078125,0.0,3466
ENCSR042ORP,dorsolateral prefrontal cortex | Histone ChIP-seq | H3K,0.0,BigWig,0.96875,0.96875,0.0,3467
ENCSR492PXH,endocrine pancreas | Histone ChIP-seq | H3K27ac,0.0,BigWig,0.625,0.625,0.0,3468
ENCSR370RJP,endocrine pancreas | Histone ChIP-seq | H3K36me3,0.0,BigWig,0.87109375,0.87109375,0.0,3469
ENCSR372OTD,endocrine pancreas | Histone ChIP-seq | H3K36me3,0.0,BigWig,0.94921875,0.94921875,0.0,3470
ENCSR061NWO,endocrine pancreas | Histone ChIP-seq | H3K9ac,0.0,BigWig,0.75390625,0.75390625,0.0,3471
ENCSR111RZN,endocrine pancreas | Histone ChIP-seq | H3K9me3,0.0,BigWig,0.62890625,0.62890625,0.0,3472
ENCSR034ZHF,esophagus | Histone ChIP-seq | H3K36me3,0.0,BigWig,0.9921875,0.9921875,0.0,3473
ENCSR697GPO,esophagus | Histone ChIP-seq | H3K4me3,0.0,BigWig,0.66015625,0.66015625,0.0,3474
ENCSR121RSS,esophagus squamous epithelium | Histone ChIP-seq | H3K4,0.0,BigWig,0.67578125,0.67578125,0.0,3475
ENCSR127PWK,eye | DNase-seq,0.0,BigWig,0.6953125,0.6953125,0.0,3476
ENCSR105YNJ,gastrocnemius medialis | Histone ChIP-seq | H3K36me3,0.0,BigWig,0.86328125,0.86328125,0.0,3477
ENCSR380KNE,gastrocnemius medialis | Histone ChIP-seq | H3K36me3,0.0,BigWig,0.796875,0.796875,0.0,3478
ENCSR785DJD,gastrocnemius medialis | Histone ChIP-seq | H3K4me3,0.0,BigWig,0.63671875,0.63671875,0.0,3479
ENCSR501FWC,heart left ventricle | DNase-seq,0.0,BigWig,0.73046875,0.73046875,0.0,3480
ENCSR946DXB,heart left ventricle | DNase-seq,0.0,BigWig,0.66796875,0.66796875,0.0,3481
ENCSR434MDA,heart left ventricle | Histone ChIP-seq | H3K36me3,0.0,BigWig,0.94140625,0.94140625,0.0,3482
ENCSR877RMK,heart left ventricle | Histone ChIP-seq | H3K36me3,0.0,BigWig,0.80078125,0.80078125,0.0,3483
ENCSR028NXO,heart right ventricle | Histone ChIP-seq | H3K27ac,0.0,BigWig,0.75390625,0.75390625,0.0,3484
ENCSR262QJC,kidney | DNase-seq,0.0,BigWig,0.6875,0.6875,0.0,3485
ENCSR499PZA,kidney | DNase-seq,0.0,BigWig,0.71875,0.71875,0.0,3486
ENCSR645GJD,kidney | DNase-seq,0.0,BigWig,0.671875,0.671875,0.0,3487
ENCSR873ANE,kidney | DNase-seq,0.0,BigWig,0.859375,0.859375,0.0,3488
ENCSR230BWN,kidney | Histone ChIP-seq | H3K27ac,0.0,BigWig,0.7109375,0.7109375,0.0,3489
ENCSR378HAM,kidney | Histone ChIP-seq | H3K9me3,0.0,BigWig,0.70703125,0.70703125,0.0,3490
ENCSR857AEB,large intestine | DNase-seq,0.0,BigWig,0.69140625,0.69140625,0.0,3491
ENCSR659RHV,large intestine | Histone ChIP-seq | H3K27ac,0.0,BigWig,0.56640625,0.56640625,0.0,3492
ENCSR530LYV,large intestine | Histone ChIP-seq | H3K36me3,0.0,BigWig,0.94921875,0.94921875,0.0,3493
ENCSR123HEE,layer of hippocampus | Histone ChIP-seq | H3K27ac,0.0,BigWig,0.86328125,0.86328125,0.0,3494
ENCSR912TVO,layer of hippocampus | Histone ChIP-seq | H3K27ac,0.0,BigWig,0.94140625,0.94140625,0.0,3495
ENCSR126FJY,layer of hippocampus | Histone ChIP-seq | H3K36me3,0.0,BigWig,0.96875,0.96875,0.0,3496
ENCSR040TUS,layer of hippocampus | Histone ChIP-seq | H3K4me1,0.0,BigWig,0.79296875,0.79296875,0.0,3497
ENCSR797IXN,layer of hippocampus | Histone ChIP-seq | H3K4me1,0.0,BigWig,0.7578125,0.7578125,0.0,3498
ENCSR418JIS,layer of hippocampus | Histone ChIP-seq | H3K4me3,0.0,BigWig,0.80859375,0.80859375,0.0,3499
ENCSR085KRD,layer of hippocampus | Histone ChIP-seq | H3K9me3,0.0,BigWig,0.6796875,0.6796875,0.0,3500
ENCSR120LVW,left kidney | DNase-seq,0.0,BigWig,0.640625,0.640625,0.0,3501
ENCSR422PVL,left kidney | DNase-seq,0.0,BigWig,0.65625,0.65625,0.0,3502
ENCSR488PHT,left lung | DNase-seq,0.0,BigWig,0.69921875,0.69921875,0.0,3503
ENCSR935EVZ,left lung | DNase-seq,0.0,BigWig,0.63671875,0.63671875,0.0,3504
ENCSR562FNN,liver | DNase-seq,0.0,BigWig,0.96875,0.96875,0.0,3505
ENCSR803JYI,liver | Histone ChIP-seq | H3K4me3,0.0,BigWig,0.6953125,0.6953125,0.0,3506
ENCSR563YGF,liver | Histone ChIP-seq | H3K9me3,0.0,BigWig,0.6953125,0.6953125,0.0,3507
ENCSR853JYB,liver | Histone ChIP-seq | H3K9me3,0.0,BigWig,0.66796875,0.66796875,0.0,3508
ENCSR141IUS,lung | DNase-seq,0.0,BigWig,0.8203125,0.8203125,0.0,3509
ENCSR550WUX,lung | Histone ChIP-seq | H3K27ac,0.0,BigWig,0.58984375,0.58984375,0.0,3510
ENCSR204NFO,lung | Histone ChIP-seq | H3K27me3,0.0,BigWig,0.86328125,0.86328125,0.0,3511
ENCSR429MNF,lung | Histone ChIP-seq | H3K36me3,0.0,BigWig,0.796875,0.796875,0.0,3512
ENCSR466DZW,lung | Histone ChIP-seq | H3K4me3,0.0,BigWig,0.91015625,0.91015625,0.0,3513
ENCSR728FLA,lung | Histone ChIP-seq | H3K9me3,0.0,BigWig,0.98046875,0.98046875,0.0,3514
ENCSR305ISQ,mucosa of rectum | Histone ChIP-seq | H3K27ac,0.0,BigWig,0.69140625,0.69140625,0.0,3515
ENCSR055MOQ,mucosa of rectum | Histone ChIP-seq | H3K36me3,0.0,BigWig,0.890625,0.890625,0.0,3516
ENCSR497UIB,mucosa of rectum | Histone ChIP-seq | H3K36me3,0.0,BigWig,0.92578125,0.92578125,0.0,3517
ENCSR083QRE,mucosa of stomach | Histone ChIP-seq | H3K36me3,0.0,BigWig,0.8828125,0.8828125,0.0,3518
ENCSR004EKY,muscle layer of colon | Histone ChIP-seq | H3K27ac,0.0,BigWig,0.69921875,0.69921875,0.0,3519
ENCSR011GVU,muscle layer of colon | Histone ChIP-seq | H3K36me3,0.0,BigWig,0.890625,0.890625,0.0,3520
ENCSR048JDL,muscle layer of colon | Histone ChIP-seq | H3K36me3,0.0,BigWig,0.91796875,0.91796875,0.0,3521
ENCSR943PIR,muscle layer of colon | Histone ChIP-seq | H3K4me3,0.0,BigWig,0.73046875,0.73046875,0.0,3522
ENCSR929AXP,muscle layer of duodenum | Histone ChIP-seq | H3K27me3,0.0,BigWig,0.8203125,0.8203125,0.0,3523
ENCSR297YOC,muscle layer of duodenum | Histone ChIP-seq | H3K36me3,0.0,BigWig,0.8984375,0.8984375,0.0,3524
ENCSR057XPL,muscle layer of duodenum | Histone ChIP-seq | H3K9me3,0.0,BigWig,0.69921875,0.69921875,0.0,3525
ENCSR303YII,muscle of arm | DNase-seq,0.0,BigWig,0.6875,0.6875,0.0,3526
ENCSR888GBS,muscle of arm | DNase-seq,0.0,BigWig,0.7109375,0.7109375,0.0,3527
ENCSR174GXG,muscle of back | DNase-seq,0.0,BigWig,0.640625,0.640625,0.0,3528
ENCSR698CUE,muscle of back | DNase-seq,0.0,BigWig,0.68359375,0.68359375,0.0,3529
ENCSR294QCR,muscle of leg | DNase-seq,0.0,BigWig,0.671875,0.671875,0.0,3530
ENCSR297ORG,muscle of leg | DNase-seq,0.0,BigWig,0.66015625,0.66015625,0.0,3531
ENCSR937RVN,muscle of leg | DNase-seq,0.0,BigWig,0.640625,0.640625,0.0,3532
ENCSR449EBF,muscle of leg | Histone ChIP-seq | H3K4me1,0.0,BigWig,0.81640625,0.81640625,0.0,3533
ENCSR411MGY,muscle of trunk | DNase-seq,0.0,BigWig,0.72265625,0.72265625,0.0,3534
ENCSR714SGY,muscle of trunk | Histone ChIP-seq | H3K4me3,0.0,BigWig,0.8125,0.8125,0.0,3535
ENCSR428XAX,ovary | DNase-seq,0.0,BigWig,0.8125,0.8125,0.0,3536
ENCSR595HZQ,pancreas | DNase-seq,0.0,BigWig,0.80859375,0.80859375,0.0,3537
ENCSR943JOF,pancreas | Histone ChIP-seq | H3K36me3,0.0,BigWig,0.98046875,0.98046875,0.0,3538
ENCSR035QNZ,pancreas | Histone ChIP-seq | H3K9me3,0.0,BigWig,0.93359375,0.93359375,0.0,3539
ENCSR552XJI,placenta | DNase-seq,0.0,BigWig,0.94921875,0.94921875,0.0,3540
ENCSR599EKW,placenta | Histone ChIP-seq | H3K9me3,0.0,BigWig,0.84375,0.84375,0.0,3541
ENCSR066GUY,placental basal plate | Histone ChIP-seq | H3K27ac,0.0,BigWig,0.8203125,0.8203125,0.0,3542
ENCSR345QKG,placental basal plate | Histone ChIP-seq | H3K4me3,0.0,BigWig,0.68359375,0.68359375,0.0,3543
ENCSR277PDE,psoas muscle | Histone ChIP-seq | H3K36me3,0.0,BigWig,0.796875,0.796875,0.0,3544
ENCSR692OFN,rectal smooth muscle tissue | Histone ChIP-seq | H3K36m,0.0,BigWig,0.90625,0.90625,0.0,3545
ENCSR851ZFT,renal cortex interstitium | DNase-seq,0.0,BigWig,0.6171875,0.6171875,0.0,3546
ENCSR606UAR,renal pelvis | DNase-seq,0.0,BigWig,0.67578125,0.67578125,0.0,3547
ENCSR913NYL,renal pelvis | DNase-seq,0.0,BigWig,0.72265625,0.72265625,0.0,3548
ENCSR777DXQ,right atrium auricular region | DNase-seq,0.0,BigWig,0.96484375,0.96484375,0.0,3549
ENCSR793PLF,right atrium auricular region | Histone ChIP-seq | H3K2,0.0,BigWig,0.69140625,0.69140625,0.0,3550
ENCSR368ORV,right atrium auricular region | Histone ChIP-seq | H3K4,0.0,BigWig,0.734375,0.734375,0.0,3551
ENCSR596BHN,right cardiac atrium | Histone ChIP-seq | H3K9me3,0.0,BigWig,0.70703125,0.70703125,0.0,3552
ENCSR017TFH,right kidney | DNase-seq,0.0,BigWig,0.62890625,0.62890625,0.0,3553
ENCSR036VRV,right kidney | DNase-seq,0.0,BigWig,0.71484375,0.71484375,0.0,3554
ENCSR990XXC,right kidney | DNase-seq,0.0,BigWig,0.6484375,0.6484375,0.0,3555
ENCSR555QAY,right lobe of liver | DNase-seq,0.0,BigWig,0.95703125,0.95703125,0.0,3556
ENCSR859KGQ,right lung | DNase-seq,0.0,BigWig,0.625,0.625,0.0,3557
ENCSR014VAC,right renal cortex interstitium | DNase-seq,0.0,BigWig,0.68359375,0.68359375,0.0,3558
ENCSR268ZCF,sigmoid colon | Histone ChIP-seq | H3K27ac,0.0,BigWig,0.61328125,0.61328125,0.0,3559
ENCSR329DTQ,skeletal muscle tissue | Histone ChIP-seq | H3K27me3,0.0,BigWig,0.8515625,0.8515625,0.0,3560
ENCSR925WMT,skeletal muscle tissue | Histone ChIP-seq | H3K36me3,0.0,BigWig,0.984375,0.984375,0.0,3561
ENCSR560IDY,skeletal muscle tissue | Histone ChIP-seq | H3K9ac,0.0,BigWig,0.80859375,0.80859375,0.0,3562
ENCSR116WWW,small intestine | DNase-seq,0.0,BigWig,0.76171875,0.76171875,0.0,3563
ENCSR454VRA,small intestine | Histone ChIP-seq | H3K27ac,0.0,BigWig,0.71484375,0.71484375,0.0,3564
ENCSR543CPW,small intestine | Histone ChIP-seq | H3K27ac,0.0,BigWig,0.91015625,0.91015625,0.0,3565
ENCSR859EIX,small intestine | Histone ChIP-seq | H3K27me3,0.0,BigWig,0.83203125,0.83203125,0.0,3566
ENCSR205NEW,small intestine | Histone ChIP-seq | H3K36me3,0.0,BigWig,0.99609375,0.99609375,0.0,3567
ENCSR958DEW,small intestine | Histone ChIP-seq | H3K36me3,0.0,BigWig,0.875,0.875,0.0,3568
ENCSR083RXV,spinal cord | Histone ChIP-seq | H3K36me3,0.0,BigWig,0.99609375,0.99609375,0.0,3569
ENCSR850YHJ,spleen | DNase-seq,0.0,BigWig,0.99609375,0.99609375,0.0,3570
ENCSR086XCT,spleen | Histone ChIP-seq | H3K27ac,0.0,BigWig,0.5859375,0.5859375,0.0,3571
ENCSR235ZBF,spleen | Histone ChIP-seq | H3K27ac,0.0,BigWig,0.69921875,0.69921875,0.0,3572
ENCSR408ONP,spleen | Histone ChIP-seq | H3K27me3,0.0,BigWig,0.80859375,0.80859375,0.0,3573
ENCSR466DUB,spleen | Histone ChIP-seq | H3K36me3,0.0,BigWig,0.99609375,0.99609375,0.0,3574
ENCSR115TSA,spleen | Histone ChIP-seq | H3K4me1,0.0,BigWig,0.58203125,0.58203125,0.0,3575
ENCSR421FPV,spleen | Histone ChIP-seq | H3K9me3,0.0,BigWig,0.9375,0.9375,0.0,3576
ENCSR131JVA,stomach | DNase-seq,0.0,BigWig,0.9765625,0.9765625,0.0,3577
ENCSR522FGG,stomach | DNase-seq,0.0,BigWig,0.8046875,0.8046875,0.0,3578
ENCSR133NBJ,stomach | Histone ChIP-seq | H3K27ac,0.0,BigWig,0.58984375,0.58984375,0.0,3579
ENCSR527BFF,stomach | Histone ChIP-seq | H3K27me3,0.0,BigWig,0.81640625,0.81640625,0.0,3580
ENCSR552MZH,stomach | Histone ChIP-seq | H3K36me3,0.0,BigWig,0.9921875,0.9921875,0.0,3581
ENCSR697YSL,stomach | Histone ChIP-seq | H3K36me3,0.0,BigWig,0.99609375,0.99609375,0.0,3582
ENCSR639RKZ,stomach | Histone ChIP-seq | H3K9me3,0.0,BigWig,0.890625,0.890625,0.0,3583
ENCSR083ZUY,stomach smooth muscle | Histone ChIP-seq | H3K36me3,0.0,BigWig,0.921875,0.921875,0.0,3584
ENCSR272GZG,stomach smooth muscle | Histone ChIP-seq | H3K36me3,0.0,BigWig,0.984375,0.984375,0.0,3585
ENCSR294PQF,subcutaneous abdominal adipose tissue | Histone ChIP-se,0.0,BigWig,0.625,0.625,0.0,3586
ENCSR501FTL,subcutaneous abdominal adipose tissue | Histone ChIP-se,0.0,BigWig,0.66015625,0.66015625,0.0,3587
ENCSR923IIU,subcutaneous abdominal adipose tissue | Histone ChIP-se,0.0,BigWig,0.703125,0.703125,0.0,3588
ENCSR313GUP,substantia nigra | Histone ChIP-seq | H3K36me3,0.0,BigWig,0.96875,0.96875,0.0,3589
ENCSR975RSD,substantia nigra | Histone ChIP-seq | H3K9me3,0.0,BigWig,0.7578125,0.7578125,0.0,3590
ENCSR382JUJ,superior temporal gyrus | DNase-seq,0.0,BigWig,0.6640625,0.6640625,0.0,3591
ENCSR014TDK,temporal lobe | Histone ChIP-seq | H3K27ac,0.0,BigWig,0.890625,0.890625,0.0,3592
ENCSR608XIG,temporal lobe | Histone ChIP-seq | H3K27ac,0.0,BigWig,0.84765625,0.84765625,0.0,3593
ENCSR113OKR,temporal lobe | Histone ChIP-seq | H3K36me3,0.0,BigWig,0.97265625,0.97265625,0.0,3594
ENCSR377MFD,temporal lobe | Histone ChIP-seq | H3K9me3,0.0,BigWig,0.68359375,0.68359375,0.0,3595
ENCSR984KWT,thoracic aorta | Histone ChIP-seq | H3K4me3,0.0,BigWig,0.65625,0.65625,0.0,3596
ENCSR158VAT,thyroid gland | DNase-seq,0.0,BigWig,0.9140625,0.9140625,0.0,3597
ENCSR699FHH,thyroid gland | Histone ChIP-seq | H3K9me3,0.0,BigWig,0.65234375,0.65234375,0.0,3598
ENCSR850RVA,tibial nerve | Histone ChIP-seq | H3K4me1,0.0,BigWig,0.68359375,0.68359375,0.0,3599
ENCSR479GPU,tibial nerve | Histone ChIP-seq | H3K9me3,0.0,BigWig,0.625,0.625,0.0,3600
ENCSR164WOF,upper lobe of left lung | DNase-seq,0.0,BigWig,0.99609375,0.99609375,0.0,3601
ENCSR859MXQ,upper lobe of left lung | Histone ChIP-seq | H3K27me3,0.0,BigWig,0.75,0.75,0.0,3602
ENCSR258UUX,vagina | Histone ChIP-seq | H3K4me3,0.0,BigWig,0.70703125,0.70703125,0.0,3603
CNhs10739_P,Burkitt's lymphoma cell line | CAGE,0.0,BigWig,0.50390625,0.50390625,0.0,3604
CNhs11931_P,bone marrow stromal cell line | CAGE,0.0,BigWig,0.5,0.5,0.0,3605
CNhs12192_P,leiomyosarcoma cell line | CAGE,0.0,BigWig,0.5,0.5,0.0,3606
CNhs12191_P,mesodermal tumor cell line | CAGE,0.0,BigWig,0.5,0.5,0.0,3607
CNhs13065_P,mesothelioma cell line | CAGE,0.0,BigWig,0.5,0.5,0.0,3608
CNhs11279_P,osteosarcoma cell line | CAGE,0.0,BigWig,0.5,0.5,0.0,3609
CNhs12545_P,"CD133+ stem cells - cord blood derived, pool1 | CAGE",0.0,BigWig,0.5,0.5,0.0,3610
CNhs12180_P,"CD8+ T Cells (pluriselect), donation3 | CAGE",0.0,BigWig,0.5,0.5,0.0,3611
CNhs12547_P,Eosinophils | CAGE,0.0,BigWig,0.5,0.5,0.0,3612
CNhs11348_P,Fibroblast - Mammary | CAGE,0.0,BigWig,0.5,0.5,0.0,3613
CNhs11073_P,Mast cell - stimulated | CAGE,0.0,BigWig,0.5,0.5,0.0,3614
CNhs12586_M,Oligodendrocyte - precursors | CAGE,0.0,BigWig,0.5390625,0.5390625,0.0,3615
CNhs12518_P,common myeloid progenitor CMP | CAGE,0.0,BigWig,0.5,0.5,0.0,3616
CNhs12845_M,"bone marrow, adult | CAGE",0.0,BigWig,0.609375,0.609375,0.0,3617
CNhs11798_M,"liver, fetal, pool1 | CAGE",0.0,BigWig,0.5546875,0.5546875,0.0,3618
CNhs11680_P,"lung, fetal | CAGE",0.0,BigWig,0.5,0.5,0.0,3619
CNhs11756_M,"pancreas, adult | CAGE",0.0,BigWig,0.53125,0.53125,0.0,3620
CNhs11782_P,"parietal lobe, fetal | CAGE",0.0,BigWig,0.5,0.5,0.0,3621
CNhs14225_P,"putamen, adult, tech  | CAGE",0.0,BigWig,0.50390625,0.50390625,0.0,3622
CNhs13803_P,substantia nigra - adult | CAGE,0.0,BigWig,0.5,0.5,0.0,3623
